{"0": {"bias": -0.565685424949238, "objective_cosine_similarity": -0.33414550052814557, "is_tight": 1.0, "dual_solution_value": -0.00011865626345934852, "scaled_age": 0.0}, "1": {"bias": -0.3779644730092272, "objective_cosine_similarity": -0.31947715874587335, "is_tight": 1.0, "dual_solution_value": -6.330937253647995e-05, "scaled_age": 0.0}, "2": {"bias": -0.47140452079103173, "objective_cosine_similarity": -0.2271909783925676, "is_tight": 1.0, "dual_solution_value": -0.0002811746007276784, "scaled_age": 0.0}, "3": {"bias": -0.48507125007266594, "objective_cosine_similarity": -0.1996100944621342, "is_tight": 0.0, "dual_solution_value": -0.0, "scaled_age": 0.05}, "4": {"bias": -0.9021457845730491, "objective_cosine_similarity": -0.08003946029002941, "is_tight": 0.0, "dual_solution_value": -0.0, "scaled_age": 0.05}, "5": {"bias": -0.8831172141141956, "objective_cosine_similarity": -0.07656197889600938, "is_tight": 0.0, "dual_solution_value": -0.0, "scaled_age": 0.125}, "6": {"bias": -0.9312344323462869, "objective_cosine_similarity": -0.08257191257129207, "is_tight": 0.0, "dual_solution_value": -0.0, "scaled_age": 0.125}, "7": {"bias": -0.30046436137457605, "objective_cosine_similarity": -0.7945139479620804, "is_tight": 0.0, "dual_solution_value": -0.0, "scaled_age": 0.1125}, "8": {"bias": -0.3531067157513434, "objective_cosine_similarity": -0.8109774142426637, "is_tight": 1.0, "dual_solution_value": -6.165315229992013e-11, "scaled_age": 0.0}, "9": {"bias": -0.17677669529663687, "objective_cosine_similarity": -0.37988953021603367, "is_tight": 0.0, "dual_solution_value": 0.0, "scaled_age": 0.3375}, "10": {"bias": -0.17407765595569785, "objective_cosine_similarity": -0.3829091673535557, "is_tight": 0.0, "dual_solution_value": 0.0, "scaled_age": 0.3375}, "11": {"bias": -0.2, "objective_cosine_similarity": -0.2916384186246666, "is_tight": 0.0, "dual_solution_value": 0.0, "scaled_age": 0.1125}, "12": {"bias": -0.17407765595569785, "objective_cosine_similarity": -0.33816472532572445, "is_tight": 0.0, "dual_solution_value": 0.0, "scaled_age": 0.0875}, "13": {"bias": -0.20412414523193154, "objective_cosine_similarity": -0.2623375450648067, "is_tight": 0.0, "dual_solution_value": 0.0, "scaled_age": 0.175}, "14": {"bias": -0.19245008972987526, "objective_cosine_similarity": -0.3381819671293234, "is_tight": 1.0, "dual_solution_value": -0.00024993651470224217, "scaled_age": 0.0}, "15": {"bias": -0.21320071635561041, "objective_cosine_similarity": -0.2853315843572323, "is_tight": 0.0, "dual_solution_value": 0.0, "scaled_age": 0.3375}, "16": {"bias": -0.19611613513818404, "objective_cosine_similarity": -0.375402772263253, "is_tight": 1.0, "dual_solution_value": -0.0026658686216241337, "scaled_age": 0.0}, "17": {"bias": -0.18569533817705186, "objective_cosine_similarity": -0.3010700590710579, "is_tight": 0.0, "dual_solution_value": 0.0, "scaled_age": 0.3375}, "18": {"bias": -0.1690308509457033, "objective_cosine_similarity": -0.36219946347003923, "is_tight": 0.0, "dual_solution_value": 0.0, "scaled_age": 0.3375}, "19": {"bias": -0.1889822365046136, "objective_cosine_similarity": -0.37482517528298737, "is_tight": 0.0, "dual_solution_value": 0.0, "scaled_age": 0.3}, "20": {"bias": -0.1690308509457033, "objective_cosine_similarity": -0.35426198964543626, "is_tight": 0.0, "dual_solution_value": 0.0, "scaled_age": 0.3375}, "21": {"bias": -0.2, "objective_cosine_similarity": -0.3119048172070587, "is_tight": 1.0, "dual_solution_value": -7.571026743736363e-05, "scaled_age": 0.0}, "22": {"bias": -0.1889822365046136, "objective_cosine_similarity": -0.31690826346356005, "is_tight": 0.0, "dual_solution_value": 0.0, "scaled_age": 0.0875}, "23": {"bias": -0.18257418583505536, "objective_cosine_similarity": -0.3375232528414316, "is_tight": 0.0, "dual_solution_value": 0.0, "scaled_age": 0.3375}, "24": {"bias": -0.2182178902359924, "objective_cosine_similarity": -0.2923158514392158, "is_tight": 1.0, "dual_solution_value": -0.00030884982818813524, "scaled_age": 0.0}, "25": {"bias": -0.18569533817705186, "objective_cosine_similarity": -0.37519020318687474, "is_tight": 1.0, "dual_solution_value": -0.0012689133153390994, "scaled_age": 0.0}, "26": {"bias": -0.19611613513818404, "objective_cosine_similarity": -0.34316999711088847, "is_tight": 0.0, "dual_solution_value": 0.0, "scaled_age": 0.0125}, "27": {"bias": -0.16666666666666666, "objective_cosine_similarity": -0.35878116189559983, "is_tight": 0.0, "dual_solution_value": 0.0, "scaled_age": 0.3375}, "28": {"bias": -0.2, "objective_cosine_similarity": -0.26371033277332145, "is_tight": 0.0, "dual_solution_value": 0.0, "scaled_age": 0.3375}, "29": {"bias": -0.18257418583505536, "objective_cosine_similarity": -0.3664022477369552, "is_tight": 0.0, "dual_solution_value": 0.0, "scaled_age": 0.2375}, "30": {"bias": -0.17407765595569785, "objective_cosine_similarity": -0.3577404187129006, "is_tight": 0.0, "dual_solution_value": 0.0, "scaled_age": 0.3375}, "31": {"bias": -0.17677669529663687, "objective_cosine_similarity": -0.38185560599058477, "is_tight": 0.0, "dual_solution_value": 0.0, "scaled_age": 0.3375}, "32": {"bias": -0.20412414523193154, "objective_cosine_similarity": -0.29538198583739295, "is_tight": 0.0, "dual_solution_value": 0.0, "scaled_age": 0.3375}, "33": {"bias": -0.20851441405707477, "objective_cosine_similarity": -0.30147734047450625, "is_tight": 0.0, "dual_solution_value": 0.0, "scaled_age": 0.3375}, "34": {"bias": -0.20412414523193154, "objective_cosine_similarity": -0.28453533733952113, "is_tight": 0.0, "dual_solution_value": 0.0, "scaled_age": 0.3375}, "35": {"bias": -0.17149858514250882, "objective_cosine_similarity": -0.3153524463431593, "is_tight": 0.0, "dual_solution_value": 0.0, "scaled_age": 0.3375}, "36": {"bias": -0.16012815380508713, "objective_cosine_similarity": -0.41633810740473864, "is_tight": 0.0, "dual_solution_value": 0.0, "scaled_age": 0.3375}, "37": {"bias": -0.1690308509457033, "objective_cosine_similarity": -0.3170811912038752, "is_tight": 0.0, "dual_solution_value": 0.0, "scaled_age": 0.3375}, "38": {"bias": -0.17677669529663687, "objective_cosine_similarity": -0.35913650815132797, "is_tight": 1.0, "dual_solution_value": -0.00012870610630838573, "scaled_age": 0.0}, "39": {"bias": -0.1796053020267749, "objective_cosine_similarity": -0.3040692143041574, "is_tight": 0.0, "dual_solution_value": 0.0, "scaled_age": 0.3375}, "40": {"bias": -0.1690308509457033, "objective_cosine_similarity": -0.3985447383511158, "is_tight": 0.0, "dual_solution_value": 0.0, "scaled_age": 0.25}, "41": {"bias": -0.21320071635561041, "objective_cosine_similarity": -0.3064087097021802, "is_tight": 0.0, "dual_solution_value": 0.0, "scaled_age": 0.3375}, "42": {"bias": -0.20412414523193154, "objective_cosine_similarity": -0.2850398326184919, "is_tight": 0.0, "dual_solution_value": 0.0, "scaled_age": 0.3375}, "43": {"bias": -0.16666666666666666, "objective_cosine_similarity": -0.4098590770219539, "is_tight": 0.0, "dual_solution_value": 0.0, "scaled_age": 0.3375}, "44": {"bias": -0.17407765595569785, "objective_cosine_similarity": -0.30180986617811156, "is_tight": 0.0, "dual_solution_value": 0.0, "scaled_age": 0.3375}, "45": {"bias": -0.18257418583505536, "objective_cosine_similarity": -0.30480876643634636, "is_tight": 0.0, "dual_solution_value": 0.0, "scaled_age": 0.3375}, "46": {"bias": -0.17407765595569785, "objective_cosine_similarity": -0.3702172342783535, "is_tight": 0.0, "dual_solution_value": 0.0, "scaled_age": 0.175}, "47": {"bias": -0.19245008972987526, "objective_cosine_similarity": -0.2720676303768959, "is_tight": 0.0, "dual_solution_value": 0.0, "scaled_age": 0.3375}, "48": {"bias": -0.1889822365046136, "objective_cosine_similarity": -0.38136418145614853, "is_tight": 0.0, "dual_solution_value": 0.0, "scaled_age": 0.175}, "49": {"bias": -0.1889822365046136, "objective_cosine_similarity": -0.31060279322515466, "is_tight": 0.0, "dual_solution_value": 0.0, "scaled_age": 0.3375}, "50": {"bias": -0.1690308509457033,