{"0": {"bias": -0.8466487815452375, "objective_cosine_similarity": -0.44659951152801924, "is_tight": 1.0, "dual_solution_value": -1.2479789005253746e-05, "scaled_age": 0.0}, "1": {"bias": -0.9411837077072378, "objective_cosine_similarity": -0.2785405634012408, "is_tight": 1.0, "dual_solution_value": -4.799963165000613e-05, "scaled_age": 0.0}, "2": {"bias": -0.6446583712203042, "objective_cosine_similarity": -0.43223067317676594, "is_tight": 0.0, "dual_solution_value": -0.0, "scaled_age": 0.11764705882352941}, "3": {"bias": -0.7022468831767834, "objective_cosine_similarity": -0.26607677065186264, "is_tight": 1.0, "dual_solution_value": -0.0002289054944807276, "scaled_age": 0.0}, "4": {"bias": -0.6859943405700353, "objective_cosine_similarity": -0.25527494217775554, "is_tight": 0.0, "dual_solution_value": -0.0, "scaled_age": 0.08823529411764706}, "5": {"bias": -0.716001555758157, "objective_cosine_similarity": -0.5169161702289226, "is_tight": 0.0, "dual_solution_value": -0.0, "scaled_age": 0.10294117647058823}, "6": {"bias": -1.0682261251116645, "objective_cosine_similarity": -0.18963367899288255, "is_tight": 1.0, "dual_solution_value": -1.0170034032988483e-12, "scaled_age": 0.0}, "7": {"bias": -0.6255432421712244, "objective_cosine_similarity": -0.3420079661734074, "is_tight": 0.0, "dual_solution_value": -0.0, "scaled_age": 0.14705882352941177}, "8": {"bias": -0.5, "objective_cosine_similarity": -0.17053193486207976, "is_tight": 1.0, "dual_solution_value": -0.0001164362154843235, "scaled_age": 0.0}, "9": {"bias": -0.991791926846573, "objective_cosine_similarity": -0.15932630157948435, "is_tight": 0.0, "dual_solution_value": -0.0, "scaled_age": 0.14705882352941177}, "10": {"bias": -0.27472112789737807, "objective_cosine_similarity": -0.4665181315653538, "is_tight": 1.0, "dual_solution_value": -2.624352078235605e-05, "scaled_age": 0.0}, "11": {"bias": -0.22360679774997896, "objective_cosine_similarity": -0.29944717304882934, "is_tight": 1.0, "dual_solution_value": -0.0007691236986306969, "scaled_age": 0.0}, "12": {"bias": -0.25, "objective_cosine_similarity": -0.29238312474601763, "is_tight": 1.0, "dual_solution_value": -6.98032929476778e-06, "scaled_age": 0.0}, "13": {"bias": -0.20851441405707477, "objective_cosine_similarity": -0.24411347913324055, "is_tight": 0.0, "dual_solution_value": 0.0, "scaled_age": 0.4117647058823529}, "14": {"bias": -0.2581988897471611, "objective_cosine_similarity": -0.1668711420670605, "is_tight": 0.0, "dual_solution_value": 0.0, "scaled_age": 0.4117647058823529}, "15": {"bias": -0.22360679774997896, "objective_cosine_similarity": -0.3272281775065263, "is_tight": 0.0, "dual_solution_value": 0.0, "scaled_age": 0.1323529411764706}, "16": {"bias": -0.24253562503633297, "objective_cosine_similarity": -0.23323892031801005, "is_tight": 0.0, "dual_solution_value": 0.0, "scaled_age": 0.029411764705882353}, "17": {"bias": -0.20412414523193154, "objective_cosine_similarity": -0.28798766026502576, "is_tight": 0.0, "dual_solution_value": 0.0, "scaled_age": 0.4117647058823529}, "18": {"bias": -0.2182178902359924, "objective_cosine_similarity": -0.26694384518744574, "is_tight": 0.0, "dual_solution_value": 0.0, "scaled_age": 0.4117647058823529}, "19": {"bias": -0.19611613513818404, "objective_cosine_similarity": -0.29004379131832636, "is_tight": 0.0, "dual_solution_value": 0.0, "scaled_age": 0.4117647058823529}, "20": {"bias": -0.2773500981126146, "objective_cosine_similarity": -0.21138716060302415, "is_tight": 1.0, "dual_solution_value": -0.0007005691953091098, "scaled_age": 0.0}, "21": {"bias": -0.2182178902359924, "objective_cosine_similarity": -0.28154233672113416, "is_tight": 0.0, "dual_solution_value": 0.0, "scaled_age": 0.07352941176470588}, "22": {"bias": -0.24253562503633297, "objective_cosine_similarity": -0.2248365244307774, "is_tight": 1.0, "dual_solution_value": -8.017240168458824e-05, "scaled_age": 0.0}, "23": {"bias": -0.2581988897471611, "objective_cosine_similarity": -0.22208359018167018, "is_tight": 0.0, "dual_solution_value": 0.0, "scaled_age": 0.4117647058823529}, "24": {"bias": -0.22360679774997896, "objective_cosine_similarity": -0.22652203634737492, "is_tight": 0.0, "dual_solution_value": 0.0, "scaled_age": 0.4117647058823529}, "25": {"bias": -0.2581988897471611, "objective_cosine_similarity": -0.2523116344008419, "is_tight": 1.0, "dual_solution_value": -0.00208235159836016, "scaled_age": 0.0}, "26": {"bias": -0.19245008972987526, "objective_cosine_similarity": -0.3145095360778323, "is_tight": 0.0, "dual_solution_value": 0.0, "scaled_age": 0.4117647058823529}, "27": {"bias": -0.23570226039551587, "objective_cosine_similarity": -0.287487583393779, "is_tight": 0.0, "dual_solution_value": 0.0, "scaled_age": 0.4117647058823529}, "28": {"bias": -0.22360679774997896, "objective_cosine_similarity": -0.24041253857622338, "is_tight": 0.0, "dual_solution_value": 0.0, "scaled_age": 0.4117647058823529}, "29": {"bias": -0.21320071635561041, "objective_cosine_similarity": -0.2661549530958905, "is_tight": 0.0, "dual_solution_value": 0.0, "scaled_age": 0.4117647058823529}, "30": {"bias": -0.25, "objective_cosine_similarity": -0.23862524685604505, "is_tight": 0.0, "dual_solution_value": 0.0, "scaled_age": 0.4117647058823529}, "31": {"bias": -0.21320071635561041, "objective_cosine_similarity": -0.29773697623836937, "is_tight": 0.0, "dual_solution_value": 0.0, "scaled_age": 0.4117647058823529}, "32": {"bias": -0.25, "objective_cosine_similarity": -0.25594722973170286, "is_tight": 1.0, "dual_solution_value": -5.95332115899925e-05, "scaled_age": 0.0}, "33": {"bias": -0.19611613513818404, "objective_cosine_similarity": -0.35095767317839494, "is_tight": 0.0, "dual_solution_value": 0.0, "scaled_age": 0.1323529411764706}, "34": {"bias": -0.20412414523193154, "objective_cosine_similarity": -0.26409029302880854, "is_tight": 0.0, "dual_solution_value": 0.0, "scaled_age": 0.058823529411764705}, "35": {"bias": -0.2182178902359924, "objective_cosine_similarity": -0.2656404084433664, "is_tight": 0.0, "dual_solution_value": 0.0, "scaled_age": 0.058823529411764705}, "36": {"bias": -0.2, "objective_cosine_similarity": -0.3110789200566415, "is_tight": 0.0, "dual_solution_value": 0.0, "scaled_age": 0.4117647058823529}, "37": {"bias": -0.19611613513818404, "objective_cosine_similarity": -0.3308092353323723, "is_tight": 0.0, "dual_solution_value": 0.0, "scaled_age": 0.4117647058823529}, "38": {"bias": -0.2773500981126146, "objective_cosine_similarity": -0.2826226457592157, "is_tight": 1.0, "dual_solution_value": -0.006837236179796564, "scaled_age": 0.0}, "39": {"bias": -0.20412414523193154, "objective_cosine_similarity": -0.31383583298991374, "is_tight": 0.0, "dual_solution_value": 0.0, "scaled_age": 0.4117647058823529}, "40": {"bias": -0.19245008972987526, "objective_cosine_similarity": -0.3276141000810753, "is_tight": 0.0, "dual_solution_value": 0.0, "scaled_age": 0.4117647058823529}, "41": {"bias": -0.2182178902359924, "objective_cosine_similarity": -0.2786747758841597, "is_tight": 0.0, "dual_solution_value": 0.0, "scaled_age": 0.4117647058823529}, "42": {"bias": -0.20851441405707477, "objective_cosine_similarity": -0.29243798418614736, "is_tight": 1.0, "dual_solution_value": -0.0005724248065874912, "scaled_age": 0.0}, "43": {"bias": -0.21320071635561041, "objective_cosine_similarity": -0.2880586143076097, "is_tight": 0.0, "dual_solution_value": 0.0, "scaled_age": 0.4117647058823529}, "44": {"bias": -0.2, "objective_cosine_similarity": -0.31060107225317507, "is_tight": 1.0, "dual_solution_value": -2.824444163910396e-06, "scaled_age": 0.0}, "45": {"bias": -0.20851441405707477, "objective_cosine_similarity": -0.31286380590954094, "is_tight": 0.0, "dual_solution_value": 0.0, "scaled_age": 0.25}, "46": {"bias": -0.30151134457776363, "objective_cosine_similarity": -0.19234217252513405, "is_tight": 0.0, "dual_solution_value": 0.0, "scaled_age": 0.4117647058823529}, "47": {"bias": -0.22360679774997896, "objective_cosine_similarity": -0.24522078934774785,