{"0": {"bias": -0.4902903378454601, "objective_cosine_similarity": -0.4953800571166546, "is_tight": 1.0, "dual_solution_value": -9.788585759776835e-06, "scaled_age": 0.0}, "1": {"bias": -0.5494422557947561, "objective_cosine_similarity": -0.4663142276173939, "is_tight": 0.0, "dual_solution_value": -0.0, "scaled_age": 0.19718309859154928}, "2": {"bias": -0.9068971498766433, "objective_cosine_similarity": -0.23308438206063944, "is_tight": 1.0, "dual_solution_value": -5.6152480691885206e-06, "scaled_age": 0.0}, "3": {"bias": -0.6154574548966636, "objective_cosine_similarity": -0.43559983632338983, "is_tight": 1.0, "dual_solution_value": -0.0001434384949181582, "scaled_age": 0.0}, "4": {"bias": -0.8867611831064072, "objective_cosine_similarity": -0.19610921468231898, "is_tight": 0.0, "dual_solution_value": -0.0, "scaled_age": 0.056338028169014086}, "5": {"bias": -0.5773502691896258, "objective_cosine_similarity": -0.10642531545181905, "is_tight": 1.0, "dual_solution_value": -4.288540725973352e-07, "scaled_age": 0.0}, "6": {"bias": -0.8, "objective_cosine_similarity": -0.1466991843027178, "is_tight": 0.0, "dual_solution_value": -0.0, "scaled_age": 0.07042253521126761}, "7": {"bias": -0.2581988897471611, "objective_cosine_similarity": -0.33118081716233383, "is_tight": 0.0, "dual_solution_value": 0.0, "scaled_age": 0.29577464788732394}, "8": {"bias": -0.20851441405707477, "objective_cosine_similarity": -0.39237063571179825, "is_tight": 0.0, "dual_solution_value": 0.0, "scaled_age": 0.39436619718309857}, "9": {"bias": -0.1889822365046136, "objective_cosine_similarity": -0.48516194900127707, "is_tight": 0.0, "dual_solution_value": 0.0, "scaled_age": 0.39436619718309857}, "10": {"bias": -0.23570226039551587, "objective_cosine_similarity": -0.39600998914971003, "is_tight": 1.0, "dual_solution_value": -0.0007308280393236524, "scaled_age": 0.0}, "11": {"bias": -0.20412414523193154, "objective_cosine_similarity": -0.4209524106879959, "is_tight": 0.0, "dual_solution_value": 0.0, "scaled_age": 0.39436619718309857}, "12": {"bias": -0.23570226039551587, "objective_cosine_similarity": -0.42452270836848915, "is_tight": 0.0, "dual_solution_value": 0.0, "scaled_age": 0.19718309859154928}, "13": {"bias": -0.25, "objective_cosine_similarity": -0.4205120597159058, "is_tight": 0.0, "dual_solution_value": 0.0, "scaled_age": 0.08450704225352113}, "14": {"bias": -0.22360679774997896, "objective_cosine_similarity": -0.39415044735652627, "is_tight": 0.0, "dual_solution_value": 0.0, "scaled_age": 0.39436619718309857}, "15": {"bias": -0.2, "objective_cosine_similarity": -0.49270956403242655, "is_tight": 0.0, "dual_solution_value": 0.0, "scaled_age": 0.39436619718309857}, "16": {"bias": -0.22941573387056174, "objective_cosine_similarity": -0.5096721451040453, "is_tight": 0.0, "dual_solution_value": 0.0, "scaled_age": 0.07042253521126761}, "17": {"bias": -0.21320071635561041, "objective_cosine_similarity": -0.48306437166106453, "is_tight": 0.0, "dual_solution_value": 0.0, "scaled_age": 0.15492957746478872}, "18": {"bias": -0.22360679774997896, "objective_cosine_similarity": -0.2975449455534561, "is_tight": 0.0, "dual_solution_value": 0.0, "scaled_age": 0.39436619718309857}, "19": {"bias": -0.20851441405707477, "objective_cosine_similarity": -0.3267086109600279, "is_tight": 0.0, "dual_solution_value": 0.0, "scaled_age": 0.39436619718309857}, "20": {"bias": -0.22941573387056174, "objective_cosine_similarity": -0.3158469559547109, "is_tight": 0.0, "dual_solution_value": 0.0, "scaled_age": 0.39436619718309857}, "21": {"bias": -0.23570226039551587, "objective_cosine_similarity": -0.41909171423157887, "is_tight": 0.0, "dual_solution_value": 0.0, "scaled_age": 0.2112676056338028}, "22": {"bias": -0.22360679774997896, "objective_cosine_similarity": -0.3692476957806237, "is_tight": 0.0, "dual_solution_value": 0.0, "scaled_age": 0.39436619718309857}, "23": {"bias": -0.21320071635561041, "objective_cosine_similarity": -0.34469508554120026, "is_tight": 0.0, "dual_solution_value": 0.0, "scaled_age": 0.39436619718309857}, "24": {"bias": -0.2581988897471611, "objective_cosine_similarity": -0.3133327491715494, "is_tight": 0.0, "dual_solution_value": 0.0, "scaled_age": 0.39436619718309857}, "25": {"bias": -0.20851441405707477, "objective_cosine_similarity": -0.45803266046356855, "is_tight": 0.0, "dual_solution_value": 0.0, "scaled_age": 0.39436619718309857}, "26": {"bias": -0.20851441405707477, "objective_cosine_similarity": -0.4123895456970941, "is_tight": 0.0, "dual_solution_value": 0.0, "scaled_age": 0.3380281690140845}, "27": {"bias": -0.25, "objective_cosine_similarity": -0.3945900834320486, "is_tight": 0.0, "dual_solution_value": 0.0, "scaled_age": 0.18309859154929578}, "28": {"bias": -0.23570226039551587, "objective_cosine_similarity": -0.34124746493586444, "is_tight": 0.0, "dual_solution_value": 0.0, "scaled_age": 0.39436619718309857}, "29": {"bias": -0.2886751345948129, "objective_cosine_similarity": -0.29322391601048065, "is_tight": 0.0, "dual_solution_value": 0.0, "scaled_age": 0.39436619718309857}, "30": {"bias": -0.24253562503633297, "objective_cosine_similarity": -0.35579778357179875, "is_tight": 0.0, "dual_solution_value": 0.0, "scaled_age": 0.39436619718309857}, "31": {"bias": -0.2886751345948129, "objective_cosine_similarity": -0.28213794565091616, "is_tight": 1.0, "dual_solution_value": -4.026042582831932e-05, "scaled_age": 0.0}, "32": {"bias": -0.2581988897471611, "objective_cosine_similarity": -0.2622674435312494, "is_tight": 0.0, "dual_solution_value": 0.0, "scaled_age": 0.39436619718309857}, "33": {"bias": -0.2182178902359924, "objective_cosine_similarity": -0.432837634192541, "is_tight": 0.0, "dual_solution_value": 0.0, "scaled_age": 0.39436619718309857}, "34": {"bias": -0.18257418583505536, "objective_cosine_similarity": -0.5202446395145994, "is_tight": 0.0, "dual_solution_value": 0.0, "scaled_age": 0.39436619718309857}, "35": {"bias": -0.2182178902359924, "objective_cosine_similarity": -0.3637009356041874, "is_tight": 0.0, "dual_solution_value": 0.0, "scaled_age": 0.39436619718309857}, "36": {"bias": -0.22941573387056174, "objective_cosine_similarity": -0.39602010237557195, "is_tight": 0.0, "dual_solution_value": 0.0, "scaled_age": 0.14084507042253522}, "37": {"bias": -0.2, "objective_cosine_similarity": -0.3940140395146295, "is_tight": 0.0, "dual_solution_value": 0.0, "scaled_age": 0.39436619718309857}, "38": {"bias": -0.2672612419124244, "objective_cosine_similarity": -0.3202247625522672, "is_tight": 0.0, "dual_solution_value": 0.0, "scaled_age": 0.2535211267605634}, "39": {"bias": -0.20851441405707477, "objective_cosine_similarity": -0.30989272657237943, "is_tight": 0.0, "dual_solution_value": 0.0, "scaled_age": 0.39436619718309857}, "40": {"bias": -0.21320071635561041, "objective_cosine_similarity": -0.38153897829501027, "is_tight": 0.0, "dual_solution_value": 0.0, "scaled_age": 0.39436619718309857}, "41": {"bias": -0.23570226039551587, "objective_cosine_similarity": -0.4227123769895191, "is_tight": 0.0, "dual_solution_value": 0.0, "scaled_age": 0.39436619718309857}, "42": {"bias": -0.2581988897471611, "objective_cosine_similarity": -0.3272145798310484, "is_tight": 0.0, "dual_solution_value": 0.0, "scaled_age": 0.39436619718309857}, "43": {"bias": -0.19611613513818404, "objective_cosine_similarity": -0.3799608343828997, "is_tight": 0.0, "dual_solution_value": 0.0, "scaled_age": 0.39436619718309857}, "44": {"bias": -0.20412414523193154, "objective_cosine_similarity": -0.4060583775351618, "is_tight": 0.0, "dual_solution_value": 0.0, "scaled_age": 0.39436619718309857}, "45": {"bias": -0.2773500981126146, "objective_cosine_similarity": -0.3626684500203002, "is_tight": 0.0, "dual_solution_value": 0.0, "scaled_age": 0.07042253521126761}, "46": {"bias": -0.2672612419124244, "objective_cosine_similarity": -0.27249895659495815, "is_tight": 0.0, "dual_solution_value": 0.0, "scaled_age": 0.39436619718309857}, "47": {"bias": -0.18569533817705186,