{"0": {"bias": -0.5481509678620253, "objective_cosine_similarity": -0.8513998226128315, "is_tight": 0.0, "dual_solution_value": -0.0, "scaled_age": 0.041237113402061855}, "1": {"bias": -0.6119066293613, "objective_cosine_similarity": -0.9121208128636965, "is_tight": 1.0, "dual_solution_value": -0.0001936114523103316, "scaled_age": 0.0}, "2": {"bias": -0.623773718640417, "objective_cosine_similarity": -0.9249102609959314, "is_tight": 0.0, "dual_solution_value": -0.0, "scaled_age": 0.07216494845360824}, "3": {"bias": -0.6111014504956593, "objective_cosine_similarity": -0.9193818430192796, "is_tight": 0.0, "dual_solution_value": -0.0, "scaled_age": 0.09278350515463918}, "4": {"bias": -0.6247522084957032, "objective_cosine_similarity": -0.9190276310475448, "is_tight": 0.0, "dual_solution_value": -0.0, "scaled_age": 0.07216494845360824}, "5": {"bias": -0.6183451535577633, "objective_cosine_similarity": -0.9215104029686572, "is_tight": 0.0, "dual_solution_value": -0.0, "scaled_age": 0.10309278350515463}, "6": {"bias": -0.5330017908890261, "objective_cosine_similarity": -0.767681731733925, "is_tight": 0.0, "dual_solution_value": -0.0, "scaled_age": 0.020618556701030927}, "7": {"bias": -0.6234334891547259, "objective_cosine_similarity": -0.9304729243314573, "is_tight": 1.0, "dual_solution_value": -0.0036951117843843427, "scaled_age": 0.0}, "8": {"bias": -0.6120692944459638, "objective_cosine_similarity": -0.909213974930851, "is_tight": 0.0, "dual_solution_value": -0.0, "scaled_age": 0.10309278350515463}, "9": {"bias": -0.5920859115428463, "objective_cosine_similarity": -0.9207067789597115, "is_tight": 0.0, "dual_solution_value": -0.0, "scaled_age": 0.08247422680412371}, "10": {"bias": -0.4558423058385518, "objective_cosine_similarity": -0.7425996910227726, "is_tight": 0.0, "dual_solution_value": -0.0, "scaled_age": 0.09278350515463918}, "11": {"bias": -0.556890098923011, "objective_cosine_similarity": -0.8391074757445844, "is_tight": 1.0, "dual_solution_value": -1.2137611066541416e-05, "scaled_age": 0.0}, "12": {"bias": -0.5450412056614357, "objective_cosine_similarity": -0.8264215473924834, "is_tight": 1.0, "dual_solution_value": -1.552083729350623e-05, "scaled_age": 0.0}, "13": {"bias": -0.23570226039551587, "objective_cosine_similarity": -0.4274656327220967, "is_tight": 1.0, "dual_solution_value": -5.770582327394394e-05, "scaled_age": 0.0}, "14": {"bias": -0.24253562503633297, "objective_cosine_similarity": -0.3369216949355799, "is_tight": 0.0, "dual_solution_value": 0.0, "scaled_age": 0.31958762886597936}, "15": {"bias": -0.3333333333333333, "objective_cosine_similarity": -0.24771999541952786, "is_tight": 0.0, "dual_solution_value": 0.0, "scaled_age": 0.31958762886597936}, "16": {"bias": -0.2886751345948129, "objective_cosine_similarity": -0.3232738498888763, "is_tight": 0.0, "dual_solution_value": 0.0, "scaled_age": 0.31958762886597936}, "17": {"bias": -0.2886751345948129, "objective_cosine_similarity": -0.4083977099052775, "is_tight": 0.0, "dual_solution_value": 0.0, "scaled_age": 0.14432989690721648}, "18": {"bias": -0.24253562503633297, "objective_cosine_similarity": -0.32989388043999107, "is_tight": 0.0, "dual_solution_value": 0.0, "scaled_age": 0.31958762886597936}, "19": {"bias": -0.2886751345948129, "objective_cosine_similarity": -0.3227818044552555, "is_tight": 0.0, "dual_solution_value": 0.0, "scaled_age": 0.31958762886597936}, "20": {"bias": -0.3333333333333333, "objective_cosine_similarity": -0.2448791697839828, "is_tight": 0.0, "dual_solution_value": 0.0, "scaled_age": 0.31958762886597936}, "21": {"bias": -0.2773500981126146, "objective_cosine_similarity": -0.29924566146716663, "is_tight": 0.0, "dual_solution_value": 0.0, "scaled_age": 0.21649484536082475}, "22": {"bias": -0.2886751345948129, "objective_cosine_similarity": -0.3931443014630322, "is_tight": 1.0, "dual_solution_value": -0.004354450416324195, "scaled_age": 0.0}, "23": {"bias": -0.2886751345948129, "objective_cosine_similarity": -0.356240893941471, "is_tight": 1.0, "dual_solution_value": -0.002929692521986601, "scaled_age": 0.0}, "24": {"bias": -0.30151134457776363, "objective_cosine_similarity": -0.3047573436905463, "is_tight": 0.0, "dual_solution_value": 0.0, "scaled_age": 0.14432989690721648}, "25": {"bias": -0.20851441405707477, "objective_cosine_similarity": -0.4659449428232181, "is_tight": 0.0, "dual_solution_value": 0.0, "scaled_age": 0.31958762886597936}, "26": {"bias": -0.2886751345948129, "objective_cosine_similarity": -0.37887498388802854, "is_tight": 1.0, "dual_solution_value": -1.830150526924568e-05, "scaled_age": 0.0}, "27": {"bias": -0.23570226039551587, "objective_cosine_similarity": -0.3623815796196722, "is_tight": 0.0, "dual_solution_value": 0.0, "scaled_age": 0.31958762886597936}, "28": {"bias": -0.2773500981126146, "objective_cosine_similarity": -0.34793808347525224, "is_tight": 0.0, "dual_solution_value": 0.0, "scaled_age": 0.08247422680412371}, "29": {"bias": -0.2672612419124244, "objective_cosine_similarity": -0.2705940581537868, "is_tight": 0.0, "dual_solution_value": 0.0, "scaled_age": 0.31958762886597936}, "30": {"bias": -0.30151134457776363, "objective_cosine_similarity": -0.40188911090389073, "is_tight": 1.0, "dual_solution_value": -0.004542916421387858, "scaled_age": 0.0}, "31": {"bias": -0.2581988897471611, "objective_cosine_similarity": -0.2948662060753275, "is_tight": 0.0, "dual_solution_value": 0.0, "scaled_age": 0.31958762886597936}, "32": {"bias": -0.2581988897471611, "objective_cosine_similarity": -0.2534969174617741, "is_tight": 0.0, "dual_solution_value": 0.0, "scaled_age": 0.31958762886597936}, "33": {"bias": -0.2581988897471611, "objective_cosine_similarity": -0.2702206724332106, "is_tight": 0.0, "dual_solution_value": 0.0, "scaled_age": 0.31958762886597936}, "34": {"bias": -0.25, "objective_cosine_similarity": -0.3276892370601209, "is_tight": 0.0, "dual_solution_value": 0.0, "scaled_age": 0.31958762886597936}, "35": {"bias": -0.2672612419124244, "objective_cosine_similarity": -0.24690568942651925, "is_tight": 0.0, "dual_solution_value": 0.0, "scaled_age": 0.31958762886597936}, "36": {"bias": -0.24253562503633297, "objective_cosine_similarity": -0.39107720663688167, "is_tight": 0.0, "dual_solution_value": 0.0, "scaled_age": 0.31958762886597936}, "37": {"bias": -0.22360679774997896, "objective_cosine_similarity": -0.39676336091209047, "is_tight": 0.0, "dual_solution_value": 0.0, "scaled_age": 0.31958762886597936}, "38": {"bias": -0.2581988897471611, "objective_cosine_similarity": -0.3833260678979258, "is_tight": 0.0, "dual_solution_value": 0.0, "scaled_age": 0.31958762886597936}, "39": {"bias": -0.24253562503633297, "objective_cosine_similarity": -0.33981550090435175, "is_tight": 0.0, "dual_solution_value": 0.0, "scaled_age": 0.31958762886597936}, "40": {"bias": -0.24253562503633297, "objective_cosine_similarity": -0.38156898702520275, "is_tight": 0.0, "dual_solution_value": 0.0, "scaled_age": 0.31958762886597936}, "41": {"bias": -0.22941573387056174, "objective_cosine_similarity": -0.3488059484372215, "is_tight": 0.0, "dual_solution_value": 0.0, "scaled_age": 0.31958762886597936}, "42": {"bias": -0.2886751345948129, "objective_cosine_similarity": -0.23126135380178367, "is_tight": 0.0, "dual_solution_value": 0.0, "scaled_age": 0.12371134020618557}, "43": {"bias": -0.23570226039551587, "objective_cosine_similarity": -0.3672026205902222, "is_tight": 0.0, "dual_solution_value": 0.0, "scaled_age": 0.31958762886597936}, "44": {"bias": -0.2773500981126146, "objective_cosine_similarity": -0.31059146853701186, "is_tight": 0.0, "dual_solution_value": 0.0, "scaled_age": 0.31958762886597936}, "45": {"bias": -0.2672612419124244, "objective_cosine_similarity": -0.3002045190628712, "is_tight": 0.0, "dual_solution_value": 0.0, "scaled_age": 0.31958762886597936}, "46": {"bias": -0.2672612419124244, "objective_cosine_similarity": -0.3881248106852295, "is_tight": 0.0, "dual_solution_value": 0.0, "scaled_age": 0.010309278350515464}, "47": {"bias": -0.25,