{"0": {"bias": -0.8219949365267865, "objective_cosine_similarity": -0.34603882277228526, "is_tight": 0.0, "dual_solution_value": -0.0, "scaled_age": 0.056338028169014086}, "1": {"bias": -0.6507913734559685, "objective_cosine_similarity": -0.5781839886996838, "is_tight": 1.0, "dual_solution_value": -0.0003515161198476533, "scaled_age": 0.0}, "2": {"bias": -0.5547001962252291, "objective_cosine_similarity": -0.28851423031300755, "is_tight": 1.0, "dual_solution_value": -0.0007643491711961948, "scaled_age": 0.0}, "3": {"bias": -0.8164965809277261, "objective_cosine_similarity": -0.31525902093895897, "is_tight": 1.0, "dual_solution_value": -0.00010878415495606001, "scaled_age": 0.0}, "4": {"bias": -0.7142857142857143, "objective_cosine_similarity": -0.4016420274496431, "is_tight": 1.0, "dual_solution_value": -4.8871365229279064e-05, "scaled_age": 0.0}, "5": {"bias": -1.0653312363426526, "objective_cosine_similarity": -0.2203781427688857, "is_tight": 1.0, "dual_solution_value": -1.607470217317942e-06, "scaled_age": 0.0}, "6": {"bias": -0.22360679774997896, "objective_cosine_similarity": -0.4140834550935878, "is_tight": 0.0, "dual_solution_value": 0.0, "scaled_age": 0.3380281690140845}, "7": {"bias": -0.31622776601683794, "objective_cosine_similarity": -0.2696853333574761, "is_tight": 0.0, "dual_solution_value": 0.0, "scaled_age": 0.11267605633802817}, "8": {"bias": -0.3333333333333333, "objective_cosine_similarity": -0.2811494192147502, "is_tight": 1.0, "dual_solution_value": -0.006223196516085402, "scaled_age": 0.0}, "9": {"bias": -0.20851441405707477, "objective_cosine_similarity": -0.378318318699526, "is_tight": 0.0, "dual_solution_value": 0.0, "scaled_age": 0.3380281690140845}, "10": {"bias": -0.22941573387056174, "objective_cosine_similarity": -0.2906804521828631, "is_tight": 0.0, "dual_solution_value": 0.0, "scaled_age": 0.3380281690140845}, "11": {"bias": -0.23570226039551587, "objective_cosine_similarity": -0.38567716205561403, "is_tight": 1.0, "dual_solution_value": -6.412394741180647e-05, "scaled_age": 0.0}, "12": {"bias": -0.2886751345948129, "objective_cosine_similarity": -0.295966553325934, "is_tight": 1.0, "dual_solution_value": -0.0033508502892711607, "scaled_age": 0.0}, "13": {"bias": -0.2672612419124244, "objective_cosine_similarity": -0.32861376646761914, "is_tight": 0.0, "dual_solution_value": 0.0, "scaled_age": 0.3380281690140845}, "14": {"bias": -0.2773500981126146, "objective_cosine_similarity": -0.2879943848529841, "is_tight": 0.0, "dual_solution_value": 0.0, "scaled_age": 0.3380281690140845}, "15": {"bias": -0.2886751345948129, "objective_cosine_similarity": -0.27324151632467397, "is_tight": 0.0, "dual_solution_value": 0.0, "scaled_age": 0.3380281690140845}, "16": {"bias": -0.2581988897471611, "objective_cosine_similarity": -0.33779695060151166, "is_tight": 0.0, "dual_solution_value": 0.0, "scaled_age": 0.3380281690140845}, "17": {"bias": -0.31622776601683794, "objective_cosine_similarity": -0.2086356864655639, "is_tight": 0.0, "dual_solution_value": 0.0, "scaled_age": 0.3380281690140845}, "18": {"bias": -0.3333333333333333, "objective_cosine_similarity": -0.327382879263398, "is_tight": 1.0, "dual_solution_value": -0.0070501249777292635, "scaled_age": 0.0}, "19": {"bias": -0.20851441405707477, "objective_cosine_similarity": -0.41505584138315765, "is_tight": 0.0, "dual_solution_value": 0.0, "scaled_age": 0.3380281690140845}, "20": {"bias": -0.2773500981126146, "objective_cosine_similarity": -0.26200211185181227, "is_tight": 0.0, "dual_solution_value": 0.0, "scaled_age": 0.3380281690140845}, "21": {"bias": -0.2886751345948129, "objective_cosine_similarity": -0.23157894848903063, "is_tight": 0.0, "dual_solution_value": 0.0, "scaled_age": 0.3380281690140845}, "22": {"bias": -0.2581988897471611, "objective_cosine_similarity": -0.3358611514576635, "is_tight": 0.0, "dual_solution_value": 0.0, "scaled_age": 0.3380281690140845}, "23": {"bias": -0.23570226039551587, "objective_cosine_similarity": -0.3543105200098539, "is_tight": 0.0, "dual_solution_value": 0.0, "scaled_age": 0.18309859154929578}, "24": {"bias": -0.25, "objective_cosine_similarity": -0.3519053563837956, "is_tight": 0.0, "dual_solution_value": 0.0, "scaled_age": 0.2535211267605634}, "25": {"bias": -0.25, "objective_cosine_similarity": -0.29942413146370894, "is_tight": 0.0, "dual_solution_value": 0.0, "scaled_age": 0.3380281690140845}, "26": {"bias": -0.2672612419124244, "objective_cosine_similarity": -0.3376306076206941, "is_tight": 0.0, "dual_solution_value": 0.0, "scaled_age": 0.3380281690140845}, "27": {"bias": -0.2672612419124244, "objective_cosine_similarity": -0.3276118952283886, "is_tight": 0.0, "dual_solution_value": 0.0, "scaled_age": 0.3380281690140845}, "28": {"bias": -0.2886751345948129, "objective_cosine_similarity": -0.21534677920241632, "is_tight": 0.0, "dual_solution_value": 0.0, "scaled_age": 0.3380281690140845}, "29": {"bias": -0.30151134457776363, "objective_cosine_similarity": -0.304040798700712, "is_tight": 0.0, "dual_solution_value": 0.0, "scaled_age": 0.028169014084507043}, "30": {"bias": -0.2672612419124244, "objective_cosine_similarity": -0.34664744877376896, "is_tight": 1.0, "dual_solution_value": 0.0, "scaled_age": 0.04225352112676056}, "31": {"bias": -0.23570226039551587, "objective_cosine_similarity": -0.34945089941121504, "is_tight": 0.0, "dual_solution_value": 0.0, "scaled_age": 0.3380281690140845}, "32": {"bias": -0.25, "objective_cosine_similarity": -0.2675605306193706, "is_tight": 1.0, "dual_solution_value": -0.00011815646415553891, "scaled_age": 0.0}, "33": {"bias": -0.24253562503633297, "objective_cosine_similarity": -0.3732197589783735, "is_tight": 0.0, "dual_solution_value": 0.0, "scaled_age": 0.3380281690140845}, "34": {"bias": -0.2773500981126146, "objective_cosine_similarity": -0.29735160313340603, "is_tight": 0.0, "dual_solution_value": 0.0, "scaled_age": 0.2535211267605634}, "35": {"bias": -0.2886751345948129, "objective_cosine_similarity": -0.27053615477690496, "is_tight": 0.0, "dual_solution_value": 0.0, "scaled_age": 0.3380281690140845}, "36": {"bias": -0.2886751345948129, "objective_cosine_similarity": -0.2662075763004745, "is_tight": 0.0, "dual_solution_value": 0.0, "scaled_age": 0.3380281690140845}, "37": {"bias": -0.22360679774997896, "objective_cosine_similarity": -0.41617901913758365, "is_tight": 0.0, "dual_solution_value": 0.0, "scaled_age": 0.3380281690140845}, "38": {"bias": -0.25, "objective_cosine_similarity": -0.3256647439237523, "is_tight": 0.0, "dual_solution_value": 0.0, "scaled_age": 0.3380281690140845}, "39": {"bias": -0.2672612419124244, "objective_cosine_similarity": -0.2234172863484118, "is_tight": 0.0, "dual_solution_value": 0.0, "scaled_age": 0.3380281690140845}, "40": {"bias": -0.24253562503633297, "objective_cosine_similarity": -0.31457743387702125, "is_tight": 0.0, "dual_solution_value": 0.0, "scaled_age": 0.3380281690140845}, "41": {"bias": -0.2886751345948129, "objective_cosine_similarity": -0.2683718655386897, "is_tight": 0.0, "dual_solution_value": 0.0, "scaled_age": 0.3380281690140845}, "42": {"bias": -0.22360679774997896, "objective_cosine_similarity": -0.34576806725932174, "is_tight": 0.0, "dual_solution_value": 0.0, "scaled_age": 0.3380281690140845}, "43": {"bias": -0.22360679774997896, "objective_cosine_similarity": -0.38893668656563707, "is_tight": 1.0, "dual_solution_value": -1.4323906210437382e-05, "scaled_age": 0.0}, "44": {"bias": -0.25, "objective_cosine_similarity": -0.21414214096856804, "is_tight": 0.0, "dual_solution_value": 0.0, "scaled_age": 0.3380281690140845}, "45": {"bias": -0.23570226039551587, "objective_cosine_similarity": -0.3927457011081797, "is_tight": 0.0, "dual_solution_value": 0.0, "scaled_age": 0.3380281690140845}, "46": {"bias": -0.2581988897471611, "objective_cosine_similarity": -0.2284242989740881, "is_tight": 1.0, "dual_solution_value": 0.0, "scaled_age": 0.3380281690140845}, "47": {"bias": -0.2886751345948129, "objective_cosine_similarity": -0.36360059202016026,