{"0": {"bias": -0.45454545454545453, "objective_cosine_similarity": -0.5285013235376458, "is_tight": 0.0, "dual_solution_value": -0.0, "scaled_age": 0.14634146341463414}, "1": {"bias": -0.4931969619160719, "objective_cosine_similarity": -0.6805227861876003, "is_tight": 1.0, "dual_solution_value": -1.3682527511172134e-19, "scaled_age": 0.0}, "2": {"bias": -0.6637918509160179, "objective_cosine_similarity": -0.2067801754106129, "is_tight": 0.0, "dual_solution_value": -0.0, "scaled_age": 0.024390243902439025}, "3": {"bias": -0.6434186263771381, "objective_cosine_similarity": -0.20621494029448031, "is_tight": 0.0, "dual_solution_value": -0.0, "scaled_age": 0.12195121951219512}, "4": {"bias": -0.4082482904638631, "objective_cosine_similarity": -0.2349830384956208, "is_tight": 0.0, "dual_solution_value": -0.0, "scaled_age": 0.0975609756097561}, "5": {"bias": -0.3651483716701107, "objective_cosine_similarity": -0.3302753442281278, "is_tight": 0.0, "dual_solution_value": -0.0, "scaled_age": 0.04878048780487805}, "6": {"bias": -0.23735633163877065, "objective_cosine_similarity": -0.6527380171580909, "is_tight": 1.0, "dual_solution_value": 1.0371159580638039e-18, "scaled_age": 0.0}, "7": {"bias": -0.32582187641519844, "objective_cosine_similarity": -0.830149715350187, "is_tight": 1.0, "dual_solution_value": -2.2639843151087026e-05, "scaled_age": 0.0}, "8": {"bias": -0.33256123089384665, "objective_cosine_similarity": -0.794814638356886, "is_tight": 0.0, "dual_solution_value": -0.0, "scaled_age": 0.13414634146341464}, "9": {"bias": -0.16222142113076254, "objective_cosine_similarity": -0.4350556432349606, "is_tight": 0.0, "dual_solution_value": 0.0, "scaled_age": 0.3902439024390244}, "10": {"bias": -0.1889822365046136, "objective_cosine_similarity": -0.4149160628404047, "is_tight": 0.0, "dual_solution_value": 0.0, "scaled_age": 0.3902439024390244}, "11": {"bias": -0.19611613513818404, "objective_cosine_similarity": -0.3040514457376136, "is_tight": 0.0, "dual_solution_value": 0.0, "scaled_age": 0.024390243902439025}, "12": {"bias": -0.18569533817705186, "objective_cosine_similarity": -0.3936049730266614, "is_tight": 0.0, "dual_solution_value": 0.0, "scaled_age": 0.3902439024390244}, "13": {"bias": -0.20412414523193154, "objective_cosine_similarity": -0.37098054795462476, "is_tight": 0.0, "dual_solution_value": 0.0, "scaled_age": 0.3902439024390244}, "14": {"bias": -0.1889822365046136, "objective_cosine_similarity": -0.25686544991464233, "is_tight": 0.0, "dual_solution_value": 0.0, "scaled_age": 0.3902439024390244}, "15": {"bias": -0.17677669529663687, "objective_cosine_similarity": -0.40352390721875303, "is_tight": 0.0, "dual_solution_value": 0.0, "scaled_age": 0.3902439024390244}, "16": {"bias": -0.17677669529663687, "objective_cosine_similarity": -0.41520224689811347, "is_tight": 0.0, "dual_solution_value": 0.0, "scaled_age": 0.3902439024390244}, "17": {"bias": -0.17677669529663687, "objective_cosine_similarity": -0.3806641784846857, "is_tight": 0.0, "dual_solution_value": 0.0, "scaled_age": 0.3902439024390244}, "18": {"bias": -0.17407765595569785, "objective_cosine_similarity": -0.43430979265526093, "is_tight": 0.0, "dual_solution_value": 0.0, "scaled_age": 0.3902439024390244}, "19": {"bias": -0.1796053020267749, "objective_cosine_similarity": -0.43850768189977163, "is_tight": 1.0, "dual_solution_value": -0.0002524511697753426, "scaled_age": 0.0}, "20": {"bias": -0.1889822365046136, "objective_cosine_similarity": -0.3748057392239507, "is_tight": 0.0, "dual_solution_value": 0.0, "scaled_age": 0.2073170731707317}, "21": {"bias": -0.17407765595569785, "objective_cosine_similarity": -0.3934479699096674, "is_tight": 0.0, "dual_solution_value": 0.0, "scaled_age": 0.3902439024390244}, "22": {"bias": -0.17677669529663687, "objective_cosine_similarity": -0.4002937281585044, "is_tight": 0.0, "dual_solution_value": 0.0, "scaled_age": 0.3902439024390244}, "23": {"bias": -0.18569533817705186, "objective_cosine_similarity": -0.3270471029193679, "is_tight": 0.0, "dual_solution_value": 0.0, "scaled_age": 0.3902439024390244}, "24": {"bias": -0.19245008972987526, "objective_cosine_similarity": -0.4100865764360678, "is_tight": 0.0, "dual_solution_value": 0.0, "scaled_age": 0.24390243902439024}, "25": {"bias": -0.19245008972987526, "objective_cosine_similarity": -0.37140426744506666, "is_tight": 0.0, "dual_solution_value": 0.0, "scaled_age": 0.3902439024390244}, "26": {"bias": -0.17407765595569785, "objective_cosine_similarity": -0.3873309305764947, "is_tight": 0.0, "dual_solution_value": 0.0, "scaled_age": 0.3780487804878049}, "27": {"bias": -0.18569533817705186, "objective_cosine_similarity": -0.39203890549472514, "is_tight": 1.0, "dual_solution_value": -5.795614106911979e-19, "scaled_age": 0.0}, "28": {"bias": -0.1690308509457033, "objective_cosine_similarity": -0.4537927774656451, "is_tight": 0.0, "dual_solution_value": 0.0, "scaled_age": 0.3902439024390244}, "29": {"bias": -0.18569533817705186, "objective_cosine_similarity": -0.373507106366812, "is_tight": 0.0, "dual_solution_value": 0.0, "scaled_age": 0.3902439024390244}, "30": {"bias": -0.17677669529663687, "objective_cosine_similarity": -0.3699797400546325, "is_tight": 0.0, "dual_solution_value": 0.0, "scaled_age": 0.3902439024390244}, "31": {"bias": -0.22360679774997896, "objective_cosine_similarity": -0.3476148839110204, "is_tight": 1.0, "dual_solution_value": -0.000832051015314797, "scaled_age": 0.0}, "32": {"bias": -0.1643989873053573, "objective_cosine_similarity": -0.4300349423073427, "is_tight": 0.0, "dual_solution_value": 0.0, "scaled_age": 0.3902439024390244}, "33": {"bias": -0.1643989873053573, "objective_cosine_similarity": -0.45915068799822134, "is_tight": 0.0, "dual_solution_value": 0.0, "scaled_age": 0.3902439024390244}, "34": {"bias": -0.18257418583505536, "objective_cosine_similarity": -0.39725426019047544, "is_tight": 0.0, "dual_solution_value": 0.0, "scaled_age": 0.3902439024390244}, "35": {"bias": -0.1643989873053573, "objective_cosine_similarity": -0.39260041213335584, "is_tight": 0.0, "dual_solution_value": 0.0, "scaled_age": 0.3902439024390244}, "36": {"bias": -0.1690308509457033, "objective_cosine_similarity": -0.42433188510661896, "is_tight": 1.0, "dual_solution_value": -4.220407873934736e-19, "scaled_age": 0.0}, "37": {"bias": -0.18257418583505536, "objective_cosine_similarity": -0.3456727961734951, "is_tight": 1.0, "dual_solution_value": 5.698201890102049e-19, "scaled_age": 0.0}, "38": {"bias": -0.17677669529663687, "objective_cosine_similarity": -0.4529704943717899, "is_tight": 1.0, "dual_solution_value": -0.0007454259369804542, "scaled_age": 0.0}, "39": {"bias": -0.2, "objective_cosine_similarity": -0.3741676923556418, "is_tight": 1.0, "dual_solution_value": -0.0002580764976170856, "scaled_age": 0.0}, "40": {"bias": -0.23570226039551587, "objective_cosine_similarity": -0.29551997146069603, "is_tight": 1.0, "dual_solution_value": 1.9005633062896967e-19, "scaled_age": 0.0}, "41": {"bias": -0.1690308509457033, "objective_cosine_similarity": -0.44737790574230873, "is_tight": 0.0, "dual_solution_value": 0.0, "scaled_age": 0.3902439024390244}, "42": {"bias": -0.1690308509457033, "objective_cosine_similarity": -0.36255904628930596, "is_tight": 0.0, "dual_solution_value": 0.0, "scaled_age": 0.3902439024390244}, "43": {"bias": -0.1889822365046136, "objective_cosine_similarity": -0.4005719736000834, "is_tight": 0.0, "dual_solution_value": 0.0, "scaled_age": 0.3902439024390244}, "44": {"bias": -0.18569533817705186, "objective_cosine_similarity": -0.4630339669425049, "is_tight": 1.0, "dual_solution_value": 4.636491285529583e-19, "scaled_age": 0.0}, "45": {"bias": -0.17407765595569785, "objective_cosine_similarity": -0.3946713777763019, "is_tight": 0.0, "dual_solution_value": 0.0, "scaled_age": 0.3902439024390244}, "46": {"bias": -0.18257418583505536, "objective_cosine_similarity": -0.38852903742143396, "is_tight": 0.0, "dual_solution_value": 0.0, "scaled_age": 0.3902439024390244},