{"0": {"bias": -0.4, "objective_cosine_similarity": -0.23326090170674615, "is_tight": 1.0, "dual_solution_value": -0.0011839230650734505, "scaled_age": 0.0}, "1": {"bias": -0.4364357804719848, "objective_cosine_similarity": -0.19982287231409535, "is_tight": 1.0, "dual_solution_value": -0.0005229683353483844, "scaled_age": 0.0}, "2": {"bias": -0.816193176489611, "objective_cosine_similarity": -0.28155941667411644, "is_tight": 1.0, "dual_solution_value": -0.001486423204663503, "scaled_age": 0.0}, "3": {"bias": -0.3922322702763681, "objective_cosine_similarity": -0.24806380471220604, "is_tight": 1.0, "dual_solution_value": -0.0, "scaled_age": 0.017543859649122806}, "4": {"bias": -0.7887359470753114, "objective_cosine_similarity": -0.27583541249105187, "is_tight": 0.0, "dual_solution_value": -0.0, "scaled_age": 0.08771929824561403}, "5": {"bias": -0.4743416490252569, "objective_cosine_similarity": -0.26816289066140253, "is_tight": 1.0, "dual_solution_value": -0.0003462866161487758, "scaled_age": 0.0}, "6": {"bias": -0.5477225575051661, "objective_cosine_similarity": -0.2261643495038658, "is_tight": 0.0, "dual_solution_value": -0.0, "scaled_age": 0.12280701754385964}, "7": {"bias": -0.5892556509887896, "objective_cosine_similarity": -0.4427243514128811, "is_tight": 1.0, "dual_solution_value": -0.00010592954657716642, "scaled_age": 0.0}, "8": {"bias": -0.20412414523193154, "objective_cosine_similarity": -0.27564829498552484, "is_tight": 0.0, "dual_solution_value": 0.0, "scaled_age": 0.45614035087719296}, "9": {"bias": -0.2672612419124244, "objective_cosine_similarity": -0.16220242729610893, "is_tight": 0.0, "dual_solution_value": 0.0, "scaled_age": 0.45614035087719296}, "10": {"bias": -0.2182178902359924, "objective_cosine_similarity": -0.28068504632446856, "is_tight": 0.0, "dual_solution_value": 0.0, "scaled_age": 0.45614035087719296}, "11": {"bias": -0.2581988897471611, "objective_cosine_similarity": -0.25851301438336705, "is_tight": 1.0, "dual_solution_value": -0.0005470417698491049, "scaled_age": 0.0}, "12": {"bias": -0.25, "objective_cosine_similarity": -0.23516119418500886, "is_tight": 0.0, "dual_solution_value": 0.0, "scaled_age": 0.45614035087719296}, "13": {"bias": -0.21320071635561041, "objective_cosine_similarity": -0.32158282588531095, "is_tight": 0.0, "dual_solution_value": 0.0, "scaled_age": 0.45614035087719296}, "14": {"bias": -0.21320071635561041, "objective_cosine_similarity": -0.257013045884717, "is_tight": 0.0, "dual_solution_value": 0.0, "scaled_age": 0.45614035087719296}, "15": {"bias": -0.25, "objective_cosine_similarity": -0.22506589039423827, "is_tight": 0.0, "dual_solution_value": 0.0, "scaled_age": 0.45614035087719296}, "16": {"bias": -0.25, "objective_cosine_similarity": -0.22239360409668135, "is_tight": 0.0, "dual_solution_value": 0.0, "scaled_age": 0.40350877192982454}, "17": {"bias": -0.1889822365046136, "objective_cosine_similarity": -0.3422877011852148, "is_tight": 0.0, "dual_solution_value": 0.0, "scaled_age": 0.2631578947368421}, "18": {"bias": -0.20412414523193154, "objective_cosine_similarity": -0.30061907280743255, "is_tight": 0.0, "dual_solution_value": 0.0, "scaled_age": 0.45614035087719296}, "19": {"bias": -0.22360679774997896, "objective_cosine_similarity": -0.23662638714046863, "is_tight": 0.0, "dual_solution_value": 0.0, "scaled_age": 0.45614035087719296}, "20": {"bias": -0.22941573387056174, "objective_cosine_similarity": -0.23732408831987487, "is_tight": 0.0, "dual_solution_value": 0.0, "scaled_age": 0.15789473684210525}, "21": {"bias": -0.22941573387056174, "objective_cosine_similarity": -0.267023658499974, "is_tight": 1.0, "dual_solution_value": -0.001152611110099136, "scaled_age": 0.0}, "22": {"bias": -0.30151134457776363, "objective_cosine_similarity": -0.15899632790882906, "is_tight": 0.0, "dual_solution_value": 0.0, "scaled_age": 0.45614035087719296}, "23": {"bias": -0.2886751345948129, "objective_cosine_similarity": -0.19371278788536067, "is_tight": 0.0, "dual_solution_value": 0.0, "scaled_age": 0.3157894736842105}, "24": {"bias": -0.2672612419124244, "objective_cosine_similarity": -0.22156026272540905, "is_tight": 1.0, "dual_solution_value": -0.003809058958029955, "scaled_age": 0.0}, "25": {"bias": -0.2182178902359924, "objective_cosine_similarity": -0.2765382681700904, "is_tight": 0.0, "dual_solution_value": 0.0, "scaled_age": 0.45614035087719296}, "26": {"bias": -0.2182178902359924, "objective_cosine_similarity": -0.2786116572472795, "is_tight": 0.0, "dual_solution_value": 0.0, "scaled_age": 0.45614035087719296}, "27": {"bias": -0.18569533817705186, "objective_cosine_similarity": -0.33743715325689905, "is_tight": 0.0, "dual_solution_value": 0.0, "scaled_age": 0.45614035087719296}, "28": {"bias": -0.25, "objective_cosine_similarity": -0.2304104629893521, "is_tight": 1.0, "dual_solution_value": -0.0004066137981268562, "scaled_age": 0.0}, "29": {"bias": -0.25, "objective_cosine_similarity": -0.26455634345813495, "is_tight": 1.0, "dual_solution_value": -0.000718744231692724, "scaled_age": 0.0}, "30": {"bias": -0.21320071635561041, "objective_cosine_similarity": -0.36564220517983387, "is_tight": 1.0, "dual_solution_value": -0.00022898884989750172, "scaled_age": 0.0}, "31": {"bias": -0.2581988897471611, "objective_cosine_similarity": -0.2891788523885114, "is_tight": 1.0, "dual_solution_value": -0.0003066583800514437, "scaled_age": 0.0}, "32": {"bias": -0.25, "objective_cosine_similarity": -0.2811839026429336, "is_tight": 0.0, "dual_solution_value": 0.0, "scaled_age": 0.45614035087719296}, "33": {"bias": -0.2182178902359924, "objective_cosine_similarity": -0.269799753669226, "is_tight": 0.0, "dual_solution_value": 0.0, "scaled_age": 0.45614035087719296}, "34": {"bias": -0.22941573387056174, "objective_cosine_similarity": -0.2743804327647692, "is_tight": 0.0, "dual_solution_value": 0.0, "scaled_age": 0.15789473684210525}, "35": {"bias": -0.22360679774997896, "objective_cosine_similarity": -0.3263903813643501, "is_tight": 1.0, "dual_solution_value": -2.0062379241480872e-05, "scaled_age": 0.0}, "36": {"bias": -0.21320071635561041, "objective_cosine_similarity": -0.2960081287086051, "is_tight": 0.0, "dual_solution_value": 0.0, "scaled_age": 0.45614035087719296}, "37": {"bias": -0.25, "objective_cosine_similarity": -0.2449595772760509, "is_tight": 0.0, "dual_solution_value": 0.0, "scaled_age": 0.45614035087719296}, "38": {"bias": -0.22360679774997896, "objective_cosine_similarity": -0.3144395537309931, "is_tight": 0.0, "dual_solution_value": 0.0, "scaled_age": 0.45614035087719296}, "39": {"bias": -0.24253562503633297, "objective_cosine_similarity": -0.18550767114683245, "is_tight": 0.0, "dual_solution_value": 0.0, "scaled_age": 0.45614035087719296}, "40": {"bias": -0.20851441405707477, "objective_cosine_similarity": -0.3031223550711399, "is_tight": 0.0, "dual_solution_value": 0.0, "scaled_age": 0.45614035087719296}, "41": {"bias": -0.2182178902359924, "objective_cosine_similarity": -0.2760199209007932, "is_tight": 0.0, "dual_solution_value": 0.0, "scaled_age": 0.45614035087719296}, "42": {"bias": -0.2, "objective_cosine_similarity": -0.29525794381006665, "is_tight": 0.0, "dual_solution_value": 0.0, "scaled_age": 0.45614035087719296}, "43": {"bias": -0.2581988897471611, "objective_cosine_similarity": -0.2385802196800232, "is_tight": 0.0, "dual_solution_value": 0.0, "scaled_age": 0.017543859649122806}, "44": {"bias": -0.2182178902359924, "objective_cosine_similarity": -0.24906586289733543, "is_tight": 0.0, "dual_solution_value": 0.0, "scaled_age": 0.08771929824561403}, "45": {"bias": -0.20851441405707477, "objective_cosine_similarity": -0.3003982162592261, "is_tight": 0.0, "dual_solution_value": 0.0, "scaled_age": 0.45614035087719296}, "46": {"bias": -0.2581988897471611, "objective_cosine_similarity": -0.2379669029199203, "is_tight": 1.0, "dual_solution_value": -0.000775179648870583, "scaled_age": 0.0}, "47": {"bias": -0.2182178902359924, "objective_cosine_similarity": -0.25399016195565943, "is_tight": 0.0,