{"0": {"bias": -0.7184212081070996, "objective_cosine_similarity": -0.329555441912741, "is_tight": 0.0, "dual_solution_value": -0.0, "scaled_age": 0.1746031746031746}, "1": {"bias": -0.8542421961772492, "objective_cosine_similarity": -0.4550207797575859, "is_tight": 0.0, "dual_solution_value": -0.0, "scaled_age": 0.15873015873015872}, "2": {"bias": -0.8838834764831843, "objective_cosine_similarity": -0.37329187274870046, "is_tight": 0.0, "dual_solution_value": -0.0, "scaled_age": 0.015873015873015872}, "3": {"bias": -1.2253633625106015, "objective_cosine_similarity": -0.19886059214991414, "is_tight": 0.0, "dual_solution_value": -0.0, "scaled_age": 0.20634920634920634}, "4": {"bias": -1.1939304141033795, "objective_cosine_similarity": -0.19812831572908332, "is_tight": 0.0, "dual_solution_value": -0.0, "scaled_age": 0.1746031746031746}, "5": {"bias": -1.2254572902793404, "objective_cosine_similarity": -0.20097773205418495, "is_tight": 0.0, "dual_solution_value": -0.0, "scaled_age": 0.20634920634920634}, "6": {"bias": -1.2214386624903781, "objective_cosine_similarity": -0.19974729023232884, "is_tight": 0.0, "dual_solution_value": -0.0, "scaled_age": 0.19047619047619047}, "7": {"bias": -0.5163977794943222, "objective_cosine_similarity": -0.26643812094851776, "is_tight": 1.0, "dual_solution_value": -1.5694413973275953e-05, "scaled_age": 0.0}, "8": {"bias": -0.9296696802013682, "objective_cosine_similarity": -0.1776013025591426, "is_tight": 1.0, "dual_solution_value": -8.044254553042364e-06, "scaled_age": 0.0}, "9": {"bias": -1.23245043768357, "objective_cosine_similarity": -0.1992925709581336, "is_tight": 0.0, "dual_solution_value": -0.0, "scaled_age": 0.19047619047619047}, "10": {"bias": -1.147610579837901, "objective_cosine_similarity": -0.18077451348199217, "is_tight": 1.0, "dual_solution_value": -3.165810247037574e-11, "scaled_age": 0.0}, "11": {"bias": -0.3333333333333333, "objective_cosine_similarity": -0.580876718174931, "is_tight": 1.0, "dual_solution_value": -0.0005021664545842461, "scaled_age": 0.0}, "12": {"bias": -0.4764721923250713, "objective_cosine_similarity": -0.8642153926773718, "is_tight": 0.0, "dual_solution_value": -0.0, "scaled_age": 0.1111111111111111}, "13": {"bias": -0.4662524041201569, "objective_cosine_similarity": -0.7540369660693704, "is_tight": 0.0, "dual_solution_value": -0.0, "scaled_age": 0.015873015873015872}, "14": {"bias": -0.25, "objective_cosine_similarity": -0.3036789313399823, "is_tight": 0.0, "dual_solution_value": 0.0, "scaled_age": 0.3333333333333333}, "15": {"bias": -0.2886751345948129, "objective_cosine_similarity": -0.24758147567845587, "is_tight": 0.0, "dual_solution_value": 0.0, "scaled_age": 0.3333333333333333}, "16": {"bias": -0.2182178902359924, "objective_cosine_similarity": -0.42240136751081436, "is_tight": 0.0, "dual_solution_value": 0.0, "scaled_age": 0.3333333333333333}, "17": {"bias": -0.30151134457776363, "objective_cosine_similarity": -0.3559481645547409, "is_tight": 1.0, "dual_solution_value": -0.002005606447130732, "scaled_age": 0.0}, "18": {"bias": -0.2773500981126146, "objective_cosine_similarity": -0.2558745764107687, "is_tight": 0.0, "dual_solution_value": 0.0, "scaled_age": 0.3333333333333333}, "19": {"bias": -0.2886751345948129, "objective_cosine_similarity": -0.32550552579239217, "is_tight": 1.0, "dual_solution_value": -1.5338177230610692e-05, "scaled_age": 0.0}, "20": {"bias": -0.22941573387056174, "objective_cosine_similarity": -0.4440768793549583, "is_tight": 0.0, "dual_solution_value": 0.0, "scaled_age": 0.3333333333333333}, "21": {"bias": -0.25, "objective_cosine_similarity": -0.3502344918407672, "is_tight": 0.0, "dual_solution_value": 0.0, "scaled_age": 0.3333333333333333}, "22": {"bias": -0.2886751345948129, "objective_cosine_similarity": -0.2890094516883967, "is_tight": 0.0, "dual_solution_value": 0.0, "scaled_age": 0.3333333333333333}, "23": {"bias": -0.24253562503633297, "objective_cosine_similarity": -0.36256731080193944, "is_tight": 0.0, "dual_solution_value": 0.0, "scaled_age": 0.1111111111111111}, "24": {"bias": -0.2672612419124244, "objective_cosine_similarity": -0.3753296317826474, "is_tight": 0.0, "dual_solution_value": 0.0, "scaled_age": 0.3333333333333333}, "25": {"bias": -0.2581988897471611, "objective_cosine_similarity": -0.26908485724933084, "is_tight": 0.0, "dual_solution_value": 0.0, "scaled_age": 0.3333333333333333}, "26": {"bias": -0.24253562503633297, "objective_cosine_similarity": -0.3882577945387626, "is_tight": 1.0, "dual_solution_value": -3.9924752753006486e-05, "scaled_age": 0.0}, "27": {"bias": -0.2886751345948129, "objective_cosine_similarity": -0.30725748874039444, "is_tight": 1.0, "dual_solution_value": -6.973863902546341e-06, "scaled_age": 0.0}, "28": {"bias": -0.22360679774997896, "objective_cosine_similarity": -0.32089972230716235, "is_tight": 0.0, "dual_solution_value": 0.0, "scaled_age": 0.3333333333333333}, "29": {"bias": -0.2672612419124244, "objective_cosine_similarity": -0.37624284256557355, "is_tight": 0.0, "dual_solution_value": 0.0, "scaled_age": 0.031746031746031744}, "30": {"bias": -0.25, "objective_cosine_similarity": -0.43864734526886334, "is_tight": 1.0, "dual_solution_value": -0.0025336341283055995, "scaled_age": 0.0}, "31": {"bias": -0.2773500981126146, "objective_cosine_similarity": -0.21512418090831295, "is_tight": 0.0, "dual_solution_value": 0.0, "scaled_age": 0.30158730158730157}, "32": {"bias": -0.2773500981126146, "objective_cosine_similarity": -0.3378492092238483, "is_tight": 0.0, "dual_solution_value": 0.0, "scaled_age": 0.047619047619047616}, "33": {"bias": -0.2581988897471611, "objective_cosine_similarity": -0.32201958326559266, "is_tight": 0.0, "dual_solution_value": 0.0, "scaled_age": 0.3333333333333333}, "34": {"bias": -0.2581988897471611, "objective_cosine_similarity": -0.2951110975406596, "is_tight": 0.0, "dual_solution_value": 0.0, "scaled_age": 0.3333333333333333}, "35": {"bias": -0.3333333333333333, "objective_cosine_similarity": -0.2864519502372454, "is_tight": 0.0, "dual_solution_value": 0.0, "scaled_age": 0.09523809523809523}, "36": {"bias": -0.2581988897471611, "objective_cosine_similarity": -0.3334887739024494, "is_tight": 0.0, "dual_solution_value": 0.0, "scaled_age": 0.3333333333333333}, "37": {"bias": -0.2672612419124244, "objective_cosine_similarity": -0.3269294602875615, "is_tight": 0.0, "dual_solution_value": 0.0, "scaled_age": 0.3333333333333333}, "38": {"bias": -0.2672612419124244, "objective_cosine_similarity": -0.3515861514265675, "is_tight": 0.0, "dual_solution_value": 0.0, "scaled_age": 0.3333333333333333}, "39": {"bias": -0.24253562503633297, "objective_cosine_similarity": -0.3936445088706771, "is_tight": 0.0, "dual_solution_value": 0.0, "scaled_age": 0.3333333333333333}, "40": {"bias": -0.2773500981126146, "objective_cosine_similarity": -0.3274246894441503, "is_tight": 0.0, "dual_solution_value": 0.0, "scaled_age": 0.047619047619047616}, "41": {"bias": -0.2886751345948129, "objective_cosine_similarity": -0.26385675196807545, "is_tight": 0.0, "dual_solution_value": 0.0, "scaled_age": 0.3333333333333333}, "42": {"bias": -0.2672612419124244, "objective_cosine_similarity": -0.31323129854366927, "is_tight": 0.0, "dual_solution_value": 0.0, "scaled_age": 0.3333333333333333}, "43": {"bias": -0.2581988897471611, "objective_cosine_similarity": -0.3630439959281956, "is_tight": 0.0, "dual_solution_value": 0.0, "scaled_age": 0.09523809523809523}, "44": {"bias": -0.31622776601683794, "objective_cosine_similarity": -0.34522791965193195, "is_tight": 1.0, "dual_solution_value": -0.01137087175263115, "scaled_age": 0.0}, "45": {"bias": -0.22941573387056174, "objective_cosine_similarity": -0.4111532625272297, "is_tight": 0.0, "dual_solution_value": 0.0, "scaled_age": 0.3333333333333333}, "46": {"bias": -0.23570226039551587, "objective_cosine_similarity": -0.45463486983094165, "is_tight": 0.0, "dual_solution_value": 0.0, "scaled_age": 0.3333333333333333}, "47": {"bias": -0.22941573387056174,