{"0": {"bias": -0.5050762722761054, "objective_cosine_similarity": -0.538263547376727, "is_tight": 0.0, "dual_solution_value": -0.0, "scaled_age": 0.012987012987012988}, "1": {"bias": -0.5405899027195887, "objective_cosine_similarity": -0.5504849853202812, "is_tight": 1.0, "dual_solution_value": -3.4237397580274907e-05, "scaled_age": 0.0}, "2": {"bias": -0.4685212856658182, "objective_cosine_similarity": -0.5763641201281161, "is_tight": 0.0, "dual_solution_value": -0.0, "scaled_age": 0.1038961038961039}, "3": {"bias": -0.584945332471682, "objective_cosine_similarity": -0.3596130668786908, "is_tight": 1.0, "dual_solution_value": -6.265075561584383e-05, "scaled_age": 0.0}, "4": {"bias": -0.5318251008780144, "objective_cosine_similarity": -0.38761905133312147, "is_tight": 0.0, "dual_solution_value": -0.0, "scaled_age": 0.025974025974025976}, "5": {"bias": -0.3651483716701107, "objective_cosine_similarity": -0.3158614780091804, "is_tight": 1.0, "dual_solution_value": -0.0005321615109372925, "scaled_age": 0.0}, "6": {"bias": -0.374557713677921, "objective_cosine_similarity": -0.822875551815726, "is_tight": 0.0, "dual_solution_value": -0.0, "scaled_age": 0.11688311688311688}, "7": {"bias": -0.3780784721867859, "objective_cosine_similarity": -0.7870638188225122, "is_tight": 1.0, "dual_solution_value": -1.8309628504888683e-08, "scaled_age": 0.0}, "8": {"bias": -0.2, "objective_cosine_similarity": -0.3977718465056231, "is_tight": 1.0, "dual_solution_value": -0.0005939146361853884, "scaled_age": 0.0}, "9": {"bias": -0.20412414523193154, "objective_cosine_similarity": -0.3395831436140412, "is_tight": 0.0, "dual_solution_value": 0.0, "scaled_age": 0.42857142857142855}, "10": {"bias": -0.20412414523193154, "objective_cosine_similarity": -0.36839968325516614, "is_tight": 0.0, "dual_solution_value": 0.0, "scaled_age": 0.42857142857142855}, "11": {"bias": -0.2, "objective_cosine_similarity": -0.36621583363043797, "is_tight": 0.0, "dual_solution_value": 0.0, "scaled_age": 0.42857142857142855}, "12": {"bias": -0.2, "objective_cosine_similarity": -0.36206372667317677, "is_tight": 0.0, "dual_solution_value": 0.0, "scaled_age": 0.2857142857142857}, "13": {"bias": -0.2581988897471611, "objective_cosine_similarity": -0.35771382529426066, "is_tight": 1.0, "dual_solution_value": -0.0033366509786825114, "scaled_age": 0.0}, "14": {"bias": -0.21320071635561041, "objective_cosine_similarity": -0.30097894040888873, "is_tight": 0.0, "dual_solution_value": 0.0, "scaled_age": 0.42857142857142855}, "15": {"bias": -0.2, "objective_cosine_similarity": -0.3911284753740052, "is_tight": 1.0, "dual_solution_value": -0.00045860592472763816, "scaled_age": 0.0}, "16": {"bias": -0.19611613513818404, "objective_cosine_similarity": -0.40877617490749285, "is_tight": 0.0, "dual_solution_value": 0.0, "scaled_age": 0.42857142857142855}, "17": {"bias": -0.19245008972987526, "objective_cosine_similarity": -0.4059292650984224, "is_tight": 1.0, "dual_solution_value": -0.0001759990458715765, "scaled_age": 0.0}, "18": {"bias": -0.2, "objective_cosine_similarity": -0.3673230621523743, "is_tight": 0.0, "dual_solution_value": 0.0, "scaled_age": 0.1038961038961039}, "19": {"bias": -0.1889822365046136, "objective_cosine_similarity": -0.3808286707629467, "is_tight": 0.0, "dual_solution_value": 0.0, "scaled_age": 0.42857142857142855}, "20": {"bias": -0.2, "objective_cosine_similarity": -0.40137033920191617, "is_tight": 0.0, "dual_solution_value": 0.0, "scaled_age": 0.42857142857142855}, "21": {"bias": -0.2182178902359924, "objective_cosine_similarity": -0.3047395321433182, "is_tight": 0.0, "dual_solution_value": 0.0, "scaled_age": 0.42857142857142855}, "22": {"bias": -0.20851441405707477, "objective_cosine_similarity": -0.3287055853492382, "is_tight": 0.0, "dual_solution_value": 0.0, "scaled_age": 0.19480519480519481}, "23": {"bias": -0.22941573387056174, "objective_cosine_similarity": -0.2771945714303608, "is_tight": 0.0, "dual_solution_value": 0.0, "scaled_age": 0.42857142857142855}, "24": {"bias": -0.19245008972987526, "objective_cosine_similarity": -0.4136536408778544, "is_tight": 0.0, "dual_solution_value": 0.0, "scaled_age": 0.42857142857142855}, "25": {"bias": -0.22941573387056174, "objective_cosine_similarity": -0.3124392420245991, "is_tight": 0.0, "dual_solution_value": 0.0, "scaled_age": 0.38961038961038963}, "26": {"bias": -0.23570226039551587, "objective_cosine_similarity": -0.2423817064853989, "is_tight": 0.0, "dual_solution_value": 0.0, "scaled_age": 0.42857142857142855}, "27": {"bias": -0.22360679774997896, "objective_cosine_similarity": -0.3435225560325768, "is_tight": 1.0, "dual_solution_value": -0.0002209527197650183, "scaled_age": 0.0}, "28": {"bias": -0.2, "objective_cosine_similarity": -0.34407126319171155, "is_tight": 0.0, "dual_solution_value": 0.0, "scaled_age": 0.42857142857142855}, "29": {"bias": -0.23570226039551587, "objective_cosine_similarity": -0.28544279027553704, "is_tight": 1.0, "dual_solution_value": -0.0013048813269738837, "scaled_age": 0.0}, "30": {"bias": -0.22360679774997896, "objective_cosine_similarity": -0.3605439439441009, "is_tight": 0.0, "dual_solution_value": 0.0, "scaled_age": 0.23376623376623376}, "31": {"bias": -0.22941573387056174, "objective_cosine_similarity": -0.32228234822659363, "is_tight": 0.0, "dual_solution_value": 0.0, "scaled_age": 0.42857142857142855}, "32": {"bias": -0.2, "objective_cosine_similarity": -0.3725823976315718, "is_tight": 0.0, "dual_solution_value": 0.0, "scaled_age": 0.42857142857142855}, "33": {"bias": -0.21320071635561041, "objective_cosine_similarity": -0.34140454318929825, "is_tight": 0.0, "dual_solution_value": 0.0, "scaled_age": 0.42857142857142855}, "34": {"bias": -0.24253562503633297, "objective_cosine_similarity": -0.27290617500230113, "is_tight": 0.0, "dual_solution_value": 0.0, "scaled_age": 0.42857142857142855}, "35": {"bias": -0.19611613513818404, "objective_cosine_similarity": -0.42587637345939994, "is_tight": 0.0, "dual_solution_value": 0.0, "scaled_age": 0.06493506493506493}, "36": {"bias": -0.22360679774997896, "objective_cosine_similarity": -0.345379434713834, "is_tight": 0.0, "dual_solution_value": 0.0, "scaled_age": 0.42857142857142855}, "37": {"bias": -0.2182178902359924, "objective_cosine_similarity": -0.3705801842813196, "is_tight": 0.0, "dual_solution_value": 0.0, "scaled_age": 0.2077922077922078}, "38": {"bias": -0.21320071635561041, "objective_cosine_similarity": -0.4278622192087143, "is_tight": 1.0, "dual_solution_value": -0.001150665310894307, "scaled_age": 0.0}, "39": {"bias": -0.23570226039551587, "objective_cosine_similarity": -0.3278514334021883, "is_tight": 0.0, "dual_solution_value": 0.0, "scaled_age": 0.42857142857142855}, "40": {"bias": -0.19611613513818404, "objective_cosine_similarity": -0.34037538069986456, "is_tight": 0.0, "dual_solution_value": 0.0, "scaled_age": 0.42857142857142855}, "41": {"bias": -0.22360679774997896, "objective_cosine_similarity": -0.39303932086610144, "is_tight": 1.0, "dual_solution_value": -0.0007591512900058538, "scaled_age": 0.0}, "42": {"bias": -0.19611613513818404, "objective_cosine_similarity": -0.3417325393150953, "is_tight": 0.0, "dual_solution_value": 0.0, "scaled_age": 0.42857142857142855}, "43": {"bias": -0.2182178902359924, "objective_cosine_similarity": -0.32286081254827276, "is_tight": 0.0, "dual_solution_value": 0.0, "scaled_age": 0.42857142857142855}, "44": {"bias": -0.2182178902359924, "objective_cosine_similarity": -0.3237668765685205, "is_tight": 0.0, "dual_solution_value": 0.0, "scaled_age": 0.42857142857142855}, "45": {"bias": -0.2, "objective_cosine_similarity": -0.3327221708418643, "is_tight": 0.0, "dual_solution_value": 0.0, "scaled_age": 0.42857142857142855}, "46": {"bias": -0.20851441405707477, "objective_cosine_similarity": -0.37690034632669456, "is_tight": 0.0, "dual_solution_value": 0.0, "scaled_age": 0.09090909090909091}, "47": {"bias": -0.2182178902359924, "objective_cosine_similarity": -0.2751414408152259, "is_tight": 0.0,