{"0": {"bias": -0.5488212999484517, "objective_cosine_similarity": -0.6933764195100094, "is_tight": 0.0, "dual_solution_value": -0.0, "scaled_age": 0.15625}, "1": {"bias": -0.6632213378317426, "objective_cosine_similarity": -0.4614788373375081, "is_tight": 0.0, "dual_solution_value": -0.0, "scaled_age": 0.109375}, "2": {"bias": -0.6836017964655018, "objective_cosine_similarity": -0.355329797909872, "is_tight": 1.0, "dual_solution_value": -4.247211167359278e-07, "scaled_age": 0.0}, "3": {"bias": -0.6270266287506402, "objective_cosine_similarity": -0.3917061339649354, "is_tight": 0.0, "dual_solution_value": -0.0, "scaled_age": 0.125}, "4": {"bias": -0.6273186113450815, "objective_cosine_similarity": -0.39666339549015145, "is_tight": 0.0, "dual_solution_value": -0.0, "scaled_age": 0.03125}, "5": {"bias": -0.46083024232799513, "objective_cosine_similarity": -0.8357773562225967, "is_tight": 0.0, "dual_solution_value": -0.0, "scaled_age": 0.046875}, "6": {"bias": -0.22941573387056174, "objective_cosine_similarity": -0.30236302229700995, "is_tight": 0.0, "dual_solution_value": 0.0, "scaled_age": 0.4375}, "7": {"bias": -0.24253562503633297, "objective_cosine_similarity": -0.4025877120903303, "is_tight": 0.0, "dual_solution_value": 0.0, "scaled_age": 0.09375}, "8": {"bias": -0.20412414523193154, "objective_cosine_similarity": -0.4526742732836602, "is_tight": 0.0, "dual_solution_value": 0.0, "scaled_age": 0.4375}, "9": {"bias": -0.2182178902359924, "objective_cosine_similarity": -0.43575357190686537, "is_tight": 0.0, "dual_solution_value": 0.0, "scaled_age": 0.4375}, "10": {"bias": -0.20851441405707477, "objective_cosine_similarity": -0.4215686878679002, "is_tight": 0.0, "dual_solution_value": 0.0, "scaled_age": 0.4375}, "11": {"bias": -0.20412414523193154, "objective_cosine_similarity": -0.42217974888580884, "is_tight": 0.0, "dual_solution_value": 0.0, "scaled_age": 0.4375}, "12": {"bias": -0.24253562503633297, "objective_cosine_similarity": -0.43117143964874377, "is_tight": 0.0, "dual_solution_value": 0.0, "scaled_age": 0.171875}, "13": {"bias": -0.2672612419124244, "objective_cosine_similarity": -0.42233580936749077, "is_tight": 1.0, "dual_solution_value": -0.008653611758131115, "scaled_age": 0.0}, "14": {"bias": -0.2672612419124244, "objective_cosine_similarity": -0.36555116272984495, "is_tight": 1.0, "dual_solution_value": -3.6590638201394325e-06, "scaled_age": 0.0}, "15": {"bias": -0.2182178902359924, "objective_cosine_similarity": -0.4498802463078361, "is_tight": 0.0, "dual_solution_value": 0.0, "scaled_age": 0.4375}, "16": {"bias": -0.20412414523193154, "objective_cosine_similarity": -0.4231962330324039, "is_tight": 0.0, "dual_solution_value": 0.0, "scaled_age": 0.4375}, "17": {"bias": -0.2886751345948129, "objective_cosine_similarity": -0.28798430843240824, "is_tight": 0.0, "dual_solution_value": 0.0, "scaled_age": 0.359375}, "18": {"bias": -0.2, "objective_cosine_similarity": -0.4714149115888682, "is_tight": 0.0, "dual_solution_value": 0.0, "scaled_age": 0.4375}, "19": {"bias": -0.2182178902359924, "objective_cosine_similarity": -0.4332180149631014, "is_tight": 0.0, "dual_solution_value": 0.0, "scaled_age": 0.4375}, "20": {"bias": -0.2, "objective_cosine_similarity": -0.5059410741277712, "is_tight": 0.0, "dual_solution_value": 0.0, "scaled_age": 0.4375}, "21": {"bias": -0.21320071635561041, "objective_cosine_similarity": -0.3857448470707577, "is_tight": 0.0, "dual_solution_value": 0.0, "scaled_age": 0.4375}, "22": {"bias": -0.22941573387056174, "objective_cosine_similarity": -0.39642305568159614, "is_tight": 0.0, "dual_solution_value": 0.0, "scaled_age": 0.4375}, "23": {"bias": -0.22360679774997896, "objective_cosine_similarity": -0.42758499566322766, "is_tight": 0.0, "dual_solution_value": 0.0, "scaled_age": 0.4375}, "24": {"bias": -0.19245008972987526, "objective_cosine_similarity": -0.4542581104724176, "is_tight": 0.0, "dual_solution_value": 0.0, "scaled_age": 0.4375}, "25": {"bias": -0.2182178902359924, "objective_cosine_similarity": -0.4335802373836391, "is_tight": 0.0, "dual_solution_value": 0.0, "scaled_age": 0.4375}, "26": {"bias": -0.2182178902359924, "objective_cosine_similarity": -0.3814202088262088, "is_tight": 0.0, "dual_solution_value": 0.0, "scaled_age": 0.4375}, "27": {"bias": -0.20851441405707477, "objective_cosine_similarity": -0.38488044409614536, "is_tight": 0.0, "dual_solution_value": 0.0, "scaled_age": 0.4375}, "28": {"bias": -0.20412414523193154, "objective_cosine_similarity": -0.4079489708334782, "is_tight": 0.0, "dual_solution_value": 0.0, "scaled_age": 0.4375}, "29": {"bias": -0.2773500981126146, "objective_cosine_similarity": -0.29372031029517015, "is_tight": 1.0, "dual_solution_value": -0.0034721196025148037, "scaled_age": 0.0}, "30": {"bias": -0.21320071635561041, "objective_cosine_similarity": -0.45758540115824736, "is_tight": 1.0, "dual_solution_value": -0.0009714338913225825, "scaled_age": 0.0}, "31": {"bias": -0.23570226039551587, "objective_cosine_similarity": -0.36581400996366675, "is_tight": 0.0, "dual_solution_value": 0.0, "scaled_age": 0.4375}, "32": {"bias": -0.2581988897471611, "objective_cosine_similarity": -0.24600913765195803, "is_tight": 0.0, "dual_solution_value": 0.0, "scaled_age": 0.4375}, "33": {"bias": -0.19611613513818404, "objective_cosine_similarity": -0.45835392702219413, "is_tight": 0.0, "dual_solution_value": 0.0, "scaled_age": 0.4375}, "34": {"bias": -0.22941573387056174, "objective_cosine_similarity": -0.3511066833222206, "is_tight": 0.0, "dual_solution_value": 0.0, "scaled_age": 0.4375}, "35": {"bias": -0.24253562503633297, "objective_cosine_similarity": -0.3426021429888711, "is_tight": 0.0, "dual_solution_value": 0.0, "scaled_age": 0.4375}, "36": {"bias": -0.22941573387056174, "objective_cosine_similarity": -0.38119066161121784, "is_tight": 0.0, "dual_solution_value": 0.0, "scaled_age": 0.4375}, "37": {"bias": -0.21320071635561041, "objective_cosine_similarity": -0.3223977575059268, "is_tight": 0.0, "dual_solution_value": 0.0, "scaled_age": 0.4375}, "38": {"bias": -0.22360679774997896, "objective_cosine_similarity": -0.3641153478694673, "is_tight": 0.0, "dual_solution_value": 0.0, "scaled_age": 0.4375}, "39": {"bias": -0.22941573387056174, "objective_cosine_similarity": -0.3907109079052043, "is_tight": 0.0, "dual_solution_value": 0.0, "scaled_age": 0.4375}, "40": {"bias": -0.24253562503633297, "objective_cosine_similarity": -0.3587056514724843, "is_tight": 1.0, "dual_solution_value": -0.001806694517211414, "scaled_age": 0.0}, "41": {"bias": -0.21320071635561041, "objective_cosine_similarity": -0.4186570220960608, "is_tight": 0.0, "dual_solution_value": 0.0, "scaled_age": 0.4375}, "42": {"bias": -0.21320071635561041, "objective_cosine_similarity": -0.3981311494996352, "is_tight": 0.0, "dual_solution_value": 0.0, "scaled_age": 0.4375}, "43": {"bias": -0.20851441405707477, "objective_cosine_similarity": -0.41810753279509316, "is_tight": 0.0, "dual_solution_value": 0.0, "scaled_age": 0.4375}, "44": {"bias": -0.20412414523193154, "objective_cosine_similarity": -0.4238738891301339, "is_tight": 0.0, "dual_solution_value": 0.0, "scaled_age": 0.171875}, "45": {"bias": -0.20851441405707477, "objective_cosine_similarity": -0.41949199482421595, "is_tight": 0.0, "dual_solution_value": 0.0, "scaled_age": 0.4375}, "46": {"bias": -0.21320071635561041, "objective_cosine_similarity": -0.41334860676939905, "is_tight": 1.0, "dual_solution_value": -0.0003787201182009477, "scaled_age": 0.0}, "47": {"bias": -0.22941573387056174, "objective_cosine_similarity": -0.39413819657103943, "is_tight": 0.0, "dual_solution_value": 0.0, "scaled_age": 0.4375}, "48": {"bias": -0.22941573387056174, "objective_cosine_similarity": -0.4173675975283664, "is_tight": 0.0, "dual_solution_value": 0.0, "scaled_age": 0.4375}, "49": {"bias": -0.20412414523193154, "objective_cosine_similarity": -0.44454240011089985, "is_tight": 0.0, "dual_solution_value": 0.0, "scaled_age": 0.4375}, "50": {"bias": -0.19611613513818404,