{"0": {"bias": -1.0289915108550531, "objective_cosine_similarity": -0.16039274603817974, "is_tight": 1.0, "dual_solution_value": -0.0, "scaled_age": 0.046153846153846156}, "1": {"bias": -0.565685424949238, "objective_cosine_similarity": -0.2582524675943297, "is_tight": 0.0, "dual_solution_value": -0.0, "scaled_age": 0.046153846153846156}, "2": {"bias": -0.6063390625908325, "objective_cosine_similarity": -0.35856524717565746, "is_tight": 1.0, "dual_solution_value": -0.0, "scaled_age": 0.07692307692307693}, "3": {"bias": -0.48507125007266594, "objective_cosine_similarity": -0.164596861233919, "is_tight": 1.0, "dual_solution_value": -0.0, "scaled_age": 0.16923076923076924}, "4": {"bias": -0.9428291799743329, "objective_cosine_similarity": -0.10189829600381228, "is_tight": 0.0, "dual_solution_value": -0.0, "scaled_age": 0.046153846153846156}, "5": {"bias": -0.9502552681394961, "objective_cosine_similarity": -0.10047289446997591, "is_tight": 1.0, "dual_solution_value": -0.0, "scaled_age": 0.046153846153846156}, "6": {"bias": -0.33532637550742195, "objective_cosine_similarity": -0.7544901541561376, "is_tight": 0.0, "dual_solution_value": -0.0, "scaled_age": 0.046153846153846156}, "7": {"bias": -0.17149858514250882, "objective_cosine_similarity": -0.41702113969926724, "is_tight": 1.0, "dual_solution_value": -0.000719711039914909, "scaled_age": 0.0}, "8": {"bias": -0.16012815380508713, "objective_cosine_similarity": -0.3544287735219661, "is_tight": 0.0, "dual_solution_value": 0.0, "scaled_age": 0.2923076923076923}, "9": {"bias": -0.21320071635561041, "objective_cosine_similarity": -0.32056475747240365, "is_tight": 0.0, "dual_solution_value": 0.0, "scaled_age": 0.07692307692307693}, "10": {"bias": -0.17407765595569785, "objective_cosine_similarity": -0.34961287690637166, "is_tight": 0.0, "dual_solution_value": 0.0, "scaled_age": 0.2923076923076923}, "11": {"bias": -0.1643989873053573, "objective_cosine_similarity": -0.3678242482895071, "is_tight": 0.0, "dual_solution_value": 0.0, "scaled_age": 0.2923076923076923}, "12": {"bias": -0.2, "objective_cosine_similarity": -0.3047930956803853, "is_tight": 1.0, "dual_solution_value": 0.0, "scaled_age": 0.2923076923076923}, "13": {"bias": -0.1889822365046136, "objective_cosine_similarity": -0.3192725317781945, "is_tight": 0.0, "dual_solution_value": 0.0, "scaled_age": 0.2923076923076923}, "14": {"bias": -0.16012815380508713, "objective_cosine_similarity": -0.402236338314474, "is_tight": 0.0, "dual_solution_value": 0.0, "scaled_age": 0.2923076923076923}, "15": {"bias": -0.21320071635561041, "objective_cosine_similarity": -0.3070161672443037, "is_tight": 0.0, "dual_solution_value": 0.0, "scaled_age": 0.2923076923076923}, "16": {"bias": -0.14907119849998599, "objective_cosine_similarity": -0.4647256781107373, "is_tight": 0.0, "dual_solution_value": 0.0, "scaled_age": 0.2923076923076923}, "17": {"bias": -0.1796053020267749, "objective_cosine_similarity": -0.3342261672710669, "is_tight": 0.0, "dual_solution_value": 0.0, "scaled_age": 0.2923076923076923}, "18": {"bias": -0.24253562503633297, "objective_cosine_similarity": -0.3498410319159091, "is_tight": 1.0, "dual_solution_value": -0.001163228701299781, "scaled_age": 0.0}, "19": {"bias": -0.2, "objective_cosine_similarity": -0.2940018373754149, "is_tight": 0.0, "dual_solution_value": 0.0, "scaled_age": 0.2923076923076923}, "20": {"bias": -0.19611613513818404, "objective_cosine_similarity": -0.2687751637501747, "is_tight": 0.0, "dual_solution_value": 0.0, "scaled_age": 0.2923076923076923}, "21": {"bias": -0.19611613513818404, "objective_cosine_similarity": -0.3167455341832767, "is_tight": 0.0, "dual_solution_value": 0.0, "scaled_age": 0.2923076923076923}, "22": {"bias": -0.16666666666666666, "objective_cosine_similarity": -0.370699706587408, "is_tight": 0.0, "dual_solution_value": 0.0, "scaled_age": 0.2923076923076923}, "23": {"bias": -0.16222142113076254, "objective_cosine_similarity": -0.3448629318302231, "is_tight": 0.0, "dual_solution_value": 0.0, "scaled_age": 0.2923076923076923}, "24": {"bias": -0.17677669529663687, "objective_cosine_similarity": -0.4209532178614074, "is_tight": 1.0, "dual_solution_value": -0.0012717619874966992, "scaled_age": 0.0}, "25": {"bias": -0.18569533817705186, "objective_cosine_similarity": -0.2936806788035844, "is_tight": 0.0, "dual_solution_value": 0.0, "scaled_age": 0.2923076923076923}, "26": {"bias": -0.17149858514250882, "objective_cosine_similarity": -0.3193460699965296, "is_tight": 0.0, "dual_solution_value": 0.0, "scaled_age": 0.2923076923076923}, "27": {"bias": -0.1796053020267749, "objective_cosine_similarity": -0.35210037595888816, "is_tight": 0.0, "dual_solution_value": 0.0, "scaled_age": 0.2923076923076923}, "28": {"bias": -0.18257418583505536, "objective_cosine_similarity": -0.3916330112563908, "is_tight": 1.0, "dual_solution_value": 0.0, "scaled_age": 0.046153846153846156}, "29": {"bias": -0.1889822365046136, "objective_cosine_similarity": -0.28324390682948414, "is_tight": 0.0, "dual_solution_value": 0.0, "scaled_age": 0.2923076923076923}, "30": {"bias": -0.19245008972987526, "objective_cosine_similarity": -0.34959106923011773, "is_tight": 0.0, "dual_solution_value": 0.0, "scaled_age": 0.2923076923076923}, "31": {"bias": -0.18257418583505536, "objective_cosine_similarity": -0.3373429124349347, "is_tight": 0.0, "dual_solution_value": 0.0, "scaled_age": 0.2923076923076923}, "32": {"bias": -0.16222142113076254, "objective_cosine_similarity": -0.3925174260763622, "is_tight": 0.0, "dual_solution_value": 0.0, "scaled_age": 0.2923076923076923}, "33": {"bias": -0.18569533817705186, "objective_cosine_similarity": -0.3542425776925723, "is_tight": 0.0, "dual_solution_value": 0.0, "scaled_age": 0.2923076923076923}, "34": {"bias": -0.17407765595569785, "objective_cosine_similarity": -0.29722312639681986, "is_tight": 0.0, "dual_solution_value": 0.0, "scaled_age": 0.2923076923076923}, "35": {"bias": -0.1690308509457033, "objective_cosine_similarity": -0.313129540214325, "is_tight": 0.0, "dual_solution_value": 0.0, "scaled_age": 0.2923076923076923}, "36": {"bias": -0.1796053020267749, "objective_cosine_similarity": -0.3622219158182568, "is_tight": 0.0, "dual_solution_value": 0.0, "scaled_age": 0.2923076923076923}, "37": {"bias": -0.1643989873053573, "objective_cosine_similarity": -0.3975892330117555, "is_tight": 0.0, "dual_solution_value": 0.0, "scaled_age": 0.2923076923076923}, "38": {"bias": -0.15617376188860607, "objective_cosine_similarity": -0.3994188029847357, "is_tight": 0.0, "dual_solution_value": 0.0, "scaled_age": 0.2923076923076923}, "39": {"bias": -0.20851441405707477, "objective_cosine_similarity": -0.31426856203512155, "is_tight": 0.0, "dual_solution_value": 0.0, "scaled_age": 0.2923076923076923}, "40": {"bias": -0.2, "objective_cosine_similarity": -0.2856086364715491, "is_tight": 1.0, "dual_solution_value": 0.0, "scaled_age": 0.046153846153846156}, "41": {"bias": -0.1690308509457033, "objective_cosine_similarity": -0.3798089050884434, "is_tight": 0.0, "dual_solution_value": 0.0, "scaled_age": 0.2923076923076923}, "42": {"bias": -0.20851441405707477, "objective_cosine_similarity": -0.3022678532223245, "is_tight": 0.0, "dual_solution_value": 0.0, "scaled_age": 0.2923076923076923}, "43": {"bias": -0.1643989873053573, "objective_cosine_similarity": -0.34377571758676334, "is_tight": 0.0, "dual_solution_value": 0.0, "scaled_age": 0.2923076923076923}, "44": {"bias": -0.1889822365046136, "objective_cosine_similarity": -0.3151938195198499, "is_tight": 0.0, "dual_solution_value": 0.0, "scaled_age": 0.2923076923076923}, "45": {"bias": -0.17149858514250882, "objective_cosine_similarity": -0.3197573334479096, "is_tight": 0.0, "dual_solution_value": 0.0, "scaled_age": 0.2923076923076923}, "46": {"bias": -0.2, "objective_cosine_similarity": -0.3836891841767242, "is_tight": 1.0, "dual_solution_value": -0.0025179602711597527, "scaled_age": 0.0}, "47": {"bias": -0.1796053020267749, "objective_cosine_similarity": -0.3682517693514977,