{"0": {"bias": -0.47140452079103173, "objective_cosine_similarity": -0.3653993855928711, "is_tight": 1.0, "dual_solution_value": -0.0018211856627493826, "scaled_age": 0.0}, "1": {"bias": -0.6030226891555273, "objective_cosine_similarity": -0.44622108510790437, "is_tight": 1.0, "dual_solution_value": -1.7056182024699513e-05, "scaled_age": 0.0}, "2": {"bias": -0.47140452079103173, "objective_cosine_similarity": -0.21544012447013308, "is_tight": 1.0, "dual_solution_value": -2.417859093355047e-05, "scaled_age": 0.0}, "3": {"bias": -1.0050866531529774, "objective_cosine_similarity": -0.15816052619055915, "is_tight": 0.0, "dual_solution_value": -0.0, "scaled_age": 0.10256410256410256}, "4": {"bias": -0.9355395494598137, "objective_cosine_similarity": -0.15884389156093578, "is_tight": 0.0, "dual_solution_value": -0.0, "scaled_age": 0.07692307692307693}, "5": {"bias": -1.0050293287878742, "objective_cosine_similarity": -0.15898469543668034, "is_tight": 1.0, "dual_solution_value": -0.00024153142332242948, "scaled_age": 0.0}, "6": {"bias": -0.9669484900611754, "objective_cosine_similarity": -0.15687398454011112, "is_tight": 1.0, "dual_solution_value": -0.0006367251331869436, "scaled_age": 0.0}, "7": {"bias": -1.0033689292922676, "objective_cosine_similarity": -0.15954518828767028, "is_tight": 1.0, "dual_solution_value": -0.00021297377467296053, "scaled_age": 0.0}, "8": {"bias": -1.0149603697903498, "objective_cosine_similarity": -0.16087970865938253, "is_tight": 0.0, "dual_solution_value": -0.0, "scaled_age": 0.07692307692307693}, "9": {"bias": -0.954820333527437, "objective_cosine_similarity": -0.1698097970934665, "is_tight": 0.0, "dual_solution_value": -0.0, "scaled_age": 0.14102564102564102}, "10": {"bias": -0.8985923083071732, "objective_cosine_similarity": -0.17493531682558128, "is_tight": 0.0, "dual_solution_value": -0.0, "scaled_age": 0.1282051282051282}, "11": {"bias": -0.4364357804719848, "objective_cosine_similarity": -0.3992918141962291, "is_tight": 1.0, "dual_solution_value": -5.674553500325506e-05, "scaled_age": 0.0}, "12": {"bias": -1.0202586768472506, "objective_cosine_similarity": -0.1659530662534764, "is_tight": 0.0, "dual_solution_value": -0.0, "scaled_age": 0.10256410256410256}, "13": {"bias": -0.20851441405707477, "objective_cosine_similarity": -0.3607969711813072, "is_tight": 0.0, "dual_solution_value": 0.0, "scaled_age": 0.2564102564102564}, "14": {"bias": -0.25, "objective_cosine_similarity": -0.36527103758593116, "is_tight": 0.0, "dual_solution_value": 0.0, "scaled_age": 0.14102564102564102}, "15": {"bias": -0.20851441405707477, "objective_cosine_similarity": -0.40728221028296224, "is_tight": 0.0, "dual_solution_value": 0.0, "scaled_age": 0.2564102564102564}, "16": {"bias": -0.22941573387056174, "objective_cosine_similarity": -0.34345755826037244, "is_tight": 0.0, "dual_solution_value": 0.0, "scaled_age": 0.2564102564102564}, "17": {"bias": -0.2182178902359924, "objective_cosine_similarity": -0.509686458233612, "is_tight": 0.0, "dual_solution_value": 0.0, "scaled_age": 0.2564102564102564}, "18": {"bias": -0.19245008972987526, "objective_cosine_similarity": -0.4924051379672889, "is_tight": 0.0, "dual_solution_value": 0.0, "scaled_age": 0.2564102564102564}, "19": {"bias": -0.2672612419124244, "objective_cosine_similarity": -0.41661557345600436, "is_tight": 1.0, "dual_solution_value": -0.002291614815489573, "scaled_age": 0.0}, "20": {"bias": -0.22941573387056174, "objective_cosine_similarity": -0.31749169474927896, "is_tight": 0.0, "dual_solution_value": 0.0, "scaled_age": 0.2564102564102564}, "21": {"bias": -0.24253562503633297, "objective_cosine_similarity": -0.40385959373579833, "is_tight": 0.0, "dual_solution_value": 0.0, "scaled_age": 0.2564102564102564}, "22": {"bias": -0.22941573387056174, "objective_cosine_similarity": -0.2966403195055221, "is_tight": 0.0, "dual_solution_value": 0.0, "scaled_age": 0.2564102564102564}, "23": {"bias": -0.22360679774997896, "objective_cosine_similarity": -0.32325720357940896, "is_tight": 0.0, "dual_solution_value": 0.0, "scaled_age": 0.2564102564102564}, "24": {"bias": -0.22941573387056174, "objective_cosine_similarity": -0.3525062682718141, "is_tight": 0.0, "dual_solution_value": 0.0, "scaled_age": 0.2564102564102564}, "25": {"bias": -0.25, "objective_cosine_similarity": -0.32754351257705566, "is_tight": 0.0, "dual_solution_value": 0.0, "scaled_age": 0.2564102564102564}, "26": {"bias": -0.20851441405707477, "objective_cosine_similarity": -0.3822516969205326, "is_tight": 0.0, "dual_solution_value": 0.0, "scaled_age": 0.2564102564102564}, "27": {"bias": -0.24253562503633297, "objective_cosine_similarity": -0.2874016264381428, "is_tight": 0.0, "dual_solution_value": 0.0, "scaled_age": 0.2564102564102564}, "28": {"bias": -0.2182178902359924, "objective_cosine_similarity": -0.4419527952818619, "is_tight": 0.0, "dual_solution_value": 0.0, "scaled_age": 0.2564102564102564}, "29": {"bias": -0.20851441405707477, "objective_cosine_similarity": -0.394409374839427, "is_tight": 0.0, "dual_solution_value": 0.0, "scaled_age": 0.2564102564102564}, "30": {"bias": -0.25, "objective_cosine_similarity": -0.3031063656963067, "is_tight": 0.0, "dual_solution_value": 0.0, "scaled_age": 0.2564102564102564}, "31": {"bias": -0.2581988897471611, "objective_cosine_similarity": -0.35156894662448784, "is_tight": 1.0, "dual_solution_value": 0.0, "scaled_age": 0.2564102564102564}, "32": {"bias": -0.23570226039551587, "objective_cosine_similarity": -0.4579618405715962, "is_tight": 0.0, "dual_solution_value": 0.0, "scaled_age": 0.2564102564102564}, "33": {"bias": -0.2182178902359924, "objective_cosine_similarity": -0.35925036703690716, "is_tight": 0.0, "dual_solution_value": 0.0, "scaled_age": 0.2564102564102564}, "34": {"bias": -0.23570226039551587, "objective_cosine_similarity": -0.3096193908895346, "is_tight": 0.0, "dual_solution_value": 0.0, "scaled_age": 0.2564102564102564}, "35": {"bias": -0.2182178902359924, "objective_cosine_similarity": -0.43446841263525965, "is_tight": 0.0, "dual_solution_value": 0.0, "scaled_age": 0.2564102564102564}, "36": {"bias": -0.21320071635561041, "objective_cosine_similarity": -0.4010799221801576, "is_tight": 0.0, "dual_solution_value": 0.0, "scaled_age": 0.21794871794871795}, "37": {"bias": -0.2182178902359924, "objective_cosine_similarity": -0.4367137274292403, "is_tight": 1.0, "dual_solution_value": -1.64177187915772e-05, "scaled_age": 0.0}, "38": {"bias": -0.2773500981126146, "objective_cosine_similarity": -0.35101067176887346, "is_tight": 1.0, "dual_solution_value": -0.00015498079064035666, "scaled_age": 0.0}, "39": {"bias": -0.20851441405707477, "objective_cosine_similarity": -0.4033488438974376, "is_tight": 0.0, "dual_solution_value": 0.0, "scaled_age": 0.2564102564102564}, "40": {"bias": -0.22360679774997896, "objective_cosine_similarity": -0.38154319995434394, "is_tight": 0.0, "dual_solution_value": 0.0, "scaled_age": 0.2564102564102564}, "41": {"bias": -0.20412414523193154, "objective_cosine_similarity": -0.463816177375126, "is_tight": 0.0, "dual_solution_value": 0.0, "scaled_age": 0.14102564102564102}, "42": {"bias": -0.20851441405707477, "objective_cosine_similarity": -0.2646082841171133, "is_tight": 0.0, "dual_solution_value": 0.0, "scaled_age": 0.2564102564102564}, "43": {"bias": -0.20851441405707477, "objective_cosine_similarity": -0.45162197681069477, "is_tight": 0.0, "dual_solution_value": 0.0, "scaled_age": 0.14102564102564102}, "44": {"bias": -0.24253562503633297, "objective_cosine_similarity": -0.34812613795763464, "is_tight": 1.0, "dual_solution_value": -8.301290794029087e-05, "scaled_age": 0.0}, "45": {"bias": -0.20412414523193154, "objective_cosine_similarity": -0.32064574979291727, "is_tight": 0.0, "dual_solution_value": 0.0, "scaled_age": 0.2564102564102564}, "46": {"bias": -0.21320071635561041, "objective_cosine_similarity": -0.40912345753837404, "is_tight": 0.0, "dual_solution_value": 0.0, "scaled_age": 0.2564102564102564}, "47": {"bias": -0.2672612419124244,