{"0": {"bias": -0.9743911956946198, "objective_cosine_similarity": -0.36599986444505644, "is_tight": 0.0, "dual_solution_value": -0.0, "scaled_age": 0.12121212121212122}, "1": {"bias": -1.0613372610104648, "objective_cosine_similarity": -0.4686135535072634, "is_tight": 0.0, "dual_solution_value": -0.0, "scaled_age": 0.15151515151515152}, "2": {"bias": -0.6882472016116852, "objective_cosine_similarity": -0.2013861202353398, "is_tight": 1.0, "dual_solution_value": -5.774671502414355e-06, "scaled_age": 0.0}, "3": {"bias": -1.5453438692740753, "objective_cosine_similarity": -0.18130474805765368, "is_tight": 1.0, "dual_solution_value": -0.0006895566004701631, "scaled_age": 0.0}, "4": {"bias": -1.5668987846707947, "objective_cosine_similarity": -0.18041927350567677, "is_tight": 0.0, "dual_solution_value": -0.0, "scaled_age": 0.045454545454545456}, "5": {"bias": -1.4185817962713358, "objective_cosine_similarity": -0.17591126379703365, "is_tight": 0.0, "dual_solution_value": -0.0, "scaled_age": 0.18181818181818182}, "6": {"bias": -1.4335902329712666, "objective_cosine_similarity": -0.17649338304718598, "is_tight": 0.0, "dual_solution_value": -0.0, "scaled_age": 0.16666666666666666}, "7": {"bias": -1.3962330109365537, "objective_cosine_similarity": -0.17448232808601072, "is_tight": 0.0, "dual_solution_value": -0.0, "scaled_age": 0.09090909090909091}, "8": {"bias": -1.4155355728975678, "objective_cosine_similarity": -0.1872773651098737, "is_tight": 0.0, "dual_solution_value": -0.0, "scaled_age": 0.10606060606060606}, "9": {"bias": -0.7276068751089989, "objective_cosine_similarity": -0.1830330664252519, "is_tight": 1.0, "dual_solution_value": -0.0004132719534929945, "scaled_age": 0.0}, "10": {"bias": -0.7071067811865475, "objective_cosine_similarity": -0.12460596114464358, "is_tight": 1.0, "dual_solution_value": -0.0021414268372424946, "scaled_age": 0.0}, "11": {"bias": -0.3333333333333333, "objective_cosine_similarity": -0.20089452910412225, "is_tight": 0.0, "dual_solution_value": 0.0, "scaled_age": 0.3181818181818182}, "12": {"bias": -0.2886751345948129, "objective_cosine_similarity": -0.22693012915497676, "is_tight": 0.0, "dual_solution_value": 0.0, "scaled_age": 0.3181818181818182}, "13": {"bias": -0.23570226039551587, "objective_cosine_similarity": -0.2776226990558478, "is_tight": 0.0, "dual_solution_value": 0.0, "scaled_age": 0.3181818181818182}, "14": {"bias": -0.22941573387056174, "objective_cosine_similarity": -0.305986672238173, "is_tight": 0.0, "dual_solution_value": 0.0, "scaled_age": 0.3181818181818182}, "15": {"bias": -0.31622776601683794, "objective_cosine_similarity": -0.2817347682890141, "is_tight": 1.0, "dual_solution_value": -0.0022088151513853164, "scaled_age": 0.0}, "16": {"bias": -0.31622776601683794, "objective_cosine_similarity": -0.2502467647743596, "is_tight": 0.0, "dual_solution_value": 0.0, "scaled_age": 0.045454545454545456}, "17": {"bias": -0.3333333333333333, "objective_cosine_similarity": -0.2589792516494446, "is_tight": 1.0, "dual_solution_value": -0.000873454474365749, "scaled_age": 0.0}, "18": {"bias": -0.2886751345948129, "objective_cosine_similarity": -0.2897141315545203, "is_tight": 1.0, "dual_solution_value": -0.002610843357177903, "scaled_age": 0.0}, "19": {"bias": -0.23570226039551587, "objective_cosine_similarity": -0.30294534791299965, "is_tight": 0.0, "dual_solution_value": 0.0, "scaled_age": 0.3181818181818182}, "20": {"bias": -0.25, "objective_cosine_similarity": -0.27546570485309807, "is_tight": 0.0, "dual_solution_value": 0.0, "scaled_age": 0.3181818181818182}, "21": {"bias": -0.24253562503633297, "objective_cosine_similarity": -0.3228499921667638, "is_tight": 1.0, "dual_solution_value": -0.0015888287016080896, "scaled_age": 0.0}, "22": {"bias": -0.22941573387056174, "objective_cosine_similarity": -0.3360443021240446, "is_tight": 0.0, "dual_solution_value": 0.0, "scaled_age": 0.3181818181818182}, "23": {"bias": -0.30151134457776363, "objective_cosine_similarity": -0.24018106689005445, "is_tight": 1.0, "dual_solution_value": -0.00013043340200456001, "scaled_age": 0.0}, "24": {"bias": -0.24253562503633297, "objective_cosine_similarity": -0.31458808291840173, "is_tight": 1.0, "dual_solution_value": -1.5085089106951804e-06, "scaled_age": 0.0}, "25": {"bias": -0.24253562503633297, "objective_cosine_similarity": -0.26914758205241035, "is_tight": 0.0, "dual_solution_value": 0.0, "scaled_age": 0.3181818181818182}, "26": {"bias": -0.2581988897471611, "objective_cosine_similarity": -0.19857474095057837, "is_tight": 0.0, "dual_solution_value": 0.0, "scaled_age": 0.3181818181818182}, "27": {"bias": -0.31622776601683794, "objective_cosine_similarity": -0.185613494402174, "is_tight": 0.0, "dual_solution_value": 0.0, "scaled_age": 0.3181818181818182}, "28": {"bias": -0.25, "objective_cosine_similarity": -0.25843334260296597, "is_tight": 0.0, "dual_solution_value": 0.0, "scaled_age": 0.3181818181818182}, "29": {"bias": -0.2672612419124244, "objective_cosine_similarity": -0.32985146546058386, "is_tight": 1.0, "dual_solution_value": -0.002319107199014828, "scaled_age": 0.0}, "30": {"bias": -0.22941573387056174, "objective_cosine_similarity": -0.3113970456176299, "is_tight": 0.0, "dual_solution_value": 0.0, "scaled_age": 0.3181818181818182}, "31": {"bias": -0.25, "objective_cosine_similarity": -0.29446333967055316, "is_tight": 0.0, "dual_solution_value": 0.0, "scaled_age": 0.3181818181818182}, "32": {"bias": -0.30151134457776363, "objective_cosine_similarity": -0.2318853392507598, "is_tight": 0.0, "dual_solution_value": 0.0, "scaled_age": 0.3181818181818182}, "33": {"bias": -0.2581988897471611, "objective_cosine_similarity": -0.2645407962919119, "is_tight": 0.0, "dual_solution_value": 0.0, "scaled_age": 0.3181818181818182}, "34": {"bias": -0.2581988897471611, "objective_cosine_similarity": -0.3176519280282676, "is_tight": 0.0, "dual_solution_value": 0.0, "scaled_age": 0.3181818181818182}, "35": {"bias": -0.2773500981126146, "objective_cosine_similarity": -0.256545592527815, "is_tight": 0.0, "dual_solution_value": 0.0, "scaled_age": 0.21212121212121213}, "36": {"bias": -0.2581988897471611, "objective_cosine_similarity": -0.20804678992266729, "is_tight": 0.0, "dual_solution_value": 0.0, "scaled_age": 0.3181818181818182}, "37": {"bias": -0.2773500981126146, "objective_cosine_similarity": -0.2503681490816778, "is_tight": 1.0, "dual_solution_value": -0.0026996209749558294, "scaled_age": 0.0}, "38": {"bias": -0.23570226039551587, "objective_cosine_similarity": -0.21802183040425868, "is_tight": 0.0, "dual_solution_value": 0.0, "scaled_age": 0.3181818181818182}, "39": {"bias": -0.2581988897471611, "objective_cosine_similarity": -0.2510092977603563, "is_tight": 0.0, "dual_solution_value": 0.0, "scaled_age": 0.3181818181818182}, "40": {"bias": -0.31622776601683794, "objective_cosine_similarity": -0.2655764506959677, "is_tight": 1.0, "dual_solution_value": -0.003386161681636692, "scaled_age": 0.0}, "41": {"bias": -0.2773500981126146, "objective_cosine_similarity": -0.21911755282474848, "is_tight": 0.0, "dual_solution_value": 0.0, "scaled_age": 0.3181818181818182}, "42": {"bias": -0.23570226039551587, "objective_cosine_similarity": -0.30695991419523105, "is_tight": 0.0, "dual_solution_value": 0.0, "scaled_age": 0.3181818181818182}, "43": {"bias": -0.25, "objective_cosine_similarity": -0.2885675219685843, "is_tight": 0.0, "dual_solution_value": 0.0, "scaled_age": 0.3181818181818182}, "44": {"bias": -0.22360679774997896, "objective_cosine_similarity": -0.38495671560482625, "is_tight": 1.0, "dual_solution_value": -0.0015009061059551353, "scaled_age": 0.0}, "45": {"bias": -0.2773500981126146, "objective_cosine_similarity": -0.29215673709966467, "is_tight": 1.0, "dual_solution_value": 0.0, "scaled_age": 0.3181818181818182}, "46": {"bias": -0.2886751345948129, "objective_cosine_similarity": -0.18683913967093085, "is_tight": 0.0, "dual_solution_value": 0.0, "scaled_age": 0.3181818181818182}, "47": {"bias": -0.31622776601683794,