{"0": {"bias": -0.5065022237046951, "objective_cosine_similarity": -0.5303798697962798, "is_tight": 1.0, "dual_solution_value": -1.546387267244348e-06, "scaled_age": 0.0}, "1": {"bias": -0.5037397678898835, "objective_cosine_similarity": -0.6478572443426425, "is_tight": 0.0, "dual_solution_value": -0.0, "scaled_age": 0.1111111111111111}, "2": {"bias": -0.4435327625727437, "objective_cosine_similarity": -0.5771153700154801, "is_tight": 0.0, "dual_solution_value": -0.0, "scaled_age": 0.1111111111111111}, "3": {"bias": -0.5150582239837204, "objective_cosine_similarity": -0.6234157478747233, "is_tight": 0.0, "dual_solution_value": -0.0, "scaled_age": 0.012345679012345678}, "4": {"bias": -0.41702882811414954, "objective_cosine_similarity": -0.5004776163631732, "is_tight": 0.0, "dual_solution_value": -0.0, "scaled_age": 0.024691358024691357}, "5": {"bias": -0.4798081151232538, "objective_cosine_similarity": -0.6354703599455265, "is_tight": 0.0, "dual_solution_value": -0.0, "scaled_age": 0.12345679012345678}, "6": {"bias": -0.7240264758857505, "objective_cosine_similarity": -0.17518502622755971, "is_tight": 0.0, "dual_solution_value": -0.0, "scaled_age": 0.037037037037037035}, "7": {"bias": -0.3713906763541037, "objective_cosine_similarity": -0.3315900853231299, "is_tight": 1.0, "dual_solution_value": -8.332142665367224e-05, "scaled_age": 0.0}, "8": {"bias": -0.47286624374346037, "objective_cosine_similarity": -0.5355186010477332, "is_tight": 0.0, "dual_solution_value": -0.0, "scaled_age": 0.07407407407407407}, "9": {"bias": -0.6808200201880554, "objective_cosine_similarity": -0.17517555804873972, "is_tight": 1.0, "dual_solution_value": -0.0001717034483265042, "scaled_age": 0.0}, "10": {"bias": -0.6766378681084045, "objective_cosine_similarity": -0.19541838985121734, "is_tight": 0.0, "dual_solution_value": -0.0, "scaled_age": 0.13580246913580246}, "11": {"bias": -0.6966466594547471, "objective_cosine_similarity": -0.18746919874016857, "is_tight": 0.0, "dual_solution_value": -0.0, "scaled_age": 0.024691358024691357}, "12": {"bias": -0.5388159060803247, "objective_cosine_similarity": -0.17209704407402188, "is_tight": 0.0, "dual_solution_value": -0.0, "scaled_age": 0.07407407407407407}, "13": {"bias": -0.3323092653730268, "objective_cosine_similarity": -0.8554573649614893, "is_tight": 1.0, "dual_solution_value": -3.2144970443315634e-05, "scaled_age": 0.0}, "14": {"bias": -0.18569533817705186, "objective_cosine_similarity": -0.42994095591331105, "is_tight": 0.0, "dual_solution_value": 0.0, "scaled_age": 0.35802469135802467}, "15": {"bias": -0.17407765595569785, "objective_cosine_similarity": -0.40116570390290446, "is_tight": 0.0, "dual_solution_value": 0.0, "scaled_age": 0.20987654320987653}, "16": {"bias": -0.16666666666666666, "objective_cosine_similarity": -0.4301324275263096, "is_tight": 0.0, "dual_solution_value": 0.0, "scaled_age": 0.35802469135802467}, "17": {"bias": -0.17407765595569785, "objective_cosine_similarity": -0.4330712803536618, "is_tight": 0.0, "dual_solution_value": 0.0, "scaled_age": 0.35802469135802467}, "18": {"bias": -0.22941573387056174, "objective_cosine_similarity": -0.33483921363082997, "is_tight": 1.0, "dual_solution_value": -2.9889981254677654e-06, "scaled_age": 0.0}, "19": {"bias": -0.18569533817705186, "objective_cosine_similarity": -0.3768865422616103, "is_tight": 0.0, "dual_solution_value": 0.0, "scaled_age": 0.35802469135802467}, "20": {"bias": -0.2, "objective_cosine_similarity": -0.3843564542992276, "is_tight": 0.0, "dual_solution_value": 0.0, "scaled_age": 0.1111111111111111}, "21": {"bias": -0.1690308509457033, "objective_cosine_similarity": -0.4396508771941673, "is_tight": 0.0, "dual_solution_value": 0.0, "scaled_age": 0.35802469135802467}, "22": {"bias": -0.18257418583505536, "objective_cosine_similarity": -0.4254210969450597, "is_tight": 1.0, "dual_solution_value": -0.0013663572795981974, "scaled_age": 0.0}, "23": {"bias": -0.17677669529663687, "objective_cosine_similarity": -0.3313880152716265, "is_tight": 0.0, "dual_solution_value": 0.0, "scaled_age": 0.35802469135802467}, "24": {"bias": -0.1796053020267749, "objective_cosine_similarity": -0.39502443871842996, "is_tight": 0.0, "dual_solution_value": 0.0, "scaled_age": 0.35802469135802467}, "25": {"bias": -0.1796053020267749, "objective_cosine_similarity": -0.47248021101616133, "is_tight": 0.0, "dual_solution_value": 0.0, "scaled_age": 0.2962962962962963}, "26": {"bias": -0.19245008972987526, "objective_cosine_similarity": -0.33742718719391346, "is_tight": 0.0, "dual_solution_value": 0.0, "scaled_age": 0.24691358024691357}, "27": {"bias": -0.18569533817705186, "objective_cosine_similarity": -0.32107930526005707, "is_tight": 0.0, "dual_solution_value": 0.0, "scaled_age": 0.35802469135802467}, "28": {"bias": -0.19611613513818404, "objective_cosine_similarity": -0.4125730790363194, "is_tight": 0.0, "dual_solution_value": 0.0, "scaled_age": 0.35802469135802467}, "29": {"bias": -0.18569533817705186, "objective_cosine_similarity": -0.3436024053952131, "is_tight": 0.0, "dual_solution_value": 0.0, "scaled_age": 0.35802469135802467}, "30": {"bias": -0.1690308509457033, "objective_cosine_similarity": -0.39682478138458, "is_tight": 0.0, "dual_solution_value": 0.0, "scaled_age": 0.35802469135802467}, "31": {"bias": -0.19245008972987526, "objective_cosine_similarity": -0.4385775353919351, "is_tight": 1.0, "dual_solution_value": -1.4852807391571296e-07, "scaled_age": 0.0}, "32": {"bias": -0.18257418583505536, "objective_cosine_similarity": -0.39171219568336324, "is_tight": 0.0, "dual_solution_value": 0.0, "scaled_age": 0.35802469135802467}, "33": {"bias": -0.1643989873053573, "objective_cosine_similarity": -0.38174123358834183, "is_tight": 0.0, "dual_solution_value": 0.0, "scaled_age": 0.35802469135802467}, "34": {"bias": -0.15811388300841897, "objective_cosine_similarity": -0.41019030869057754, "is_tight": 0.0, "dual_solution_value": 0.0, "scaled_age": 0.35802469135802467}, "35": {"bias": -0.1643989873053573, "objective_cosine_similarity": -0.4918546364283917, "is_tight": 0.0, "dual_solution_value": 0.0, "scaled_age": 0.35802469135802467}, "36": {"bias": -0.2, "objective_cosine_similarity": -0.34689113371886815, "is_tight": 0.0, "dual_solution_value": 0.0, "scaled_age": 0.24691358024691357}, "37": {"bias": -0.19611613513818404, "objective_cosine_similarity": -0.3338115303157408, "is_tight": 1.0, "dual_solution_value": -2.6439737645831995e-05, "scaled_age": 0.0}, "38": {"bias": -0.1889822365046136, "objective_cosine_similarity": -0.4148840374671362, "is_tight": 1.0, "dual_solution_value": -2.4596420009527103e-05, "scaled_age": 0.0}, "39": {"bias": -0.18569533817705186, "objective_cosine_similarity": -0.45196354271213024, "is_tight": 1.0, "dual_solution_value": -2.44589980948714e-05, "scaled_age": 0.0}, "40": {"bias": -0.20412414523193154, "objective_cosine_similarity": -0.4090628170484994, "is_tight": 0.0, "dual_solution_value": 0.0, "scaled_age": 0.35802469135802467}, "41": {"bias": -0.18257418583505536, "objective_cosine_similarity": -0.37547287098794746, "is_tight": 0.0, "dual_solution_value": 0.0, "scaled_age": 0.35802469135802467}, "42": {"bias": -0.17677669529663687, "objective_cosine_similarity": -0.4779039242522521, "is_tight": 0.0, "dual_solution_value": 0.0, "scaled_age": 0.35802469135802467}, "43": {"bias": -0.1889822365046136, "objective_cosine_similarity": -0.4062247021240529, "is_tight": 0.0, "dual_solution_value": 0.0, "scaled_age": 0.35802469135802467}, "44": {"bias": -0.1690308509457033, "objective_cosine_similarity": -0.4036587328435567, "is_tight": 0.0, "dual_solution_value": 0.0, "scaled_age": 0.35802469135802467}, "45": {"bias": -0.20851441405707477, "objective_cosine_similarity": -0.3400212890507803, "is_tight": 0.0, "dual_solution_value": 0.0, "scaled_age": 0.35802469135802467}, "46": {"bias": -0.22360679774997896, "objective_cosine_similarity": -0.348359367556405, "is_tight": 1.0, "dual_solution_value": -0.0006166283972708303, "scaled_age": 0.0},