{"0": {"bias": -0.8074103472292619, "objective_cosine_similarity": -0.8743845000459155, "is_tight": 0.0, "dual_solution_value": -0.0, "scaled_age": 0.01282051282051282}, "1": {"bias": -0.5897678246195885, "objective_cosine_similarity": -0.6161977949906364, "is_tight": 1.0, "dual_solution_value": -3.539099070992423e-05, "scaled_age": 0.0}, "2": {"bias": -0.5773502691896257, "objective_cosine_similarity": -0.7399053200397102, "is_tight": 0.0, "dual_solution_value": -0.0, "scaled_age": 0.10256410256410256}, "3": {"bias": -0.47140452079103173, "objective_cosine_similarity": -0.43910058633186494, "is_tight": 1.0, "dual_solution_value": -0.0021760440484936082, "scaled_age": 0.0}, "4": {"bias": -0.8363870949613553, "objective_cosine_similarity": -0.8339711345703358, "is_tight": 0.0, "dual_solution_value": -0.0, "scaled_age": 0.02564102564102564}, "5": {"bias": -0.8349609563823168, "objective_cosine_similarity": -0.8492937292820872, "is_tight": 1.0, "dual_solution_value": -1.0060497774745121e-06, "scaled_age": 0.0}, "6": {"bias": -0.5477225575051661, "objective_cosine_similarity": -0.5727054828295436, "is_tight": 1.0, "dual_solution_value": -9.232732855199086e-05, "scaled_age": 0.0}, "7": {"bias": -0.5144957554275265, "objective_cosine_similarity": -0.5368680371424301, "is_tight": 0.0, "dual_solution_value": -0.0, "scaled_age": 0.07692307692307693}, "8": {"bias": -0.8048725523721086, "objective_cosine_similarity": -0.8505100162536422, "is_tight": 0.0, "dual_solution_value": -0.0, "scaled_age": 0.10256410256410256}, "9": {"bias": -0.7981312846876443, "objective_cosine_similarity": -0.8340467825013422, "is_tight": 0.0, "dual_solution_value": -0.0, "scaled_age": 0.1282051282051282}, "10": {"bias": -0.8027914016857094, "objective_cosine_similarity": -0.8518745100809477, "is_tight": 0.0, "dual_solution_value": -0.0, "scaled_age": 0.08974358974358974}, "11": {"bias": -0.6885303726590963, "objective_cosine_similarity": -0.8008599664352952, "is_tight": 1.0, "dual_solution_value": -1.6691398857118367e-06, "scaled_age": 0.0}, "12": {"bias": -0.8076943748474859, "objective_cosine_similarity": -0.8151073312463105, "is_tight": 1.0, "dual_solution_value": -2.202448246293836e-05, "scaled_age": 0.0}, "13": {"bias": -0.75, "objective_cosine_similarity": -0.7905946984503274, "is_tight": 0.0, "dual_solution_value": -0.0, "scaled_age": 0.038461538461538464}, "14": {"bias": -0.30151134457776363, "objective_cosine_similarity": -0.33932994595617544, "is_tight": 0.0, "dual_solution_value": 0.0, "scaled_age": 0.2948717948717949}, "15": {"bias": -0.35355339059327373, "objective_cosine_similarity": -0.22970943269546143, "is_tight": 1.0, "dual_solution_value": -0.0034740322151619917, "scaled_age": 0.0}, "16": {"bias": -0.2886751345948129, "objective_cosine_similarity": -0.23502224291246404, "is_tight": 0.0, "dual_solution_value": 0.0, "scaled_age": 0.2948717948717949}, "17": {"bias": -0.3779644730092272, "objective_cosine_similarity": -0.22384855906536177, "is_tight": 0.0, "dual_solution_value": 0.0, "scaled_age": 0.2948717948717949}, "18": {"bias": -0.2886751345948129, "objective_cosine_similarity": -0.3350219031320811, "is_tight": 0.0, "dual_solution_value": 0.0, "scaled_age": 0.2948717948717949}, "19": {"bias": -0.2773500981126146, "objective_cosine_similarity": -0.34401609056196103, "is_tight": 0.0, "dual_solution_value": 0.0, "scaled_age": 0.2948717948717949}, "20": {"bias": -0.3779644730092272, "objective_cosine_similarity": -0.22988221294852515, "is_tight": 0.0, "dual_solution_value": 0.0, "scaled_age": 0.2948717948717949}, "21": {"bias": -0.30151134457776363, "objective_cosine_similarity": -0.35376951812452334, "is_tight": 0.0, "dual_solution_value": 0.0, "scaled_age": 0.2948717948717949}, "22": {"bias": -0.3779644730092272, "objective_cosine_similarity": -0.2353125014433722, "is_tight": 1.0, "dual_solution_value": -0.0052031139428258735, "scaled_age": 0.0}, "23": {"bias": -0.3333333333333333, "objective_cosine_similarity": -0.3453447479685428, "is_tight": 1.0, "dual_solution_value": -0.0005465369397080045, "scaled_age": 0.0}, "24": {"bias": -0.3333333333333333, "objective_cosine_similarity": -0.29372927716276676, "is_tight": 0.0, "dual_solution_value": 0.0, "scaled_age": 0.08974358974358974}, "25": {"bias": -0.4472135954999579, "objective_cosine_similarity": -0.09352241372177696, "is_tight": 0.0, "dual_solution_value": 0.0, "scaled_age": 0.2948717948717949}, "26": {"bias": -0.2773500981126146, "objective_cosine_similarity": -0.3333901109307036, "is_tight": 0.0, "dual_solution_value": 0.0, "scaled_age": 0.2948717948717949}, "27": {"bias": -0.2581988897471611, "objective_cosine_similarity": -0.3816759284194974, "is_tight": 0.0, "dual_solution_value": 0.0, "scaled_age": 0.2948717948717949}, "28": {"bias": -0.3333333333333333, "objective_cosine_similarity": -0.30011469623152254, "is_tight": 1.0, "dual_solution_value": -2.1713279598511755e-06, "scaled_age": 0.0}, "29": {"bias": -0.31622776601683794, "objective_cosine_similarity": -0.333175723187004, "is_tight": 1.0, "dual_solution_value": -0.0030790337041277775, "scaled_age": 0.0}, "30": {"bias": -0.30151134457776363, "objective_cosine_similarity": -0.27916506192139257, "is_tight": 0.0, "dual_solution_value": 0.0, "scaled_age": 0.2948717948717949}, "31": {"bias": -0.3779644730092272, "objective_cosine_similarity": -0.25281009770454604, "is_tight": 1.0, "dual_solution_value": -0.0008475929250378039, "scaled_age": 0.0}, "32": {"bias": -0.2886751345948129, "objective_cosine_similarity": -0.2456212852398889, "is_tight": 0.0, "dual_solution_value": 0.0, "scaled_age": 0.2948717948717949}, "33": {"bias": -0.31622776601683794, "objective_cosine_similarity": -0.22413639559852996, "is_tight": 0.0, "dual_solution_value": 0.0, "scaled_age": 0.2948717948717949}, "34": {"bias": -0.4082482904638631, "objective_cosine_similarity": -0.3186857521878974, "is_tight": 1.0, "dual_solution_value": -0.020841044970846767, "scaled_age": 0.0}, "35": {"bias": -0.31622776601683794, "objective_cosine_similarity": -0.2882474817269383, "is_tight": 0.0, "dual_solution_value": 0.0, "scaled_age": 0.20512820512820512}, "36": {"bias": -0.35355339059327373, "objective_cosine_similarity": -0.2003608073879332, "is_tight": 0.0, "dual_solution_value": 0.0, "scaled_age": 0.2948717948717949}, "37": {"bias": -0.3779644730092272, "objective_cosine_similarity": -0.22626202061862713, "is_tight": 0.0, "dual_solution_value": 0.0, "scaled_age": 0.1282051282051282}, "38": {"bias": -0.3779644730092272, "objective_cosine_similarity": -0.3046995210997512, "is_tight": 1.0, "dual_solution_value": -0.002975072399734307, "scaled_age": 0.0}, "39": {"bias": -0.31622776601683794, "objective_cosine_similarity": -0.3442815806265708, "is_tight": 0.0, "dual_solution_value": 0.0, "scaled_age": 0.038461538461538464}, "40": {"bias": -0.3779644730092272, "objective_cosine_similarity": -0.22083173212378007, "is_tight": 0.0, "dual_solution_value": 0.0, "scaled_age": 0.28205128205128205}, "41": {"bias": -0.31622776601683794, "objective_cosine_similarity": -0.24331924026687263, "is_tight": 0.0, "dual_solution_value": 0.0, "scaled_age": 0.2948717948717949}, "42": {"bias": -0.3333333333333333, "objective_cosine_similarity": -0.2570131175174209, "is_tight": 0.0, "dual_solution_value": 0.0, "scaled_age": 0.14102564102564102}, "43": {"bias": -0.2581988897471611, "objective_cosine_similarity": -0.35076265127968925, "is_tight": 0.0, "dual_solution_value": 0.0, "scaled_age": 0.2948717948717949}, "44": {"bias": -0.31622776601683794, "objective_cosine_similarity": -0.36346442529491346, "is_tight": 1.0, "dual_solution_value": -0.000521437169268108, "scaled_age": 0.0}, "45": {"bias": -0.35355339059327373, "objective_cosine_similarity": -0.28558470010787096, "is_tight": 0.0, "dual_solution_value": 0.0, "scaled_age": 0.21794871794871795}, "46": {"bias": -0.2773500981126146, "objective_cosine_similarity": -0.32586337535856286, "is_tight": 0.0, "dual_solution_value": 0.0, "scaled_age": 0.2948717948717949},