{"values": [-0.5773502691896258, -0.5773502691896258, -0.5773502691896258, -0.5, -0.5, -0.5, -0.5, -0.7071067811865475, -0.7071067811865475, -0.7071067811865475, -0.7071067811865475, -0.5773502691896258, -0.5773502691896258, -0.5773502691896258, -0.4472135954999579, -0.4472135954999579, -0.4472135954999579, -0.4472135954999579, -0.4472135954999579, -0.5, -0.5, -0.5, -0.5, -0.7071067811865475, -0.7071067811865475, -0.7071067811865475, -0.7071067811865475, -0.5773502691896258, -0.5773502691896258, -0.5773502691896258], "indices": [[0, 0, 0, 1, 1, 1, 1, 2, 2, 3, 3, 4, 4, 4, 5, 5, 5, 5, 5, 6, 6, 6, 6, 7, 7, 8, 8, 9, 9, 9], [0, 4, 7, 1, 2, 5, 6, 3, 9, 1, 6, 5, 7, 9, 2, 4, 5, 7, 8, 1, 2, 3, 8, 0, 7, 7, 8, 0, 5, 6]]}