{"0": {"bias": -0.8944271909999159, "objective_cosine_similarity": -0.5105353210592495, "is_tight": 1.0, "dual_solution_value": -8.624464266774426e-06, "scaled_age": 0.0}, "1": {"bias": -0.64, "objective_cosine_similarity": -0.7198322286908867, "is_tight": 1.0, "dual_solution_value": -1.8236356516651717e-05, "scaled_age": 0.0}, "2": {"bias": -0.6185895741317419, "objective_cosine_similarity": -0.7472686022225853, "is_tight": 1.0, "dual_solution_value": -2.0695278517578074e-05, "scaled_age": 0.0}, "3": {"bias": -1.1028472387287962, "objective_cosine_similarity": -0.2270750519853111, "is_tight": 0.0, "dual_solution_value": -0.0, "scaled_age": 0.08333333333333333}, "4": {"bias": -1.1568566435279355, "objective_cosine_similarity": -0.22852940519539475, "is_tight": 0.0, "dual_solution_value": -0.0, "scaled_age": 0.09722222222222222}, "5": {"bias": -0.4472135954999579, "objective_cosine_similarity": -0.20894066373098757, "is_tight": 1.0, "dual_solution_value": -0.00028193444097628664, "scaled_age": 0.0}, "6": {"bias": -0.35355339059327373, "objective_cosine_similarity": -0.44089772646196357, "is_tight": 0.0, "dual_solution_value": -0.0, "scaled_age": 0.08333333333333333}, "7": {"bias": -0.4681645887845223, "objective_cosine_similarity": -0.6304833090818901, "is_tight": 1.0, "dual_solution_value": -0.00018649543249841567, "scaled_age": 0.0}, "8": {"bias": -0.24253562503633297, "objective_cosine_similarity": -0.320943201891705, "is_tight": 0.0, "dual_solution_value": 0.0, "scaled_age": 0.3333333333333333}, "9": {"bias": -0.2581988897471611, "objective_cosine_similarity": -0.2885776251836708, "is_tight": 0.0, "dual_solution_value": 0.0, "scaled_age": 0.3333333333333333}, "10": {"bias": -0.23570226039551587, "objective_cosine_similarity": -0.286183755145997, "is_tight": 0.0, "dual_solution_value": 0.0, "scaled_age": 0.3333333333333333}, "11": {"bias": -0.2773500981126146, "objective_cosine_similarity": -0.2098877511374919, "is_tight": 1.0, "dual_solution_value": -0.0007319684585618821, "scaled_age": 0.0}, "12": {"bias": -0.22941573387056174, "objective_cosine_similarity": -0.32347836323527446, "is_tight": 1.0, "dual_solution_value": -0.0003116813919500482, "scaled_age": 0.0}, "13": {"bias": -0.3333333333333333, "objective_cosine_similarity": -0.20282874691056854, "is_tight": 1.0, "dual_solution_value": -0.0018822106914523802, "scaled_age": 0.0}, "14": {"bias": -0.25, "objective_cosine_similarity": -0.29829813985295683, "is_tight": 0.0, "dual_solution_value": 0.0, "scaled_age": 0.3333333333333333}, "15": {"bias": -0.24253562503633297, "objective_cosine_similarity": -0.2632684193107432, "is_tight": 0.0, "dual_solution_value": 0.0, "scaled_age": 0.09722222222222222}, "16": {"bias": -0.22941573387056174, "objective_cosine_similarity": -0.32283654108599813, "is_tight": 0.0, "dual_solution_value": 0.0, "scaled_age": 0.3333333333333333}, "17": {"bias": -0.2773500981126146, "objective_cosine_similarity": -0.26109881056475426, "is_tight": 0.0, "dual_solution_value": 0.0, "scaled_age": 0.3333333333333333}, "18": {"bias": -0.35355339059327373, "objective_cosine_similarity": -0.1978228722207352, "is_tight": 1.0, "dual_solution_value": -0.0009403346727175237, "scaled_age": 0.0}, "19": {"bias": -0.24253562503633297, "objective_cosine_similarity": -0.3151757236336088, "is_tight": 0.0, "dual_solution_value": 0.0, "scaled_age": 0.3333333333333333}, "20": {"bias": -0.2672612419124244, "objective_cosine_similarity": -0.28711686776863443, "is_tight": 0.0, "dual_solution_value": 0.0, "scaled_age": 0.3333333333333333}, "21": {"bias": -0.22941573387056174, "objective_cosine_similarity": -0.32829202935484697, "is_tight": 0.0, "dual_solution_value": 0.0, "scaled_age": 0.2222222222222222}, "22": {"bias": -0.22360679774997896, "objective_cosine_similarity": -0.3303014085328187, "is_tight": 0.0, "dual_solution_value": 0.0, "scaled_age": 0.2916666666666667}, "23": {"bias": -0.2672612419124244, "objective_cosine_similarity": -0.22917010409137095, "is_tight": 0.0, "dual_solution_value": 0.0, "scaled_age": 0.3333333333333333}, "24": {"bias": -0.30151134457776363, "objective_cosine_similarity": -0.2142539685904445, "is_tight": 0.0, "dual_solution_value": 0.0, "scaled_age": 0.1388888888888889}, "25": {"bias": -0.2773500981126146, "objective_cosine_similarity": -0.1955331359950017, "is_tight": 0.0, "dual_solution_value": 0.0, "scaled_age": 0.3055555555555556}, "26": {"bias": -0.2672612419124244, "objective_cosine_similarity": -0.22131925223832236, "is_tight": 0.0, "dual_solution_value": 0.0, "scaled_age": 0.1527777777777778}, "27": {"bias": -0.2773500981126146, "objective_cosine_similarity": -0.2533395591363812, "is_tight": 1.0, "dual_solution_value": -0.00010065390454194025, "scaled_age": 0.0}, "28": {"bias": -0.3333333333333333, "objective_cosine_similarity": -0.22101339318530916, "is_tight": 0.0, "dual_solution_value": 0.0, "scaled_age": 0.3333333333333333}, "29": {"bias": -0.2773500981126146, "objective_cosine_similarity": -0.2533395591363812, "is_tight": 0.0, "dual_solution_value": 0.0, "scaled_age": 0.3333333333333333}, "30": {"bias": -0.30151134457776363, "objective_cosine_similarity": -0.2479947510456326, "is_tight": 1.0, "dual_solution_value": -0.0004401649301678958, "scaled_age": 0.0}, "31": {"bias": -0.25, "objective_cosine_similarity": -0.32347688084875154, "is_tight": 0.0, "dual_solution_value": 0.0, "scaled_age": 0.027777777777777776}, "32": {"bias": -0.2773500981126146, "objective_cosine_similarity": -0.1912655477093965, "is_tight": 0.0, "dual_solution_value": 0.0, "scaled_age": 0.3333333333333333}, "33": {"bias": -0.2672612419124244, "objective_cosine_similarity": -0.2590781111506037, "is_tight": 0.0, "dual_solution_value": 0.0, "scaled_age": 0.3333333333333333}, "34": {"bias": -0.2581988897471611, "objective_cosine_similarity": -0.2665460417841665, "is_tight": 1.0, "dual_solution_value": -0.0010835204950575875, "scaled_age": 0.0}, "35": {"bias": -0.2672612419124244, "objective_cosine_similarity": -0.26505971256245026, "is_tight": 0.0, "dual_solution_value": 0.0, "scaled_age": 0.3333333333333333}, "36": {"bias": -0.24253562503633297, "objective_cosine_similarity": -0.33112110470011, "is_tight": 0.0, "dual_solution_value": 0.0, "scaled_age": 0.08333333333333333}, "37": {"bias": -0.31622776601683794, "objective_cosine_similarity": -0.17207235662823947, "is_tight": 0.0, "dual_solution_value": 0.0, "scaled_age": 0.3333333333333333}, "38": {"bias": -0.24253562503633297, "objective_cosine_similarity": -0.25275125307539137, "is_tight": 0.0, "dual_solution_value": 0.0, "scaled_age": 0.3333333333333333}, "39": {"bias": -0.2672612419124244, "objective_cosine_similarity": -0.2601996614153249, "is_tight": 0.0, "dual_solution_value": 0.0, "scaled_age": 0.18055555555555555}, "40": {"bias": -0.24253562503633297, "objective_cosine_similarity": -0.2578402044795938, "is_tight": 0.0, "dual_solution_value": 0.0, "scaled_age": 0.06944444444444445}, "41": {"bias": -0.21320071635561041, "objective_cosine_similarity": -0.2865982621202007, "is_tight": 1.0, "dual_solution_value": -0.0012977115018530355, "scaled_age": 0.0}, "42": {"bias": -0.2581988897471611, "objective_cosine_similarity": -0.25209910185006534, "is_tight": 0.0, "dual_solution_value": 0.0, "scaled_age": 0.25}, "43": {"bias": -0.25, "objective_cosine_similarity": -0.3339680229303327, "is_tight": 1.0, "dual_solution_value": -0.00045779904148156834, "scaled_age": 0.0}, "44": {"bias": -0.30151134457776363, "objective_cosine_similarity": -0.24040307499321528, "is_tight": 0.0, "dual_solution_value": 0.0, "scaled_age": 0.3333333333333333}, "45": {"bias": -0.31622776601683794, "objective_cosine_similarity": -0.2773505593982163, "is_tight": 1.0, "dual_solution_value": -0.0002319347356368683, "scaled_age": 0.0}, "46": {"bias": -0.22360679774997896, "objective_cosine_similarity": -0.2846347365197585, "is_tight": 0.0, "dual_solution_value": 0.0, "scaled_age": 0.3333333333333333}, "47": {"bias": -0.2886751345948129,