{"0": {"bias": -0.8415583256896035, "objective_cosine_similarity": -0.8808112768287113, "is_tight": 0.0, "dual_solution_value": -0.0, "scaled_age": 0.078125}, "1": {"bias": -0.8206750043022921, "objective_cosine_similarity": -0.8752252010551589, "is_tight": 0.0, "dual_solution_value": -0.0, "scaled_age": 0.0625}, "2": {"bias": -0.6030226891555273, "objective_cosine_similarity": -0.30589115072920037, "is_tight": 0.0, "dual_solution_value": -0.0, "scaled_age": 0.0}, "3": {"bias": -0.8461317445897629, "objective_cosine_similarity": -0.8820184380742936, "is_tight": 0.0, "dual_solution_value": -0.0, "scaled_age": 0.078125}, "4": {"bias": -0.8317589328640119, "objective_cosine_similarity": -0.8810769539826602, "is_tight": 0.0, "dual_solution_value": -0.0, "scaled_age": 0.046875}, "5": {"bias": -0.5163977794943222, "objective_cosine_similarity": -0.3809793988435978, "is_tight": 1.0, "dual_solution_value": -2.2304600410395188e-05, "scaled_age": 0.0}, "6": {"bias": -0.7886548694517029, "objective_cosine_similarity": -0.8566009777687544, "is_tight": 0.0, "dual_solution_value": -0.0, "scaled_age": 0.171875}, "7": {"bias": -0.812123513192554, "objective_cosine_similarity": -0.8474081767345077, "is_tight": 0.0, "dual_solution_value": -0.0, "scaled_age": 0.0}, "8": {"bias": -0.8155239869678739, "objective_cosine_similarity": -0.8647681319094898, "is_tight": 1.0, "dual_solution_value": -0.00031254907396831207, "scaled_age": 0.1875}, "9": {"bias": -0.8138921415393376, "objective_cosine_similarity": -0.8763093880467347, "is_tight": 0.0, "dual_solution_value": -0.0, "scaled_age": 0.15625}, "10": {"bias": -0.8251555784896695, "objective_cosine_similarity": -0.8852762785078865, "is_tight": 0.0, "dual_solution_value": -0.0, "scaled_age": 0.078125}, "11": {"bias": -0.8685143127548149, "objective_cosine_similarity": -0.8737176368403203, "is_tight": 0.0, "dual_solution_value": -0.0, "scaled_age": 0.1875}, "12": {"bias": -0.7530785550085392, "objective_cosine_similarity": -0.8367132290162582, "is_tight": 1.0, "dual_solution_value": -9.139747904525572e-07, "scaled_age": 0.0}, "13": {"bias": -0.48507125007266594, "objective_cosine_similarity": -0.3881822676624656, "is_tight": 1.0, "dual_solution_value": -2.439079307389271e-05, "scaled_age": 0.0}, "14": {"bias": -0.7413624758582585, "objective_cosine_similarity": -0.8214280306500779, "is_tight": 1.0, "dual_solution_value": -8.534499134868543e-05, "scaled_age": 0.046875}, "15": {"bias": -0.5773502691896258, "objective_cosine_similarity": -0.675940451218955, "is_tight": 0.0, "dual_solution_value": -0.0, "scaled_age": 0.125}, "16": {"bias": -0.30151134457776363, "objective_cosine_similarity": -0.29854976311169956, "is_tight": 0.0, "dual_solution_value": 0.0, "scaled_age": 0.390625}, "17": {"bias": -0.30151134457776363, "objective_cosine_similarity": -0.3014863181586999, "is_tight": 0.0, "dual_solution_value": 0.0, "scaled_age": 0.390625}, "18": {"bias": -0.2672612419124244, "objective_cosine_similarity": -0.35747562352442097, "is_tight": 0.0, "dual_solution_value": 0.0, "scaled_age": 0.390625}, "19": {"bias": -0.3779644730092272, "objective_cosine_similarity": -0.2122806052816518, "is_tight": 0.0, "dual_solution_value": 0.0, "scaled_age": 0.390625}, "20": {"bias": -0.2886751345948129, "objective_cosine_similarity": -0.3341043616770294, "is_tight": 1.0, "dual_solution_value": -0.002811537405416797, "scaled_age": 0.0}, "21": {"bias": -0.31622776601683794, "objective_cosine_similarity": -0.29669558028301235, "is_tight": 1.0, "dual_solution_value": 0.0, "scaled_age": 0.390625}, "22": {"bias": -0.3779644730092272, "objective_cosine_similarity": -0.19264771693190366, "is_tight": 0.0, "dual_solution_value": 0.0, "scaled_age": 0.390625}, "23": {"bias": -0.24253562503633297, "objective_cosine_similarity": -0.38542640977845216, "is_tight": 0.0, "dual_solution_value": 0.0, "scaled_age": 0.390625}, "24": {"bias": -0.35355339059327373, "objective_cosine_similarity": -0.22726545718864927, "is_tight": 1.0, "dual_solution_value": -0.000149171288549162, "scaled_age": 0.109375}, "25": {"bias": -0.3333333333333333, "objective_cosine_similarity": -0.3370932299676993, "is_tight": 1.0, "dual_solution_value": -0.007729945793728587, "scaled_age": 0.0}, "26": {"bias": -0.31622776601683794, "objective_cosine_similarity": -0.23612451025983683, "is_tight": 0.0, "dual_solution_value": 0.0, "scaled_age": 0.390625}, "27": {"bias": -0.3333333333333333, "objective_cosine_similarity": -0.29705326364729845, "is_tight": 1.0, "dual_solution_value": -0.0054426317268941515, "scaled_age": 0.0}, "28": {"bias": -0.31622776601683794, "objective_cosine_similarity": -0.3064485491850491, "is_tight": 0.0, "dual_solution_value": 0.0, "scaled_age": 0.390625}, "29": {"bias": -0.30151134457776363, "objective_cosine_similarity": -0.2589062699771952, "is_tight": 0.0, "dual_solution_value": 0.0, "scaled_age": 0.390625}, "30": {"bias": -0.2886751345948129, "objective_cosine_similarity": -0.29849155454174997, "is_tight": 0.0, "dual_solution_value": 0.0, "scaled_age": 0.390625}, "31": {"bias": -0.31622776601683794, "objective_cosine_similarity": -0.22893811212149395, "is_tight": 0.0, "dual_solution_value": 0.0, "scaled_age": 0.390625}, "32": {"bias": -0.2581988897471611, "objective_cosine_similarity": -0.3378101160263365, "is_tight": 0.0, "dual_solution_value": 0.0, "scaled_age": 0.390625}, "33": {"bias": -0.3779644730092272, "objective_cosine_similarity": -0.25768165959044437, "is_tight": 0.0, "dual_solution_value": 0.0, "scaled_age": 0.390625}, "34": {"bias": -0.4082482904638631, "objective_cosine_similarity": -0.2962205175745475, "is_tight": 1.0, "dual_solution_value": -0.015770738942559096, "scaled_age": 0.0}, "35": {"bias": -0.2581988897471611, "objective_cosine_similarity": -0.3176923919949914, "is_tight": 0.0, "dual_solution_value": 0.0, "scaled_age": 0.390625}, "36": {"bias": -0.31622776601683794, "objective_cosine_similarity": -0.2474174216200899, "is_tight": 0.0, "dual_solution_value": 0.0, "scaled_age": 0.390625}, "37": {"bias": -0.2773500981126146, "objective_cosine_similarity": -0.275526251979002, "is_tight": 0.0, "dual_solution_value": 0.0, "scaled_age": 0.390625}, "38": {"bias": -0.2886751345948129, "objective_cosine_similarity": -0.3148921894066813, "is_tight": 1.0, "dual_solution_value": -0.000677802171779265, "scaled_age": 0.15625}, "39": {"bias": -0.31622776601683794, "objective_cosine_similarity": -0.27308312925702866, "is_tight": 0.0, "dual_solution_value": 0.0, "scaled_age": 0.390625}, "40": {"bias": -0.5, "objective_cosine_similarity": -0.2605303213955814, "is_tight": 1.0, "dual_solution_value": -0.009615854016998193, "scaled_age": 0.0}, "41": {"bias": -0.3779644730092272, "objective_cosine_similarity": -0.2724063258527555, "is_tight": 0.0, "dual_solution_value": 0.0, "scaled_age": 0.046875}, "42": {"bias": -0.4472135954999579, "objective_cosine_similarity": -0.18366176664999145, "is_tight": 1.0, "dual_solution_value": -0.005081550855928618, "scaled_age": 0.0}, "43": {"bias": -0.31622776601683794, "objective_cosine_similarity": -0.27616301417346134, "is_tight": 0.0, "dual_solution_value": 0.0, "scaled_age": 0.390625}, "44": {"bias": -0.2773500981126146, "objective_cosine_similarity": -0.31064234291750226, "is_tight": 0.0, "dual_solution_value": 0.0, "scaled_age": 0.390625}, "45": {"bias": -0.31622776601683794, "objective_cosine_similarity": -0.27718964247893885, "is_tight": 0.0, "dual_solution_value": 0.0, "scaled_age": 0.390625}, "46": {"bias": -0.4082482904638631, "objective_cosine_similarity": -0.23127731685350575, "is_tight": 1.0, "dual_solution_value": -0.009768050870049772, "scaled_age": 0.0}, "47": {"bias": -0.31622776601683794, "objective_cosine_similarity": -0.3059352350323103, "is_tight": 0.0, "dual_solution_value": 0.0, "scaled_age": 0.390625}, "48": {"bias": -0.30151134457776363, "objective_cosine_similarity": -0.26820536095936287, "is_tight": 0.0, "dual_solution_value": 0.0, "scaled_age": 0.390625}, "49": {"bias": -0.4082482904638631,