{"0": {"bias": -0.8310237795594128, "objective_cosine_similarity": -0.4854851697312216, "is_tight": 0.0, "dual_solution_value": -0.0, "scaled_age": 0.08139534883720931}, "1": {"bias": -0.5570860145311556, "objective_cosine_similarity": -0.30864514242852037, "is_tight": 1.0, "dual_solution_value": -2.8684257632908458e-05, "scaled_age": 0.0}, "2": {"bias": -0.5345224838248488, "objective_cosine_similarity": -0.2331294625354088, "is_tight": 0.0, "dual_solution_value": -0.0, "scaled_age": 0.11627906976744186}, "3": {"bias": -1.1452183344570208, "objective_cosine_similarity": -0.13368717033530228, "is_tight": 1.0, "dual_solution_value": -4.418047876917841e-05, "scaled_age": 0.0}, "4": {"bias": -1.0936949830140925, "objective_cosine_similarity": -0.14634032333670627, "is_tight": 1.0, "dual_solution_value": -0.0005319942449981806, "scaled_age": 0.0}, "5": {"bias": -1.0766085532487406, "objective_cosine_similarity": -0.14489686826041867, "is_tight": 0.0, "dual_solution_value": -0.0, "scaled_age": 0.011627906976744186}, "6": {"bias": -1.0213707145287947, "objective_cosine_similarity": -0.16448943751754408, "is_tight": 0.0, "dual_solution_value": -0.0, "scaled_age": 0.10465116279069768}, "7": {"bias": -0.9551576039859616, "objective_cosine_similarity": -0.14796093447614936, "is_tight": 0.0, "dual_solution_value": -0.0, "scaled_age": 0.13953488372093023}, "8": {"bias": -1.0052310731814404, "objective_cosine_similarity": -0.1581279148153008, "is_tight": 0.0, "dual_solution_value": -0.0, "scaled_age": 0.13953488372093023}, "9": {"bias": -0.3849001794597505, "objective_cosine_similarity": -0.26821920246859343, "is_tight": 1.0, "dual_solution_value": -0.00010188057776757695, "scaled_age": 0.0}, "10": {"bias": -0.3893314107138301, "objective_cosine_similarity": -0.8197720252577511, "is_tight": 1.0, "dual_solution_value": -4.010464933941541e-06, "scaled_age": 0.0}, "11": {"bias": -0.21320071635561041, "objective_cosine_similarity": -0.3799928587609411, "is_tight": 0.0, "dual_solution_value": 0.0, "scaled_age": 0.3953488372093023}, "12": {"bias": -0.20412414523193154, "objective_cosine_similarity": -0.35839389995829607, "is_tight": 0.0, "dual_solution_value": 0.0, "scaled_age": 0.3953488372093023}, "13": {"bias": -0.20412414523193154, "objective_cosine_similarity": -0.34013179040628094, "is_tight": 0.0, "dual_solution_value": 0.0, "scaled_age": 0.3953488372093023}, "14": {"bias": -0.2, "objective_cosine_similarity": -0.291602266128132, "is_tight": 0.0, "dual_solution_value": 0.0, "scaled_age": 0.3953488372093023}, "15": {"bias": -0.20851441405707477, "objective_cosine_similarity": -0.4060352971887619, "is_tight": 0.0, "dual_solution_value": 0.0, "scaled_age": 0.3953488372093023}, "16": {"bias": -0.20412414523193154, "objective_cosine_similarity": -0.3478361178735373, "is_tight": 0.0, "dual_solution_value": 0.0, "scaled_age": 0.3953488372093023}, "17": {"bias": -0.24253562503633297, "objective_cosine_similarity": -0.21902044040651417, "is_tight": 0.0, "dual_solution_value": 0.0, "scaled_age": 0.3953488372093023}, "18": {"bias": -0.2182178902359924, "objective_cosine_similarity": -0.38161395953713667, "is_tight": 1.0, "dual_solution_value": -3.2097543540576264e-05, "scaled_age": 0.0}, "19": {"bias": -0.2, "objective_cosine_similarity": -0.3011079967593463, "is_tight": 0.0, "dual_solution_value": 0.0, "scaled_age": 0.3953488372093023}, "20": {"bias": -0.24253562503633297, "objective_cosine_similarity": -0.26004439286655784, "is_tight": 0.0, "dual_solution_value": 0.0, "scaled_age": 0.1511627906976744}, "21": {"bias": -0.2, "objective_cosine_similarity": -0.40427313213928945, "is_tight": 0.0, "dual_solution_value": 0.0, "scaled_age": 0.3953488372093023}, "22": {"bias": -0.19245008972987526, "objective_cosine_similarity": -0.39089518674710755, "is_tight": 0.0, "dual_solution_value": 0.0, "scaled_age": 0.06976744186046512}, "23": {"bias": -0.19611613513818404, "objective_cosine_similarity": -0.3372057938620331, "is_tight": 0.0, "dual_solution_value": 0.0, "scaled_age": 0.3953488372093023}, "24": {"bias": -0.22360679774997896, "objective_cosine_similarity": -0.3225828615139325, "is_tight": 0.0, "dual_solution_value": 0.0, "scaled_age": 0.3953488372093023}, "25": {"bias": -0.20851441405707477, "objective_cosine_similarity": -0.3290838840819183, "is_tight": 0.0, "dual_solution_value": 0.0, "scaled_age": 0.3953488372093023}, "26": {"bias": -0.22360679774997896, "objective_cosine_similarity": -0.25287745636121256, "is_tight": 0.0, "dual_solution_value": 0.0, "scaled_age": 0.3953488372093023}, "27": {"bias": -0.2182178902359924, "objective_cosine_similarity": -0.3294509003198302, "is_tight": 0.0, "dual_solution_value": 0.0, "scaled_age": 0.3953488372093023}, "28": {"bias": -0.20412414523193154, "objective_cosine_similarity": -0.42402335616085024, "is_tight": 1.0, "dual_solution_value": -0.0010814269433750692, "scaled_age": 0.0}, "29": {"bias": -0.20412414523193154, "objective_cosine_similarity": -0.35011888156753923, "is_tight": 0.0, "dual_solution_value": 0.0, "scaled_age": 0.09302325581395349}, "30": {"bias": -0.22360679774997896, "objective_cosine_similarity": -0.2513145549003893, "is_tight": 0.0, "dual_solution_value": 0.0, "scaled_age": 0.3953488372093023}, "31": {"bias": -0.2672612419124244, "objective_cosine_similarity": -0.21967968585067368, "is_tight": 0.0, "dual_solution_value": 0.0, "scaled_age": 0.3953488372093023}, "32": {"bias": -0.19611613513818404, "objective_cosine_similarity": -0.3498167422503693, "is_tight": 0.0, "dual_solution_value": 0.0, "scaled_age": 0.3953488372093023}, "33": {"bias": -0.24253562503633297, "objective_cosine_similarity": -0.3295477833980368, "is_tight": 1.0, "dual_solution_value": -0.0003636863914250225, "scaled_age": 0.0}, "34": {"bias": -0.2182178902359924, "objective_cosine_similarity": -0.3392124084774548, "is_tight": 0.0, "dual_solution_value": 0.0, "scaled_age": 0.3953488372093023}, "35": {"bias": -0.20851441405707477, "objective_cosine_similarity": -0.37455517364505314, "is_tight": 0.0, "dual_solution_value": 0.0, "scaled_age": 0.06976744186046512}, "36": {"bias": -0.2581988897471611, "objective_cosine_similarity": -0.24832440257470495, "is_tight": 0.0, "dual_solution_value": 0.0, "scaled_age": 0.19767441860465115}, "37": {"bias": -0.19611613513818404, "objective_cosine_similarity": -0.3640725969502276, "is_tight": 0.0, "dual_solution_value": 0.0, "scaled_age": 0.3953488372093023}, "38": {"bias": -0.22360679774997896, "objective_cosine_similarity": -0.34852702576359956, "is_tight": 0.0, "dual_solution_value": 0.0, "scaled_age": 0.13953488372093023}, "39": {"bias": -0.23570226039551587, "objective_cosine_similarity": -0.3410206578478209, "is_tight": 0.0, "dual_solution_value": 0.0, "scaled_age": 0.38372093023255816}, "40": {"bias": -0.20851441405707477, "objective_cosine_similarity": -0.3949589574233829, "is_tight": 0.0, "dual_solution_value": 0.0, "scaled_age": 0.3953488372093023}, "41": {"bias": -0.19245008972987526, "objective_cosine_similarity": -0.4363606282889253, "is_tight": 0.0, "dual_solution_value": 0.0, "scaled_age": 0.3953488372093023}, "42": {"bias": -0.1889822365046136, "objective_cosine_similarity": -0.4012872385143496, "is_tight": 1.0, "dual_solution_value": -0.0009149980487948459, "scaled_age": 0.0}, "43": {"bias": -0.22941573387056174, "objective_cosine_similarity": -0.37297481297644897, "is_tight": 1.0, "dual_solution_value": -0.006139929741617201, "scaled_age": 0.0}, "44": {"bias": -0.21320071635561041, "objective_cosine_similarity": -0.3764164553843675, "is_tight": 0.0, "dual_solution_value": 0.0, "scaled_age": 0.3023255813953488}, "45": {"bias": -0.20412414523193154, "objective_cosine_similarity": -0.3375636812505288, "is_tight": 0.0, "dual_solution_value": 0.0, "scaled_age": 0.3953488372093023}, "46": {"bias": -0.20851441405707477, "objective_cosine_similarity": -0.3206308879451817, "is_tight": 0.0, "dual_solution_value": 0.0, "scaled_age": 0.3953488372093023}, "47": {"bias": -0.19245008972987526,