{"0": {"bias": -0.8944271909999159, "objective_cosine_similarity": -0.2596085455790049, "is_tight": 1.0, "dual_solution_value": -0.0, "scaled_age": 0.24}, "1": {"bias": -0.8, "objective_cosine_similarity": -0.2922655392130581, "is_tight": 0.0, "dual_solution_value": -0.0, "scaled_age": 0.16}, "2": {"bias": -1.3098420799889596, "objective_cosine_similarity": -0.4192123791373463, "is_tight": 0.0, "dual_solution_value": -0.0, "scaled_age": 0.12}, "3": {"bias": -1.375, "objective_cosine_similarity": -0.27010756286921095, "is_tight": 0.0, "dual_solution_value": -0.0, "scaled_age": 0.12}, "4": {"bias": -1.259881576697424, "objective_cosine_similarity": -0.2588614063269142, "is_tight": 0.0, "dual_solution_value": -0.0, "scaled_age": 0.12}, "5": {"bias": -0.4364357804719848, "objective_cosine_similarity": -0.43157753699385276, "is_tight": 1.0, "dual_solution_value": -0.0007992176610997273, "scaled_age": 0.0}, "6": {"bias": -0.31622776601683794, "objective_cosine_similarity": -0.31907760451458395, "is_tight": 1.0, "dual_solution_value": -0.0005790882114602249, "scaled_age": 0.0}, "7": {"bias": -0.2773500981126146, "objective_cosine_similarity": -0.27477063222331904, "is_tight": 0.0, "dual_solution_value": 0.0, "scaled_age": 0.32}, "8": {"bias": -0.31622776601683794, "objective_cosine_similarity": -0.24495431344767515, "is_tight": 1.0, "dual_solution_value": 0.0, "scaled_age": 0.0}, "9": {"bias": -0.2773500981126146, "objective_cosine_similarity": -0.2717232684648349, "is_tight": 0.0, "dual_solution_value": 0.0, "scaled_age": 0.32}, "10": {"bias": -0.2773500981126146, "objective_cosine_similarity": -0.3585731355816326, "is_tight": 0.0, "dual_solution_value": 0.0, "scaled_age": 0.32}, "11": {"bias": -0.2773500981126146, "objective_cosine_similarity": -0.3545099839036538, "is_tight": 0.0, "dual_solution_value": 0.0, "scaled_age": 0.32}, "12": {"bias": -0.30151134457776363, "objective_cosine_similarity": -0.2793823064232354, "is_tight": 0.0, "dual_solution_value": 0.0, "scaled_age": 0.16}, "13": {"bias": -0.3333333333333333, "objective_cosine_similarity": -0.24721709143961682, "is_tight": 1.0, "dual_solution_value": 0.0, "scaled_age": 0.12}, "14": {"bias": -0.23570226039551587, "objective_cosine_similarity": -0.38501116678936725, "is_tight": 0.0, "dual_solution_value": 0.0, "scaled_age": 0.32}, "15": {"bias": -0.2773500981126146, "objective_cosine_similarity": -0.2610574953101405, "is_tight": 0.0, "dual_solution_value": 0.0, "scaled_age": 0.32}, "16": {"bias": -0.30151134457776363, "objective_cosine_similarity": -0.24901466442070982, "is_tight": 1.0, "dual_solution_value": -0.002208555782001861, "scaled_age": 0.0}, "17": {"bias": -0.30151134457776363, "objective_cosine_similarity": -0.28214300115073776, "is_tight": 0.0, "dual_solution_value": 0.0, "scaled_age": 0.32}, "18": {"bias": -0.4472135954999579, "objective_cosine_similarity": -0.08926602986785974, "is_tight": 0.0, "dual_solution_value": 0.0, "scaled_age": 0.32}, "19": {"bias": -0.31622776601683794, "objective_cosine_similarity": -0.2947558996332545, "is_tight": 1.0, "dual_solution_value": -0.004053617480221575, "scaled_age": 0.0}, "20": {"bias": -0.35355339059327373, "objective_cosine_similarity": -0.26868772570222094, "is_tight": 0.0, "dual_solution_value": 0.0, "scaled_age": 0.32}, "21": {"bias": -0.30151134457776363, "objective_cosine_similarity": -0.2970507526792503, "is_tight": 0.0, "dual_solution_value": 0.0, "scaled_age": 0.32}, "22": {"bias": -0.35355339059327373, "objective_cosine_similarity": -0.23825803146606578, "is_tight": 0.0, "dual_solution_value": 0.0, "scaled_age": 0.32}, "23": {"bias": -0.3779644730092272, "objective_cosine_similarity": -0.20833498209732934, "is_tight": 0.0, "dual_solution_value": 0.0, "scaled_age": 0.16}, "24": {"bias": -0.2672612419124244, "objective_cosine_similarity": -0.3416143683135578, "is_tight": 0.0, "dual_solution_value": 0.0, "scaled_age": 0.32}, "25": {"bias": -0.31622776601683794, "objective_cosine_similarity": -0.30807492849683965, "is_tight": 0.0, "dual_solution_value": 0.0, "scaled_age": 0.32}, "26": {"bias": -0.31622776601683794, "objective_cosine_similarity": -0.2762250768665273, "is_tight": 0.0, "dual_solution_value": 0.0, "scaled_age": 0.32}, "27": {"bias": -0.3779644730092272, "objective_cosine_similarity": -0.2166406956693159, "is_tight": 0.0, "dual_solution_value": 0.0, "scaled_age": 0.32}, "28": {"bias": -0.30151134457776363, "objective_cosine_similarity": -0.1363783195386149, "is_tight": 0.0, "dual_solution_value": 0.0, "scaled_age": 0.32}, "29": {"bias": -0.31622776601683794, "objective_cosine_similarity": -0.2692760183290046, "is_tight": 0.0, "dual_solution_value": 0.0, "scaled_age": 0.32}, "30": {"bias": -0.35355339059327373, "objective_cosine_similarity": -0.213007859653086, "is_tight": 0.0, "dual_solution_value": 0.0, "scaled_age": 0.32}, "31": {"bias": -0.35355339059327373, "objective_cosine_similarity": -0.2350208299515812, "is_tight": 0.0, "dual_solution_value": 0.0, "scaled_age": 0.32}, "32": {"bias": -0.3779644730092272, "objective_cosine_similarity": -0.2817021186498772, "is_tight": 1.0, "dual_solution_value": 0.0, "scaled_age": 0.0}, "33": {"bias": -0.30151134457776363, "objective_cosine_similarity": -0.2810387232597368, "is_tight": 1.0, "dual_solution_value": 0.0, "scaled_age": 0.12}, "34": {"bias": -0.35355339059327373, "objective_cosine_similarity": -0.17610376238796166, "is_tight": 0.0, "dual_solution_value": 0.0, "scaled_age": 0.32}, "35": {"bias": -0.3333333333333333, "objective_cosine_similarity": -0.20143614858042852, "is_tight": 0.0, "dual_solution_value": 0.0, "scaled_age": 0.32}, "36": {"bias": -0.35355339059327373, "objective_cosine_similarity": -0.18970000874879694, "is_tight": 0.0, "dual_solution_value": 0.0, "scaled_age": 0.32}, "37": {"bias": -0.30151134457776363, "objective_cosine_similarity": -0.2479103865297089, "is_tight": 1.0, "dual_solution_value": 0.0, "scaled_age": 0.0}, "38": {"bias": -0.30151134457776363, "objective_cosine_similarity": -0.3368047567552838, "is_tight": 1.0, "dual_solution_value": -0.0027606947275023263, "scaled_age": 0.0}, "39": {"bias": -0.30151134457776363, "objective_cosine_similarity": -0.2937379190062475, "is_tight": 0.0, "dual_solution_value": 0.0, "scaled_age": 0.32}, "40": {"bias": -0.2773500981126146, "objective_cosine_similarity": -0.25039172215544603, "is_tight": 0.0, "dual_solution_value": 0.0, "scaled_age": 0.21333333333333335}, "41": {"bias": -0.5, "objective_cosine_similarity": -0.2875043211557025, "is_tight": 1.0, "dual_solution_value": -0.045780942859188295, "scaled_age": 0.0}, "42": {"bias": -0.4472135954999579, "objective_cosine_similarity": -0.19982487419961265, "is_tight": 0.0, "dual_solution_value": 0.0, "scaled_age": 0.32}, "43": {"bias": -0.3333333333333333, "objective_cosine_similarity": -0.2832314331555116, "is_tight": 1.0, "dual_solution_value": -0.003662475428735064, "scaled_age": 0.0}, "44": {"bias": -0.24253562503633297, "objective_cosine_similarity": -0.3864021337704846, "is_tight": 0.0, "dual_solution_value": 0.0, "scaled_age": 0.32}, "45": {"bias": -0.4472135954999579, "objective_cosine_similarity": -0.22766932388316521, "is_tight": 1.0, "dual_solution_value": -0.0065516352196594305, "scaled_age": 0.0}, "46": {"bias": -0.3333333333333333, "objective_cosine_similarity": -0.18861748457985578, "is_tight": 0.0, "dual_solution_value": 0.0, "scaled_age": 0.32}, "47": {"bias": -0.2886751345948129, "objective_cosine_similarity": -0.2579728033110307, "is_tight": 0.0, "dual_solution_value": 0.0, "scaled_age": 0.32}, "48": {"bias": -0.35355339059327373, "objective_cosine_similarity": -0.15409079208946647, "is_tight": 1.0, "dual_solution_value": 0.0, "scaled_age": 0.32}, "49": {"bias": -0.2886751345948129, "objective_cosine_similarity": -0.20035182880098487, "is_tight": 0.0, "dual_solution_value": 0.0, "scaled_age": 0.32}, "50": {"bias": -0.31622776601683794, "objective_cosine_similarity": -0.28838592930719203, "is_tight": 1.0,