{"0": {"bias": -0.6082287370157644, "objective_cosine_similarity": -0.40489817687015933, "is_tight": 0.0, "dual_solution_value": -0.0, "scaled_age": 0.044444444444444446}, "1": {"bias": -0.8582939683457421, "objective_cosine_similarity": -0.14119224381640447, "is_tight": 0.0, "dual_solution_value": -0.0, "scaled_age": 0.03333333333333333}, "2": {"bias": -0.8487556504422474, "objective_cosine_similarity": -0.1380888439917655, "is_tight": 1.0, "dual_solution_value": -7.680955652202677e-05, "scaled_age": 0.0}, "3": {"bias": -0.8489923897023915, "objective_cosine_similarity": -0.13818646717601646, "is_tight": 0.0, "dual_solution_value": -0.0, "scaled_age": 0.1}, "4": {"bias": -0.8612037237536703, "objective_cosine_similarity": -0.1334949398383671, "is_tight": 0.0, "dual_solution_value": -0.0, "scaled_age": 0.011111111111111112}, "5": {"bias": -0.8713427181343609, "objective_cosine_similarity": -0.13629608198684068, "is_tight": 1.0, "dual_solution_value": -3.712598742895053e-05, "scaled_age": 0.0}, "6": {"bias": -0.8866781037071724, "objective_cosine_similarity": -0.13543971795062604, "is_tight": 0.0, "dual_solution_value": -0.0, "scaled_age": 0.05555555555555555}, "7": {"bias": -0.35361990054641557, "objective_cosine_similarity": -0.8311096748584658, "is_tight": 1.0, "dual_solution_value": -0.0006641159068683075, "scaled_age": 0.0}, "8": {"bias": -0.18569533817705186, "objective_cosine_similarity": -0.34856255298666305, "is_tight": 1.0, "dual_solution_value": -9.60612088739214e-06, "scaled_age": 0.0}, "9": {"bias": -0.17677669529663687, "objective_cosine_similarity": -0.37670173945385704, "is_tight": 0.0, "dual_solution_value": 0.0, "scaled_age": 0.17777777777777778}, "10": {"bias": -0.1796053020267749, "objective_cosine_similarity": -0.352752754481245, "is_tight": 0.0, "dual_solution_value": 0.0, "scaled_age": 0.28888888888888886}, "11": {"bias": -0.21320071635561041, "objective_cosine_similarity": -0.32651857010848717, "is_tight": 1.0, "dual_solution_value": -0.0014724425885983955, "scaled_age": 0.0}, "12": {"bias": -0.19245008972987526, "objective_cosine_similarity": -0.3402050569366255, "is_tight": 0.0, "dual_solution_value": 0.0, "scaled_age": 0.05555555555555555}, "13": {"bias": -0.18569533817705186, "objective_cosine_similarity": -0.2800286508966116, "is_tight": 0.0, "dual_solution_value": 0.0, "scaled_age": 0.28888888888888886}, "14": {"bias": -0.17407765595569785, "objective_cosine_similarity": -0.3290060507548792, "is_tight": 0.0, "dual_solution_value": 0.0, "scaled_age": 0.28888888888888886}, "15": {"bias": -0.2, "objective_cosine_similarity": -0.2776225276192028, "is_tight": 0.0, "dual_solution_value": 0.0, "scaled_age": 0.28888888888888886}, "16": {"bias": -0.1643989873053573, "objective_cosine_similarity": -0.4525440293233012, "is_tight": 1.0, "dual_solution_value": -0.0012361727166033407, "scaled_age": 0.0}, "17": {"bias": -0.1889822365046136, "objective_cosine_similarity": -0.30919682825389, "is_tight": 0.0, "dual_solution_value": 0.0, "scaled_age": 0.28888888888888886}, "18": {"bias": -0.1643989873053573, "objective_cosine_similarity": -0.4138980831812601, "is_tight": 0.0, "dual_solution_value": 0.0, "scaled_age": 0.28888888888888886}, "19": {"bias": -0.17407765595569785, "objective_cosine_similarity": -0.3144790422949312, "is_tight": 0.0, "dual_solution_value": 0.0, "scaled_age": 0.28888888888888886}, "20": {"bias": -0.19611613513818404, "objective_cosine_similarity": -0.33539078807992795, "is_tight": 0.0, "dual_solution_value": 0.0, "scaled_age": 0.28888888888888886}, "21": {"bias": -0.17407765595569785, "objective_cosine_similarity": -0.2901309576930465, "is_tight": 0.0, "dual_solution_value": 0.0, "scaled_age": 0.28888888888888886}, "22": {"bias": -0.18257418583505536, "objective_cosine_similarity": -0.2774678750455679, "is_tight": 0.0, "dual_solution_value": 0.0, "scaled_age": 0.28888888888888886}, "23": {"bias": -0.1643989873053573, "objective_cosine_similarity": -0.39380219118739873, "is_tight": 0.0, "dual_solution_value": 0.0, "scaled_age": 0.17777777777777778}, "24": {"bias": -0.1796053020267749, "objective_cosine_similarity": -0.3206651310933639, "is_tight": 0.0, "dual_solution_value": 0.0, "scaled_age": 0.28888888888888886}, "25": {"bias": -0.20412414523193154, "objective_cosine_similarity": -0.3023011051893377, "is_tight": 0.0, "dual_solution_value": 0.0, "scaled_age": 0.28888888888888886}, "26": {"bias": -0.1690308509457033, "objective_cosine_similarity": -0.3812551889561511, "is_tight": 0.0, "dual_solution_value": 0.0, "scaled_age": 0.28888888888888886}, "27": {"bias": -0.16666666666666666, "objective_cosine_similarity": -0.36142644895387327, "is_tight": 0.0, "dual_solution_value": 0.0, "scaled_age": 0.28888888888888886}, "28": {"bias": -0.17677669529663687, "objective_cosine_similarity": -0.3825195269357699, "is_tight": 0.0, "dual_solution_value": 0.0, "scaled_age": 0.28888888888888886}, "29": {"bias": -0.1796053020267749, "objective_cosine_similarity": -0.32214285059149006, "is_tight": 0.0, "dual_solution_value": 0.0, "scaled_age": 0.05555555555555555}, "30": {"bias": -0.19611613513818404, "objective_cosine_similarity": -0.3510654091035947, "is_tight": 0.0, "dual_solution_value": 0.0, "scaled_age": 0.28888888888888886}, "31": {"bias": -0.19611613513818404, "objective_cosine_similarity": -0.2694651761274473, "is_tight": 0.0, "dual_solution_value": 0.0, "scaled_age": 0.28888888888888886}, "32": {"bias": -0.2182178902359924, "objective_cosine_similarity": -0.26572041295669613, "is_tight": 0.0, "dual_solution_value": 0.0, "scaled_age": 0.28888888888888886}, "33": {"bias": -0.17677669529663687, "objective_cosine_similarity": -0.34865169266606294, "is_tight": 0.0, "dual_solution_value": 0.0, "scaled_age": 0.28888888888888886}, "34": {"bias": -0.19611613513818404, "objective_cosine_similarity": -0.2547125916345845, "is_tight": 0.0, "dual_solution_value": 0.0, "scaled_age": 0.28888888888888886}, "35": {"bias": -0.19611613513818404, "objective_cosine_similarity": -0.32593991363918773, "is_tight": 0.0, "dual_solution_value": 0.0, "scaled_age": 0.16666666666666666}, "36": {"bias": -0.18569533817705186, "objective_cosine_similarity": -0.33699472874853337, "is_tight": 0.0, "dual_solution_value": 0.0, "scaled_age": 0.28888888888888886}, "37": {"bias": -0.20412414523193154, "objective_cosine_similarity": -0.2679923289654685, "is_tight": 0.0, "dual_solution_value": 0.0, "scaled_age": 0.28888888888888886}, "38": {"bias": -0.15617376188860607, "objective_cosine_similarity": -0.3750172535610974, "is_tight": 0.0, "dual_solution_value": 0.0, "scaled_age": 0.28888888888888886}, "39": {"bias": -0.2, "objective_cosine_similarity": -0.31852542330568995, "is_tight": 0.0, "dual_solution_value": 0.0, "scaled_age": 0.1}, "40": {"bias": -0.18569533817705186, "objective_cosine_similarity": -0.34921733549070816, "is_tight": 0.0, "dual_solution_value": 0.0, "scaled_age": 0.044444444444444446}, "41": {"bias": -0.21320071635561041, "objective_cosine_similarity": -0.270386444472032, "is_tight": 1.0, "dual_solution_value": -0.00045252085647338867, "scaled_age": 0.0}, "42": {"bias": -0.18257418583505536, "objective_cosine_similarity": -0.37081553602377526, "is_tight": 1.0, "dual_solution_value": -0.001378043229186748, "scaled_age": 0.0}, "43": {"bias": -0.1796053020267749, "objective_cosine_similarity": -0.36563002439348674, "is_tight": 1.0, "dual_solution_value": -0.0008780820844600165, "scaled_age": 0.0}, "44": {"bias": -0.2, "objective_cosine_similarity": -0.335920907678104, "is_tight": 0.0, "dual_solution_value": 0.0, "scaled_age": 0.28888888888888886}, "45": {"bias": -0.1796053020267749, "objective_cosine_similarity": -0.3500084182704394, "is_tight": 0.0, "dual_solution_value": 0.0, "scaled_age": 0.28888888888888886}, "46": {"bias": -0.1796053020267749, "objective_cosine_similarity": -0.2822444241420853, "is_tight": 0.0, "dual_solution_value": 0.0, "scaled_age": 0.28888888888888886}, "47": {"bias": -0.18257418583505536,