{"0": {"bias": -0.9428090415820635, "objective_cosine_similarity": -0.8684471007958289, "is_tight": 0.0, "dual_solution_value": -0.0, "scaled_age": 0.11594202898550725}, "1": {"bias": -0.8838834764831843, "objective_cosine_similarity": -0.871675528679828, "is_tight": 0.0, "dual_solution_value": -0.0, "scaled_age": 0.028985507246376812}, "2": {"bias": -0.6666666666666666, "objective_cosine_similarity": -0.5844078718330078, "is_tight": 0.0, "dual_solution_value": -0.0, "scaled_age": 0.17391304347826086}, "3": {"bias": -1.178286004873079, "objective_cosine_similarity": -0.9388406843457998, "is_tight": 0.0, "dual_solution_value": -0.0, "scaled_age": 0.043478260869565216}, "4": {"bias": -1.0804152862277479, "objective_cosine_similarity": -0.8742557183785833, "is_tight": 1.0, "dual_solution_value": -1.6577164426918128e-08, "scaled_age": 0.0}, "5": {"bias": -0.5773502691896258, "objective_cosine_similarity": -0.5878280733797586, "is_tight": 0.0, "dual_solution_value": -0.0, "scaled_age": 0.14492753623188406}, "6": {"bias": -1.1345063344340771, "objective_cosine_similarity": -0.8841693824547056, "is_tight": 0.0, "dual_solution_value": -0.0, "scaled_age": 0.028985507246376812}, "7": {"bias": -1.0703739921596505, "objective_cosine_similarity": -0.8345967001550322, "is_tight": 1.0, "dual_solution_value": -1.0495331481775098e-06, "scaled_age": 0.0}, "8": {"bias": -1.106039961657282, "objective_cosine_similarity": -0.8896336018097196, "is_tight": 0.0, "dual_solution_value": -0.0, "scaled_age": 0.15942028985507245}, "9": {"bias": -1.1595742382985177, "objective_cosine_similarity": -0.9544524334190178, "is_tight": 0.0, "dual_solution_value": 0.0, "scaled_age": 0.11594202898550725}, "10": {"bias": -0.5, "objective_cosine_similarity": -0.3378608009034576, "is_tight": 1.0, "dual_solution_value": -0.0004613416718812464, "scaled_age": 0.0}, "11": {"bias": -0.3779644730092272, "objective_cosine_similarity": -0.3382307891153291, "is_tight": 0.0, "dual_solution_value": 0.0, "scaled_age": 0.3188405797101449}, "12": {"bias": -0.3779644730092272, "objective_cosine_similarity": -0.1449560524779982, "is_tight": 0.0, "dual_solution_value": 0.0, "scaled_age": 0.3188405797101449}, "13": {"bias": -0.4472135954999579, "objective_cosine_similarity": -0.559463358551965, "is_tight": 1.0, "dual_solution_value": -0.018332223001126274, "scaled_age": 0.0}, "14": {"bias": -0.3779644730092272, "objective_cosine_similarity": -0.4107088153543282, "is_tight": 0.0, "dual_solution_value": 0.0, "scaled_age": 0.3188405797101449}, "15": {"bias": -0.3333333333333333, "objective_cosine_similarity": -0.3195980549086761, "is_tight": 0.0, "dual_solution_value": 0.0, "scaled_age": 0.3188405797101449}, "16": {"bias": -0.4472135954999579, "objective_cosine_similarity": -0.1796816626006311, "is_tight": 0.0, "dual_solution_value": 0.0, "scaled_age": 0.3188405797101449}, "17": {"bias": -0.3779644730092272, "objective_cosine_similarity": -0.4728328378448988, "is_tight": 0.0, "dual_solution_value": 0.0, "scaled_age": 0.3188405797101449}, "18": {"bias": -0.3779644730092272, "objective_cosine_similarity": -0.5591162024151358, "is_tight": 0.0, "dual_solution_value": 0.0, "scaled_age": 0.3188405797101449}, "19": {"bias": -0.5773502691896258, "objective_cosine_similarity": -0.2952320368544079, "is_tight": 0.0, "dual_solution_value": 0.0, "scaled_age": 0.15942028985507245}, "20": {"bias": -0.5773502691896258, "objective_cosine_similarity": -0.23724002961514923, "is_tight": 1.0, "dual_solution_value": -0.0005201341674851689, "scaled_age": 0.0}, "21": {"bias": -0.3779644730092272, "objective_cosine_similarity": -0.3209741162012817, "is_tight": 0.0, "dual_solution_value": 0.0, "scaled_age": 0.3188405797101449}, "22": {"bias": -0.4082482904638631, "objective_cosine_similarity": -0.3839703438245832, "is_tight": 0.0, "dual_solution_value": 0.0, "scaled_age": 0.3188405797101449}, "23": {"bias": -0.4082482904638631, "objective_cosine_similarity": -0.19384910562017793, "is_tight": 0.0, "dual_solution_value": 0.0, "scaled_age": 0.3188405797101449}, "24": {"bias": -0.3333333333333333, "objective_cosine_similarity": -0.502225514856491, "is_tight": 0.0, "dual_solution_value": 0.0, "scaled_age": 0.3188405797101449}, "25": {"bias": -0.5, "objective_cosine_similarity": -0.1506676544569473, "is_tight": 0.0, "dual_solution_value": 0.0, "scaled_age": 0.3188405797101449}, "26": {"bias": -0.3333333333333333, "objective_cosine_similarity": -0.32264184590780637, "is_tight": 0.0, "dual_solution_value": 0.0, "scaled_age": 0.3188405797101449}, "27": {"bias": -0.5773502691896258, "objective_cosine_similarity": -0.34268004277743774, "is_tight": 1.0, "dual_solution_value": -0.0004407252417337003, "scaled_age": 0.0}, "28": {"bias": -0.3779644730092272, "objective_cosine_similarity": -0.29681477412161533, "is_tight": 0.0, "dual_solution_value": 0.0, "scaled_age": 0.014492753623188406}, "29": {"bias": -0.4472135954999579, "objective_cosine_similarity": -0.4900408980017212, "is_tight": 0.0, "dual_solution_value": 0.0, "scaled_age": 0.08695652173913043}, "30": {"bias": -0.3779644730092272, "objective_cosine_similarity": -0.445222161182423, "is_tight": 0.0, "dual_solution_value": 0.0, "scaled_age": 0.14492753623188406}, "31": {"bias": -0.3779644730092272, "objective_cosine_similarity": -0.4797355070105178, "is_tight": 1.0, "dual_solution_value": -0.0010649695485954733, "scaled_age": 0.0}, "32": {"bias": -0.7071067811865475, "objective_cosine_similarity": -0.11622340382397707, "is_tight": 0.0, "dual_solution_value": 0.0, "scaled_age": 0.3188405797101449}, "33": {"bias": -0.4472135954999579, "objective_cosine_similarity": -0.2695224939009467, "is_tight": 0.0, "dual_solution_value": 0.0, "scaled_age": 0.3188405797101449}, "34": {"bias": -0.3779644730092272, "objective_cosine_similarity": -0.4762841724277083, "is_tight": 0.0, "dual_solution_value": 0.0, "scaled_age": 0.3188405797101449}, "35": {"bias": -0.4082482904638631, "objective_cosine_similarity": -0.24231138202522243, "is_tight": 0.0, "dual_solution_value": 0.0, "scaled_age": 0.10144927536231885}, "36": {"bias": -0.5, "objective_cosine_similarity": -0.34699217390084836, "is_tight": 1.0, "dual_solution_value": -6.946787863459424e-05, "scaled_age": 0.0}, "37": {"bias": -0.7071067811865475, "objective_cosine_similarity": -0.11622340382397707, "is_tight": 0.0, "dual_solution_value": 0.0, "scaled_age": 0.014492753623188406}, "38": {"bias": -0.4082482904638631, "objective_cosine_similarity": -0.2833179235987216, "is_tight": 0.0, "dual_solution_value": 0.0, "scaled_age": 0.17391304347826086}, "39": {"bias": -0.5773502691896258, "objective_cosine_similarity": -0.20560802566646266, "is_tight": 0.0, "dual_solution_value": 0.0, "scaled_age": 0.10144927536231885}, "40": {"bias": -0.3779644730092272, "objective_cosine_similarity": -0.545310864083898, "is_tight": 1.0, "dual_solution_value": -0.006689403747085488, "scaled_age": 0.0}, "41": {"bias": -0.5, "objective_cosine_similarity": -0.342426487402153, "is_tight": 0.0, "dual_solution_value": 0.0, "scaled_age": 0.3188405797101449}, "42": {"bias": -0.4472135954999579, "objective_cosine_similarity": -0.36344699935127656, "is_tight": 0.0, "dual_solution_value": 0.0, "scaled_age": 0.3188405797101449}, "43": {"bias": -0.4082482904638631, "objective_cosine_similarity": -0.2646785865198583, "is_tight": 0.0, "dual_solution_value": 0.0, "scaled_age": 0.3188405797101449}, "44": {"bias": -0.5, "objective_cosine_similarity": -0.269375503423027, "is_tight": 0.0, "dual_solution_value": 0.0, "scaled_age": 0.21739130434782608}, "45": {"bias": -0.4082482904638631, "objective_cosine_similarity": -0.19384910562017793, "is_tight": 0.0, "dual_solution_value": 0.0, "scaled_age": 0.3188405797101449}, "46": {"bias": -0.5773502691896258, "objective_cosine_similarity": -0.12125601513663183, "is_tight": 0.0, "dual_solution_value": 0.0, "scaled_age": 0.3188405797101449}, "47": {"bias": -0.5, "objective_cosine_similarity": -0.3332951144047622, "is_tight": 0.0, "dual_solution_value": 0.0,