{"0": {"bias": -0.5345224838248488, "objective_cosine_similarity": -0.17353740289359013, "is_tight": 0.0, "dual_solution_value": -0.0, "scaled_age": 0.0}, "1": {"bias": -0.8127425537743156, "objective_cosine_similarity": -0.5181717121739543, "is_tight": 1.0, "dual_solution_value": -4.6533785509645186e-05, "scaled_age": 0.07142857142857142}, "2": {"bias": -1.137335860398337, "objective_cosine_similarity": -0.22225486272340916, "is_tight": 0.0, "dual_solution_value": -0.0, "scaled_age": 0.04285714285714286}, "3": {"bias": -1.1016158727671426, "objective_cosine_similarity": -0.21735829727193534, "is_tight": 1.0, "dual_solution_value": -0.0008773873173626527, "scaled_age": 0.0}, "4": {"bias": -1.1016171067892297, "objective_cosine_similarity": -0.2259587283353152, "is_tight": 0.0, "dual_solution_value": -0.0, "scaled_age": 0.0}, "5": {"bias": -0.7730206825239258, "objective_cosine_similarity": -0.4397611659273314, "is_tight": 0.0, "dual_solution_value": -0.0, "scaled_age": 0.17142857142857143}, "6": {"bias": -0.9664983056048881, "objective_cosine_similarity": -0.2181335044473121, "is_tight": 0.0, "dual_solution_value": -0.0, "scaled_age": 0.014285714285714285}, "7": {"bias": -0.32025630761017426, "objective_cosine_similarity": -0.4323476378988027, "is_tight": 0.0, "dual_solution_value": -0.0, "scaled_age": 0.0}, "8": {"bias": -0.546358364708153, "objective_cosine_similarity": -0.8058441905174167, "is_tight": 1.0, "dual_solution_value": -2.948149111909626e-06, "scaled_age": 0.1}, "9": {"bias": -0.5113496563035488, "objective_cosine_similarity": -0.7720424054049009, "is_tight": 0.0, "dual_solution_value": -0.0, "scaled_age": 0.08571428571428572}, "10": {"bias": -0.2886751345948129, "objective_cosine_similarity": -0.2214502494345834, "is_tight": 0.0, "dual_solution_value": 0.0, "scaled_age": 0.4}, "11": {"bias": -0.2773500981126146, "objective_cosine_similarity": -0.27583140675843915, "is_tight": 0.0, "dual_solution_value": 0.0, "scaled_age": 0.4}, "12": {"bias": -0.2886751345948129, "objective_cosine_similarity": -0.29381702737481336, "is_tight": 1.0, "dual_solution_value": -0.0006585616577085625, "scaled_age": 0.0}, "13": {"bias": -0.2886751345948129, "objective_cosine_similarity": -0.26455395869952913, "is_tight": 0.0, "dual_solution_value": 0.0, "scaled_age": 0.4}, "14": {"bias": -0.24253562503633297, "objective_cosine_similarity": -0.2647967378436074, "is_tight": 0.0, "dual_solution_value": 0.0, "scaled_age": 0.4}, "15": {"bias": -0.24253562503633297, "objective_cosine_similarity": -0.36147911013029466, "is_tight": 0.0, "dual_solution_value": 0.0, "scaled_age": 0.4}, "16": {"bias": -0.22941573387056174, "objective_cosine_similarity": -0.33532535170028366, "is_tight": 1.0, "dual_solution_value": -0.0017073248075402106, "scaled_age": 0.0}, "17": {"bias": -0.24253562503633297, "objective_cosine_similarity": -0.27409950906019587, "is_tight": 0.0, "dual_solution_value": 0.0, "scaled_age": 0.4}, "18": {"bias": -0.25, "objective_cosine_similarity": -0.28493257621734247, "is_tight": 0.0, "dual_solution_value": 0.0, "scaled_age": 0.4}, "19": {"bias": -0.3333333333333333, "objective_cosine_similarity": -0.19726101430431403, "is_tight": 0.0, "dual_solution_value": 0.0, "scaled_age": 0.17142857142857143}, "20": {"bias": -0.31622776601683794, "objective_cosine_similarity": -0.27810820236235645, "is_tight": 1.0, "dual_solution_value": -2.49178522093934e-05, "scaled_age": 0.2}, "21": {"bias": -0.2672612419124244, "objective_cosine_similarity": -0.3181519053049153, "is_tight": 1.0, "dual_solution_value": -0.0047377856185860795, "scaled_age": 0.0}, "22": {"bias": -0.2886751345948129, "objective_cosine_similarity": -0.25941314933765486, "is_tight": 0.0, "dual_solution_value": 0.0, "scaled_age": 0.02857142857142857}, "23": {"bias": -0.24253562503633297, "objective_cosine_similarity": -0.29669195344333926, "is_tight": 0.0, "dual_solution_value": 0.0, "scaled_age": 0.4}, "24": {"bias": -0.2672612419124244, "objective_cosine_similarity": -0.2734861602563541, "is_tight": 0.0, "dual_solution_value": 0.0, "scaled_age": 0.4}, "25": {"bias": -0.2773500981126146, "objective_cosine_similarity": -0.31914377641472297, "is_tight": 0.0, "dual_solution_value": 0.0, "scaled_age": 0.4}, "26": {"bias": -0.30151134457776363, "objective_cosine_similarity": -0.16521231571018663, "is_tight": 0.0, "dual_solution_value": 0.0, "scaled_age": 0.4}, "27": {"bias": -0.24253562503633297, "objective_cosine_similarity": -0.2608098358936409, "is_tight": 0.0, "dual_solution_value": 0.0, "scaled_age": 0.4}, "28": {"bias": -0.24253562503633297, "objective_cosine_similarity": -0.31861991416815494, "is_tight": 1.0, "dual_solution_value": -0.00012556135467430655, "scaled_age": 0.0}, "29": {"bias": -0.25, "objective_cosine_similarity": -0.33287796163852995, "is_tight": 1.0, "dual_solution_value": -0.0004935794404851207, "scaled_age": 0.0}, "30": {"bias": -0.31622776601683794, "objective_cosine_similarity": -0.1984011786323353, "is_tight": 0.0, "dual_solution_value": 0.0, "scaled_age": 0.35714285714285715}, "31": {"bias": -0.23570226039551587, "objective_cosine_similarity": -0.3022166352363535, "is_tight": 0.0, "dual_solution_value": 0.0, "scaled_age": 0.4}, "32": {"bias": -0.20851441405707477, "objective_cosine_similarity": -0.3233413733986951, "is_tight": 0.0, "dual_solution_value": 0.0, "scaled_age": 0.4}, "33": {"bias": -0.25, "objective_cosine_similarity": -0.2702064935522635, "is_tight": 1.0, "dual_solution_value": -0.00011371811504521017, "scaled_age": 0.4}, "34": {"bias": -0.22941573387056174, "objective_cosine_similarity": -0.3416107378614886, "is_tight": 0.0, "dual_solution_value": 0.0, "scaled_age": 0.4}, "35": {"bias": -0.30151134457776363, "objective_cosine_similarity": -0.2639266743470231, "is_tight": 0.0, "dual_solution_value": 0.0, "scaled_age": 0.4}, "36": {"bias": -0.4082482904638631, "objective_cosine_similarity": -0.09619036917196847, "is_tight": 0.0, "dual_solution_value": 0.0, "scaled_age": 0.4}, "37": {"bias": -0.2886751345948129, "objective_cosine_similarity": -0.27760370554120994, "is_tight": 0.0, "dual_solution_value": 0.0, "scaled_age": 0.18571428571428572}, "38": {"bias": -0.25, "objective_cosine_similarity": -0.2619872846229171, "is_tight": 0.0, "dual_solution_value": 0.0, "scaled_age": 0.4}, "39": {"bias": -0.2581988897471611, "objective_cosine_similarity": -0.21151166514233408, "is_tight": 0.0, "dual_solution_value": 0.0, "scaled_age": 0.4}, "40": {"bias": -0.2886751345948129, "objective_cosine_similarity": -0.23845446501616752, "is_tight": 0.0, "dual_solution_value": 0.0, "scaled_age": 0.4}, "41": {"bias": -0.2182178902359924, "objective_cosine_similarity": -0.3778471896685163, "is_tight": 0.0, "dual_solution_value": 0.0, "scaled_age": 0.4}, "42": {"bias": -0.2773500981126146, "objective_cosine_similarity": -0.2515156904601745, "is_tight": 1.0, "dual_solution_value": -0.0003908400248425949, "scaled_age": 0.0}, "43": {"bias": -0.23570226039551587, "objective_cosine_similarity": -0.21277859254354378, "is_tight": 0.0, "dual_solution_value": 0.0, "scaled_age": 0.4}, "44": {"bias": -0.2581988897471611, "objective_cosine_similarity": -0.24617411193823496, "is_tight": 0.0, "dual_solution_value": 0.0, "scaled_age": 0.4}, "45": {"bias": -0.23570226039551587, "objective_cosine_similarity": -0.2902700374759421, "is_tight": 0.0, "dual_solution_value": 0.0, "scaled_age": 0.4}, "46": {"bias": -0.2581988897471611, "objective_cosine_similarity": -0.37774993038798127, "is_tight": 1.0, "dual_solution_value": -0.0036221490103855196, "scaled_age": 0.0}, "47": {"bias": -0.2886751345948129, "objective_cosine_similarity": -0.24359527437804177, "is_tight": 0.0, "dual_solution_value": 0.0, "scaled_age": 0.4}, "48": {"bias": -0.25, "objective_cosine_similarity": -0.2595900153518577, "is_tight": 1.0, "dual_solution_value": -0.00012550128523225194, "scaled_age": 0.4}, "49": {"bias": -0.24253562503633297, "objective_cosine_similarity": -0.28174107113096497, "is_tight": 0.0, "dual_solution_value": 0.0,