{"0": {"bias": -0.762000762001143, "objective_cosine_similarity": -0.8837817056999558, "is_tight": 0.0, "dual_solution_value": -0.0, "scaled_age": 0.018691588785046728}, "1": {"bias": -0.7745966692414834, "objective_cosine_similarity": -0.7091627040315864, "is_tight": 1.0, "dual_solution_value": -0.0002956048613440263, "scaled_age": 0.0}, "2": {"bias": -0.9327531340557956, "objective_cosine_similarity": -0.8823735127251892, "is_tight": 1.0, "dual_solution_value": -7.161752886538734e-05, "scaled_age": 0.0}, "3": {"bias": -0.9773555548504418, "objective_cosine_similarity": -0.9221282717852626, "is_tight": 0.0, "dual_solution_value": -0.0, "scaled_age": 0.102803738317757}, "4": {"bias": -1.0265298051494731, "objective_cosine_similarity": -0.9411530601027949, "is_tight": 1.0, "dual_solution_value": -4.9066372458136165e-05, "scaled_age": 0.0}, "5": {"bias": -1.0224716113943009, "objective_cosine_similarity": -0.9379590325120359, "is_tight": 0.0, "dual_solution_value": 0.0, "scaled_age": 0.06542056074766354}, "6": {"bias": -1.0033814742785598, "objective_cosine_similarity": -0.9773653068740809, "is_tight": 0.0, "dual_solution_value": 0.0, "scaled_age": 0.009345794392523364}, "7": {"bias": -0.9989612534102404, "objective_cosine_similarity": -0.9597714941256444, "is_tight": 0.0, "dual_solution_value": 0.0, "scaled_age": 0.009345794392523364}, "8": {"bias": -0.9712837104775911, "objective_cosine_similarity": -0.9020029914332008, "is_tight": 0.0, "dual_solution_value": 0.0, "scaled_age": 0.056074766355140186}, "9": {"bias": -0.9363083588973218, "objective_cosine_similarity": -0.9726175701325795, "is_tight": 1.0, "dual_solution_value": -0.0036895207634016097, "scaled_age": 0.0}, "10": {"bias": -0.5773502691896258, "objective_cosine_similarity": -0.21749496442074945, "is_tight": 0.0, "dual_solution_value": 0.0, "scaled_age": 0.2616822429906542}, "11": {"bias": -0.3779644730092272, "objective_cosine_similarity": -0.4167964394142848, "is_tight": 1.0, "dual_solution_value": -0.00019048184625622798, "scaled_age": 0.0}, "12": {"bias": -0.5, "objective_cosine_similarity": -0.2979452054794521, "is_tight": 1.0, "dual_solution_value": -5.326056578639375e-05, "scaled_age": 0.0}, "13": {"bias": -0.3779644730092272, "objective_cosine_similarity": -0.38055327076956436, "is_tight": 0.0, "dual_solution_value": 0.0, "scaled_age": 0.2616822429906542}, "14": {"bias": -0.4472135954999579, "objective_cosine_similarity": -0.39514077958557925, "is_tight": 0.0, "dual_solution_value": 0.0, "scaled_age": 0.2616822429906542}, "15": {"bias": -0.3779644730092272, "objective_cosine_similarity": -0.5022267655054115, "is_tight": 1.0, "dual_solution_value": -0.0017771196170366984, "scaled_age": 0.0}, "16": {"bias": -0.5, "objective_cosine_similarity": -0.339041095890411, "is_tight": 1.0, "dual_solution_value": -0.00031871992230140877, "scaled_age": 0.0}, "17": {"bias": -0.35355339059327373, "objective_cosine_similarity": -0.4504173332215679, "is_tight": 0.0, "dual_solution_value": 0.0, "scaled_age": 0.2616822429906542}, "18": {"bias": -0.35355339059327373, "objective_cosine_similarity": -0.307543017844834, "is_tight": 1.0, "dual_solution_value": -1.193334637000205e-05, "scaled_age": 0.0}, "19": {"bias": -0.4082482904638631, "objective_cosine_similarity": -0.2712334532533885, "is_tight": 0.0, "dual_solution_value": 0.0, "scaled_age": 0.2616822429906542}, "20": {"bias": -0.3779644730092272, "objective_cosine_similarity": -0.39090846181091304, "is_tight": 0.0, "dual_solution_value": 0.0, "scaled_age": 0.2616822429906542}, "21": {"bias": -0.3779644730092272, "objective_cosine_similarity": -0.4064412483729361, "is_tight": 0.0, "dual_solution_value": 0.0, "scaled_age": 0.2616822429906542}, "22": {"bias": -0.4082482904638631, "objective_cosine_similarity": -0.22369769340485648, "is_tight": 0.0, "dual_solution_value": 0.0, "scaled_age": 0.2616822429906542}, "23": {"bias": -0.4082482904638631, "objective_cosine_similarity": -0.43621050213947016, "is_tight": 0.0, "dual_solution_value": 0.0, "scaled_age": 0.11214953271028037}, "24": {"bias": -0.4082482904638631, "objective_cosine_similarity": -0.30758432843167766, "is_tight": 0.0, "dual_solution_value": 0.0, "scaled_age": 0.2616822429906542}, "25": {"bias": -0.3333333333333333, "objective_cosine_similarity": -0.408675799086758, "is_tight": 0.0, "dual_solution_value": 0.0, "scaled_age": 0.2616822429906542}, "26": {"bias": -0.30151134457776363, "objective_cosine_similarity": -0.4667230402368122, "is_tight": 0.0, "dual_solution_value": 0.0, "scaled_age": 0.2616822429906542}, "27": {"bias": -0.3779644730092272, "objective_cosine_similarity": -0.34172130436450676, "is_tight": 0.0, "dual_solution_value": 0.0, "scaled_age": 0.17757009345794392}, "28": {"bias": -0.4472135954999579, "objective_cosine_similarity": -0.45027670231845074, "is_tight": 1.0, "dual_solution_value": -0.007932254078271776, "scaled_age": 0.0}, "29": {"bias": -0.4472135954999579, "objective_cosine_similarity": -0.23892233184244324, "is_tight": 0.0, "dual_solution_value": 0.0, "scaled_age": 0.2616822429906542}, "30": {"bias": -0.3779644730092272, "objective_cosine_similarity": -0.48151638342271413, "is_tight": 0.0, "dual_solution_value": 0.0, "scaled_age": 0.2616822429906542}, "31": {"bias": -0.3333333333333333, "objective_cosine_similarity": -0.6050228310502284, "is_tight": 0.0, "dual_solution_value": 0.0, "scaled_age": 0.102803738317757}, "32": {"bias": -0.4472135954999579, "objective_cosine_similarity": -0.28180582730134335, "is_tight": 0.0, "dual_solution_value": 0.0, "scaled_age": 0.2616822429906542}, "33": {"bias": -0.35355339059327373, "objective_cosine_similarity": -0.35597498915898107, "is_tight": 0.0, "dual_solution_value": 0.0, "scaled_age": 0.2616822429906542}, "34": {"bias": -0.5, "objective_cosine_similarity": -0.2465753424657534, "is_tight": 1.0, "dual_solution_value": -0.006029215900858206, "scaled_age": 0.0}, "35": {"bias": -0.3333333333333333, "objective_cosine_similarity": -0.3127853881278539, "is_tight": 0.0, "dual_solution_value": 0.0, "scaled_age": 0.2616822429906542}, "36": {"bias": -0.4082482904638631, "objective_cosine_similarity": -0.35232386711264896, "is_tight": 0.0, "dual_solution_value": 0.0, "scaled_age": 0.2616822429906542}, "37": {"bias": -0.4472135954999579, "objective_cosine_similarity": -0.3093737886677791, "is_tight": 0.0, "dual_solution_value": 0.0, "scaled_age": 0.2616822429906542}, "38": {"bias": -0.31622776601683794, "objective_cosine_similarity": -0.47434164902525683, "is_tight": 0.0, "dual_solution_value": 0.0, "scaled_age": 0.2616822429906542}, "39": {"bias": -0.4082482904638631, "objective_cosine_similarity": -0.2880107802587527, "is_tight": 1.0, "dual_solution_value": -0.0018079541680842822, "scaled_age": 0.0}, "40": {"bias": -0.31622776601683794, "objective_cosine_similarity": -0.47000976181954673, "is_tight": 0.0, "dual_solution_value": 0.0, "scaled_age": 0.2616822429906542}, "41": {"bias": -0.5, "objective_cosine_similarity": -0.2363013698630137, "is_tight": 0.0, "dual_solution_value": 0.0, "scaled_age": 0.009345794392523364}, "42": {"bias": -0.4082482904638631, "objective_cosine_similarity": -0.43900672330703083, "is_tight": 0.0, "dual_solution_value": 0.0, "scaled_age": 0.2616822429906542}, "43": {"bias": -0.3333333333333333, "objective_cosine_similarity": -0.3744292237442922, "is_tight": 0.0, "dual_solution_value": 0.0, "scaled_age": 0.2616822429906542}, "44": {"bias": -0.4472135954999579, "objective_cosine_similarity": -0.2021650500205289, "is_tight": 0.0, "dual_solution_value": 0.0, "scaled_age": 0.2616822429906542}, "45": {"bias": -0.5, "objective_cosine_similarity": -0.363013698630137, "is_tight": 0.0, "dual_solution_value": 0.0, "scaled_age": 0.09345794392523364}, "46": {"bias": -0.4472135954999579, "objective_cosine_similarity": -0.3583834977636649, "is_tight": 0.0, "dual_solution_value": 0.0, "scaled_age": 0.2616822429906542}, "47": {"bias": -0.3779644730092272, "objective_cosine_similarity": -0.6394330468032816, "is_tight": 1.0,