{"0": {"bias": -0.9212772848257882, "objective_cosine_similarity": -0.4539638088278145, "is_tight": 0.0, "dual_solution_value": -0.0, "scaled_age": 0.01282051282051282}, "1": {"bias": -0.895672045034491, "objective_cosine_similarity": -0.44459371301452233, "is_tight": 1.0, "dual_solution_value": -1.1757034498913198e-05, "scaled_age": 0.0}, "2": {"bias": -0.5547001962252291, "objective_cosine_similarity": -0.17237270698797172, "is_tight": 1.0, "dual_solution_value": -8.027161392126665e-05, "scaled_age": 0.0}, "3": {"bias": -0.9363437203421906, "objective_cosine_similarity": -0.2905983086175878, "is_tight": 0.0, "dual_solution_value": -0.0, "scaled_age": 0.14102564102564102}, "4": {"bias": -0.6099942813304187, "objective_cosine_similarity": -0.3236452506539512, "is_tight": 0.0, "dual_solution_value": -0.0, "scaled_age": 0.02564102564102564}, "5": {"bias": -0.5, "objective_cosine_similarity": -0.1812172607023901, "is_tight": 0.0, "dual_solution_value": -0.0, "scaled_age": 0.08974358974358974}, "6": {"bias": -0.9757135601468635, "objective_cosine_similarity": -0.21017448005148365, "is_tight": 1.0, "dual_solution_value": -4.141319425558501e-09, "scaled_age": 0.0}, "7": {"bias": -0.674199862463242, "objective_cosine_similarity": -0.32110089166573313, "is_tight": 0.0, "dual_solution_value": -0.0, "scaled_age": 0.11538461538461539}, "8": {"bias": -1.0112577208988314, "objective_cosine_similarity": -0.20541170553214097, "is_tight": 1.0, "dual_solution_value": -3.0086417799777897e-10, "scaled_age": 0.0}, "9": {"bias": -1.0048065792550724, "objective_cosine_similarity": -0.20868493973424548, "is_tight": 0.0, "dual_solution_value": -0.0, "scaled_age": 0.038461538461538464}, "10": {"bias": -0.9751219553896345, "objective_cosine_similarity": -0.20354091474989855, "is_tight": 0.0, "dual_solution_value": -0.0, "scaled_age": 0.038461538461538464}, "11": {"bias": -1.033167527905071, "objective_cosine_similarity": -0.20975055453318964, "is_tight": 1.0, "dual_solution_value": -5.917910601510506e-05, "scaled_age": 0.0}, "12": {"bias": -0.940089110175275, "objective_cosine_similarity": -0.2106938487456286, "is_tight": 0.0, "dual_solution_value": -0.0, "scaled_age": 0.08974358974358974}, "13": {"bias": -0.6859943405700353, "objective_cosine_similarity": -0.20135368668135342, "is_tight": 1.0, "dual_solution_value": -0.0005373590291564148, "scaled_age": 0.0}, "14": {"bias": -0.8877337371482442, "objective_cosine_similarity": -0.21546459212530927, "is_tight": 0.0, "dual_solution_value": -0.0, "scaled_age": 0.08974358974358974}, "15": {"bias": -0.5883484054145521, "objective_cosine_similarity": -0.22575172653473158, "is_tight": 0.0, "dual_solution_value": -0.0, "scaled_age": 0.038461538461538464}, "16": {"bias": -0.9622504486493763, "objective_cosine_similarity": -0.20949726904654176, "is_tight": 0.0, "dual_solution_value": -0.0, "scaled_age": 0.10256410256410256}, "17": {"bias": -0.5547001962252291, "objective_cosine_similarity": -0.1656476937789954, "is_tight": 1.0, "dual_solution_value": -6.962344611382326e-05, "scaled_age": 0.0}, "18": {"bias": -0.48507125007266594, "objective_cosine_similarity": -0.17209234313419305, "is_tight": 1.0, "dual_solution_value": -0.00021415959756382018, "scaled_age": 0.0}, "19": {"bias": -0.36650833306891567, "objective_cosine_similarity": -0.4900249539871904, "is_tight": 0.0, "dual_solution_value": -0.0, "scaled_age": 0.038461538461538464}, "20": {"bias": -0.5101275478324306, "objective_cosine_similarity": -0.7892900424201531, "is_tight": 1.0, "dual_solution_value": -1.9022356256826273e-08, "scaled_age": 0.0}, "21": {"bias": -0.2886751345948129, "objective_cosine_similarity": -0.28735264335809363, "is_tight": 1.0, "dual_solution_value": -0.007451835548840692, "scaled_age": 0.0}, "22": {"bias": -0.24253562503633297, "objective_cosine_similarity": -0.23337702648054237, "is_tight": 0.0, "dual_solution_value": 0.0, "scaled_age": 0.1282051282051282}, "23": {"bias": -0.23570226039551587, "objective_cosine_similarity": -0.24424798726642474, "is_tight": 1.0, "dual_solution_value": -0.002006943493484565, "scaled_age": 0.0}, "24": {"bias": -0.21320071635561041, "objective_cosine_similarity": -0.28840696327898624, "is_tight": 0.0, "dual_solution_value": 0.0, "scaled_age": 0.28205128205128205}, "25": {"bias": -0.2581988897471611, "objective_cosine_similarity": -0.2958979279838614, "is_tight": 1.0, "dual_solution_value": -0.002306554004328541, "scaled_age": 0.0}, "26": {"bias": -0.24253562503633297, "objective_cosine_similarity": -0.27670963086684996, "is_tight": 1.0, "dual_solution_value": -0.00030951860275934, "scaled_age": 0.0}, "27": {"bias": -0.25, "objective_cosine_similarity": -0.24502615531590777, "is_tight": 0.0, "dual_solution_value": 0.0, "scaled_age": 0.01282051282051282}, "28": {"bias": -0.2182178902359924, "objective_cosine_similarity": -0.2896242411057341, "is_tight": 1.0, "dual_solution_value": -0.001949393930519364, "scaled_age": 0.0}, "29": {"bias": -0.2672612419124244, "objective_cosine_similarity": -0.18997759883287055, "is_tight": 0.0, "dual_solution_value": 0.0, "scaled_age": 0.28205128205128205}, "30": {"bias": -0.24253562503633297, "objective_cosine_similarity": -0.27051925881166317, "is_tight": 0.0, "dual_solution_value": 0.0, "scaled_age": 0.28205128205128205}, "31": {"bias": -0.2, "objective_cosine_similarity": -0.2912237950160945, "is_tight": 0.0, "dual_solution_value": 0.0, "scaled_age": 0.2692307692307692}, "32": {"bias": -0.19611613513818404, "objective_cosine_similarity": -0.30333824008879673, "is_tight": 0.0, "dual_solution_value": 0.0, "scaled_age": 0.28205128205128205}, "33": {"bias": -0.21320071635561041, "objective_cosine_similarity": -0.29194402980976625, "is_tight": 0.0, "dual_solution_value": 0.0, "scaled_age": 0.28205128205128205}, "34": {"bias": -0.22360679774997896, "objective_cosine_similarity": -0.2631038118055997, "is_tight": 0.0, "dual_solution_value": 0.0, "scaled_age": 0.28205128205128205}, "35": {"bias": -0.20851441405707477, "objective_cosine_similarity": -0.2913811265560831, "is_tight": 0.0, "dual_solution_value": 0.0, "scaled_age": 0.28205128205128205}, "36": {"bias": -0.24253562503633297, "objective_cosine_similarity": -0.293114116813095, "is_tight": 0.0, "dual_solution_value": 0.0, "scaled_age": 0.2692307692307692}, "37": {"bias": -0.20412414523193154, "objective_cosine_similarity": -0.3386483378506459, "is_tight": 0.0, "dual_solution_value": 0.0, "scaled_age": 0.2564102564102564}, "38": {"bias": -0.20412414523193154, "objective_cosine_similarity": -0.30035502580138057, "is_tight": 0.0, "dual_solution_value": 0.0, "scaled_age": 0.28205128205128205}, "39": {"bias": -0.2182178902359924, "objective_cosine_similarity": -0.28349757446695895, "is_tight": 0.0, "dual_solution_value": 0.0, "scaled_age": 0.07692307692307693}, "40": {"bias": -0.22941573387056174, "objective_cosine_similarity": -0.26525441066035826, "is_tight": 0.0, "dual_solution_value": 0.0, "scaled_age": 0.28205128205128205}, "41": {"bias": -0.23570226039551587, "objective_cosine_similarity": -0.3155371165547778, "is_tight": 0.0, "dual_solution_value": 0.0, "scaled_age": 0.28205128205128205}, "42": {"bias": -0.22360679774997896, "objective_cosine_similarity": -0.26510134616854897, "is_tight": 0.0, "dual_solution_value": 0.0, "scaled_age": 0.28205128205128205}, "43": {"bias": -0.25, "objective_cosine_similarity": -0.26448786817303066, "is_tight": 0.0, "dual_solution_value": 0.0, "scaled_age": 0.28205128205128205}, "44": {"bias": -0.22941573387056174, "objective_cosine_similarity": -0.2643760847972445, "is_tight": 0.0, "dual_solution_value": 0.0, "scaled_age": 0.28205128205128205}, "45": {"bias": -0.1889822365046136, "objective_cosine_similarity": -0.2853099685223912, "is_tight": 0.0, "dual_solution_value": 0.0, "scaled_age": 0.28205128205128205}, "46": {"bias": -0.22941573387056174, "objective_cosine_similarity": -0.28809088310131625, "is_tight": 1.0, "dual_solution_value": -0.0015622804845019551, "scaled_age": 0.0}, "47": {"bias": -0.25,