{"0": {"bias": -0.8846517369293828, "objective_cosine_similarity": -0.9150781662651953, "is_tight": 1.0, "dual_solution_value": -0.0001341431219856944, "scaled_age": 0.0}, "1": {"bias": -1.1468292773139113, "objective_cosine_similarity": -0.8786552306308463, "is_tight": 0.0, "dual_solution_value": -0.0, "scaled_age": 0.03508771929824561}, "2": {"bias": -0.8017837257372732, "objective_cosine_similarity": -0.5498853314643635, "is_tight": 1.0, "dual_solution_value": -2.7677658651860733e-05, "scaled_age": 0.0}, "3": {"bias": -0.9863939238321437, "objective_cosine_similarity": -0.8753561951272049, "is_tight": 1.0, "dual_solution_value": -6.566539171893886e-06, "scaled_age": 0.09649122807017543}, "4": {"bias": -1.1338934190276817, "objective_cosine_similarity": -0.8043604890257093, "is_tight": 0.0, "dual_solution_value": -0.0, "scaled_age": 0.0}, "5": {"bias": -1.200490095997562, "objective_cosine_similarity": -0.7296221220900153, "is_tight": 0.0, "dual_solution_value": -0.0, "scaled_age": 0.10526315789473684}, "6": {"bias": -1.2514223915801683, "objective_cosine_similarity": -0.9196951657054775, "is_tight": 0.0, "dual_solution_value": -0.0, "scaled_age": 0.06140350877192982}, "7": {"bias": -1.2928846319570326, "objective_cosine_similarity": -0.9158617340120401, "is_tight": 0.0, "dual_solution_value": -0.0, "scaled_age": 0.02631578947368421}, "8": {"bias": -0.8838834764831843, "objective_cosine_similarity": -0.8573281180300335, "is_tight": 1.0, "dual_solution_value": -0.00041767792367128717, "scaled_age": 0.0}, "9": {"bias": -1.120946804772838, "objective_cosine_similarity": -0.888167532614059, "is_tight": 0.0, "dual_solution_value": -0.0, "scaled_age": 0.05263157894736842}, "10": {"bias": -1.2056133305976728, "objective_cosine_similarity": -0.9387691013145912, "is_tight": 0.0, "dual_solution_value": -0.0, "scaled_age": 0.09649122807017543}, "11": {"bias": -0.4472135954999579, "objective_cosine_similarity": -0.35389775077974867, "is_tight": 0.0, "dual_solution_value": 0.0, "scaled_age": 0.043859649122807015}, "12": {"bias": -0.4472135954999579, "objective_cosine_similarity": -0.22497785585284022, "is_tight": 0.0, "dual_solution_value": 0.0, "scaled_age": 0.21929824561403508}, "13": {"bias": -0.5, "objective_cosine_similarity": -0.09326500399399039, "is_tight": 0.0, "dual_solution_value": 0.0, "scaled_age": 0.21929824561403508}, "14": {"bias": -0.3333333333333333, "objective_cosine_similarity": -0.4069745628828671, "is_tight": 0.0, "dual_solution_value": 0.0, "scaled_age": 0.21929824561403508}, "15": {"bias": -0.5, "objective_cosine_similarity": -0.3080571344043925, "is_tight": 1.0, "dual_solution_value": -0.012744076549505025, "scaled_age": 0.0}, "16": {"bias": -0.4472135954999579, "objective_cosine_similarity": -0.23508922016083303, "is_tight": 0.0, "dual_solution_value": 0.0, "scaled_age": 0.21929824561403508}, "17": {"bias": -0.5, "objective_cosine_similarity": -0.2600115262862762, "is_tight": 1.0, "dual_solution_value": -2.3120637494354704e-05, "scaled_age": 0.0}, "18": {"bias": -0.3779644730092272, "objective_cosine_similarity": -0.3460993339234128, "is_tight": 0.0, "dual_solution_value": 0.0, "scaled_age": 0.21929824561403508}, "19": {"bias": -0.5, "objective_cosine_similarity": -0.24305425283282342, "is_tight": 1.0, "dual_solution_value": -5.919620516089003e-06, "scaled_age": 0.0}, "20": {"bias": -0.5, "objective_cosine_similarity": -0.21196591816815996, "is_tight": 0.0, "dual_solution_value": 0.0, "scaled_age": 0.21929824561403508}, "21": {"bias": -0.4472135954999579, "objective_cosine_similarity": -0.3766483204727325, "is_tight": 1.0, "dual_solution_value": -5.534925308848539e-05, "scaled_age": 0.0}, "22": {"bias": -0.5, "objective_cosine_similarity": -0.09043879175174825, "is_tight": 0.0, "dual_solution_value": 0.0, "scaled_age": 0.21929824561403508}, "23": {"bias": -0.3779644730092272, "objective_cosine_similarity": -0.29268894288584907, "is_tight": 0.0, "dual_solution_value": 0.0, "scaled_age": 0.21929824561403508}, "24": {"bias": -0.5, "objective_cosine_similarity": -0.2684901630130026, "is_tight": 1.0, "dual_solution_value": -0.004512624014074955, "scaled_age": 0.0}, "25": {"bias": -0.4082482904638631, "objective_cosine_similarity": -0.6022816771521305, "is_tight": 1.0, "dual_solution_value": -0.019138270509689564, "scaled_age": 0.0}, "26": {"bias": -0.5, "objective_cosine_similarity": -0.053698032602600525, "is_tight": 0.0, "dual_solution_value": 0.0, "scaled_age": 0.21929824561403508}, "27": {"bias": -0.3333333333333333, "objective_cosine_similarity": -0.2995784976776661, "is_tight": 0.0, "dual_solution_value": 0.0, "scaled_age": 0.21929824561403508}, "28": {"bias": -0.5, "objective_cosine_similarity": -0.22609697937937062, "is_tight": 1.0, "dual_solution_value": -0.0006251931498232113, "scaled_age": 0.0}, "29": {"bias": -0.4472135954999579, "objective_cosine_similarity": -0.25278410769982046, "is_tight": 0.0, "dual_solution_value": 0.0, "scaled_age": 0.21929824561403508}, "30": {"bias": -0.3779644730092272, "objective_cosine_similarity": -0.12391210720714779, "is_tight": 0.0, "dual_solution_value": 0.0, "scaled_age": 0.21929824561403508}, "31": {"bias": -0.4082482904638631, "objective_cosine_similarity": -0.13614796533324025, "is_tight": 0.0, "dual_solution_value": 0.0, "scaled_age": 0.21929824561403508}, "32": {"bias": -0.5, "objective_cosine_similarity": -0.48610850566564684, "is_tight": 1.0, "dual_solution_value": -0.020292441527409326, "scaled_age": 0.0}, "33": {"bias": -0.4082482904638631, "objective_cosine_similarity": -0.2722959306664805, "is_tight": 0.0, "dual_solution_value": 0.0, "scaled_age": 0.21929824561403508}, "34": {"bias": -0.4472135954999579, "objective_cosine_similarity": -0.19969944508285817, "is_tight": 0.0, "dual_solution_value": 0.0, "scaled_age": 0.21929824561403508}, "35": {"bias": -0.7071067811865475, "objective_cosine_similarity": -0.059953015246855486, "is_tight": 0.0, "dual_solution_value": 0.0, "scaled_age": 0.0}, "36": {"bias": -0.35355339059327373, "objective_cosine_similarity": -0.3197494146498959, "is_tight": 0.0, "dual_solution_value": 0.0, "scaled_age": 0.21929824561403508}, "37": {"bias": -0.4082482904638631, "objective_cosine_similarity": -0.1846074106213427, "is_tight": 0.0, "dual_solution_value": 0.0, "scaled_age": 0.21929824561403508}, "38": {"bias": -0.5773502691896258, "objective_cosine_similarity": -0.2153863006476075, "is_tight": 1.0, "dual_solution_value": -0.0027382229970747017, "scaled_age": 0.0}, "39": {"bias": -0.7071067811865475, "objective_cosine_similarity": -0.21982772257180344, "is_tight": 0.0, "dual_solution_value": 0.0, "scaled_age": 0.0}, "40": {"bias": -0.7071067811865475, "objective_cosine_similarity": -0.251802664036793, "is_tight": 1.0, "dual_solution_value": -0.003996867683123699, "scaled_age": 0.0}, "41": {"bias": -0.5, "objective_cosine_similarity": -0.12717955090089597, "is_tight": 0.0, "dual_solution_value": 0.0, "scaled_age": 0.21929824561403508}, "42": {"bias": -0.5, "objective_cosine_similarity": -0.11304848968968531, "is_tight": 1.0, "dual_solution_value": -0.005226268408454124, "scaled_age": 0.0}, "43": {"bias": -0.4082482904638631, "objective_cosine_similarity": -0.39229074757035326, "is_tight": 0.0, "dual_solution_value": 0.0, "scaled_age": 0.21929824561403508}, "44": {"bias": -0.35355339059327373, "objective_cosine_similarity": -0.32774315001614335, "is_tight": 0.0, "dual_solution_value": 0.0, "scaled_age": 0.21929824561403508}, "45": {"bias": -0.5773502691896258, "objective_cosine_similarity": -0.11095657912149477, "is_tight": 0.0, "dual_solution_value": 0.0, "scaled_age": 0.16666666666666666}, "46": {"bias": -0.5, "objective_cosine_similarity": -0.18370379574573864, "is_tight": 0.0, "dual_solution_value": 0.0, "scaled_age": 0.21929824561403508}, "47": {"bias": -0.5, "objective_cosine_similarity": -0.24305425283282342, "is_tight": 1.0, "dual_solution_value": -0.01597931875567822, "scaled_age": 0.0}, "48": {"bias": -0.4472135954999579,