{"0": {"bias": -1.0797236261230418, "objective_cosine_similarity": -0.9365335167481643, "is_tight": 1.0, "dual_solution_value": -0.00021268493818564594, "scaled_age": 0.0}, "1": {"bias": -1.0954451150103324, "objective_cosine_similarity": -0.9396860468631687, "is_tight": 1.0, "dual_solution_value": -6.598489716703403e-05, "scaled_age": 0.0}, "2": {"bias": -0.8340576562282991, "objective_cosine_similarity": -0.7715278427105804, "is_tight": 0.0, "dual_solution_value": -0.0, "scaled_age": 0.025974025974025976}, "3": {"bias": -1.0685934174848224, "objective_cosine_similarity": -0.9353095504071733, "is_tight": 0.0, "dual_solution_value": -0.0, "scaled_age": 0.07792207792207792}, "4": {"bias": -0.7302967433402214, "objective_cosine_similarity": -0.793032201042761, "is_tight": 1.0, "dual_solution_value": -3.998305275245611e-05, "scaled_age": 0.0}, "5": {"bias": -1.0327955589886444, "objective_cosine_similarity": -0.8978192728723046, "is_tight": 1.0, "dual_solution_value": -0.000252508928336418, "scaled_age": 0.0}, "6": {"bias": -0.9707253433941511, "objective_cosine_similarity": -0.8003462664118427, "is_tight": 1.0, "dual_solution_value": -6.1736834398694095e-06, "scaled_age": 0.0}, "7": {"bias": -0.8, "objective_cosine_similarity": -0.7138813749786005, "is_tight": 0.0, "dual_solution_value": -0.0, "scaled_age": 0.09090909090909091}, "8": {"bias": -1.1619442540612277, "objective_cosine_similarity": -0.9498678750118946, "is_tight": 1.0, "dual_solution_value": -0.00021414296898655244, "scaled_age": 0.0}, "9": {"bias": -1.0742913498155977, "objective_cosine_similarity": -0.9258781426038405, "is_tight": 1.0, "dual_solution_value": -0.0017124724577490776, "scaled_age": 0.0}, "10": {"bias": -1.2341707464308962, "objective_cosine_similarity": -0.9616512883242859, "is_tight": 0.0, "dual_solution_value": 0.0, "scaled_age": 0.11688311688311688}, "11": {"bias": -1.105342307430776, "objective_cosine_similarity": -0.9199380570508487, "is_tight": 0.0, "dual_solution_value": 0.0, "scaled_age": 0.012987012987012988}, "12": {"bias": -1.1279245320603464, "objective_cosine_similarity": -0.9650296389395241, "is_tight": 1.0, "dual_solution_value": -0.0007914515331321743, "scaled_age": 0.0}, "13": {"bias": -1.1555126648596337, "objective_cosine_similarity": -0.9752919402036909, "is_tight": 0.0, "dual_solution_value": 0.0, "scaled_age": 0.14285714285714285}, "14": {"bias": -1.1623923382618953, "objective_cosine_similarity": -0.9366750192130232, "is_tight": 1.0, "dual_solution_value": -0.0007104049039802663, "scaled_age": 0.0}, "15": {"bias": -1.1110051564247183, "objective_cosine_similarity": -0.9685560484840414, "is_tight": 1.0, "dual_solution_value": -0.010325314571613306, "scaled_age": 0.0}, "16": {"bias": -1.1637082898947506, "objective_cosine_similarity": -0.9655689089548459, "is_tight": 0.0, "dual_solution_value": 0.0, "scaled_age": 0.15584415584415584}, "17": {"bias": -1.1597157062274805, "objective_cosine_similarity": -0.9678664029040422, "is_tight": 0.0, "dual_solution_value": 0.0, "scaled_age": 0.11688311688311688}, "18": {"bias": -0.35355339059327373, "objective_cosine_similarity": -0.3460065386698646, "is_tight": 0.0, "dual_solution_value": 0.0, "scaled_age": 0.2727272727272727}, "19": {"bias": -0.5, "objective_cosine_similarity": -0.29326112821890865, "is_tight": 0.0, "dual_solution_value": 0.0, "scaled_age": 0.025974025974025976}, "20": {"bias": -0.4082482904638631, "objective_cosine_similarity": -0.25449764447321616, "is_tight": 0.0, "dual_solution_value": 0.0, "scaled_age": 0.2727272727272727}, "21": {"bias": -0.3779644730092272, "objective_cosine_similarity": -0.39269839099678716, "is_tight": 0.0, "dual_solution_value": 0.0, "scaled_age": 0.025974025974025976}, "22": {"bias": -0.4472135954999579, "objective_cosine_similarity": -0.25330755935456845, "is_tight": 0.0, "dual_solution_value": 0.0, "scaled_age": 0.2727272727272727}, "23": {"bias": -0.4082482904638631, "objective_cosine_similarity": -0.31470138832709527, "is_tight": 0.0, "dual_solution_value": 0.0, "scaled_age": 0.2727272727272727}, "24": {"bias": -0.4472135954999579, "objective_cosine_similarity": -0.2398178076729642, "is_tight": 0.0, "dual_solution_value": 0.0, "scaled_age": 0.012987012987012988}, "25": {"bias": -0.31622776601683794, "objective_cosine_similarity": -0.29569954160813466, "is_tight": 0.0, "dual_solution_value": 0.0, "scaled_age": 0.2727272727272727}, "26": {"bias": -0.35355339059327373, "objective_cosine_similarity": -0.31164287558278897, "is_tight": 0.0, "dual_solution_value": 0.0, "scaled_age": 0.2727272727272727}, "27": {"bias": -0.5, "objective_cosine_similarity": -0.2580697928326396, "is_tight": 0.0, "dual_solution_value": 0.0, "scaled_age": 0.2727272727272727}, "28": {"bias": -0.35355339059327373, "objective_cosine_similarity": -0.5012354995114819, "is_tight": 1.0, "dual_solution_value": -0.006791906402191015, "scaled_age": 0.0}, "29": {"bias": -0.4082482904638631, "objective_cosine_similarity": -0.4050070041079139, "is_tight": 1.0, "dual_solution_value": -0.006572899633960106, "scaled_age": 0.0}, "30": {"bias": -0.3779644730092272, "objective_cosine_similarity": -0.4142334640514497, "is_tight": 0.0, "dual_solution_value": 0.0, "scaled_age": 0.012987012987012988}, "31": {"bias": -0.5, "objective_cosine_similarity": -0.20444490081546773, "is_tight": 1.0, "dual_solution_value": -0.0001572378429786637, "scaled_age": 0.0}, "32": {"bias": -0.7071067811865475, "objective_cosine_similarity": -0.11138566655810708, "is_tight": 1.0, "dual_solution_value": -9.847441809507792e-05, "scaled_age": 0.0}, "33": {"bias": -0.5, "objective_cosine_similarity": -0.1793082326824184, "is_tight": 0.0, "dual_solution_value": 0.0, "scaled_age": 0.2727272727272727}, "34": {"bias": -0.4082482904638631, "objective_cosine_similarity": -0.24765630994436627, "is_tight": 0.0, "dual_solution_value": 0.0, "scaled_age": 0.2727272727272727}, "35": {"bias": -0.3779644730092272, "objective_cosine_similarity": -0.3825642389710636, "is_tight": 1.0, "dual_solution_value": -0.001521920976929736, "scaled_age": 0.0}, "36": {"bias": -0.5773502691896258, "objective_cosine_similarity": -0.3618490420211146, "is_tight": 1.0, "dual_solution_value": -0.02335910883871824, "scaled_age": 0.0}, "37": {"bias": -0.5, "objective_cosine_similarity": -0.2329331246995903, "is_tight": 0.0, "dual_solution_value": 0.0, "scaled_age": 0.2727272727272727}, "38": {"bias": -0.4472135954999579, "objective_cosine_similarity": -0.28178592401573294, "is_tight": 0.0, "dual_solution_value": 0.0, "scaled_age": 0.2727272727272727}, "39": {"bias": -0.7071067811865475, "objective_cosine_similarity": -0.2535801345046268, "is_tight": 0.0, "dual_solution_value": 0.0, "scaled_age": 0.15584415584415584}, "40": {"bias": -0.5773502691896258, "objective_cosine_similarity": -0.17802198858792806, "is_tight": 0.0, "dual_solution_value": 0.0, "scaled_age": 0.05194805194805195}, "41": {"bias": -0.4082482904638631, "objective_cosine_similarity": -0.3790099328982843, "is_tight": 0.0, "dual_solution_value": 0.0, "scaled_age": 0.2727272727272727}, "42": {"bias": -0.35355339059327373, "objective_cosine_similarity": -0.34126672307164724, "is_tight": 0.0, "dual_solution_value": 0.0, "scaled_age": 0.012987012987012988}, "43": {"bias": -0.4082482904638631, "objective_cosine_similarity": -0.27502164805976587, "is_tight": 0.0, "dual_solution_value": 0.0, "scaled_age": 0.03896103896103896}, "44": {"bias": -0.4082482904638631, "objective_cosine_similarity": -0.2900725840232356, "is_tight": 0.0, "dual_solution_value": 0.0, "scaled_age": 0.05194805194805195}, "45": {"bias": -0.4082482904638631, "objective_cosine_similarity": -0.2531293775674462, "is_tight": 0.0, "dual_solution_value": 0.0, "scaled_age": 0.2727272727272727}, "46": {"bias": -0.5773502691896258, "objective_cosine_similarity": -0.14319159951637692, "is_tight": 0.0, "dual_solution_value": 0.0, "scaled_age": 0.012987012987012988}, "47": {"bias": -0.35355339059327373, "objective_cosine_similarity": -0.4597621130270803,