{"0": {"bias": -1.1769646985527409, "objective_cosine_similarity": -0.9727268589195753, "is_tight": 0.0, "dual_solution_value": -0.0, "scaled_age": 0.15151515151515152}, "1": {"bias": -0.8164965809277261, "objective_cosine_similarity": -0.496418883996399, "is_tight": 0.0, "dual_solution_value": -0.0, "scaled_age": 0.030303030303030304}, "2": {"bias": -0.8017837257372732, "objective_cosine_similarity": -0.7954794166744479, "is_tight": 1.0, "dual_solution_value": -0.00018332603971075827, "scaled_age": 0.0}, "3": {"bias": -1.3448845194091268, "objective_cosine_similarity": -0.9700597573790751, "is_tight": 0.0, "dual_solution_value": -0.0, "scaled_age": 0.0707070707070707}, "4": {"bias": -1.1794469323311325, "objective_cosine_similarity": -0.8430031190939429, "is_tight": 0.0, "dual_solution_value": -0.0, "scaled_age": 0.1414141414141414}, "5": {"bias": -1.211253957778773, "objective_cosine_similarity": -0.9742806500735092, "is_tight": 0.0, "dual_solution_value": -0.0, "scaled_age": 0.04040404040404041}, "6": {"bias": -1.243163121016122, "objective_cosine_similarity": -0.9595477919739674, "is_tight": 1.0, "dual_solution_value": -0.0002887461690299241, "scaled_age": 0.0}, "7": {"bias": -1.3049408427762952, "objective_cosine_similarity": -0.982241438060215, "is_tight": 0.0, "dual_solution_value": 0.0, "scaled_age": 0.09090909090909091}, "8": {"bias": -1.3176250637487639, "objective_cosine_similarity": -0.9769764911072357, "is_tight": 1.0, "dual_solution_value": -0.019373324446341524, "scaled_age": 0.0}, "9": {"bias": -0.5773502691896258, "objective_cosine_similarity": -0.29339081961556807, "is_tight": 0.0, "dual_solution_value": 0.0, "scaled_age": 0.2828282828282828}, "10": {"bias": -0.5773502691896258, "objective_cosine_similarity": -0.2829125760578692, "is_tight": 0.0, "dual_solution_value": 0.0, "scaled_age": 0.2828282828282828}, "11": {"bias": -0.5, "objective_cosine_similarity": -0.4264979800763688, "is_tight": 1.0, "dual_solution_value": -0.027588987305428265, "scaled_age": 0.0}, "12": {"bias": -0.4082482904638631, "objective_cosine_similarity": -0.36305261665408284, "is_tight": 0.0, "dual_solution_value": 0.0, "scaled_age": 0.2828282828282828}, "13": {"bias": -0.4082482904638631, "objective_cosine_similarity": -0.5853297288912764, "is_tight": 0.0, "dual_solution_value": 0.0, "scaled_age": 0.2828282828282828}, "14": {"bias": -0.5, "objective_cosine_similarity": -0.5898376320205101, "is_tight": 1.0, "dual_solution_value": -0.00013909333991265964, "scaled_age": 0.0}, "15": {"bias": -0.5773502691896258, "objective_cosine_similarity": -0.16765189692318175, "is_tight": 0.0, "dual_solution_value": 0.0, "scaled_age": 0.2828282828282828}, "16": {"bias": -0.4472135954999579, "objective_cosine_similarity": -0.34900574004966634, "is_tight": 0.0, "dual_solution_value": 0.0, "scaled_age": 0.2828282828282828}, "17": {"bias": -0.4472135954999579, "objective_cosine_similarity": -0.3814713902868446, "is_tight": 0.0, "dual_solution_value": 0.0, "scaled_age": 0.2828282828282828}, "18": {"bias": -0.4472135954999579, "objective_cosine_similarity": -0.3895878028461392, "is_tight": 0.0, "dual_solution_value": 0.0, "scaled_age": 0.21212121212121213}, "19": {"bias": -0.7071067811865475, "objective_cosine_similarity": -0.08983222540938543, "is_tight": 0.0, "dual_solution_value": 0.0, "scaled_age": 0.2828282828282828}, "20": {"bias": -0.5, "objective_cosine_similarity": -0.4446468302923845, "is_tight": 0.0, "dual_solution_value": 0.0, "scaled_age": 0.2828282828282828}, "21": {"bias": -0.4472135954999579, "objective_cosine_similarity": -0.5113339912355577, "is_tight": 0.0, "dual_solution_value": 0.0, "scaled_age": 0.2828282828282828}, "22": {"bias": -0.4472135954999579, "objective_cosine_similarity": -0.27595802701601524, "is_tight": 0.0, "dual_solution_value": 0.0, "scaled_age": 0.2828282828282828}, "23": {"bias": -0.5773502691896258, "objective_cosine_similarity": -0.6391728570196304, "is_tight": 1.0, "dual_solution_value": -0.07536261243915889, "scaled_age": 0.0}, "24": {"bias": -0.5, "objective_cosine_similarity": -0.31760487878027466, "is_tight": 0.0, "dual_solution_value": 0.0, "scaled_age": 0.2828282828282828}, "25": {"bias": -0.4472135954999579, "objective_cosine_similarity": -0.4545191033204957, "is_tight": 0.0, "dual_solution_value": 0.0, "scaled_age": 0.2828282828282828}, "26": {"bias": -0.5773502691896258, "objective_cosine_similarity": -0.10478243557698859, "is_tight": 0.0, "dual_solution_value": 0.0, "scaled_age": 0.12121212121212122}, "27": {"bias": -0.5, "objective_cosine_similarity": -0.25408390302421974, "is_tight": 0.0, "dual_solution_value": 0.0, "scaled_age": 0.2828282828282828}, "28": {"bias": -0.4082482904638631, "objective_cosine_similarity": -0.43714498739981406, "is_tight": 0.0, "dual_solution_value": 0.0, "scaled_age": 0.2828282828282828}, "29": {"bias": -0.5, "objective_cosine_similarity": -0.417423554968361, "is_tight": 0.0, "dual_solution_value": 0.0, "scaled_age": 0.06060606060606061}, "30": {"bias": -0.4472135954999579, "objective_cosine_similarity": -0.30842367725319353, "is_tight": 0.0, "dual_solution_value": 0.0, "scaled_age": 0.2828282828282828}, "31": {"bias": -0.5, "objective_cosine_similarity": -0.3629770043203139, "is_tight": 0.0, "dual_solution_value": 0.0, "scaled_age": 0.2828282828282828}, "32": {"bias": -0.5, "objective_cosine_similarity": -0.3629770043203139, "is_tight": 0.0, "dual_solution_value": 0.0, "scaled_age": 0.2828282828282828}, "33": {"bias": -0.4472135954999579, "objective_cosine_similarity": -0.37335497772755005, "is_tight": 0.0, "dual_solution_value": 0.0, "scaled_age": 0.2828282828282828}, "34": {"bias": -0.7071067811865475, "objective_cosine_similarity": -0.1154985755263527, "is_tight": 1.0, "dual_solution_value": -9.860679093874439e-05, "scaled_age": 0.0}, "35": {"bias": -0.5773502691896258, "objective_cosine_similarity": -0.3038690631732669, "is_tight": 1.0, "dual_solution_value": -0.0002621647018172889, "scaled_age": 0.0}, "36": {"bias": -0.5, "objective_cosine_similarity": -0.235935052808204, "is_tight": 0.0, "dual_solution_value": 0.0, "scaled_age": 0.2828282828282828}, "37": {"bias": -0.5773502691896258, "objective_cosine_similarity": -0.24099960182707375, "is_tight": 0.0, "dual_solution_value": 0.0, "scaled_age": 0.2828282828282828}, "38": {"bias": -0.5, "objective_cosine_similarity": -0.29945602856425896, "is_tight": 0.0, "dual_solution_value": 0.0, "scaled_age": 0.0707070707070707}, "39": {"bias": -0.5773502691896258, "objective_cosine_similarity": -0.5553469085580396, "is_tight": 0.0, "dual_solution_value": 0.0, "scaled_age": 0.020202020202020204}, "40": {"bias": -0.5773502691896258, "objective_cosine_similarity": -0.5029556907695453, "is_tight": 1.0, "dual_solution_value": -0.00859418048062408, "scaled_age": 0.0}, "41": {"bias": -0.5, "objective_cosine_similarity": -0.33575372899629036, "is_tight": 0.0, "dual_solution_value": 0.0, "scaled_age": 0.2828282828282828}, "42": {"bias": -0.4472135954999579, "objective_cosine_similarity": -0.44640269076120115, "is_tight": 0.0, "dual_solution_value": 0.0, "scaled_age": 0.26262626262626265}, "43": {"bias": -0.5, "objective_cosine_similarity": -0.25408390302421974, "is_tight": 0.0, "dual_solution_value": 0.0, "scaled_age": 0.2828282828282828}, "44": {"bias": -0.5773502691896258, "objective_cosine_similarity": -0.16765189692318175, "is_tight": 0.0, "dual_solution_value": 0.0, "scaled_age": 0.2828282828282828}, "45": {"bias": -0.4472135954999579, "objective_cosine_similarity": -0.5356832289134414, "is_tight": 0.0, "dual_solution_value": 0.0, "scaled_age": 0.2828282828282828}, "46": {"bias": -0.4472135954999579, "objective_cosine_similarity": -0.20291031398236417, "is_tight": 0.0, "dual_solution_value": 0.0, "scaled_age": 0.2828282828282828}, "47": {"bias": -0.4472135954999579, "objective_cosine_similarity": -0.5519160540320305, "is_tight": 0.0, "dual_solution_value": 0.0, "scaled_age": 0.25252525252525254}, "48": {"bias": -0.4472135954999579,