{"0": {"bias": -1.0327955589886444, "objective_cosine_similarity": -0.6215880827038117, "is_tight": 1.0, "dual_solution_value": -0.001230285129059547, "scaled_age": 0.0}, "1": {"bias": -0.8017837257372732, "objective_cosine_similarity": -0.8307823278606812, "is_tight": 1.0, "dual_solution_value": -0.002870193887105476, "scaled_age": 0.0}, "2": {"bias": -1.281025230440697, "objective_cosine_similarity": -0.7696325231310156, "is_tight": 0.0, "dual_solution_value": -0.0, "scaled_age": 0.044444444444444446}, "3": {"bias": -0.9486832980505138, "objective_cosine_similarity": -0.710534361982316, "is_tight": 1.0, "dual_solution_value": -3.1804154763981296e-05, "scaled_age": 0.0}, "4": {"bias": -1.2414613226535975, "objective_cosine_similarity": -0.7876636964828773, "is_tight": 0.0, "dual_solution_value": -0.0, "scaled_age": 0.03333333333333333}, "5": {"bias": -1.178898906428769, "objective_cosine_similarity": -0.887656930051781, "is_tight": 0.0, "dual_solution_value": -0.0, "scaled_age": 0.044444444444444446}, "6": {"bias": -1.3296449906290673, "objective_cosine_similarity": -0.9164933316957896, "is_tight": 0.0, "dual_solution_value": -0.0, "scaled_age": 0.1}, "7": {"bias": -1.2341826246770988, "objective_cosine_similarity": -0.9047944575494988, "is_tight": 0.0, "dual_solution_value": -0.0, "scaled_age": 0.1}, "8": {"bias": -1.3125315080212647, "objective_cosine_similarity": -0.9310150195036033, "is_tight": 0.0, "dual_solution_value": 0.0, "scaled_age": 0.1111111111111111}, "9": {"bias": -1.3894220129407027, "objective_cosine_similarity": -0.8948503105480885, "is_tight": 1.0, "dual_solution_value": -0.0001535062505741488, "scaled_age": 0.0}, "10": {"bias": -0.4472135954999579, "objective_cosine_similarity": -0.5628656103604447, "is_tight": 0.0, "dual_solution_value": 0.0, "scaled_age": 0.022222222222222223}, "11": {"bias": -0.4472135954999579, "objective_cosine_similarity": -0.24554540049281143, "is_tight": 0.0, "dual_solution_value": 0.0, "scaled_age": 0.23333333333333334}, "12": {"bias": -0.4082482904638631, "objective_cosine_similarity": -0.41726618778789515, "is_tight": 0.0, "dual_solution_value": 0.0, "scaled_age": 0.23333333333333334}, "13": {"bias": -0.5, "objective_cosine_similarity": -0.7179965784687481, "is_tight": 1.0, "dual_solution_value": -0.05764523368434975, "scaled_age": 0.0}, "14": {"bias": -0.5, "objective_cosine_similarity": -0.1731638806895216, "is_tight": 0.0, "dual_solution_value": 0.0, "scaled_age": 0.23333333333333334}, "15": {"bias": -0.5773502691896258, "objective_cosine_similarity": -0.2048293147053977, "is_tight": 0.0, "dual_solution_value": 0.0, "scaled_age": 0.23333333333333334}, "16": {"bias": -0.5773502691896258, "objective_cosine_similarity": -0.38039729873859573, "is_tight": 0.0, "dual_solution_value": 0.0, "scaled_age": 0.23333333333333334}, "17": {"bias": -0.5773502691896258, "objective_cosine_similarity": -0.31212086050346316, "is_tight": 0.0, "dual_solution_value": 0.0, "scaled_age": 0.1}, "18": {"bias": -0.4082482904638631, "objective_cosine_similarity": -0.32760568462685985, "is_tight": 0.0, "dual_solution_value": 0.0, "scaled_age": 0.23333333333333334}, "19": {"bias": -0.5, "objective_cosine_similarity": -0.35477477994926376, "is_tight": 0.0, "dual_solution_value": 0.0, "scaled_age": 0.23333333333333334}, "20": {"bias": -0.5, "objective_cosine_similarity": -0.19005791782996273, "is_tight": 0.0, "dual_solution_value": 0.0, "scaled_age": 0.23333333333333334}, "21": {"bias": -0.5773502691896258, "objective_cosine_similarity": -0.32187463739419636, "is_tight": 0.0, "dual_solution_value": 0.0, "scaled_age": 0.23333333333333334}, "22": {"bias": -0.7071067811865475, "objective_cosine_similarity": -0.13140477045985643, "is_tight": 0.0, "dual_solution_value": 0.0, "scaled_age": 0.23333333333333334}, "23": {"bias": -0.4472135954999579, "objective_cosine_similarity": -0.42309361315684435, "is_tight": 0.0, "dual_solution_value": 0.0, "scaled_age": 0.23333333333333334}, "24": {"bias": -0.5, "objective_cosine_similarity": -0.2491870478215067, "is_tight": 0.0, "dual_solution_value": 0.0, "scaled_age": 0.18888888888888888}, "25": {"bias": -0.5, "objective_cosine_similarity": -0.3252102149534918, "is_tight": 0.0, "dual_solution_value": 0.0, "scaled_age": 0.23333333333333334}, "26": {"bias": -0.5, "objective_cosine_similarity": -0.2703045942470581, "is_tight": 0.0, "dual_solution_value": 0.0, "scaled_age": 0.23333333333333334}, "27": {"bias": -0.4472135954999579, "objective_cosine_similarity": -0.33998593914389275, "is_tight": 0.0, "dual_solution_value": 0.0, "scaled_age": 0.23333333333333334}, "28": {"bias": -0.5, "objective_cosine_similarity": -0.418127419225918, "is_tight": 1.0, "dual_solution_value": -0.02716002424233323, "scaled_age": 0.0}, "29": {"bias": -0.5773502691896258, "objective_cosine_similarity": -0.2974901951673633, "is_tight": 1.0, "dual_solution_value": -0.0001335809435394798, "scaled_age": 0.0}, "30": {"bias": -0.4472135954999579, "objective_cosine_similarity": -0.3097649667755467, "is_tight": 0.0, "dual_solution_value": 0.0, "scaled_age": 0.23333333333333334}, "31": {"bias": -0.5773502691896258, "objective_cosine_similarity": -0.175567984033198, "is_tight": 0.0, "dual_solution_value": 0.0, "scaled_age": 0.23333333333333334}, "32": {"bias": -0.5, "objective_cosine_similarity": -0.27875161281727867, "is_tight": 0.0, "dual_solution_value": 0.0, "scaled_age": 0.23333333333333334}, "33": {"bias": -0.4472135954999579, "objective_cosine_similarity": -0.44575934243310383, "is_tight": 0.0, "dual_solution_value": 0.0, "scaled_age": 0.23333333333333334}, "34": {"bias": -0.5773502691896258, "objective_cosine_similarity": -0.15118354180636495, "is_tight": 0.0, "dual_solution_value": 0.0, "scaled_age": 0.23333333333333334}, "35": {"bias": -0.5, "objective_cosine_similarity": -0.28297512210238895, "is_tight": 0.0, "dual_solution_value": 0.0, "scaled_age": 0.011111111111111112}, "36": {"bias": -0.4472135954999579, "objective_cosine_similarity": -0.27576637286115746, "is_tight": 0.0, "dual_solution_value": 0.0, "scaled_age": 0.23333333333333334}, "37": {"bias": -0.5, "objective_cosine_similarity": -0.18161089925974216, "is_tight": 0.0, "dual_solution_value": 0.0, "scaled_age": 0.011111111111111112}, "38": {"bias": -0.5773502691896258, "objective_cosine_similarity": -0.2535981991590638, "is_tight": 1.0, "dual_solution_value": -0.018905608056079437, "scaled_age": 0.0}, "39": {"bias": -0.5773502691896258, "objective_cosine_similarity": -0.2926133067219967, "is_tight": 1.0, "dual_solution_value": -0.00013854015011241432, "scaled_age": 0.0}, "40": {"bias": -0.4082482904638631, "objective_cosine_similarity": -0.36898745531656846, "is_tight": 0.0, "dual_solution_value": 0.0, "scaled_age": 0.23333333333333334}, "41": {"bias": -0.5773502691896258, "objective_cosine_similarity": -0.11216843424343206, "is_tight": 0.0, "dual_solution_value": 0.0, "scaled_age": 0.1111111111111111}, "42": {"bias": -0.5, "objective_cosine_similarity": -0.24074002925128613, "is_tight": 0.0, "dual_solution_value": 0.0, "scaled_age": 0.23333333333333334}, "43": {"bias": -0.4472135954999579, "objective_cosine_similarity": -0.2719887513151142, "is_tight": 0.0, "dual_solution_value": 0.0, "scaled_age": 0.23333333333333334}, "44": {"bias": -0.5773502691896258, "objective_cosine_similarity": -0.14630665336099835, "is_tight": 0.0, "dual_solution_value": 0.0, "scaled_age": 0.044444444444444446}, "45": {"bias": -0.4082482904638631, "objective_cosine_similarity": -0.28622391393715124, "is_tight": 0.0, "dual_solution_value": 0.0, "scaled_age": 0.23333333333333334}, "46": {"bias": -0.7071067811865475, "objective_cosine_similarity": -0.40616019960319266, "is_tight": 1.0, "dual_solution_value": -0.10154004990079817, "scaled_age": 0.0}, "47": {"bias": -0.7071067811865475, "objective_cosine_similarity": -0.25086365269608957, "is_tight": 1.0, "dual_solution_value": -0.022429852038120743, "scaled_age": 0.0}, "48": {"bias": -0.5, "objective_cosine_similarity": -0.30831617781305065,