{"0": {"bias": -0.8981004187394178, "objective_cosine_similarity": -0.9788288828319092, "is_tight": 1.0, "dual_solution_value": -3.927821169430676e-05, "scaled_age": 0.0}, "1": {"bias": -0.8241633836921342, "objective_cosine_similarity": -0.9225159104181473, "is_tight": 1.0, "dual_solution_value": -0.00011343839472994993, "scaled_age": 0.0}, "2": {"bias": -0.9279270429945097, "objective_cosine_similarity": -0.9567500805400403, "is_tight": 0.0, "dual_solution_value": -0.0, "scaled_age": 0.00909090909090909}, "3": {"bias": -0.9950371902099892, "objective_cosine_similarity": -0.9603174094576835, "is_tight": 0.0, "dual_solution_value": -0.0, "scaled_age": 0.03636363636363636}, "4": {"bias": -0.8219949365267865, "objective_cosine_similarity": -0.8807566534466821, "is_tight": 0.0, "dual_solution_value": -0.0, "scaled_age": 0.045454545454545456}, "5": {"bias": -0.9362397627986744, "objective_cosine_similarity": -0.9259154208163404, "is_tight": 0.0, "dual_solution_value": -0.0, "scaled_age": 0.05454545454545454}, "6": {"bias": -0.9210494233977621, "objective_cosine_similarity": -0.9109471648747832, "is_tight": 0.0, "dual_solution_value": -0.0, "scaled_age": 0.05454545454545454}, "7": {"bias": -0.7276068751089989, "objective_cosine_similarity": -0.8548476970167366, "is_tight": 1.0, "dual_solution_value": -0.0001432458980493121, "scaled_age": 0.0}, "8": {"bias": -0.8773280079294956, "objective_cosine_similarity": -0.9845737660809044, "is_tight": 0.0, "dual_solution_value": -0.0, "scaled_age": 0.03636363636363636}, "9": {"bias": -0.9406905500033269, "objective_cosine_similarity": -0.9826184239592668, "is_tight": 1.0, "dual_solution_value": -1.0932348913891153e-05, "scaled_age": 0.0}, "10": {"bias": -0.8811404262115236, "objective_cosine_similarity": -0.9795701004162014, "is_tight": 0.0, "dual_solution_value": -0.0, "scaled_age": 0.1}, "11": {"bias": -0.9276125895432153, "objective_cosine_similarity": -0.9774726910622729, "is_tight": 0.0, "dual_solution_value": -0.0, "scaled_age": 0.10909090909090909}, "12": {"bias": -0.9219544457292888, "objective_cosine_similarity": -0.9720833959900312, "is_tight": 0.0, "dual_solution_value": -0.0, "scaled_age": 0.11818181818181818}, "13": {"bias": -0.9578949441427994, "objective_cosine_similarity": -0.9698967078578559, "is_tight": 1.0, "dual_solution_value": -4.343263236988897e-05, "scaled_age": 0.0}, "14": {"bias": -0.9411247603072052, "objective_cosine_similarity": -0.9856096680814835, "is_tight": 1.0, "dual_solution_value": -0.008524963795360873, "scaled_age": 0.0}, "15": {"bias": -0.9498645378249914, "objective_cosine_similarity": -0.979925081366368, "is_tight": 0.0, "dual_solution_value": 0.0, "scaled_age": 0.1}, "16": {"bias": -0.3779644730092272, "objective_cosine_similarity": -0.42145454872181687, "is_tight": 0.0, "dual_solution_value": 0.0, "scaled_age": 0.07272727272727272}, "17": {"bias": -0.3779644730092272, "objective_cosine_similarity": -0.3342570558828203, "is_tight": 0.0, "dual_solution_value": 0.0, "scaled_age": 0.20909090909090908}, "18": {"bias": -0.4082482904638631, "objective_cosine_similarity": -0.36888755569608644, "is_tight": 0.0, "dual_solution_value": 0.0, "scaled_age": 0.20909090909090908}, "19": {"bias": -0.3333333333333333, "objective_cosine_similarity": -0.4229552818339209, "is_tight": 0.0, "dual_solution_value": 0.0, "scaled_age": 0.20909090909090908}, "20": {"bias": -0.4472135954999579, "objective_cosine_similarity": -0.36970491590726223, "is_tight": 0.0, "dual_solution_value": 0.0, "scaled_age": 0.20909090909090908}, "21": {"bias": -0.4472135954999579, "objective_cosine_similarity": -0.12610090154976386, "is_tight": 0.0, "dual_solution_value": 0.0, "scaled_age": 0.20909090909090908}, "22": {"bias": -0.4472135954999579, "objective_cosine_similarity": -0.3152522538744097, "is_tight": 0.0, "dual_solution_value": 0.0, "scaled_age": 0.16363636363636364}, "23": {"bias": -0.3333333333333333, "objective_cosine_similarity": -0.6472497494731214, "is_tight": 1.0, "dual_solution_value": -0.007854941815410138, "scaled_age": 0.0}, "24": {"bias": -0.5, "objective_cosine_similarity": -0.3652795615838408, "is_tight": 0.0, "dual_solution_value": 0.0, "scaled_age": 0.20909090909090908}, "25": {"bias": -0.3779644730092272, "objective_cosine_similarity": -0.4602089899835931, "is_tight": 0.0, "dual_solution_value": 0.0, "scaled_age": 0.20909090909090908}, "26": {"bias": -0.3779644730092272, "objective_cosine_similarity": -0.48685266835106433, "is_tight": 0.0, "dual_solution_value": 0.0, "scaled_age": 0.20909090909090908}, "27": {"bias": -0.4082482904638631, "objective_cosine_similarity": -0.30086573691524776, "is_tight": 0.0, "dual_solution_value": 0.0, "scaled_age": 0.20909090909090908}, "28": {"bias": -0.4472135954999579, "objective_cosine_similarity": -0.5044036061990554, "is_tight": 0.0, "dual_solution_value": 0.0, "scaled_age": 0.02727272727272727}, "29": {"bias": -0.4082482904638631, "objective_cosine_similarity": -0.24592503713072428, "is_tight": 0.0, "dual_solution_value": 0.0, "scaled_age": 0.20909090909090908}, "30": {"bias": -0.5, "objective_cosine_similarity": -0.16341454070856035, "is_tight": 0.0, "dual_solution_value": 0.0, "scaled_age": 0.20909090909090908}, "31": {"bias": -0.4082482904638631, "objective_cosine_similarity": -0.6566721736150191, "is_tight": 1.0, "dual_solution_value": -0.02025497858165805, "scaled_age": 0.0}, "32": {"bias": -0.4082482904638631, "objective_cosine_similarity": -0.2694710513240915, "is_tight": 0.0, "dual_solution_value": 0.0, "scaled_age": 0.20909090909090908}, "33": {"bias": -0.5773502691896258, "objective_cosine_similarity": -0.42548840559891893, "is_tight": 1.0, "dual_solution_value": -0.03699899179121034, "scaled_age": 0.0}, "34": {"bias": -0.3333333333333333, "objective_cosine_similarity": -0.3375097703523207, "is_tight": 0.0, "dual_solution_value": 0.0, "scaled_age": 0.20909090909090908}, "35": {"bias": -0.4082482904638631, "objective_cosine_similarity": -0.5520232216444981, "is_tight": 0.0, "dual_solution_value": 0.0, "scaled_age": 0.08181818181818182}, "36": {"bias": -0.31622776601683794, "objective_cosine_similarity": -0.5633720709700436, "is_tight": 0.0, "dual_solution_value": 0.0, "scaled_age": 0.20909090909090908}, "37": {"bias": -0.3779644730092272, "objective_cosine_similarity": -0.2833918517267389, "is_tight": 0.0, "dual_solution_value": 0.0, "scaled_age": 0.20909090909090908}, "38": {"bias": -0.3779644730092272, "objective_cosine_similarity": -0.47231975287789824, "is_tight": 1.0, "dual_solution_value": -0.0015821315274620847, "scaled_age": 0.0}, "39": {"bias": -0.4082482904638631, "objective_cosine_similarity": -0.32441175110861503, "is_tight": 0.0, "dual_solution_value": 0.0, "scaled_age": 0.20909090909090908}, "40": {"bias": -0.5773502691896258, "objective_cosine_similarity": -0.1294964712692362, "is_tight": 0.0, "dual_solution_value": 0.0, "scaled_age": 0.20909090909090908}, "41": {"bias": -0.35355339059327373, "objective_cosine_similarity": -0.5120518775052714, "is_tight": 0.0, "dual_solution_value": 0.0, "scaled_age": 0.20909090909090908}, "42": {"bias": -0.3333333333333333, "objective_cosine_similarity": -0.48276713987104103, "is_tight": 0.0, "dual_solution_value": 0.0, "scaled_age": 0.20909090909090908}, "43": {"bias": -0.5773502691896258, "objective_cosine_similarity": -0.06659818522417862, "is_tight": 0.0, "dual_solution_value": 0.0, "scaled_age": 0.06363636363636363}, "44": {"bias": -0.35355339059327373, "objective_cosine_similarity": -0.3829060499928799, "is_tight": 0.0, "dual_solution_value": 0.0, "scaled_age": 0.20909090909090908}, "45": {"bias": -0.5, "objective_cosine_similarity": -0.30119542797264065, "is_tight": 0.0, "dual_solution_value": 0.0, "scaled_age": 0.03636363636363636}, "46": {"bias": -0.4082482904638631, "objective_cosine_similarity": -0.36888755569608644, "is_tight": 0.0, "dual_solution_value": 0.0, "scaled_age": 0.20909090909090908}, "47": {"bias": -0.3779644730092272, "objective_cosine_similarity": -0.2809696991478779,