{"0": {"bias": -1.2587720374450337, "objective_cosine_similarity": -0.8811404262115237, "is_tight": 0.0, "dual_solution_value": -0.0, "scaled_age": 0.12987012987012986}, "1": {"bias": -1.028991510855053, "objective_cosine_similarity": -0.7920354504673117, "is_tight": 1.0, "dual_solution_value": -0.0006392305925851161, "scaled_age": 0.0}, "2": {"bias": -1.1999387801953534, "objective_cosine_similarity": -0.8463853896020797, "is_tight": 0.0, "dual_solution_value": -0.0, "scaled_age": 0.03896103896103896}, "3": {"bias": -1.2371972472193637, "objective_cosine_similarity": -0.89487371029171, "is_tight": 0.0, "dual_solution_value": -0.0, "scaled_age": 0.03896103896103896}, "4": {"bias": -1.0954451150103321, "objective_cosine_similarity": -0.7783792579303697, "is_tight": 1.0, "dual_solution_value": -4.583087491312906e-06, "scaled_age": 0.0}, "5": {"bias": -1.2924638192450295, "objective_cosine_similarity": -0.9155732431040065, "is_tight": 1.0, "dual_solution_value": -3.7041984899445283e-10, "scaled_age": 0.0}, "6": {"bias": -1.253779333384639, "objective_cosine_similarity": -0.8999884817425404, "is_tight": 0.0, "dual_solution_value": -0.0, "scaled_age": 0.025974025974025976}, "7": {"bias": -0.8, "objective_cosine_similarity": -0.7129770992366412, "is_tight": 0.0, "dual_solution_value": -0.0, "scaled_age": 0.07792207792207792}, "8": {"bias": -1.3269776053940743, "objective_cosine_similarity": -0.758031736414681, "is_tight": 0.0, "dual_solution_value": -0.0, "scaled_age": 0.14285714285714285}, "9": {"bias": -1.2178730020135806, "objective_cosine_similarity": -0.8560748519243044, "is_tight": 0.0, "dual_solution_value": -0.0, "scaled_age": 0.12987012987012986}, "10": {"bias": -0.6666666666666666, "objective_cosine_similarity": -0.4312977099236641, "is_tight": 0.0, "dual_solution_value": -0.0, "scaled_age": 0.012987012987012988}, "11": {"bias": -1.3449771733645655, "objective_cosine_similarity": -0.915089840531848, "is_tight": 0.0, "dual_solution_value": 0.0, "scaled_age": 0.05194805194805195}, "12": {"bias": -0.7071067811865475, "objective_cosine_similarity": -0.21051270584943016, "is_tight": 1.0, "dual_solution_value": -0.04857985519602234, "scaled_age": 0.0}, "13": {"bias": -0.4082482904638631, "objective_cosine_similarity": -0.29761612014732003, "is_tight": 0.0, "dual_solution_value": 0.0, "scaled_age": 0.05194805194805195}, "14": {"bias": -0.4082482904638631, "objective_cosine_similarity": -0.3381293092773217, "is_tight": 0.0, "dual_solution_value": 0.0, "scaled_age": 0.22077922077922077}, "15": {"bias": -0.4082482904638631, "objective_cosine_similarity": -0.42694668544694075, "is_tight": 1.0, "dual_solution_value": -0.026323154381162995, "scaled_age": 0.0}, "16": {"bias": -0.4472135954999579, "objective_cosine_similarity": -0.2355552525915809, "is_tight": 0.0, "dual_solution_value": 0.0, "scaled_age": 0.2857142857142857}, "17": {"bias": -0.7071067811865475, "objective_cosine_similarity": -0.2428992759801117, "is_tight": 1.0, "dual_solution_value": -0.04574261584592172, "scaled_age": 0.0}, "18": {"bias": -0.5, "objective_cosine_similarity": -0.5152671755725191, "is_tight": 1.0, "dual_solution_value": -0.0681736970546569, "scaled_age": 0.0}, "19": {"bias": -0.5773502691896258, "objective_cosine_similarity": -0.20493730929250076, "is_tight": 1.0, "dual_solution_value": -9.042331318094388e-05, "scaled_age": 0.0}, "20": {"bias": -0.7071067811865475, "objective_cosine_similarity": -0.10525635292471508, "is_tight": 0.0, "dual_solution_value": 0.0, "scaled_age": 0.2857142857142857}, "21": {"bias": -0.35355339059327373, "objective_cosine_similarity": -0.3481556289048268, "is_tight": 0.0, "dual_solution_value": 0.0, "scaled_age": 0.2857142857142857}, "22": {"bias": -0.5, "objective_cosine_similarity": -0.21946564885496184, "is_tight": 0.0, "dual_solution_value": 0.0, "scaled_age": 0.025974025974025976}, "23": {"bias": -0.5773502691896258, "objective_cosine_similarity": -0.27765699968661395, "is_tight": 0.0, "dual_solution_value": 0.0, "scaled_age": 0.12987012987012986}, "24": {"bias": -0.4472135954999579, "objective_cosine_similarity": -0.2731075392366155, "is_tight": 0.0, "dual_solution_value": 0.0, "scaled_age": 0.2857142857142857}, "25": {"bias": -0.5773502691896258, "objective_cosine_similarity": -0.2225663251456191, "is_tight": 0.0, "dual_solution_value": 0.0, "scaled_age": 0.12987012987012986}, "26": {"bias": -0.4082482904638631, "objective_cosine_similarity": -0.2929415214015506, "is_tight": 0.0, "dual_solution_value": 0.0, "scaled_age": 0.2857142857142857}, "27": {"bias": -0.5773502691896258, "objective_cosine_similarity": -0.1586611426780651, "is_tight": 0.0, "dual_solution_value": 0.0, "scaled_age": 0.2857142857142857}, "28": {"bias": -0.5, "objective_cosine_similarity": -0.25763358778625955, "is_tight": 0.0, "dual_solution_value": 0.0, "scaled_age": 0.24675324675324675}, "29": {"bias": -0.5773502691896258, "objective_cosine_similarity": -0.2622316108151354, "is_tight": 1.0, "dual_solution_value": -0.024561700618301686, "scaled_age": 0.0}, "30": {"bias": -0.35355339059327373, "objective_cosine_similarity": -0.43047149465364243, "is_tight": 0.0, "dual_solution_value": 0.0, "scaled_age": 0.2857142857142857}, "31": {"bias": -0.5773502691896258, "objective_cosine_similarity": -0.24680622194365684, "is_tight": 0.0, "dual_solution_value": 0.0, "scaled_age": 0.2857142857142857}, "32": {"bias": -0.4472135954999579, "objective_cosine_similarity": -0.25603831803432703, "is_tight": 1.0, "dual_solution_value": -0.0004129048379149456, "scaled_age": 0.0}, "33": {"bias": -0.4472135954999579, "objective_cosine_similarity": -0.3038321374007348, "is_tight": 1.0, "dual_solution_value": -0.00045795086257508893, "scaled_age": 0.0}, "34": {"bias": -0.3333333333333333, "objective_cosine_similarity": -0.42748091603053434, "is_tight": 0.0, "dual_solution_value": 0.0, "scaled_age": 0.2857142857142857}, "35": {"bias": -0.4082482904638631, "objective_cosine_similarity": -0.45655247750348044, "is_tight": 0.0, "dual_solution_value": 0.0, "scaled_age": 0.15584415584415584}, "36": {"bias": -0.4472135954999579, "objective_cosine_similarity": -0.31065982588165014, "is_tight": 1.0, "dual_solution_value": -5.548005514112311e-05, "scaled_age": 0.0}, "37": {"bias": -0.5, "objective_cosine_similarity": -0.14694656488549618, "is_tight": 0.0, "dual_solution_value": 0.0, "scaled_age": 0.2857142857142857}, "38": {"bias": -0.3779644730092272, "objective_cosine_similarity": -0.3231451982979653, "is_tight": 0.0, "dual_solution_value": 0.0, "scaled_age": 0.2857142857142857}, "39": {"bias": -0.5773502691896258, "objective_cosine_similarity": -0.11458860304526924, "is_tight": 0.0, "dual_solution_value": 0.0, "scaled_age": 0.2857142857142857}, "40": {"bias": -0.3779644730092272, "objective_cosine_similarity": -0.27986682352591635, "is_tight": 0.0, "dual_solution_value": 0.0, "scaled_age": 0.2857142857142857}, "41": {"bias": -0.3779644730092272, "objective_cosine_similarity": -0.20340836142862992, "is_tight": 0.0, "dual_solution_value": 0.0, "scaled_age": 0.2857142857142857}, "42": {"bias": -0.5773502691896258, "objective_cosine_similarity": -0.26002798383349557, "is_tight": 1.0, "dual_solution_value": -0.0006192720691373088, "scaled_age": 0.0}, "43": {"bias": -0.4472135954999579, "objective_cosine_similarity": -0.24238294107249628, "is_tight": 0.0, "dual_solution_value": 0.0, "scaled_age": 0.2857142857142857}, "44": {"bias": -0.4472135954999579, "objective_cosine_similarity": -0.3055390595209636, "is_tight": 0.0, "dual_solution_value": 0.0, "scaled_age": 0.2857142857142857}, "45": {"bias": -0.5, "objective_cosine_similarity": -0.3530534351145038, "is_tight": 1.0, "dual_solution_value": -0.0036270910209012454, "scaled_age": 0.0}, "46": {"bias": -0.3779644730092272, "objective_cosine_similarity": -0.43422636021289085, "is_tight": 0.0, "dual_solution_value": 0.0, "scaled_age": 0.24675324675324675}, "47": {"bias": -0.4472135954999579, "objective_cosine_similarity": -0.3550398010076002, "is_tight": 1.0,