{"0": {"bias": -1.1338934190276817, "objective_cosine_similarity": -0.8558308389143571, "is_tight": 0.0, "dual_solution_value": -0.0, "scaled_age": 0.038834951456310676}, "1": {"bias": -0.9045340337332909, "objective_cosine_similarity": -0.5112558858831648, "is_tight": 1.0, "dual_solution_value": -0.0012625022848782726, "scaled_age": 0.0}, "2": {"bias": -1.1202240672224077, "objective_cosine_similarity": -0.7769366353191047, "is_tight": 0.0, "dual_solution_value": -0.0, "scaled_age": 0.11650485436893204}, "3": {"bias": -1.0, "objective_cosine_similarity": -0.5634861632816314, "is_tight": 1.0, "dual_solution_value": -0.0005257659508200798, "scaled_age": 0.0}, "4": {"bias": -1.4596008983995234, "objective_cosine_similarity": -0.8590469383742775, "is_tight": 0.0, "dual_solution_value": -0.0, "scaled_age": 0.06796116504854369}, "5": {"bias": -1.4457007748658628, "objective_cosine_similarity": -0.8940978569195824, "is_tight": 0.0, "dual_solution_value": -0.0, "scaled_age": 0.11650485436893204}, "6": {"bias": -1.2309149097933272, "objective_cosine_similarity": -0.6516894421125965, "is_tight": 0.0, "dual_solution_value": -0.0, "scaled_age": 0.07766990291262135}, "7": {"bias": -1.4587767211804739, "objective_cosine_similarity": -0.7527048132712308, "is_tight": 0.0, "dual_solution_value": -0.0, "scaled_age": 0.08737864077669903}, "8": {"bias": -1.1111677990074318, "objective_cosine_similarity": -0.8820962182026917, "is_tight": 0.0, "dual_solution_value": -0.0, "scaled_age": 0.1262135922330097}, "9": {"bias": -1.5009477476146187, "objective_cosine_similarity": -0.8492321588663018, "is_tight": 0.0, "dual_solution_value": -0.0, "scaled_age": 0.10679611650485436}, "10": {"bias": -1.270001270001905, "objective_cosine_similarity": -0.8956327679215903, "is_tight": 0.0, "dual_solution_value": -0.0, "scaled_age": 0.05825242718446602}, "11": {"bias": -1.223185679325453, "objective_cosine_similarity": -0.9206084706979687, "is_tight": 0.0, "dual_solution_value": -0.0, "scaled_age": 0.1262135922330097}, "12": {"bias": -0.7745966692414834, "objective_cosine_similarity": -0.5516180863789726, "is_tight": 0.0, "dual_solution_value": -0.0, "scaled_age": 0.07766990291262135}, "13": {"bias": -1.131370849898476, "objective_cosine_similarity": -0.8580009533349221, "is_tight": 0.0, "dual_solution_value": -0.0, "scaled_age": 0.02912621359223301}, "14": {"bias": -0.9622504486493763, "objective_cosine_similarity": -0.754443679048439, "is_tight": 0.0, "dual_solution_value": -0.0, "scaled_age": 0.009708737864077669}, "15": {"bias": -1.1338934190276817, "objective_cosine_similarity": -0.8212056217674404, "is_tight": 0.0, "dual_solution_value": -0.0, "scaled_age": 0.02912621359223301}, "16": {"bias": -0.6324555320336759, "objective_cosine_similarity": -0.6427957221498053, "is_tight": 0.0, "dual_solution_value": -0.0, "scaled_age": 0.11650485436893204}, "17": {"bias": -1.419105902568531, "objective_cosine_similarity": -0.9056371835138409, "is_tight": 0.0, "dual_solution_value": 0.0, "scaled_age": 0.06796116504854369}, "18": {"bias": -1.3849600285421664, "objective_cosine_similarity": -0.8943513440140796, "is_tight": 0.0, "dual_solution_value": 0.0, "scaled_age": 0.10679611650485436}, "19": {"bias": -1.4013691883431068, "objective_cosine_similarity": -0.8682450962158635, "is_tight": 0.0, "dual_solution_value": 0.0, "scaled_age": 0.0970873786407767}, "20": {"bias": -1.4903273174650196, "objective_cosine_similarity": -0.857385345285861, "is_tight": 0.0, "dual_solution_value": 0.0, "scaled_age": 0.08737864077669903}, "21": {"bias": -1.4281746692300932, "objective_cosine_similarity": -0.9181957676600653, "is_tight": 0.0, "dual_solution_value": 0.0, "scaled_age": 0.14563106796116504}, "22": {"bias": -1.4463198792326553, "objective_cosine_similarity": -0.9120264676264522, "is_tight": 0.0, "dual_solution_value": 0.0, "scaled_age": 0.02912621359223301}, "23": {"bias": -1.47051952513172, "objective_cosine_similarity": -0.9071410856886922, "is_tight": 1.0, "dual_solution_value": -0.010200735251784257, "scaled_age": 0.0}, "24": {"bias": -0.5773502691896258, "objective_cosine_similarity": -0.23950592985664731, "is_tight": 0.0, "dual_solution_value": 0.0, "scaled_age": 0.009708737864077669}, "25": {"bias": -0.7071067811865475, "objective_cosine_similarity": -0.0953334392594358, "is_tight": 1.0, "dual_solution_value": -0.0024422627398269893, "scaled_age": 0.0}, "26": {"bias": -0.5, "objective_cosine_similarity": -0.18149094216126163, "is_tight": 0.0, "dual_solution_value": 0.0, "scaled_age": 0.20388349514563106}, "27": {"bias": -0.5773502691896258, "objective_cosine_similarity": -0.38919713601705186, "is_tight": 1.0, "dual_solution_value": -0.005667190930249171, "scaled_age": 0.0}, "28": {"bias": -0.4472135954999579, "objective_cosine_similarity": -0.2597286937427607, "is_tight": 0.0, "dual_solution_value": 0.0, "scaled_age": 0.07766990291262135}, "29": {"bias": -0.5773502691896258, "objective_cosine_similarity": -0.1407097337907803, "is_tight": 0.0, "dual_solution_value": 0.0, "scaled_age": 0.20388349514563106}, "30": {"bias": -0.4082482904638631, "objective_cosine_similarity": -0.21592924059843177, "is_tight": 0.0, "dual_solution_value": 0.0, "scaled_age": 0.20388349514563106}, "31": {"bias": -0.5, "objective_cosine_similarity": -0.40446552824509735, "is_tight": 1.0, "dual_solution_value": -0.0029287997732670144, "scaled_age": 0.0}, "32": {"bias": -0.7071067811865475, "objective_cosine_similarity": -0.2126669029633568, "is_tight": 1.0, "dual_solution_value": -0.00010445742666039478, "scaled_age": 0.0}, "33": {"bias": -0.4472135954999579, "objective_cosine_similarity": -0.19015850791880692, "is_tight": 0.0, "dual_solution_value": 0.0, "scaled_age": 0.20388349514563106}, "34": {"bias": -0.4472135954999579, "objective_cosine_similarity": -0.389593040614141, "is_tight": 0.0, "dual_solution_value": 0.0, "scaled_age": 0.038834951456310676}, "35": {"bias": -0.7071067811865475, "objective_cosine_similarity": -0.1540001711113963, "is_tight": 1.0, "dual_solution_value": -0.001862850871067625, "scaled_age": 0.0}, "36": {"bias": -0.4472135954999579, "objective_cosine_similarity": -0.2968327928488694, "is_tight": 0.0, "dual_solution_value": 0.0, "scaled_age": 0.20388349514563106}, "37": {"bias": -0.5, "objective_cosine_similarity": -0.19964003637738778, "is_tight": 0.0, "dual_solution_value": 0.0, "scaled_age": 0.20388349514563106}, "38": {"bias": -0.4472135954999579, "objective_cosine_similarity": -0.20871055747186126, "is_tight": 0.0, "dual_solution_value": 0.0, "scaled_age": 0.18446601941747573}, "39": {"bias": -0.7071067811865475, "objective_cosine_similarity": -0.2126669029633568, "is_tight": 1.0, "dual_solution_value": -0.0006630652967484829, "scaled_age": 0.0}, "40": {"bias": -0.4472135954999579, "objective_cosine_similarity": -0.2620476999368925, "is_tight": 0.0, "dual_solution_value": 0.0, "scaled_age": 0.20388349514563106}, "41": {"bias": -0.5773502691896258, "objective_cosine_similarity": -0.1407097337907803, "is_tight": 1.0, "dual_solution_value": -0.0015988184927136118, "scaled_age": 0.0}, "42": {"bias": -0.5773502691896258, "objective_cosine_similarity": -0.18861091976210975, "is_tight": 0.0, "dual_solution_value": 0.0, "scaled_age": 0.20388349514563106}, "43": {"bias": -0.5, "objective_cosine_similarity": -0.3189055126547883, "is_tight": 0.0, "dual_solution_value": 0.0, "scaled_age": 0.20388349514563106}, "44": {"bias": -0.5, "objective_cosine_similarity": -0.2670509577515707, "is_tight": 0.0, "dual_solution_value": 0.0, "scaled_age": 0.20388349514563106}, "45": {"bias": -0.5, "objective_cosine_similarity": -0.2670509577515707, "is_tight": 0.0, "dual_solution_value": 0.0, "scaled_age": 0.20388349514563106}, "46": {"bias": -0.5773502691896258, "objective_cosine_similarity": -0.2844132917047687, "is_tight": 0.0, "dual_solution_value": 0.0, "scaled_age": 0.038834951456310676}, "47": {"bias": -0.5773502691896258, "objective_cosine_similarity": -0.1796294473924855, "is_tight": 0.0,