{"0": {"bias": -1.041511287846591, "objective_cosine_similarity": -0.8604111782133299, "is_tight": 0.0, "dual_solution_value": -0.0, "scaled_age": 0.04411764705882353}, "1": {"bias": -1.0206207261596576, "objective_cosine_similarity": -0.9094962171298799, "is_tight": 0.0, "dual_solution_value": -0.0, "scaled_age": 0.014705882352941176}, "2": {"bias": -0.8751899489873673, "objective_cosine_similarity": -0.8947360481600366, "is_tight": 1.0, "dual_solution_value": -0.0027658661895437467, "scaled_age": 0.0}, "3": {"bias": -0.9525793444156804, "objective_cosine_similarity": -0.9278449815224429, "is_tight": 0.0, "dual_solution_value": -0.0, "scaled_age": 0.014705882352941176}, "4": {"bias": -0.6666666666666666, "objective_cosine_similarity": -0.7835207265862631, "is_tight": 0.0, "dual_solution_value": -0.0, "scaled_age": 0.07352941176470588}, "5": {"bias": -0.6030226891555273, "objective_cosine_similarity": -0.6771685088007756, "is_tight": 1.0, "dual_solution_value": -2.477770112887344e-05, "scaled_age": 0.0}, "6": {"bias": -0.7184212081070996, "objective_cosine_similarity": -0.7908522819687519, "is_tight": 0.0, "dual_solution_value": -0.0, "scaled_age": 0.058823529411764705}, "7": {"bias": -1.07779502018694, "objective_cosine_similarity": -0.9157849605947014, "is_tight": 1.0, "dual_solution_value": -0.022298167529992904, "scaled_age": 0.0}, "8": {"bias": -0.5773502691896258, "objective_cosine_similarity": -0.2788556932665803, "is_tight": 0.0, "dual_solution_value": 0.0, "scaled_age": 0.058823529411764705}, "9": {"bias": -0.35355339059327373, "objective_cosine_similarity": -0.4155246142270181, "is_tight": 0.0, "dual_solution_value": 0.0, "scaled_age": 0.3088235294117647}, "10": {"bias": -0.3779644730092272, "objective_cosine_similarity": -0.529406319264875, "is_tight": 0.0, "dual_solution_value": 0.0, "scaled_age": 0.3088235294117647}, "11": {"bias": -0.3779644730092272, "objective_cosine_similarity": -0.39249089186878666, "is_tight": 0.0, "dual_solution_value": 0.0, "scaled_age": 0.3088235294117647}, "12": {"bias": -0.3779644730092272, "objective_cosine_similarity": -0.41378884724151155, "is_tight": 0.0, "dual_solution_value": 0.0, "scaled_age": 0.3088235294117647}, "13": {"bias": -0.5, "objective_cosine_similarity": -0.4145683296492385, "is_tight": 0.0, "dual_solution_value": 0.0, "scaled_age": 0.20588235294117646}, "14": {"bias": -0.5773502691896258, "objective_cosine_similarity": -0.21378936483771152, "is_tight": 1.0, "dual_solution_value": -6.679529747356886e-05, "scaled_age": 0.0}, "15": {"bias": -0.4472135954999579, "objective_cosine_similarity": -0.23760076032364955, "is_tight": 0.0, "dual_solution_value": 0.0, "scaled_age": 0.3088235294117647}, "16": {"bias": -0.5, "objective_cosine_similarity": -0.28577040199122267, "is_tight": 0.0, "dual_solution_value": 0.0, "scaled_age": 0.058823529411764705}, "17": {"bias": -0.3779644730092272, "objective_cosine_similarity": -0.565917099903832, "is_tight": 0.0, "dual_solution_value": 0.0, "scaled_age": 0.3088235294117647}, "18": {"bias": -0.4472135954999579, "objective_cosine_similarity": -0.3420010944052531, "is_tight": 1.0, "dual_solution_value": -0.02014123811267636, "scaled_age": 0.0}, "19": {"bias": -0.5773502691896258, "objective_cosine_similarity": -0.23702733927659322, "is_tight": 1.0, "dual_solution_value": -0.00018455858472184124, "scaled_age": 0.0}, "20": {"bias": -0.3779644730092272, "objective_cosine_similarity": -0.5202786241051358, "is_tight": 0.0, "dual_solution_value": 0.0, "scaled_age": 0.3088235294117647}, "21": {"bias": -0.4082482904638631, "objective_cosine_similarity": -0.23661690201752975, "is_tight": 0.0, "dual_solution_value": 0.0, "scaled_age": 0.3088235294117647}, "22": {"bias": -0.4082482904638631, "objective_cosine_similarity": -0.4666611123123503, "is_tight": 0.0, "dual_solution_value": 0.0, "scaled_age": 0.22058823529411764}, "23": {"bias": -0.35355339059327373, "objective_cosine_similarity": -0.3671416112005845, "is_tight": 0.0, "dual_solution_value": 0.0, "scaled_age": 0.3088235294117647}, "24": {"bias": -0.4472135954999579, "objective_cosine_similarity": -0.7380023616113357, "is_tight": 1.0, "dual_solution_value": -0.0635993893585662, "scaled_age": 0.0}, "25": {"bias": -0.3779644730092272, "objective_cosine_similarity": -0.33772472091035133, "is_tight": 0.0, "dual_solution_value": 0.0, "scaled_age": 0.3088235294117647}, "26": {"bias": -0.31622776601683794, "objective_cosine_similarity": -0.6542172874524632, "is_tight": 0.0, "dual_solution_value": 0.0, "scaled_age": 0.3088235294117647}, "27": {"bias": -0.4082482904638631, "objective_cosine_similarity": -0.3877888116398404, "is_tight": 0.0, "dual_solution_value": 0.0, "scaled_age": 0.3088235294117647}, "28": {"bias": -0.4082482904638631, "objective_cosine_similarity": -0.41407957853067706, "is_tight": 0.0, "dual_solution_value": 0.0, "scaled_age": 0.3088235294117647}, "29": {"bias": -0.5, "objective_cosine_similarity": -0.3380945601022916, "is_tight": 1.0, "dual_solution_value": -0.0058603298611614426, "scaled_age": 0.0}, "30": {"bias": -0.4082482904638631, "objective_cosine_similarity": -0.5093836085099599, "is_tight": 0.0, "dual_solution_value": 0.0, "scaled_age": 0.3088235294117647}, "31": {"bias": -0.5773502691896258, "objective_cosine_similarity": -0.4229311347876467, "is_tight": 0.0, "dual_solution_value": 0.0, "scaled_age": 0.16176470588235295}, "32": {"bias": -0.4082482904638631, "objective_cosine_similarity": -0.39764784922390417, "is_tight": 0.0, "dual_solution_value": 0.0, "scaled_age": 0.3088235294117647}, "33": {"bias": -0.4472135954999579, "objective_cosine_similarity": -0.24840079488381545, "is_tight": 0.0, "dual_solution_value": 0.0, "scaled_age": 0.3088235294117647}, "34": {"bias": -0.4472135954999579, "objective_cosine_similarity": -0.15120048384232243, "is_tight": 0.0, "dual_solution_value": 0.0, "scaled_age": 0.3088235294117647}, "35": {"bias": -0.5, "objective_cosine_similarity": -0.2616207905553447, "is_tight": 0.0, "dual_solution_value": 0.0, "scaled_age": 0.3088235294117647}, "36": {"bias": -0.5, "objective_cosine_similarity": -0.4507927468030555, "is_tight": 0.0, "dual_solution_value": 0.0, "scaled_age": 0.3088235294117647}, "37": {"bias": -0.4472135954999579, "objective_cosine_similarity": -0.40320129024619317, "is_tight": 0.0, "dual_solution_value": 0.0, "scaled_age": 0.04411764705882353}, "38": {"bias": -0.3779644730092272, "objective_cosine_similarity": -0.4381293676674828, "is_tight": 0.0, "dual_solution_value": 0.0, "scaled_age": 0.14705882352941177}, "39": {"bias": -0.4472135954999579, "objective_cosine_similarity": -0.2844009100843684, "is_tight": 0.0, "dual_solution_value": 0.0, "scaled_age": 0.3088235294117647}, "40": {"bias": -0.5, "objective_cosine_similarity": -0.22942130864084073, "is_tight": 0.0, "dual_solution_value": 0.0, "scaled_age": 0.23529411764705882}, "41": {"bias": -0.4472135954999579, "objective_cosine_similarity": -0.3132010022448108, "is_tight": 0.0, "dual_solution_value": 0.0, "scaled_age": 0.029411764705882353}, "42": {"bias": -0.3779644730092272, "objective_cosine_similarity": -0.4928955386259181, "is_tight": 0.0, "dual_solution_value": 0.0, "scaled_age": 0.014705882352941176}, "43": {"bias": -0.35355339059327373, "objective_cosine_similarity": -0.35291131619280985, "is_tight": 0.0, "dual_solution_value": 0.0, "scaled_age": 0.3088235294117647}, "44": {"bias": -0.3779644730092272, "objective_cosine_similarity": -0.45638475798696126, "is_tight": 1.0, "dual_solution_value": -8.721666941129095e-05, "scaled_age": 0.0}, "45": {"bias": -0.3779644730092272, "objective_cosine_similarity": -0.5081083638921502, "is_tight": 0.0, "dual_solution_value": 0.0, "scaled_age": 0.2647058823529412}, "46": {"bias": -0.4472135954999579, "objective_cosine_similarity": -0.23760076032364955, "is_tight": 0.0, "dual_solution_value": 0.0, "scaled_age": 0.07352941176470588}, "47": {"bias": -0.5773502691896258, "objective_cosine_similarity": -0.3625124012465543, "is_tight": 0.0,