{"0": {"bias": -0.6324555320336759, "objective_cosine_similarity": -0.734276376395201, "is_tight": 1.0, "dual_solution_value": -0.0009206185352425392, "scaled_age": 0.0}, "1": {"bias": -1.0062305898749053, "objective_cosine_similarity": -0.956161657381993, "is_tight": 0.0, "dual_solution_value": -0.0, "scaled_age": 0.09655172413793103}, "2": {"bias": -0.7276068751089989, "objective_cosine_similarity": -0.8157770536508527, "is_tight": 0.0, "dual_solution_value": -0.0, "scaled_age": 0.020689655172413793}, "3": {"bias": -0.8451542547285166, "objective_cosine_similarity": -0.8738090238512255, "is_tight": 1.0, "dual_solution_value": -0.001018225926764274, "scaled_age": 0.0}, "4": {"bias": -0.9026798209513404, "objective_cosine_similarity": -0.9403069119136892, "is_tight": 0.0, "dual_solution_value": -0.0, "scaled_age": 0.04827586206896552}, "5": {"bias": -0.75, "objective_cosine_similarity": -0.6879957871004245, "is_tight": 0.0, "dual_solution_value": -0.0, "scaled_age": 0.006896551724137931}, "6": {"bias": -0.9899494936611665, "objective_cosine_similarity": -0.9472972972972972, "is_tight": 0.0, "dual_solution_value": -0.0, "scaled_age": 0.08275862068965517}, "7": {"bias": -0.9091372900969896, "objective_cosine_similarity": -0.8861003861003861, "is_tight": 0.0, "dual_solution_value": -0.0, "scaled_age": 0.05517241379310345}, "8": {"bias": -0.8992509361998127, "objective_cosine_similarity": -0.944729485597596, "is_tight": 0.0, "dual_solution_value": -0.0, "scaled_age": 0.020689655172413793}, "9": {"bias": -1.0, "objective_cosine_similarity": -0.9630575948399793, "is_tight": 1.0, "dual_solution_value": -1.5105421909519759e-05, "scaled_age": 0.0}, "10": {"bias": -0.9801960588196068, "objective_cosine_similarity": -0.8991610120004393, "is_tight": 0.0, "dual_solution_value": -0.0, "scaled_age": 0.10344827586206896}, "11": {"bias": -0.944442825030838, "objective_cosine_similarity": -0.9442761377405199, "is_tight": 0.0, "dual_solution_value": -0.0, "scaled_age": 0.05517241379310345}, "12": {"bias": -0.9578414886923188, "objective_cosine_similarity": -0.9513373660783213, "is_tight": 0.0, "dual_solution_value": -0.0, "scaled_age": 0.013793103448275862}, "13": {"bias": -1.0690449676496976, "objective_cosine_similarity": -0.9500188105367062, "is_tight": 1.0, "dual_solution_value": -7.728435058790312e-05, "scaled_age": 0.0}, "14": {"bias": -0.9903751369442766, "objective_cosine_similarity": -0.9700114859907432, "is_tight": 0.0, "dual_solution_value": -0.0, "scaled_age": 0.1103448275862069}, "15": {"bias": -1.0073821917977617, "objective_cosine_similarity": -0.9708866250196598, "is_tight": 0.0, "dual_solution_value": -0.0, "scaled_age": 0.09655172413793103}, "16": {"bias": -0.9753841331435327, "objective_cosine_similarity": -0.9665130567505861, "is_tight": 0.0, "dual_solution_value": -0.0, "scaled_age": 0.06206896551724138}, "17": {"bias": -0.9980922081193268, "objective_cosine_similarity": -0.9659889149516163, "is_tight": 0.0, "dual_solution_value": -0.0, "scaled_age": 0.041379310344827586}, "18": {"bias": -0.9922778767136677, "objective_cosine_similarity": -0.9398743369060462, "is_tight": 0.0, "dual_solution_value": -0.0, "scaled_age": 0.006896551724137931}, "19": {"bias": -1.017307697189482, "objective_cosine_similarity": -0.9780921426065967, "is_tight": 0.0, "dual_solution_value": -0.0, "scaled_age": 0.05517241379310345}, "20": {"bias": -0.7826237921249264, "objective_cosine_similarity": -0.8899247604460337, "is_tight": 0.0, "dual_solution_value": -0.0, "scaled_age": 0.013793103448275862}, "21": {"bias": -0.3779644730092272, "objective_cosine_similarity": -0.4586780773361877, "is_tight": 1.0, "dual_solution_value": -0.0003370836999790353, "scaled_age": 0.0}, "22": {"bias": -0.4472135954999579, "objective_cosine_similarity": -0.3760546406686721, "is_tight": 1.0, "dual_solution_value": -3.6692763720106904e-05, "scaled_age": 0.013793103448275862}, "23": {"bias": -0.3779644730092272, "objective_cosine_similarity": -0.5272992070164048, "is_tight": 0.0, "dual_solution_value": 0.0, "scaled_age": 0.08275862068965517}, "24": {"bias": -0.5773502691896258, "objective_cosine_similarity": -0.5075519286848027, "is_tight": 1.0, "dual_solution_value": -0.06894634990999035, "scaled_age": 0.0}, "25": {"bias": -0.4082482904638631, "objective_cosine_similarity": -0.5734492538572635, "is_tight": 1.0, "dual_solution_value": -0.004008513005505661, "scaled_age": 0.0}, "26": {"bias": -0.5773502691896258, "objective_cosine_similarity": -0.2096410140219837, "is_tight": 1.0, "dual_solution_value": -0.012458801398113438, "scaled_age": 0.0}, "27": {"bias": -0.4472135954999579, "objective_cosine_similarity": -0.5170751309194241, "is_tight": 0.0, "dual_solution_value": 0.0, "scaled_age": 0.006896551724137931}, "28": {"bias": -0.4472135954999579, "objective_cosine_similarity": -0.38460133704750554, "is_tight": 0.0, "dual_solution_value": 0.0, "scaled_age": 0.15172413793103448}, "29": {"bias": -0.4082482904638631, "objective_cosine_similarity": -0.42130965589513236, "is_tight": 0.0, "dual_solution_value": 0.0, "scaled_age": 0.15172413793103448}, "30": {"bias": -0.31622776601683794, "objective_cosine_similarity": -0.48347415729725174, "is_tight": 0.0, "dual_solution_value": 0.0, "scaled_age": 0.15172413793103448}, "31": {"bias": -0.5, "objective_cosine_similarity": -0.19110994086122904, "is_tight": 0.0, "dual_solution_value": 0.0, "scaled_age": 0.15172413793103448}, "32": {"bias": -0.35355339059327373, "objective_cosine_similarity": -0.5101351351351351, "is_tight": 0.0, "dual_solution_value": 0.0, "scaled_age": 0.15172413793103448}, "33": {"bias": -0.3779644730092272, "objective_cosine_similarity": -0.3972802244644146, "is_tight": 0.0, "dual_solution_value": 0.0, "scaled_age": 0.15172413793103448}, "34": {"bias": -0.4082482904638631, "objective_cosine_similarity": -0.33548731858316094, "is_tight": 0.0, "dual_solution_value": 0.0, "scaled_age": 0.15172413793103448}, "35": {"bias": -0.3333333333333333, "objective_cosine_similarity": -0.5637743255406257, "is_tight": 0.0, "dual_solution_value": 0.0, "scaled_age": 0.15172413793103448}, "36": {"bias": -0.4082482904638631, "objective_cosine_similarity": -0.394002548568596, "is_tight": 0.0, "dual_solution_value": 0.0, "scaled_age": 0.15172413793103448}, "37": {"bias": -0.5773502691896258, "objective_cosine_similarity": -0.11033737580104405, "is_tight": 0.0, "dual_solution_value": 0.0, "scaled_age": 0.09655172413793103}, "38": {"bias": -0.35355339059327373, "objective_cosine_similarity": -0.3479729729729729, "is_tight": 0.0, "dual_solution_value": 0.0, "scaled_age": 0.15172413793103448}, "39": {"bias": -0.3779644730092272, "objective_cosine_similarity": -0.5959203366966218, "is_tight": 0.0, "dual_solution_value": 0.0, "scaled_age": 0.15172413793103448}, "40": {"bias": -0.4472135954999579, "objective_cosine_similarity": -0.30340772144858774, "is_tight": 1.0, "dual_solution_value": -0.0005201052221591175, "scaled_age": 0.0}, "41": {"bias": -0.35355339059327373, "objective_cosine_similarity": -0.5608108108108107, "is_tight": 0.0, "dual_solution_value": 0.0, "scaled_age": 0.15172413793103448}, "42": {"bias": -0.5, "objective_cosine_similarity": -0.3965531272870503, "is_tight": 1.0, "dual_solution_value": -0.0005814953161002032, "scaled_age": 0.0}, "43": {"bias": -0.5, "objective_cosine_similarity": -0.24844292311959776, "is_tight": 0.0, "dual_solution_value": 0.0, "scaled_age": 0.15172413793103448}, "44": {"bias": -0.3333333333333333, "objective_cosine_similarity": -0.5255523373683798, "is_tight": 0.0, "dual_solution_value": 0.0, "scaled_age": 0.15172413793103448}, "45": {"bias": -0.4472135954999579, "objective_cosine_similarity": -0.41451477437342266, "is_tight": 0.0, "dual_solution_value": 0.0, "scaled_age": 0.11724137931034483}, "46": {"bias": -0.3779644730092272, "objective_cosine_similarity": -0.3358823715926414, "is_tight": 0.0, "dual_solution_value": 0.0, "scaled_age": 0.15172413793103448}, "47": {"bias": -0.4082482904638631,