{"0": {"bias": -1.0293004709313307, "objective_cosine_similarity": -0.9256582877305112, "is_tight": 0.0, "dual_solution_value": -0.0, "scaled_age": 0.010869565217391304}, "1": {"bias": -1.025229189260113, "objective_cosine_similarity": -0.8914439728586445, "is_tight": 0.0, "dual_solution_value": -0.0, "scaled_age": 0.05434782608695652}, "2": {"bias": -1.1338934190276817, "objective_cosine_similarity": -0.8317243548088038, "is_tight": 0.0, "dual_solution_value": -0.0, "scaled_age": 0.043478260869565216}, "3": {"bias": -1.019049330730136, "objective_cosine_similarity": -0.8795906682903941, "is_tight": 0.0, "dual_solution_value": -0.0, "scaled_age": 0.043478260869565216}, "4": {"bias": -1.058475493514314, "objective_cosine_similarity": -0.8974363318669482, "is_tight": 1.0, "dual_solution_value": 1.7954385245474503e-18, "scaled_age": 0.0}, "5": {"bias": -0.7071067811865476, "objective_cosine_similarity": -0.6596523776719952, "is_tight": 0.0, "dual_solution_value": -0.0, "scaled_age": 0.07608695652173914}, "6": {"bias": -0.7071067811865475, "objective_cosine_similarity": -0.43077562921851925, "is_tight": 1.0, "dual_solution_value": -1.5265577672103988e-17, "scaled_age": 0.0}, "7": {"bias": -1.091089451179962, "objective_cosine_similarity": -0.617165017764379, "is_tight": 0.0, "dual_solution_value": -0.0, "scaled_age": 0.021739130434782608}, "8": {"bias": -1.116312611302876, "objective_cosine_similarity": -0.8682880695308384, "is_tight": 0.0, "dual_solution_value": -0.0, "scaled_age": 0.09782608695652174}, "9": {"bias": -0.8576900278702358, "objective_cosine_similarity": -0.918354879052498, "is_tight": 1.0, "dual_solution_value": -4.1017535175324945e-19, "scaled_age": 0.0}, "10": {"bias": -1.102138544509265, "objective_cosine_similarity": -0.9285605322768015, "is_tight": 0.0, "dual_solution_value": -0.0, "scaled_age": 0.021739130434782608}, "11": {"bias": -1.0130044474093902, "objective_cosine_similarity": -0.9398560266057163, "is_tight": 0.0, "dual_solution_value": -0.0, "scaled_age": 0.03260869565217391}, "12": {"bias": -0.7071067811865475, "objective_cosine_similarity": -0.1618672061305951, "is_tight": 1.0, "dual_solution_value": -0.036550659448844065, "scaled_age": 0.0}, "13": {"bias": -0.7071067811865475, "objective_cosine_similarity": -0.10965197834653218, "is_tight": 1.0, "dual_solution_value": -0.010443045556812611, "scaled_age": 0.0}, "14": {"bias": -0.35355339059327373, "objective_cosine_similarity": -0.5299845620082388, "is_tight": 0.0, "dual_solution_value": 0.0, "scaled_age": 0.010869565217391304}, "15": {"bias": -0.4082482904638631, "objective_cosine_similarity": -0.24720110169879622, "is_tight": 0.0, "dual_solution_value": 0.0, "scaled_age": 0.17391304347826086}, "16": {"bias": -0.7071067811865475, "objective_cosine_similarity": -0.1618672061305951, "is_tight": 1.0, "dual_solution_value": 0.0, "scaled_age": 0.17391304347826086}, "17": {"bias": -0.3779644730092272, "objective_cosine_similarity": -0.35725072958230497, "is_tight": 0.0, "dual_solution_value": 0.0, "scaled_age": 0.17391304347826086}, "18": {"bias": -0.3333333333333333, "objective_cosine_similarity": -0.4184464053361928, "is_tight": 0.0, "dual_solution_value": 0.0, "scaled_age": 0.17391304347826086}, "19": {"bias": -0.4472135954999579, "objective_cosine_similarity": -0.26088809638058985, "is_tight": 0.0, "dual_solution_value": 0.0, "scaled_age": 0.17391304347826086}, "20": {"bias": -0.4082482904638631, "objective_cosine_similarity": -0.2803622250974152, "is_tight": 0.0, "dual_solution_value": 0.0, "scaled_age": 0.17391304347826086}, "21": {"bias": -0.4472135954999579, "objective_cosine_similarity": -0.42930952568957825, "is_tight": 1.0, "dual_solution_value": -0.0044963187010092056, "scaled_age": 0.0}, "22": {"bias": -0.3779644730092272, "objective_cosine_similarity": -0.38516094283092256, "is_tight": 0.0, "dual_solution_value": 0.0, "scaled_age": 0.17391304347826086}, "23": {"bias": -0.35355339059327373, "objective_cosine_similarity": -0.45949400449975386, "is_tight": 0.0, "dual_solution_value": 0.0, "scaled_age": 0.17391304347826086}, "24": {"bias": -0.4082482904638631, "objective_cosine_similarity": -0.6511638776456096, "is_tight": 1.0, "dual_solution_value": -0.018087885490155848, "scaled_age": 0.0}, "25": {"bias": -0.4472135954999579, "objective_cosine_similarity": -0.19484047704373167, "is_tight": 1.0, "dual_solution_value": -1.0999138156418653e-17, "scaled_age": 0.0}, "26": {"bias": -0.3779644730092272, "objective_cosine_similarity": -0.41307115607954015, "is_tight": 0.0, "dual_solution_value": 0.0, "scaled_age": 0.07608695652173914}, "27": {"bias": -0.4082482904638631, "objective_cosine_similarity": -0.4702850227440513, "is_tight": 0.0, "dual_solution_value": 0.0, "scaled_age": 0.17391304347826086}, "28": {"bias": -0.35355339059327373, "objective_cosine_similarity": -0.44644019755373815, "is_tight": 0.0, "dual_solution_value": 0.0, "scaled_age": 0.17391304347826086}, "29": {"bias": -0.3779644730092272, "objective_cosine_similarity": -0.27910213248617577, "is_tight": 0.0, "dual_solution_value": 0.0, "scaled_age": 0.043478260869565216}, "30": {"bias": -0.35355339059327373, "objective_cosine_similarity": -0.4725478114457696, "is_tight": 0.0, "dual_solution_value": 0.0, "scaled_age": 0.06521739130434782}, "31": {"bias": -0.5, "objective_cosine_similarity": -0.22522262404859789, "is_tight": 1.0, "dual_solution_value": 2.732757845740415e-19, "scaled_age": 0.0}, "32": {"bias": -0.4472135954999579, "objective_cosine_similarity": -0.3236333347506052, "is_tight": 1.0, "dual_solution_value": 4.155229970202601e-18, "scaled_age": 0.0}, "33": {"bias": -0.3779644730092272, "objective_cosine_similarity": -0.6363528620684807, "is_tight": 1.0, "dual_solution_value": -0.019537149274032328, "scaled_age": 0.0}, "34": {"bias": -0.4082482904638631, "objective_cosine_similarity": -0.4250653090186618, "is_tight": 1.0, "dual_solution_value": -0.02110253307184846, "scaled_age": 0.0}, "35": {"bias": -0.5773502691896258, "objective_cosine_similarity": -0.1918509973112241, "is_tight": 0.0, "dual_solution_value": 0.0, "scaled_age": 0.043478260869565216}, "36": {"bias": -0.4082482904638631, "objective_cosine_similarity": -0.25323039686218146, "is_tight": 0.0, "dual_solution_value": 0.0, "scaled_age": 0.17391304347826086}, "37": {"bias": -0.5, "objective_cosine_similarity": -0.22891479821332902, "is_tight": 0.0, "dual_solution_value": 0.0, "scaled_age": 0.17391304347826086}, "38": {"bias": -0.3779644730092272, "objective_cosine_similarity": -0.3209674523591021, "is_tight": 0.0, "dual_solution_value": 0.0, "scaled_age": 0.17391304347826086}, "39": {"bias": -0.3333333333333333, "objective_cosine_similarity": -0.4307536525519632, "is_tight": 0.0, "dual_solution_value": 0.0, "scaled_age": 0.09782608695652174}, "40": {"bias": -0.3779644730092272, "objective_cosine_similarity": -0.29584826043534634, "is_tight": 0.0, "dual_solution_value": 0.0, "scaled_age": 0.17391304347826086}, "41": {"bias": -0.3779644730092272, "objective_cosine_similarity": -0.4688915825767753, "is_tight": 0.0, "dual_solution_value": 0.0, "scaled_age": 0.010869565217391304}, "42": {"bias": -0.35355339059327373, "objective_cosine_similarity": -0.43077562921851925, "is_tight": 0.0, "dual_solution_value": 0.0, "scaled_age": 0.06521739130434782}, "43": {"bias": -0.4082482904638631, "objective_cosine_similarity": -0.3195526436594195, "is_tight": 0.0, "dual_solution_value": 0.0, "scaled_age": 0.17391304347826086}, "44": {"bias": -0.3333333333333333, "objective_cosine_similarity": -0.4282922031088091, "is_tight": 0.0, "dual_solution_value": 0.0, "scaled_age": 0.17391304347826086}, "45": {"bias": -0.5, "objective_cosine_similarity": -0.15137914075397563, "is_tight": 0.0, "dual_solution_value": 0.0, "scaled_age": 0.17391304347826086}, "46": {"bias": -0.5, "objective_cosine_similarity": -0.40244698395569134, "is_tight": 1.0, "dual_solution_value": -2.0495683843053186e-17, "scaled_age": 0.0}, "47": {"bias": -0.4472135954999579,