{"0": {"bias": -0.9045340337332909, "objective_cosine_similarity": -0.49423029028432064, "is_tight": 1.0, "dual_solution_value": -0.00023298464391170975, "scaled_age": 0.0}, "1": {"bias": -0.7276068751089989, "objective_cosine_similarity": -0.6646365636294506, "is_tight": 0.0, "dual_solution_value": -0.0, "scaled_age": 0.03}, "2": {"bias": -0.6123724356957946, "objective_cosine_similarity": -0.6949290909814962, "is_tight": 0.0, "dual_solution_value": -0.0, "scaled_age": 0.03}, "3": {"bias": -0.769800358919501, "objective_cosine_similarity": -0.757103163827988, "is_tight": 0.0, "dual_solution_value": -0.0, "scaled_age": 0.01}, "4": {"bias": -1.0556429637574378, "objective_cosine_similarity": -0.9230021783494927, "is_tight": 1.0, "dual_solution_value": -0.0002369421020407721, "scaled_age": 0.0}, "5": {"bias": -1.097590418915526, "objective_cosine_similarity": -0.9310954926488909, "is_tight": 0.0, "dual_solution_value": 0.0, "scaled_age": 0.1}, "6": {"bias": -1.0248241976588788, "objective_cosine_similarity": -0.8982646628750658, "is_tight": 1.0, "dual_solution_value": -0.006557571436583983, "scaled_age": 0.0}, "7": {"bias": -1.0557988924768036, "objective_cosine_similarity": -0.9100918163050018, "is_tight": 0.0, "dual_solution_value": 0.0, "scaled_age": 0.03}, "8": {"bias": -1.1847933237787607, "objective_cosine_similarity": -0.8913796875053979, "is_tight": 0.0, "dual_solution_value": 0.0, "scaled_age": 0.01}, "9": {"bias": -1.0574874341560867, "objective_cosine_similarity": -0.8938831357245918, "is_tight": 0.0, "dual_solution_value": 0.0, "scaled_age": 0.05}, "10": {"bias": -0.5, "objective_cosine_similarity": -0.332038303074924, "is_tight": 1.0, "dual_solution_value": -0.00014718804285674086, "scaled_age": 0.0}, "11": {"bias": -0.3779644730092272, "objective_cosine_similarity": -0.5147034562778697, "is_tight": 0.0, "dual_solution_value": 0.0, "scaled_age": 0.24}, "12": {"bias": -0.3779644730092272, "objective_cosine_similarity": -0.3939705467805917, "is_tight": 0.0, "dual_solution_value": 0.0, "scaled_age": 0.24}, "13": {"bias": -0.4082482904638631, "objective_cosine_similarity": -0.36376535132858573, "is_tight": 0.0, "dual_solution_value": 0.0, "scaled_age": 0.24}, "14": {"bias": -0.4472135954999579, "objective_cosine_similarity": -0.28194691777564834, "is_tight": 0.0, "dual_solution_value": 0.0, "scaled_age": 0.24}, "15": {"bias": -0.5, "objective_cosine_similarity": -0.47494086389197987, "is_tight": 1.0, "dual_solution_value": -0.03905807814510531, "scaled_age": 0.0}, "16": {"bias": -0.5, "objective_cosine_similarity": -0.28160210513949246, "is_tight": 0.0, "dual_solution_value": 0.0, "scaled_age": 0.11}, "17": {"bias": -0.4472135954999579, "objective_cosine_similarity": -0.3007433789606916, "is_tight": 0.0, "dual_solution_value": 0.0, "scaled_age": 0.24}, "18": {"bias": -0.4082482904638631, "objective_cosine_similarity": -0.45299081486201237, "is_tight": 0.0, "dual_solution_value": 0.0, "scaled_age": 0.24}, "19": {"bias": -0.5, "objective_cosine_similarity": -0.39088053399959405, "is_tight": 0.0, "dual_solution_value": 0.0, "scaled_age": 0.24}, "20": {"bias": -0.4082482904638631, "objective_cosine_similarity": -0.38092409431578317, "is_tight": 0.0, "dual_solution_value": 0.0, "scaled_age": 0.24}, "21": {"bias": -0.3333333333333333, "objective_cosine_similarity": -0.26899305565563464, "is_tight": 0.0, "dual_solution_value": 0.0, "scaled_age": 0.24}, "22": {"bias": -0.35355339059327373, "objective_cosine_similarity": -0.27342229476014757, "is_tight": 0.0, "dual_solution_value": 0.0, "scaled_age": 0.24}, "23": {"bias": -0.4472135954999579, "objective_cosine_similarity": -0.26690974882761376, "is_tight": 0.0, "dual_solution_value": 0.0, "scaled_age": 0.04}, "24": {"bias": -0.4472135954999579, "objective_cosine_similarity": -0.28194691777564834, "is_tight": 0.0, "dual_solution_value": 0.0, "scaled_age": 0.24}, "25": {"bias": -0.5773502691896258, "objective_cosine_similarity": -0.16986288932038196, "is_tight": 0.0, "dual_solution_value": 0.0, "scaled_age": 0.01}, "26": {"bias": -0.5, "objective_cosine_similarity": -0.14290256081705588, "is_tight": 0.0, "dual_solution_value": 0.0, "scaled_age": 0.24}, "27": {"bias": -0.4472135954999579, "objective_cosine_similarity": -0.31953984014573483, "is_tight": 0.0, "dual_solution_value": 0.0, "scaled_age": 0.24}, "28": {"bias": -0.35355339059327373, "objective_cosine_similarity": -0.3447498499149687, "is_tight": 0.0, "dual_solution_value": 0.0, "scaled_age": 0.24}, "29": {"bias": -0.3779644730092272, "objective_cosine_similarity": -0.4956403653046153, "is_tight": 1.0, "dual_solution_value": -0.008979600220470995, "scaled_age": 0.0}, "30": {"bias": -0.4082482904638631, "objective_cosine_similarity": -0.422105077485057, "is_tight": 0.0, "dual_solution_value": 0.0, "scaled_age": 0.03}, "31": {"bias": -0.4472135954999579, "objective_cosine_similarity": -0.3420955935677867, "is_tight": 0.0, "dual_solution_value": 0.0, "scaled_age": 0.24}, "32": {"bias": -0.4082482904638631, "objective_cosine_similarity": -0.27797163639259853, "is_tight": 0.0, "dual_solution_value": 0.0, "scaled_age": 0.24}, "33": {"bias": -0.35355339059327373, "objective_cosine_similarity": -0.38338560895716345, "is_tight": 0.0, "dual_solution_value": 0.0, "scaled_age": 0.16}, "34": {"bias": -0.35355339059327373, "objective_cosine_similarity": -0.4874049602246109, "is_tight": 0.0, "dual_solution_value": 0.0, "scaled_age": 0.24}, "35": {"bias": -0.4082482904638631, "objective_cosine_similarity": -0.41524158029017805, "is_tight": 1.0, "dual_solution_value": -0.0019931928669453475, "scaled_age": 0.0}, "36": {"bias": -0.4472135954999579, "objective_cosine_similarity": -0.43231860725599414, "is_tight": 0.0, "dual_solution_value": 0.0, "scaled_age": 0.11}, "37": {"bias": -0.4082482904638631, "objective_cosine_similarity": -0.24365415041820362, "is_tight": 0.0, "dual_solution_value": 0.0, "scaled_age": 0.24}, "38": {"bias": -0.4082482904638631, "objective_cosine_similarity": -0.22992715602844568, "is_tight": 0.0, "dual_solution_value": 0.0, "scaled_age": 0.24}, "39": {"bias": -0.4082482904638631, "objective_cosine_similarity": -0.35347010553626723, "is_tight": 0.0, "dual_solution_value": 0.0, "scaled_age": 0.08}, "40": {"bias": -0.3779644730092272, "objective_cosine_similarity": -0.2827691827699408, "is_tight": 0.0, "dual_solution_value": 0.0, "scaled_age": 0.24}, "41": {"bias": -0.4472135954999579, "objective_cosine_similarity": -0.338336301330778, "is_tight": 0.0, "dual_solution_value": 0.0, "scaled_age": 0.24}, "42": {"bias": -0.4082482904638631, "objective_cosine_similarity": -0.44269556906969393, "is_tight": 0.0, "dual_solution_value": 0.0, "scaled_age": 0.01}, "43": {"bias": -0.3333333333333333, "objective_cosine_similarity": -0.3586574075408462, "is_tight": 0.0, "dual_solution_value": 0.0, "scaled_age": 0.24}, "44": {"bias": -0.3779644730092272, "objective_cosine_similarity": -0.22875709167905323, "is_tight": 0.0, "dual_solution_value": 0.0, "scaled_age": 0.24}, "45": {"bias": -0.4472135954999579, "objective_cosine_similarity": -0.34585488580479534, "is_tight": 0.0, "dual_solution_value": 0.0, "scaled_age": 0.06}, "46": {"bias": -0.4082482904638631, "objective_cosine_similarity": -0.5010352952261652, "is_tight": 0.0, "dual_solution_value": 0.0, "scaled_age": 0.24}, "47": {"bias": -0.4472135954999579, "objective_cosine_similarity": -0.34961417804180395, "is_tight": 0.0, "dual_solution_value": 0.0, "scaled_age": 0.24}, "48": {"bias": -0.5773502691896258, "objective_cosine_similarity": -0.4998822171428383, "is_tight": 1.0, "dual_solution_value": -0.0782125049588628, "scaled_age": 0.0}, "49": {"bias": -0.5, "objective_cosine_similarity": -0.34464735255878187, "is_tight": 1.0, "dual_solution_value": -0.03624065515359035, "scaled_age": 0.0}, "50": {"bias": -0.4472135954999579, "objective_cosine_similarity": -0.25563187211658783, "is_tight": 0.0, "dual_solution_value": 0.0, "scaled_age": 0.08}, "51": {"bias": -0.35355339059327373,