{"0": {"bias": -0.45226701686664544, "objective_cosine_similarity": -0.32556821337118136, "is_tight": 0.0, "dual_solution_value": -0.0, "scaled_age": 0.11842105263157894}, "1": {"bias": -0.5497624996033735, "objective_cosine_similarity": -0.5514513304441896, "is_tight": 0.0, "dual_solution_value": -0.0, "scaled_age": 0.07894736842105263}, "2": {"bias": -0.5012804118276031, "objective_cosine_similarity": -0.6024301979202822, "is_tight": 0.0, "dual_solution_value": -0.0, "scaled_age": 0.07894736842105263}, "3": {"bias": -0.5865884600854132, "objective_cosine_similarity": -0.43859658772259336, "is_tight": 1.0, "dual_solution_value": -9.516089991811491e-05, "scaled_age": 0.0}, "4": {"bias": -0.42640143271122083, "objective_cosine_similarity": -0.21942032775354092, "is_tight": 1.0, "dual_solution_value": 2.662355190631468e-19, "scaled_age": 0.0}, "5": {"bias": -0.8731977020149124, "objective_cosine_similarity": -0.07660012323942138, "is_tight": 0.0, "dual_solution_value": -0.0, "scaled_age": 0.039473684210526314}, "6": {"bias": -0.8751899489873673, "objective_cosine_similarity": -0.07515477697082945, "is_tight": 1.0, "dual_solution_value": -3.783108686308564e-19, "scaled_age": 0.0}, "7": {"bias": -0.3380617018914066, "objective_cosine_similarity": -0.23187609489852698, "is_tight": 1.0, "dual_solution_value": -0.0, "scaled_age": 0.10526315789473684}, "8": {"bias": -0.41702882811414954, "objective_cosine_similarity": -0.25681317905451856, "is_tight": 1.0, "dual_solution_value": -8.212094191045936e-19, "scaled_age": 0.0}, "9": {"bias": -0.14907119849998599, "objective_cosine_similarity": -0.47341577472577273, "is_tight": 0.0, "dual_solution_value": 0.0, "scaled_age": 0.3157894736842105}, "10": {"bias": -0.15617376188860607, "objective_cosine_similarity": -0.4232077172347877, "is_tight": 1.0, "dual_solution_value": -4.650543904235802e-19, "scaled_age": 0.0}, "11": {"bias": -0.16012815380508713, "objective_cosine_similarity": -0.431845354626378, "is_tight": 1.0, "dual_solution_value": -0.0004156355674941064, "scaled_age": 0.0}, "12": {"bias": -0.16222142113076254, "objective_cosine_similarity": -0.3814884621550808, "is_tight": 0.0, "dual_solution_value": 0.0, "scaled_age": 0.3157894736842105}, "13": {"bias": -0.1543033499620919, "objective_cosine_similarity": -0.39150483427431043, "is_tight": 0.0, "dual_solution_value": 0.0, "scaled_age": 0.3157894736842105}, "14": {"bias": -0.14744195615489714, "objective_cosine_similarity": -0.3616578539201501, "is_tight": 0.0, "dual_solution_value": 0.0, "scaled_age": 0.3157894736842105}, "15": {"bias": -0.15811388300841897, "objective_cosine_similarity": -0.3632104065348304, "is_tight": 0.0, "dual_solution_value": 0.0, "scaled_age": 0.3157894736842105}, "16": {"bias": -0.14433756729740646, "objective_cosine_similarity": -0.39581649695255033, "is_tight": 0.0, "dual_solution_value": 0.0, "scaled_age": 0.3157894736842105}, "17": {"bias": -0.15075567228888181, "objective_cosine_similarity": -0.4126342319710466, "is_tight": 0.0, "dual_solution_value": 0.0, "scaled_age": 0.3157894736842105}, "18": {"bias": -0.14433756729740646, "objective_cosine_similarity": -0.4175461295348957, "is_tight": 0.0, "dual_solution_value": 0.0, "scaled_age": 0.2236842105263158}, "19": {"bias": -0.14744195615489714, "objective_cosine_similarity": -0.39591010569353996, "is_tight": 0.0, "dual_solution_value": 0.0, "scaled_age": 0.15789473684210525}, "20": {"bias": -0.1690308509457033, "objective_cosine_similarity": -0.30777877118508357, "is_tight": 0.0, "dual_solution_value": 0.0, "scaled_age": 0.3157894736842105}, "21": {"bias": -0.15811388300841897, "objective_cosine_similarity": -0.36095316672020716, "is_tight": 0.0, "dual_solution_value": 0.0, "scaled_age": 0.3157894736842105}, "22": {"bias": -0.17677669529663687, "objective_cosine_similarity": -0.36547342161624663, "is_tight": 1.0, "dual_solution_value": -0.000917698484912107, "scaled_age": 0.0}, "23": {"bias": -0.1690308509457033, "objective_cosine_similarity": -0.3624023734837905, "is_tight": 0.0, "dual_solution_value": 0.0, "scaled_age": 0.3157894736842105}, "24": {"bias": -0.14433756729740646, "objective_cosine_similarity": -0.39263198183272385, "is_tight": 0.0, "dual_solution_value": 0.0, "scaled_age": 0.3157894736842105}, "25": {"bias": -0.1690308509457033, "objective_cosine_similarity": -0.4029861743884523, "is_tight": 1.0, "dual_solution_value": -0.00043075812414308714, "scaled_age": 0.0}, "26": {"bias": -0.19245008972987526, "objective_cosine_similarity": -0.24876682818409218, "is_tight": 0.0, "dual_solution_value": 0.0, "scaled_age": 0.3157894736842105}, "27": {"bias": -0.15249857033260467, "objective_cosine_similarity": -0.41404015732771576, "is_tight": 1.0, "dual_solution_value": -5.859489047605504e-20, "scaled_age": 0.0}, "28": {"bias": -0.16222142113076254, "objective_cosine_similarity": -0.3749618935420524, "is_tight": 0.0, "dual_solution_value": 0.0, "scaled_age": 0.3157894736842105}, "29": {"bias": -0.18257418583505536, "objective_cosine_similarity": -0.29808150224811303, "is_tight": 0.0, "dual_solution_value": 0.0, "scaled_age": 0.3157894736842105}, "30": {"bias": -0.15811388300841897, "objective_cosine_similarity": -0.35069298574464697, "is_tight": 0.0, "dual_solution_value": 0.0, "scaled_age": 0.3157894736842105}, "31": {"bias": -0.15811388300841897, "objective_cosine_similarity": -0.421283030856501, "is_tight": 0.0, "dual_solution_value": 0.0, "scaled_age": 0.06578947368421052}, "32": {"bias": -0.17407765595569785, "objective_cosine_similarity": -0.34882318131232076, "is_tight": 0.0, "dual_solution_value": 0.0, "scaled_age": 0.05263157894736842}, "33": {"bias": -0.14586499149789456, "objective_cosine_similarity": -0.48197496767690623, "is_tight": 0.0, "dual_solution_value": 0.0, "scaled_age": 0.15789473684210525}, "34": {"bias": -0.1690308509457033, "objective_cosine_similarity": -0.3457301093283619, "is_tight": 0.0, "dual_solution_value": 0.0, "scaled_age": 0.3157894736842105}, "35": {"bias": -0.15075567228888181, "objective_cosine_similarity": -0.47211304018308936, "is_tight": 0.0, "dual_solution_value": 0.0, "scaled_age": 0.06578947368421052}, "36": {"bias": -0.13608276348795434, "objective_cosine_similarity": -0.47402434207676414, "is_tight": 0.0, "dual_solution_value": 0.0, "scaled_age": 0.14473684210526316}, "37": {"bias": -0.14744195615489714, "objective_cosine_similarity": -0.38691649768600184, "is_tight": 0.0, "dual_solution_value": 0.0, "scaled_age": 0.3157894736842105}, "38": {"bias": -0.17149858514250882, "objective_cosine_similarity": -0.3915086785385414, "is_tight": 0.0, "dual_solution_value": 0.0, "scaled_age": 0.06578947368421052}, "39": {"bias": -0.17407765595569785, "objective_cosine_similarity": -0.3472417290654385, "is_tight": 0.0, "dual_solution_value": 0.0, "scaled_age": 0.23684210526315788}, "40": {"bias": -0.13130643285972254, "objective_cosine_similarity": -0.43165443315731516, "is_tight": 0.0, "dual_solution_value": 0.0, "scaled_age": 0.3157894736842105}, "41": {"bias": -0.1690308509457033, "objective_cosine_similarity": -0.32488977913407613, "is_tight": 0.0, "dual_solution_value": 0.0, "scaled_age": 0.3157894736842105}, "42": {"bias": -0.17677669529663687, "objective_cosine_similarity": -0.3927749515423818, "is_tight": 0.0, "dual_solution_value": 0.0, "scaled_age": 0.3157894736842105}, "43": {"bias": -0.1543033499620919, "objective_cosine_similarity": -0.3987141304553207, "is_tight": 0.0, "dual_solution_value": 0.0, "scaled_age": 0.3157894736842105}, "44": {"bias": -0.1796053020267749, "objective_cosine_similarity": -0.3277324814583966, "is_tight": 0.0, "dual_solution_value": 0.0, "scaled_age": 0.3157894736842105}, "45": {"bias": -0.14744195615489714, "objective_cosine_similarity": -0.41600220868910387, "is_tight": 0.0, "dual_solution_value": 0.0, "scaled_age": 0.3157894736842105}, "46": {"bias": -0.15075567228888181, "objective_cosine_similarity": -0.3805469801724446, "is_tight": 0.0, "dual_solution_value": 0.0, "scaled_age": 0.3157894736842105},