{"0": {"bias": -0.9719307827692591, "objective_cosine_similarity": -0.9638140498340192, "is_tight": 0.0, "dual_solution_value": -0.0, "scaled_age": 0.13333333333333333}, "1": {"bias": -0.9596162302465076, "objective_cosine_similarity": -0.9418322933631785, "is_tight": 0.0, "dual_solution_value": -0.0, "scaled_age": 0.06666666666666667}, "2": {"bias": -0.9987523388778445, "objective_cosine_similarity": -0.9289938929479192, "is_tight": 0.0, "dual_solution_value": -0.0, "scaled_age": 0.013333333333333334}, "3": {"bias": -0.9918365981341755, "objective_cosine_similarity": -0.9263311385015673, "is_tight": 0.0, "dual_solution_value": -0.0, "scaled_age": 0.10666666666666667}, "4": {"bias": -0.5773502691896258, "objective_cosine_similarity": -0.7038067126870613, "is_tight": 0.0, "dual_solution_value": -0.0, "scaled_age": 0.10666666666666667}, "5": {"bias": -0.9615239476408232, "objective_cosine_similarity": -0.9476204432404195, "is_tight": 0.0, "dual_solution_value": -0.0, "scaled_age": 0.16}, "6": {"bias": -0.9660917830792959, "objective_cosine_similarity": -0.9202724096665171, "is_tight": 0.0, "dual_solution_value": -0.0, "scaled_age": 0.12}, "7": {"bias": -0.9733560250018112, "objective_cosine_similarity": -0.8650095768651492, "is_tight": 1.0, "dual_solution_value": -0.0013585649127952784, "scaled_age": 0.0}, "8": {"bias": -0.907444116108645, "objective_cosine_similarity": -0.912004100796901, "is_tight": 1.0, "dual_solution_value": -0.0012742343762559578, "scaled_age": 0.0}, "9": {"bias": -0.9764905841415644, "objective_cosine_similarity": -0.9193462896025212, "is_tight": 1.0, "dual_solution_value": -0.008531077317689165, "scaled_age": 0.0}, "10": {"bias": -0.7071067811865475, "objective_cosine_similarity": -0.25725124873749783, "is_tight": 1.0, "dual_solution_value": -0.0076791417533581445, "scaled_age": 0.0}, "11": {"bias": -0.4082482904638631, "objective_cosine_similarity": -0.4056702420978658, "is_tight": 0.0, "dual_solution_value": 0.0, "scaled_age": 0.04}, "12": {"bias": -0.4472135954999579, "objective_cosine_similarity": -0.3302566664563856, "is_tight": 1.0, "dual_solution_value": -0.0014646861609028982, "scaled_age": 0.0}, "13": {"bias": -0.4472135954999579, "objective_cosine_similarity": -0.4516745585359391, "is_tight": 1.0, "dual_solution_value": -0.01819417058051497, "scaled_age": 0.0}, "14": {"bias": -0.4472135954999579, "objective_cosine_similarity": -0.2671193625750177, "is_tight": 0.0, "dual_solution_value": 0.0, "scaled_age": 0.28}, "15": {"bias": -0.3333333333333333, "objective_cosine_similarity": -0.33303835672619436, "is_tight": 0.0, "dual_solution_value": 0.0, "scaled_age": 0.28}, "16": {"bias": -0.5, "objective_cosine_similarity": -0.21176895509219967, "is_tight": 0.0, "dual_solution_value": 0.0, "scaled_age": 0.28}, "17": {"bias": -0.35355339059327373, "objective_cosine_similarity": -0.4415506508180933, "is_tight": 0.0, "dual_solution_value": 0.0, "scaled_age": 0.28}, "18": {"bias": -0.4472135954999579, "objective_cosine_similarity": -0.18455519596092135, "is_tight": 0.0, "dual_solution_value": 0.0, "scaled_age": 0.28}, "19": {"bias": -0.35355339059327373, "objective_cosine_similarity": -0.4722672178315259, "is_tight": 0.0, "dual_solution_value": 0.0, "scaled_age": 0.04}, "20": {"bias": -0.35355339059327373, "objective_cosine_similarity": -0.2956469575042886, "is_tight": 0.0, "dual_solution_value": 0.0, "scaled_age": 0.28}, "21": {"bias": -0.4472135954999579, "objective_cosine_similarity": -0.39096561249616235, "is_tight": 1.0, "dual_solution_value": -0.01886279852238461, "scaled_age": 0.0}, "22": {"bias": -0.35355339059327373, "objective_cosine_similarity": -0.30140631381930716, "is_tight": 0.0, "dual_solution_value": 0.0, "scaled_age": 0.28}, "23": {"bias": -0.5, "objective_cosine_similarity": -0.23348884792216887, "is_tight": 1.0, "dual_solution_value": -0.00048235582888320574, "scaled_age": 0.0}, "24": {"bias": -0.31622776601683794, "objective_cosine_similarity": -0.5374548969411477, "is_tight": 0.0, "dual_solution_value": 0.0, "scaled_age": 0.28}, "25": {"bias": -0.35355339059327373, "objective_cosine_similarity": -0.34940094977779557, "is_tight": 0.0, "dual_solution_value": 0.0, "scaled_age": 0.28}, "26": {"bias": -0.4082482904638631, "objective_cosine_similarity": -0.32143270548738, "is_tight": 0.0, "dual_solution_value": 0.0, "scaled_age": 0.28}, "27": {"bias": -0.4472135954999579, "objective_cosine_similarity": -0.3763954654466159, "is_tight": 0.0, "dual_solution_value": 0.0, "scaled_age": 0.28}, "28": {"bias": -0.4082482904638631, "objective_cosine_similarity": -0.2371951688768942, "is_tight": 0.0, "dual_solution_value": 0.0, "scaled_age": 0.28}, "29": {"bias": -0.4472135954999579, "objective_cosine_similarity": -0.4953849996845784, "is_tight": 1.0, "dual_solution_value": -0.025781906613331823, "scaled_age": 0.0}, "30": {"bias": -0.31622776601683794, "objective_cosine_similarity": -0.30564527685471016, "is_tight": 0.0, "dual_solution_value": 0.0, "scaled_age": 0.28}, "31": {"bias": -0.4082482904638631, "objective_cosine_similarity": -0.29704815541592355, "is_tight": 0.0, "dual_solution_value": 0.0, "scaled_age": 0.28}, "32": {"bias": -0.3333333333333333, "objective_cosine_similarity": -0.506797499365948, "is_tight": 0.0, "dual_solution_value": 0.0, "scaled_age": 0.28}, "33": {"bias": -0.4082482904638631, "objective_cosine_similarity": -0.45000578768233196, "is_tight": 1.0, "dual_solution_value": -0.00029257218744065073, "scaled_age": 0.0}, "34": {"bias": -0.31622776601683794, "objective_cosine_similarity": -0.3760467170291097, "is_tight": 0.0, "dual_solution_value": 0.0, "scaled_age": 0.28}, "35": {"bias": -0.35355339059327373, "objective_cosine_similarity": -0.40507472748964213, "is_tight": 0.0, "dual_solution_value": 0.0, "scaled_age": 0.28}, "36": {"bias": -0.3779644730092272, "objective_cosine_similarity": -0.46793282729588337, "is_tight": 0.0, "dual_solution_value": 0.0, "scaled_age": 0.18666666666666668}, "37": {"bias": -0.4082482904638631, "objective_cosine_similarity": -0.3702018056302928, "is_tight": 1.0, "dual_solution_value": -0.020862311783630214, "scaled_age": 0.0}, "38": {"bias": -0.5, "objective_cosine_similarity": -0.24434879433715348, "is_tight": 0.0, "dual_solution_value": 0.0, "scaled_age": 0.28}, "39": {"bias": -0.35355339059327373, "objective_cosine_similarity": -0.4453902216947724, "is_tight": 1.0, "dual_solution_value": -0.001300971703447679, "scaled_age": 0.0}, "40": {"bias": -0.35355339059327373, "objective_cosine_similarity": -0.4837859304615631, "is_tight": 0.0, "dual_solution_value": 0.0, "scaled_age": 0.013333333333333334}, "41": {"bias": -0.30151134457776363, "objective_cosine_similarity": -0.57138228446147, "is_tight": 0.0, "dual_solution_value": 0.0, "scaled_age": 0.28}, "42": {"bias": -0.4082482904638631, "objective_cosine_similarity": -0.3036984872535935, "is_tight": 0.0, "dual_solution_value": 0.0, "scaled_age": 0.17333333333333334}, "43": {"bias": -0.4082482904638631, "objective_cosine_similarity": -0.2416287234353408, "is_tight": 0.0, "dual_solution_value": 0.0, "scaled_age": 0.28}, "44": {"bias": -0.3779644730092272, "objective_cosine_similarity": -0.26064679415165437, "is_tight": 0.0, "dual_solution_value": 0.0, "scaled_age": 0.28}, "45": {"bias": -0.3779644730092272, "objective_cosine_similarity": -0.4309907619830505, "is_tight": 0.0, "dual_solution_value": 0.0, "scaled_age": 0.28}, "46": {"bias": -0.4472135954999579, "objective_cosine_similarity": -0.25740593120865346, "is_tight": 0.0, "dual_solution_value": 0.0, "scaled_age": 0.06666666666666667}, "47": {"bias": -0.35355339059327373, "objective_cosine_similarity": -0.4127538692430003, "is_tight": 0.0, "dual_solution_value": 0.0, "scaled_age": 0.28}, "48": {"bias": -0.35355339059327373, "objective_cosine_similarity": -0.3321228808327398, "is_tight": 0.0, "dual_solution_value": 0.0, "scaled_age": 0.28}, "49": {"bias": -0.31622776601683794, "objective_cosine_similarity": -0.4636192401728749, "is_tight": 0.0,