{"0": {"bias": -0.7878385971583353, "objective_cosine_similarity": -0.8059315674312066, "is_tight": 0.0, "dual_solution_value": -0.0, "scaled_age": 0.07920792079207921}, "1": {"bias": -1.0820035616009187, "objective_cosine_similarity": -0.9222033927409341, "is_tight": 0.0, "dual_solution_value": -0.0, "scaled_age": 0.039603960396039604}, "2": {"bias": -0.9036961141150639, "objective_cosine_similarity": -0.823663910676787, "is_tight": 1.0, "dual_solution_value": -1.7195135517695452e-06, "scaled_age": 0.0}, "3": {"bias": -1.0, "objective_cosine_similarity": -0.8988529915657544, "is_tight": 0.0, "dual_solution_value": -0.0, "scaled_age": 0.04950495049504951}, "4": {"bias": -0.7905694150420948, "objective_cosine_similarity": -0.8236226670593277, "is_tight": 0.0, "dual_solution_value": -0.0, "scaled_age": 0.07920792079207921}, "5": {"bias": -0.6666666666666666, "objective_cosine_similarity": -0.4134164381666684, "is_tight": 1.0, "dual_solution_value": -0.0015644364984832558, "scaled_age": 0.0}, "6": {"bias": -0.8164965809277261, "objective_cosine_similarity": -0.20017684327189045, "is_tight": 1.0, "dual_solution_value": -0.0006533152751869297, "scaled_age": 0.0}, "7": {"bias": -1.2106398535327638, "objective_cosine_similarity": -0.8947864125939867, "is_tight": 1.0, "dual_solution_value": -8.56072750248182e-05, "scaled_age": 0.0}, "8": {"bias": -1.0383385454443772, "objective_cosine_similarity": -0.9502506653106723, "is_tight": 0.0, "dual_solution_value": -0.0, "scaled_age": 0.0594059405940594}, "9": {"bias": -1.074719421086795, "objective_cosine_similarity": -0.916197202413758, "is_tight": 0.0, "dual_solution_value": -0.0, "scaled_age": 0.009900990099009901}, "10": {"bias": -1.1382207864489444, "objective_cosine_similarity": -0.9532106434511824, "is_tight": 0.0, "dual_solution_value": -0.0, "scaled_age": 0.06930693069306931}, "11": {"bias": -1.0988725546508578, "objective_cosine_similarity": -0.9579283914973634, "is_tight": 0.0, "dual_solution_value": -0.0, "scaled_age": 0.009900990099009901}, "12": {"bias": -1.041511287846591, "objective_cosine_similarity": -0.8501409907097625, "is_tight": 0.0, "dual_solution_value": -0.0, "scaled_age": 0.04950495049504951}, "13": {"bias": -1.1002392084403616, "objective_cosine_similarity": -0.9415401401158516, "is_tight": 1.0, "dual_solution_value": -3.9519016173953497e-07, "scaled_age": 0.0}, "14": {"bias": -0.7592566023652966, "objective_cosine_similarity": -0.8171546376616544, "is_tight": 0.0, "dual_solution_value": -0.0, "scaled_age": 0.07920792079207921}, "15": {"bias": -0.8589556903873333, "objective_cosine_similarity": -0.8666698320114974, "is_tight": 0.0, "dual_solution_value": -0.0, "scaled_age": 0.06930693069306931}, "16": {"bias": -1.0748886509295619, "objective_cosine_similarity": -0.9390468346856832, "is_tight": 0.0, "dual_solution_value": 0.0, "scaled_age": 0.09900990099009901}, "17": {"bias": -0.4472135954999579, "objective_cosine_similarity": -0.2708786851240003, "is_tight": 0.0, "dual_solution_value": 0.0, "scaled_age": 0.13861386138613863}, "18": {"bias": -0.4082482904638631, "objective_cosine_similarity": -0.2920226890084049, "is_tight": 0.0, "dual_solution_value": 0.0, "scaled_age": 0.16831683168316833}, "19": {"bias": -0.5, "objective_cosine_similarity": -0.2307440585116289, "is_tight": 1.0, "dual_solution_value": -0.011708116248131291, "scaled_age": 0.0}, "20": {"bias": -0.30151134457776363, "objective_cosine_similarity": -0.26611271385703056, "is_tight": 0.0, "dual_solution_value": 0.0, "scaled_age": 0.24752475247524752}, "21": {"bias": -0.5, "objective_cosine_similarity": -0.19613244973488456, "is_tight": 1.0, "dual_solution_value": -0.00018718328259401216, "scaled_age": 0.0}, "22": {"bias": -0.3779644730092272, "objective_cosine_similarity": -0.20059002989332364, "is_tight": 0.0, "dual_solution_value": 0.0, "scaled_age": 0.24752475247524752}, "23": {"bias": -0.4082482904638631, "objective_cosine_similarity": -0.2967327323795082, "is_tight": 0.0, "dual_solution_value": 0.0, "scaled_age": 0.24752475247524752}, "24": {"bias": -0.3779644730092272, "objective_cosine_similarity": -0.35103255231331637, "is_tight": 0.0, "dual_solution_value": 0.0, "scaled_age": 0.10891089108910891}, "25": {"bias": -0.3333333333333333, "objective_cosine_similarity": -0.4499509140976763, "is_tight": 1.0, "dual_solution_value": -0.001766963555150985, "scaled_age": 0.0}, "26": {"bias": -0.3779644730092272, "objective_cosine_similarity": -0.3706554900202719, "is_tight": 0.0, "dual_solution_value": 0.0, "scaled_age": 0.24752475247524752}, "27": {"bias": -0.4472135954999579, "objective_cosine_similarity": -0.2734584821251813, "is_tight": 0.0, "dual_solution_value": 0.0, "scaled_age": 0.24752475247524752}, "28": {"bias": -0.3333333333333333, "objective_cosine_similarity": -0.4576423827147306, "is_tight": 0.0, "dual_solution_value": 0.0, "scaled_age": 0.24752475247524752}, "29": {"bias": -0.35355339059327373, "objective_cosine_similarity": -0.3487559716518173, "is_tight": 1.0, "dual_solution_value": -1.945525459285081e-06, "scaled_age": 0.0}, "30": {"bias": -0.4082482904638631, "objective_cosine_similarity": -0.54165498767688, "is_tight": 1.0, "dual_solution_value": -0.021490905036752828, "scaled_age": 0.0}, "31": {"bias": -0.4082482904638631, "objective_cosine_similarity": -0.2920226890084049, "is_tight": 0.0, "dual_solution_value": 0.0, "scaled_age": 0.24752475247524752}, "32": {"bias": -0.31622776601683794, "objective_cosine_similarity": -0.3849045022137722, "is_tight": 0.0, "dual_solution_value": 0.0, "scaled_age": 0.13861386138613863}, "33": {"bias": -0.5773502691896258, "objective_cosine_similarity": -0.21648273448034303, "is_tight": 1.0, "dual_solution_value": -0.021791811888846695, "scaled_age": 0.0}, "34": {"bias": -0.4082482904638631, "objective_cosine_similarity": -0.20017684327189045, "is_tight": 0.0, "dual_solution_value": 0.0, "scaled_age": 0.24752475247524752}, "35": {"bias": -0.3779644730092272, "objective_cosine_similarity": -0.183147418598252, "is_tight": 0.0, "dual_solution_value": 0.0, "scaled_age": 0.24752475247524752}, "36": {"bias": -0.35355339059327373, "objective_cosine_similarity": -0.2671756274057782, "is_tight": 0.0, "dual_solution_value": 0.0, "scaled_age": 0.24752475247524752}, "37": {"bias": -0.4472135954999579, "objective_cosine_similarity": -0.1444686320661335, "is_tight": 0.0, "dual_solution_value": 0.0, "scaled_age": 0.24752475247524752}, "38": {"bias": -0.5, "objective_cosine_similarity": -0.2307440585116289, "is_tight": 1.0, "dual_solution_value": -8.410007808376389e-05, "scaled_age": 0.0}, "39": {"bias": -0.4082482904638631, "objective_cosine_similarity": -0.13188121439089254, "is_tight": 0.0, "dual_solution_value": 0.0, "scaled_age": 0.24752475247524752}, "40": {"bias": -0.3333333333333333, "objective_cosine_similarity": -0.35765329069302476, "is_tight": 0.0, "dual_solution_value": 0.0, "scaled_age": 0.18811881188118812}, "41": {"bias": -0.4472135954999579, "objective_cosine_similarity": -0.21928274510038123, "is_tight": 0.0, "dual_solution_value": 0.0, "scaled_age": 0.24752475247524752}, "42": {"bias": -0.4472135954999579, "objective_cosine_similarity": -0.1625272110744002, "is_tight": 0.0, "dual_solution_value": 0.0, "scaled_age": 0.24752475247524752}, "43": {"bias": -0.35355339059327373, "objective_cosine_similarity": -0.3895461437748369, "is_tight": 0.0, "dual_solution_value": 0.0, "scaled_age": 0.0891089108910891}, "44": {"bias": -0.4082482904638631, "objective_cosine_similarity": -0.3155729058639214, "is_tight": 1.0, "dual_solution_value": -0.0021781545982350265, "scaled_age": 0.0}, "45": {"bias": -0.3779644730092272, "objective_cosine_similarity": -0.4513275672599782, "is_tight": 1.0, "dual_solution_value": -0.016356134008103578, "scaled_age": 0.0}, "46": {"bias": -0.7071067811865475, "objective_cosine_similarity": -0.05302722375992544, "is_tight": 0.0, "dual_solution_value": 0.0, "scaled_age": 0.10891089108910891}, "47": {"bias": -0.35355339059327373,