{"0": {"bias": -1.459992790176863, "objective_cosine_similarity": -0.8511822871746851, "is_tight": 0.0, "dual_solution_value": -0.0, "scaled_age": 0.0}, "1": {"bias": -0.9486832980505138, "objective_cosine_similarity": -0.4873591142624029, "is_tight": 0.0, "dual_solution_value": -0.0, "scaled_age": 0.022222222222222223}, "2": {"bias": -1.4798459832287318, "objective_cosine_similarity": -0.8412981983525089, "is_tight": 1.0, "dual_solution_value": -9.446345121806902e-06, "scaled_age": 0.0}, "3": {"bias": -1.3093073414159544, "objective_cosine_similarity": -0.8021522061987759, "is_tight": 0.0, "dual_solution_value": -0.0, "scaled_age": 0.022222222222222223}, "4": {"bias": -0.9486832980505138, "objective_cosine_similarity": -0.5820755498964388, "is_tight": 0.0, "dual_solution_value": -0.0, "scaled_age": 0.1111111111111111}, "5": {"bias": -1.4813902157363446, "objective_cosine_similarity": -0.8572075556863992, "is_tight": 1.0, "dual_solution_value": -1.3542262321862473e-06, "scaled_age": 0.03333333333333333}, "6": {"bias": -1.5339492072449106, "objective_cosine_similarity": -0.8911215421809822, "is_tight": 0.0, "dual_solution_value": 0.0, "scaled_age": 0.044444444444444446}, "7": {"bias": -0.5, "objective_cosine_similarity": -0.47378565737631007, "is_tight": 1.0, "dual_solution_value": -0.031368527372217195, "scaled_age": 0.0}, "8": {"bias": -0.7071067811865475, "objective_cosine_similarity": -0.06931387265373415, "is_tight": 1.0, "dual_solution_value": -0.00016019535423473185, "scaled_age": 0.0}, "9": {"bias": -0.5, "objective_cosine_similarity": -0.31041129276378937, "is_tight": 1.0, "dual_solution_value": -0.00013788161817710173, "scaled_age": 0.0}, "10": {"bias": -0.4472135954999579, "objective_cosine_similarity": -0.338526331483774, "is_tight": 0.0, "dual_solution_value": 0.0, "scaled_age": 0.28888888888888886}, "11": {"bias": -0.4082482904638631, "objective_cosine_similarity": -0.39573734334817645, "is_tight": 0.0, "dual_solution_value": 0.0, "scaled_age": 0.28888888888888886}, "12": {"bias": -0.7071067811865475, "objective_cosine_similarity": -0.15788159882239444, "is_tight": 0.0, "dual_solution_value": 0.0, "scaled_age": 0.28888888888888886}, "13": {"bias": -0.5, "objective_cosine_similarity": -0.3920984750700497, "is_tight": 0.0, "dual_solution_value": 0.0, "scaled_age": 0.044444444444444446}, "14": {"bias": -0.5, "objective_cosine_similarity": -0.29135095022566193, "is_tight": 0.0, "dual_solution_value": 0.0, "scaled_age": 0.14444444444444443}, "15": {"bias": -0.5773502691896258, "objective_cosine_similarity": -0.25467543014685184, "is_tight": 0.0, "dual_solution_value": 0.0, "scaled_age": 0.044444444444444446}, "16": {"bias": -0.5773502691896258, "objective_cosine_similarity": -0.4087383446801326, "is_tight": 1.0, "dual_solution_value": -0.06057126020281763, "scaled_age": 0.0}, "17": {"bias": -0.4472135954999579, "objective_cosine_similarity": -0.3507035376522551, "is_tight": 1.0, "dual_solution_value": -0.01763297201367358, "scaled_age": 0.0}, "18": {"bias": -0.7071067811865475, "objective_cosine_similarity": -0.08856772616866031, "is_tight": 0.0, "dual_solution_value": 0.0, "scaled_age": 0.2222222222222222}, "19": {"bias": -0.5, "objective_cosine_similarity": -0.2722906076875345, "is_tight": 0.0, "dual_solution_value": 0.0, "scaled_age": 0.28888888888888886}, "20": {"bias": -0.4472135954999579, "objective_cosine_similarity": -0.4895236879729394, "is_tight": 0.0, "dual_solution_value": 0.0, "scaled_age": 0.07777777777777778}, "21": {"bias": -0.4472135954999579, "objective_cosine_similarity": -0.19727073992939348, "is_tight": 0.0, "dual_solution_value": 0.0, "scaled_age": 0.28888888888888886}, "22": {"bias": -0.4472135954999579, "objective_cosine_similarity": -0.23867324090222916, "is_tight": 0.0, "dual_solution_value": 0.0, "scaled_age": 0.28888888888888886}, "23": {"bias": -0.5773502691896258, "objective_cosine_similarity": -0.3207023935182579, "is_tight": 1.0, "dual_solution_value": -0.05746245147124775, "scaled_age": 0.0}, "24": {"bias": -0.7071067811865475, "objective_cosine_similarity": -0.1386277453074683, "is_tight": 1.0, "dual_solution_value": -0.000491533613137193, "scaled_age": 0.0}, "25": {"bias": -0.4472135954999579, "objective_cosine_similarity": -0.25572132953810267, "is_tight": 0.0, "dual_solution_value": 0.0, "scaled_age": 0.28888888888888886}, "26": {"bias": -0.5, "objective_cosine_similarity": -0.2940738563025373, "is_tight": 0.0, "dual_solution_value": 0.0, "scaled_age": 0.28888888888888886}, "27": {"bias": -0.3779644730092272, "objective_cosine_similarity": -0.26758205770395116, "is_tight": 0.0, "dual_solution_value": 0.0, "scaled_age": 0.28888888888888886}, "28": {"bias": -0.5773502691896258, "objective_cosine_similarity": -0.3521438046474989, "is_tight": 1.0, "dual_solution_value": -0.0006329633569537979, "scaled_age": 0.0}, "29": {"bias": -0.4472135954999579, "objective_cosine_similarity": -0.32878456654898913, "is_tight": 0.0, "dual_solution_value": 0.0, "scaled_age": 0.28888888888888886}, "30": {"bias": -0.35355339059327373, "objective_cosine_similarity": -0.37159937283807476, "is_tight": 0.0, "dual_solution_value": 0.0, "scaled_age": 0.28888888888888886}, "31": {"bias": -0.4082482904638631, "objective_cosine_similarity": -0.2578962462269015, "is_tight": 0.0, "dual_solution_value": 0.0, "scaled_age": 0.28888888888888886}, "32": {"bias": -0.4472135954999579, "objective_cosine_similarity": -0.27033397694027994, "is_tight": 0.0, "dual_solution_value": 0.0, "scaled_age": 0.28888888888888886}, "33": {"bias": -0.7071067811865475, "objective_cosine_similarity": -0.24259855428806953, "is_tight": 1.0, "dual_solution_value": -0.0040885626931985485, "scaled_age": 0.0}, "34": {"bias": -0.7071067811865475, "objective_cosine_similarity": -0.21179238866418768, "is_tight": 0.0, "dual_solution_value": 0.0, "scaled_age": 0.23333333333333334}, "35": {"bias": -0.5773502691896258, "objective_cosine_similarity": -0.08803595116187472, "is_tight": 1.0, "dual_solution_value": -0.015720705564620484, "scaled_age": 0.0}, "36": {"bias": -0.4472135954999579, "objective_cosine_similarity": -0.2289314759674443, "is_tight": 0.0, "dual_solution_value": 0.0, "scaled_age": 0.28888888888888886}, "37": {"bias": -0.4472135954999579, "objective_cosine_similarity": -0.20701250486417835, "is_tight": 0.0, "dual_solution_value": 0.0, "scaled_age": 0.28888888888888886}, "38": {"bias": -0.5, "objective_cosine_similarity": -0.1878805193043988, "is_tight": 0.0, "dual_solution_value": 0.0, "scaled_age": 0.28888888888888886}, "39": {"bias": -0.7071067811865475, "objective_cosine_similarity": -0.16558314022836493, "is_tight": 1.0, "dual_solution_value": -0.034656936326867074, "scaled_age": 0.0}, "40": {"bias": -0.7071067811865475, "objective_cosine_similarity": -0.2387477835850843, "is_tight": 1.0, "dual_solution_value": -0.06635445121145385, "scaled_age": 0.0}, "41": {"bias": -0.5, "objective_cosine_similarity": -0.3757610386087976, "is_tight": 0.0, "dual_solution_value": 0.0, "scaled_age": 0.28888888888888886}, "42": {"bias": -0.5, "objective_cosine_similarity": -0.20966376791940158, "is_tight": 0.0, "dual_solution_value": 0.0, "scaled_age": 0.07777777777777778}, "43": {"bias": -0.3779644730092272, "objective_cosine_similarity": -0.27375702826635, "is_tight": 0.0, "dual_solution_value": 0.0, "scaled_age": 0.28888888888888886}, "44": {"bias": -0.7071067811865475, "objective_cosine_similarity": -0.13477697460448307, "is_tight": 0.0, "dual_solution_value": 0.0, "scaled_age": 0.28888888888888886}, "45": {"bias": -0.4082482904638631, "objective_cosine_similarity": -0.280128681246462, "is_tight": 0.0, "dual_solution_value": 0.0, "scaled_age": 0.28888888888888886}, "46": {"bias": -0.5773502691896258, "objective_cosine_similarity": -0.5030625780678555, "is_tight": 1.0, "dual_solution_value": -0.11469406461950818, "scaled_age": 0.0}, "47": {"bias": -0.7071067811865475, "objective_cosine_similarity": -0.3157631976447889, "is_tight": 1.0,