{"0": {"bias": -0.7276068751089989, "objective_cosine_similarity": -0.5666151636990905, "is_tight": 1.0, "dual_solution_value": -0.0005678476549568953, "scaled_age": 0.0}, "1": {"bias": -0.5163977794943222, "objective_cosine_similarity": -0.5749182752332125, "is_tight": 0.0, "dual_solution_value": -0.0, "scaled_age": 0.16216216216216217}, "2": {"bias": -1.1114378604524227, "objective_cosine_similarity": -0.9145282453998359, "is_tight": 0.0, "dual_solution_value": -0.0, "scaled_age": 0.05405405405405406}, "3": {"bias": -0.4082482904638631, "objective_cosine_similarity": -0.20489148649471303, "is_tight": 0.0, "dual_solution_value": 0.0, "scaled_age": 0.3918918918918919}, "4": {"bias": -0.5773502691896258, "objective_cosine_similarity": -0.17752920953773102, "is_tight": 0.0, "dual_solution_value": 0.0, "scaled_age": 0.14864864864864866}, "5": {"bias": -0.3779644730092272, "objective_cosine_similarity": -0.39007222316177337, "is_tight": 0.0, "dual_solution_value": 0.0, "scaled_age": 0.06756756756756757}, "6": {"bias": -0.4472135954999579, "objective_cosine_similarity": -0.19757691724281584, "is_tight": 0.0, "dual_solution_value": 0.0, "scaled_age": 0.3918918918918919}, "7": {"bias": -0.4472135954999579, "objective_cosine_similarity": -0.32086491360233294, "is_tight": 0.0, "dual_solution_value": 0.0, "scaled_age": 0.16216216216216217}, "8": {"bias": -0.4472135954999579, "objective_cosine_similarity": -0.18493199453927564, "is_tight": 0.0, "dual_solution_value": 0.0, "scaled_age": 0.3918918918918919}, "9": {"bias": -0.31622776601683794, "objective_cosine_similarity": -0.36771139806528036, "is_tight": 0.0, "dual_solution_value": 0.0, "scaled_age": 0.3918918918918919}, "10": {"bias": -0.3779644730092272, "objective_cosine_similarity": -0.38339290427201694, "is_tight": 1.0, "dual_solution_value": -0.004007591333853836, "scaled_age": 0.0}, "11": {"bias": -0.5, "objective_cosine_similarity": -0.18555407545071034, "is_tight": 0.0, "dual_solution_value": 0.0, "scaled_age": 0.3918918918918919}, "12": {"bias": -0.35355339059327373, "objective_cosine_similarity": -0.32614198335530825, "is_tight": 0.0, "dual_solution_value": 0.0, "scaled_age": 0.3918918918918919}, "13": {"bias": -0.5, "objective_cosine_similarity": -0.30042088406305484, "is_tight": 0.0, "dual_solution_value": 0.0, "scaled_age": 0.3918918918918919}, "14": {"bias": -0.5773502691896258, "objective_cosine_similarity": -0.3877074691053896, "is_tight": 0.0, "dual_solution_value": 0.0, "scaled_age": 0.20270270270270271}, "15": {"bias": -0.4472135954999579, "objective_cosine_similarity": -0.48682952408629826, "is_tight": 1.0, "dual_solution_value": -0.01269855603921048, "scaled_age": 0.0}, "16": {"bias": -0.5, "objective_cosine_similarity": -0.18201971210879206, "is_tight": 0.0, "dual_solution_value": 0.0, "scaled_age": 0.3918918918918919}, "17": {"bias": -0.3779644730092272, "objective_cosine_similarity": -0.3807211767161144, "is_tight": 0.0, "dual_solution_value": 0.0, "scaled_age": 0.2972972972972973}, "18": {"bias": -0.5773502691896258, "objective_cosine_similarity": -0.19793486580643574, "is_tight": 0.0, "dual_solution_value": 0.0, "scaled_age": 0.3918918918918919}, "19": {"bias": -0.4472135954999579, "objective_cosine_similarity": -0.34615475900941334, "is_tight": 1.0, "dual_solution_value": -0.025289845407080427, "scaled_age": 0.0}, "20": {"bias": -0.5773502691896258, "objective_cosine_similarity": -0.16120468452276726, "is_tight": 1.0, "dual_solution_value": -0.0012303205197232224, "scaled_age": 0.0}, "21": {"bias": -0.5, "objective_cosine_similarity": -0.33046297246936035, "is_tight": 1.0, "dual_solution_value": -0.016211433564234955, "scaled_age": 0.0}, "22": {"bias": -0.4472135954999579, "objective_cosine_similarity": -0.23235045467755144, "is_tight": 0.0, "dual_solution_value": 0.0, "scaled_age": 0.25675675675675674}, "23": {"bias": -0.3779644730092272, "objective_cosine_similarity": -0.25114239025484036, "is_tight": 0.0, "dual_solution_value": 0.0, "scaled_age": 0.3918918918918919}, "24": {"bias": -0.5773502691896258, "objective_cosine_similarity": -0.1938537345526948, "is_tight": 0.0, "dual_solution_value": 0.0, "scaled_age": 0.16216216216216217}, "25": {"bias": -0.4082482904638631, "objective_cosine_similarity": -0.23086364675460622, "is_tight": 0.0, "dual_solution_value": 0.0, "scaled_age": 0.3918918918918919}, "26": {"bias": -0.4082482904638631, "objective_cosine_similarity": -0.3203233098720161, "is_tight": 0.0, "dual_solution_value": 0.0, "scaled_age": 0.0945945945945946}, "27": {"bias": -0.5, "objective_cosine_similarity": -0.13607298866385426, "is_tight": 0.0, "dual_solution_value": 0.0, "scaled_age": 0.1891891891891892}, "28": {"bias": -0.4082482904638631, "objective_cosine_similarity": -0.17314773506595466, "is_tight": 0.0, "dual_solution_value": 0.0, "scaled_age": 0.3918918918918919}, "29": {"bias": -0.35355339059327373, "objective_cosine_similarity": -0.3786246013665073, "is_tight": 0.0, "dual_solution_value": 0.0, "scaled_age": 0.3918918918918919}, "30": {"bias": -0.4472135954999579, "objective_cosine_similarity": -0.3730252197544363, "is_tight": 0.0, "dual_solution_value": 0.0, "scaled_age": 0.013513513513513514}, "31": {"bias": -0.5, "objective_cosine_similarity": -0.18378689377975121, "is_tight": 0.0, "dual_solution_value": 0.0, "scaled_age": 0.013513513513513514}, "32": {"bias": -0.5, "objective_cosine_similarity": -0.1290042619800177, "is_tight": 0.0, "dual_solution_value": 0.0, "scaled_age": 0.3918918918918919}, "33": {"bias": -0.5773502691896258, "objective_cosine_similarity": -0.31220654091118216, "is_tight": 1.0, "dual_solution_value": -0.01763563695599386, "scaled_age": 0.0}, "34": {"bias": -0.5773502691896258, "objective_cosine_similarity": -0.07754149382107792, "is_tight": 0.0, "dual_solution_value": 0.0, "scaled_age": 0.3918918918918919}, "35": {"bias": -0.3779644730092272, "objective_cosine_similarity": -0.36201908382479653, "is_tight": 0.0, "dual_solution_value": 0.0, "scaled_age": 0.3918918918918919}, "36": {"bias": -0.5773502691896258, "objective_cosine_similarity": -0.37546407534416676, "is_tight": 0.0, "dual_solution_value": 0.0, "scaled_age": 0.36486486486486486}, "37": {"bias": -0.3333333333333333, "objective_cosine_similarity": -0.33458639636826504, "is_tight": 0.0, "dual_solution_value": 0.0, "scaled_age": 0.3918918918918919}, "38": {"bias": -0.7071067811865475, "objective_cosine_similarity": -0.19993378289980582, "is_tight": 1.0, "dual_solution_value": -0.027059471599414794, "scaled_age": 0.0}, "39": {"bias": -0.5, "objective_cosine_similarity": -0.2332679805666073, "is_tight": 0.0, "dual_solution_value": 0.0, "scaled_age": 0.25675675675675674}, "40": {"bias": -0.3779644730092272, "objective_cosine_similarity": -0.2377837524753276, "is_tight": 0.0, "dual_solution_value": 0.0, "scaled_age": 0.3918918918918919}, "41": {"bias": -0.4472135954999579, "objective_cosine_similarity": -0.25605968474668933, "is_tight": 0.0, "dual_solution_value": 0.0, "scaled_age": 0.3918918918918919}, "42": {"bias": -0.5773502691896258, "objective_cosine_similarity": -0.21017825956765857, "is_tight": 1.0, "dual_solution_value": -0.00688242831758895, "scaled_age": 0.0}, "43": {"bias": -0.3333333333333333, "objective_cosine_similarity": -0.42530172214416784, "is_tight": 0.0, "dual_solution_value": 0.0, "scaled_age": 0.3918918918918919}, "44": {"bias": -0.7071067811865475, "objective_cosine_similarity": -0.07747434087367476, "is_tight": 0.0, "dual_solution_value": 0.0, "scaled_age": 0.3918918918918919}, "45": {"bias": -0.7071067811865475, "objective_cosine_similarity": -0.0924693745911602, "is_tight": 0.0, "dual_solution_value": 0.0, "scaled_age": 0.3918918918918919}, "46": {"bias": -0.35355339059327373, "objective_cosine_similarity": -0.28990398520471844, "is_tight": 0.0, "dual_solution_value": 0.0, "scaled_age": 0.3918918918918919}, "47": {"bias": -0.5773502691896258, "objective_cosine_similarity": -0.12447450323909877, "is_tight": 0.0, "dual_solution_value": 0.0,