{"0": {"bias": -0.7782078621008105, "objective_cosine_similarity": -0.5247544671768151, "is_tight": 0.0, "dual_solution_value": -0.0, "scaled_age": 0.16176470588235295}, "1": {"bias": -0.5144957554275265, "objective_cosine_similarity": -0.3360303358008652, "is_tight": 1.0, "dual_solution_value": -0.00014498128073245513, "scaled_age": 0.0}, "2": {"bias": -0.7526446627986585, "objective_cosine_similarity": -0.5151326378778299, "is_tight": 0.0, "dual_solution_value": -0.0, "scaled_age": 0.11764705882352941}, "3": {"bias": -0.6681531047810609, "objective_cosine_similarity": -0.38485798250611447, "is_tight": 0.0, "dual_solution_value": -0.0, "scaled_age": 0.11764705882352941}, "4": {"bias": -0.768273325346536, "objective_cosine_similarity": -0.4511935956545091, "is_tight": 0.0, "dual_solution_value": -0.0, "scaled_age": 0.16176470588235295}, "5": {"bias": -0.6950480468569159, "objective_cosine_similarity": -0.4998435232311187, "is_tight": 0.0, "dual_solution_value": -0.0, "scaled_age": 0.04411764705882353}, "6": {"bias": -0.7205766921228921, "objective_cosine_similarity": -0.47917149344379756, "is_tight": 0.0, "dual_solution_value": -0.0, "scaled_age": 0.1323529411764706}, "7": {"bias": -0.8371652512881285, "objective_cosine_similarity": -0.34436103936852147, "is_tight": 1.0, "dual_solution_value": -0.00013270035572802836, "scaled_age": 0.0}, "8": {"bias": -0.5163977794943222, "objective_cosine_similarity": -0.17414728831766194, "is_tight": 0.0, "dual_solution_value": -0.0, "scaled_age": 0.08823529411764706}, "9": {"bias": -0.8421490895304566, "objective_cosine_similarity": -0.34036325766572323, "is_tight": 0.0, "dual_solution_value": -0.0, "scaled_age": 0.08823529411764706}, "10": {"bias": -0.9076378762712578, "objective_cosine_similarity": -0.347709880847509, "is_tight": 0.0, "dual_solution_value": -0.0, "scaled_age": 0.058823529411764705}, "11": {"bias": -0.871800645613137, "objective_cosine_similarity": -0.3320305414373514, "is_tight": 0.0, "dual_solution_value": -0.0, "scaled_age": 0.16176470588235295}, "12": {"bias": -0.9060555073823868, "objective_cosine_similarity": -0.33807096777393275, "is_tight": 1.0, "dual_solution_value": -0.0007594539199926931, "scaled_age": 0.0}, "13": {"bias": -0.8046673931898995, "objective_cosine_similarity": -0.34545239002087685, "is_tight": 0.0, "dual_solution_value": -0.0, "scaled_age": 0.029411764705882353}, "14": {"bias": -0.5443310539518174, "objective_cosine_similarity": -0.3911456400985249, "is_tight": 0.0, "dual_solution_value": -0.0, "scaled_age": 0.07352941176470588}, "15": {"bias": -0.6137517958529076, "objective_cosine_similarity": -0.7576733662896781, "is_tight": 1.0, "dual_solution_value": -1.4690593107223308e-05, "scaled_age": 0.0}, "16": {"bias": -0.6015056485405026, "objective_cosine_similarity": -0.7748760272702685, "is_tight": 0.0, "dual_solution_value": -0.0, "scaled_age": 0.07352941176470588}, "17": {"bias": -0.22941573387056174, "objective_cosine_similarity": -0.28759617928666187, "is_tight": 0.0, "dual_solution_value": 0.0, "scaled_age": 0.36764705882352944}, "18": {"bias": -0.25, "objective_cosine_similarity": -0.1828467022072383, "is_tight": 0.0, "dual_solution_value": 0.0, "scaled_age": 0.36764705882352944}, "19": {"bias": -0.2672612419124244, "objective_cosine_similarity": -0.2734317089149173, "is_tight": 0.0, "dual_solution_value": 0.0, "scaled_age": 0.36764705882352944}, "20": {"bias": -0.2773500981126146, "objective_cosine_similarity": -0.24941892687582257, "is_tight": 1.0, "dual_solution_value": -1.409438540021717e-06, "scaled_age": 0.0}, "21": {"bias": -0.2581988897471611, "objective_cosine_similarity": -0.2406465692997227, "is_tight": 0.0, "dual_solution_value": 0.0, "scaled_age": 0.36764705882352944}, "22": {"bias": -0.22941573387056174, "objective_cosine_similarity": -0.35908717050548017, "is_tight": 1.0, "dual_solution_value": -5.0302067541958985e-05, "scaled_age": 0.0}, "23": {"bias": -0.2581988897471611, "objective_cosine_similarity": -0.27848870157128214, "is_tight": 0.0, "dual_solution_value": 0.0, "scaled_age": 0.2647058823529412}, "24": {"bias": -0.2672612419124244, "objective_cosine_similarity": -0.3266729317912573, "is_tight": 0.0, "dual_solution_value": 0.0, "scaled_age": 0.36764705882352944}, "25": {"bias": -0.23570226039551587, "objective_cosine_similarity": -0.3219726519491623, "is_tight": 0.0, "dual_solution_value": 0.0, "scaled_age": 0.20588235294117646}, "26": {"bias": -0.2773500981126146, "objective_cosine_similarity": -0.2584958814931389, "is_tight": 0.0, "dual_solution_value": 0.0, "scaled_age": 0.36764705882352944}, "27": {"bias": -0.25, "objective_cosine_similarity": -0.31802519800247286, "is_tight": 1.0, "dual_solution_value": -6.453436748066046e-05, "scaled_age": 0.0}, "28": {"bias": -0.2581988897471611, "objective_cosine_similarity": -0.30567625291201417, "is_tight": 1.0, "dual_solution_value": -0.002838643660997886, "scaled_age": 0.0}, "29": {"bias": -0.2672612419124244, "objective_cosine_similarity": -0.3087990926827717, "is_tight": 1.0, "dual_solution_value": -0.0011034094081717933, "scaled_age": 0.0}, "30": {"bias": -0.2773500981126146, "objective_cosine_similarity": -0.31058970799251956, "is_tight": 1.0, "dual_solution_value": -0.00010953883080038858, "scaled_age": 0.0}, "31": {"bias": -0.24253562503633297, "objective_cosine_similarity": -0.28885840011783215, "is_tight": 0.0, "dual_solution_value": 0.0, "scaled_age": 0.36764705882352944}, "32": {"bias": -0.35355339059327373, "objective_cosine_similarity": -0.17607879403469812, "is_tight": 1.0, "dual_solution_value": -6.517755802107e-05, "scaled_age": 0.0}, "33": {"bias": -0.2672612419124244, "objective_cosine_similarity": -0.2547972809081983, "is_tight": 0.0, "dual_solution_value": 0.0, "scaled_age": 0.07352941176470588}, "34": {"bias": -0.2886751345948129, "objective_cosine_similarity": -0.26330033442101863, "is_tight": 0.0, "dual_solution_value": 0.0, "scaled_age": 0.36764705882352944}, "35": {"bias": -0.2886751345948129, "objective_cosine_similarity": -0.18771958319876053, "is_tight": 1.0, "dual_solution_value": -0.0014995617148050588, "scaled_age": 0.0}, "36": {"bias": -0.2672612419124244, "objective_cosine_similarity": -0.29510849251457, "is_tight": 1.0, "dual_solution_value": -0.00013988852277505625, "scaled_age": 0.0}, "37": {"bias": -0.22941573387056174, "objective_cosine_similarity": -0.25821631988166804, "is_tight": 0.0, "dual_solution_value": 0.0, "scaled_age": 0.36764705882352944}, "38": {"bias": -0.2672612419124244, "objective_cosine_similarity": -0.27989671454990145, "is_tight": 0.0, "dual_solution_value": 0.0, "scaled_age": 0.058823529411764705}, "39": {"bias": -0.2886751345948129, "objective_cosine_similarity": -0.27562328298986505, "is_tight": 0.0, "dual_solution_value": 0.0, "scaled_age": 0.19117647058823528}, "40": {"bias": -0.2773500981126146, "objective_cosine_similarity": -0.2865160457465936, "is_tight": 1.0, "dual_solution_value": -2.2283759581759202e-05, "scaled_age": 0.0}, "41": {"bias": -0.2672612419124244, "objective_cosine_similarity": -0.20383782472655868, "is_tight": 0.0, "dual_solution_value": 0.0, "scaled_age": 0.36764705882352944}, "42": {"bias": -0.2182178902359924, "objective_cosine_similarity": -0.37509501387910477, "is_tight": 1.0, "dual_solution_value": -0.0006099128843745057, "scaled_age": 0.0}, "43": {"bias": -0.2886751345948129, "objective_cosine_similarity": -0.23536831766496671, "is_tight": 0.0, "dual_solution_value": 0.0, "scaled_age": 0.36764705882352944}, "44": {"bias": -0.30151134457776363, "objective_cosine_similarity": -0.25698897015902333, "is_tight": 1.0, "dual_solution_value": -0.002145150001327407, "scaled_age": 0.0}, "45": {"bias": -0.20851441405707477, "objective_cosine_similarity": -0.3572288891790267, "is_tight": 1.0, "dual_solution_value": -0.00018360754236752496, "scaled_age": 0.0}, "46": {"bias": -0.3333333333333333, "objective_cosine_similarity": -0.20490214099488185, "is_tight": 0.0, "dual_solution_value": 0.0,