{"0": {"bias": -1.0206207261596576, "objective_cosine_similarity": -0.7249078639484474, "is_tight": 1.0, "dual_solution_value": -0.002029931983544528, "scaled_age": 0.0}, "1": {"bias": -1.243868934821135, "objective_cosine_similarity": -0.8701686233835891, "is_tight": 0.0, "dual_solution_value": -0.0, "scaled_age": 0.017391304347826087}, "2": {"bias": -1.2119685214615776, "objective_cosine_similarity": -0.9349252132748752, "is_tight": 0.0, "dual_solution_value": -0.0, "scaled_age": 0.09565217391304348}, "3": {"bias": -1.028991510855053, "objective_cosine_similarity": -0.7974328085576085, "is_tight": 1.0, "dual_solution_value": -4.5760432634671614e-05, "scaled_age": 0.0}, "4": {"bias": -1.0625064049817194, "objective_cosine_similarity": -0.884421080327651, "is_tight": 0.0, "dual_solution_value": -0.0, "scaled_age": 0.06086956521739131}, "5": {"bias": -1.2492756131943816, "objective_cosine_similarity": -0.8313285803570098, "is_tight": 0.0, "dual_solution_value": -0.0, "scaled_age": 0.09565217391304348}, "6": {"bias": -0.970246730245458, "objective_cosine_similarity": -0.8631334892267037, "is_tight": 1.0, "dual_solution_value": -8.093377181364689e-07, "scaled_age": 0.0}, "7": {"bias": -0.8944271909999159, "objective_cosine_similarity": -0.6468723036300443, "is_tight": 0.0, "dual_solution_value": -0.0, "scaled_age": 0.034782608695652174}, "8": {"bias": -1.137147065368355, "objective_cosine_similarity": -0.9170685702291497, "is_tight": 1.0, "dual_solution_value": -3.083772973195347e-06, "scaled_age": 0.0}, "9": {"bias": -0.8320502943378437, "objective_cosine_similarity": -0.5289051967225128, "is_tight": 1.0, "dual_solution_value": -0.00012805518984359648, "scaled_age": 0.0}, "10": {"bias": -1.1041048949477668, "objective_cosine_similarity": -0.9051580105114021, "is_tight": 0.0, "dual_solution_value": -0.0, "scaled_age": 0.034782608695652174}, "11": {"bias": -1.0732827648642322, "objective_cosine_similarity": -0.9044239026607547, "is_tight": 1.0, "dual_solution_value": -0.0034135043741994673, "scaled_age": 0.0}, "12": {"bias": -1.1935030945981207, "objective_cosine_similarity": -0.9233169483813142, "is_tight": 0.0, "dual_solution_value": 0.0, "scaled_age": 0.017391304347826087}, "13": {"bias": -0.4082482904638631, "objective_cosine_similarity": -0.22144159532719143, "is_tight": 0.0, "dual_solution_value": 0.0, "scaled_age": 0.19130434782608696}, "14": {"bias": -0.5, "objective_cosine_similarity": -0.2080978232650907, "is_tight": 1.0, "dual_solution_value": -0.0024486112910992127, "scaled_age": 0.0}, "15": {"bias": -0.3779644730092272, "objective_cosine_similarity": -0.19727866177094863, "is_tight": 0.0, "dual_solution_value": 0.0, "scaled_age": 0.19130434782608696}, "16": {"bias": -0.4082482904638631, "objective_cosine_similarity": -0.5208751990715069, "is_tight": 1.0, "dual_solution_value": -0.010681321236397921, "scaled_age": 0.0}, "17": {"bias": -0.3779644730092272, "objective_cosine_similarity": -0.34813881488990933, "is_tight": 0.0, "dual_solution_value": 0.0, "scaled_age": 0.19130434782608696}, "18": {"bias": -0.5773502691896258, "objective_cosine_similarity": -0.06696625189370098, "is_tight": 0.0, "dual_solution_value": 0.0, "scaled_age": 0.19130434782608696}, "19": {"bias": -0.5773502691896258, "objective_cosine_similarity": -0.20680754261290007, "is_tight": 0.0, "dual_solution_value": 0.0, "scaled_age": 0.19130434782608696}, "20": {"bias": -0.35355339059327373, "objective_cosine_similarity": -0.4559156589244443, "is_tight": 0.0, "dual_solution_value": 0.0, "scaled_age": 0.017391304347826087}, "21": {"bias": -0.7071067811865475, "objective_cosine_similarity": -0.22916395554403285, "is_tight": 1.0, "dual_solution_value": -0.0497252741334734, "scaled_age": 0.0}, "22": {"bias": -0.4082482904638631, "objective_cosine_similarity": -0.16434030345036849, "is_tight": 0.0, "dual_solution_value": 0.0, "scaled_age": 0.19130434782608696}, "23": {"bias": -0.5, "objective_cosine_similarity": -0.19104062463680457, "is_tight": 0.0, "dual_solution_value": 0.0, "scaled_age": 0.19130434782608696}, "24": {"bias": -0.4082482904638631, "objective_cosine_similarity": -0.2827210305120746, "is_tight": 0.0, "dual_solution_value": 0.0, "scaled_age": 0.19130434782608696}, "25": {"bias": -0.4082482904638631, "objective_cosine_similarity": -0.23119059637933193, "is_tight": 0.0, "dual_solution_value": 0.0, "scaled_age": 0.19130434782608696}, "26": {"bias": -0.4472135954999579, "objective_cosine_similarity": -0.20748734267378782, "is_tight": 0.0, "dual_solution_value": 0.0, "scaled_age": 0.19130434782608696}, "27": {"bias": -0.4082482904638631, "objective_cosine_similarity": -0.5097334835833464, "is_tight": 1.0, "dual_solution_value": -0.030256157300345584, "scaled_age": 0.0}, "28": {"bias": -0.5, "objective_cosine_similarity": -0.1654548266943754, "is_tight": 0.0, "dual_solution_value": 0.0, "scaled_age": 0.19130434782608696}, "29": {"bias": -0.4082482904638631, "objective_cosine_similarity": -0.4275633318581621, "is_tight": 1.0, "dual_solution_value": -0.01291397258527093, "scaled_age": 0.0}, "30": {"bias": -0.3779644730092272, "objective_cosine_similarity": -0.36361165110723864, "is_tight": 0.0, "dual_solution_value": 0.0, "scaled_age": 0.08695652173913043}, "31": {"bias": -0.30151134457776363, "objective_cosine_similarity": -0.4062921725584182, "is_tight": 0.0, "dual_solution_value": 0.0, "scaled_age": 0.19130434782608696}, "32": {"bias": -0.5, "objective_cosine_similarity": -0.387198408862095, "is_tight": 0.0, "dual_solution_value": 0.0, "scaled_age": 0.017391304347826087}, "33": {"bias": -0.3779644730092272, "objective_cosine_similarity": -0.31590373943713995, "is_tight": 0.0, "dual_solution_value": 0.0, "scaled_age": 0.19130434782608696}, "34": {"bias": -0.4472135954999579, "objective_cosine_similarity": -0.34632078519816056, "is_tight": 1.0, "dual_solution_value": -0.010237824777430014, "scaled_age": 0.0}, "35": {"bias": -0.3779644730092272, "objective_cosine_similarity": -0.26432761871270893, "is_tight": 0.0, "dual_solution_value": 0.0, "scaled_age": 0.1391304347826087}, "36": {"bias": -0.3779644730092272, "objective_cosine_similarity": -0.18954224366228398, "is_tight": 0.0, "dual_solution_value": 0.0, "scaled_age": 0.19130434782608696}, "37": {"bias": -0.4082482904638631, "objective_cosine_similarity": -0.3189316058485965, "is_tight": 0.0, "dual_solution_value": 0.0, "scaled_age": 0.19130434782608696}, "38": {"bias": -0.5, "objective_cosine_similarity": -0.1535147876545751, "is_tight": 0.0, "dual_solution_value": 0.0, "scaled_age": 0.19130434782608696}, "39": {"bias": -0.4082482904638631, "objective_cosine_similarity": -0.3816037554694997, "is_tight": 1.0, "dual_solution_value": -1.7836841204276368e-05, "scaled_age": 0.0}, "40": {"bias": -0.5, "objective_cosine_similarity": -0.1961577842252904, "is_tight": 1.0, "dual_solution_value": -1.3697478533896697e-05, "scaled_age": 0.0}, "41": {"bias": -0.3779644730092272, "objective_cosine_similarity": -0.241118364386715, "is_tight": 0.0, "dual_solution_value": 0.0, "scaled_age": 0.19130434782608696}, "42": {"bias": -0.35355339059327373, "objective_cosine_similarity": -0.38596034617942376, "is_tight": 0.0, "dual_solution_value": 0.0, "scaled_age": 0.19130434782608696}, "43": {"bias": -0.3779644730092272, "objective_cosine_similarity": -0.3507176209261309, "is_tight": 0.0, "dual_solution_value": 0.0, "scaled_age": 0.19130434782608696}, "44": {"bias": -0.4472135954999579, "objective_cosine_similarity": -0.2776668850487455, "is_tight": 0.0, "dual_solution_value": 0.0, "scaled_age": 0.008695652173913044}, "45": {"bias": -0.5773502691896258, "objective_cosine_similarity": -0.08075342140122764, "is_tight": 1.0, "dual_solution_value": -0.007878382575729526, "scaled_age": 0.0}, "46": {"bias": -0.4082482904638631, "objective_cosine_similarity": -0.3328587502087972, "is_tight": 0.0, "dual_solution_value": 0.0, "scaled_age": 0.19130434782608696}, "47": {"bias": -0.5, "objective_cosine_similarity": -0.3223810540746077, "is_tight": 1.0,