{"0": {"bias": -0.8017837257372732, "objective_cosine_similarity": -0.7818885536232905, "is_tight": 1.0, "dual_solution_value": -0.0003026918658044666, "scaled_age": 0.0}, "1": {"bias": -0.5, "objective_cosine_similarity": -0.8167660083849142, "is_tight": 1.0, "dual_solution_value": -2.0705775072041015e-05, "scaled_age": 0.0}, "2": {"bias": -0.8382176242978601, "objective_cosine_similarity": -0.891691928492237, "is_tight": 1.0, "dual_solution_value": -5.381160802721301e-08, "scaled_age": 0.0}, "3": {"bias": -1.0, "objective_cosine_similarity": -0.26182046261816067, "is_tight": 0.0, "dual_solution_value": -0.0, "scaled_age": 0.1}, "4": {"bias": -0.9103664774626047, "objective_cosine_similarity": -0.8709760991070534, "is_tight": 1.0, "dual_solution_value": -6.685470990491449e-06, "scaled_age": 0.0}, "5": {"bias": -1.2191138306614735, "objective_cosine_similarity": -0.9575668413839549, "is_tight": 0.0, "dual_solution_value": -0.0, "scaled_age": 0.03}, "6": {"bias": -0.9045340337332909, "objective_cosine_similarity": -0.724205573101585, "is_tight": 1.0, "dual_solution_value": -0.00131789974893194, "scaled_age": 0.0}, "7": {"bias": -0.9383148632568366, "objective_cosine_similarity": -0.9079109862716996, "is_tight": 0.0, "dual_solution_value": -0.0, "scaled_age": 0.06}, "8": {"bias": -1.1296416038980706, "objective_cosine_similarity": -0.9697511199354847, "is_tight": 0.0, "dual_solution_value": 0.0, "scaled_age": 0.1}, "9": {"bias": -1.0609950948724771, "objective_cosine_similarity": -0.9702753193278275, "is_tight": 0.0, "dual_solution_value": 0.0, "scaled_age": 0.08}, "10": {"bias": -1.0414141074872654, "objective_cosine_similarity": -0.9750026662722301, "is_tight": 1.0, "dual_solution_value": -0.00011871573993243233, "scaled_age": 0.0}, "11": {"bias": -0.4472135954999579, "objective_cosine_similarity": -0.4276318399515702, "is_tight": 0.0, "dual_solution_value": 0.0, "scaled_age": 0.12}, "12": {"bias": -0.4082482904638631, "objective_cosine_similarity": -0.24165927505046678, "is_tight": 0.0, "dual_solution_value": 0.0, "scaled_age": 0.24}, "13": {"bias": -0.4082482904638631, "objective_cosine_similarity": -0.613442775128108, "is_tight": 1.0, "dual_solution_value": -0.034648342433673034, "scaled_age": 0.0}, "14": {"bias": -0.5, "objective_cosine_similarity": -0.13660198049643163, "is_tight": 0.0, "dual_solution_value": 0.0, "scaled_age": 0.24}, "15": {"bias": -0.5, "objective_cosine_similarity": -0.13091023130908033, "is_tight": 0.0, "dual_solution_value": 0.0, "scaled_age": 0.24}, "16": {"bias": -0.5, "objective_cosine_similarity": -0.31304620530432253, "is_tight": 0.0, "dual_solution_value": 0.0, "scaled_age": 0.24}, "17": {"bias": -0.3779644730092272, "objective_cosine_similarity": -0.3269944052788866, "is_tight": 0.0, "dual_solution_value": 0.0, "scaled_age": 0.24}, "18": {"bias": -0.5773502691896258, "objective_cosine_similarity": -0.09201172191335928, "is_tight": 0.0, "dual_solution_value": 0.0, "scaled_age": 0.24}, "19": {"bias": -0.5773502691896258, "objective_cosine_similarity": -0.23002930478339823, "is_tight": 0.0, "dual_solution_value": 0.0, "scaled_age": 0.24}, "20": {"bias": -0.5, "objective_cosine_similarity": -0.2845874593675659, "is_tight": 0.0, "dual_solution_value": 0.0, "scaled_age": 0.24}, "21": {"bias": -0.5773502691896258, "objective_cosine_similarity": -0.15773438042290164, "is_tight": 0.0, "dual_solution_value": 0.0, "scaled_age": 0.24}, "22": {"bias": -0.4472135954999579, "objective_cosine_similarity": -0.21890677521330382, "is_tight": 0.0, "dual_solution_value": 0.0, "scaled_age": 0.24}, "23": {"bias": -0.4082482904638631, "objective_cosine_similarity": -0.2834849188092014, "is_tight": 0.0, "dual_solution_value": 0.0, "scaled_age": 0.24}, "24": {"bias": -0.5773502691896258, "objective_cosine_similarity": -0.15773438042290164, "is_tight": 0.0, "dual_solution_value": 0.0, "scaled_age": 0.24}, "25": {"bias": -0.5773502691896258, "objective_cosine_similarity": -0.23660157063435244, "is_tight": 1.0, "dual_solution_value": -0.0002156507845989817, "scaled_age": 0.0}, "26": {"bias": -0.4472135954999579, "objective_cosine_similarity": -0.43781355042660763, "is_tight": 0.0, "dual_solution_value": 0.0, "scaled_age": 0.24}, "27": {"bias": -0.4472135954999579, "objective_cosine_similarity": -0.3767232875763833, "is_tight": 0.0, "dual_solution_value": 0.0, "scaled_age": 0.18}, "28": {"bias": -0.4082482904638631, "objective_cosine_similarity": -0.2230701000465847, "is_tight": 0.0, "dual_solution_value": 0.0, "scaled_age": 0.24}, "29": {"bias": -0.5773502691896258, "objective_cosine_similarity": -0.2497461023362609, "is_tight": 0.0, "dual_solution_value": 0.0, "scaled_age": 0.22}, "30": {"bias": -0.4082482904638631, "objective_cosine_similarity": -0.2927795063111424, "is_tight": 0.0, "dual_solution_value": 0.0, "scaled_age": 0.24}, "31": {"bias": -0.3779644730092272, "objective_cosine_similarity": -0.3183892893504949, "is_tight": 0.0, "dual_solution_value": 0.0, "scaled_age": 0.24}, "32": {"bias": -0.4082482904638631, "objective_cosine_similarity": -0.37178350007764116, "is_tight": 0.0, "dual_solution_value": 0.0, "scaled_age": 0.24}, "33": {"bias": -0.4472135954999579, "objective_cosine_similarity": -0.3309055904387151, "is_tight": 0.0, "dual_solution_value": 0.0, "scaled_age": 0.24}, "34": {"bias": -0.5, "objective_cosine_similarity": -0.22766996749405274, "is_tight": 0.0, "dual_solution_value": 0.0, "scaled_age": 0.24}, "35": {"bias": -0.4472135954999579, "objective_cosine_similarity": -0.3309055904387151, "is_tight": 0.0, "dual_solution_value": 0.0, "scaled_age": 0.24}, "36": {"bias": -0.7071067811865475, "objective_cosine_similarity": -0.07244414004940448, "is_tight": 0.0, "dual_solution_value": 0.0, "scaled_age": 0.17}, "37": {"bias": -0.4082482904638631, "objective_cosine_similarity": -0.2602484500543488, "is_tight": 0.0, "dual_solution_value": 0.0, "scaled_age": 0.24}, "38": {"bias": -0.5, "objective_cosine_similarity": -0.21059471993199877, "is_tight": 0.0, "dual_solution_value": 0.0, "scaled_age": 0.24}, "39": {"bias": -0.3779644730092272, "objective_cosine_similarity": -0.3183892893504949, "is_tight": 0.0, "dual_solution_value": 0.0, "scaled_age": 0.24}, "40": {"bias": -0.5773502691896258, "objective_cosine_similarity": -0.46005860956679645, "is_tight": 0.0, "dual_solution_value": 0.0, "scaled_age": 0.12}, "41": {"bias": -0.4472135954999579, "objective_cosine_similarity": -0.32581473520119636, "is_tight": 0.0, "dual_solution_value": 0.0, "scaled_age": 0.04}, "42": {"bias": -0.4082482904638631, "objective_cosine_similarity": -0.5809117188713143, "is_tight": 0.0, "dual_solution_value": 0.0, "scaled_age": 0.24}, "43": {"bias": -0.5773502691896258, "objective_cosine_similarity": -0.40748048275916254, "is_tight": 0.0, "dual_solution_value": 0.0, "scaled_age": 0.15}, "44": {"bias": -0.5773502691896258, "objective_cosine_similarity": -0.23002930478339823, "is_tight": 0.0, "dual_solution_value": 0.0, "scaled_age": 0.17}, "45": {"bias": -0.4082482904638631, "objective_cosine_similarity": -0.4229037313383168, "is_tight": 0.0, "dual_solution_value": 0.0, "scaled_age": 0.24}, "46": {"bias": -0.4472135954999579, "objective_cosine_similarity": -0.42254098471405155, "is_tight": 0.0, "dual_solution_value": 0.0, "scaled_age": 0.24}, "47": {"bias": -0.5, "objective_cosine_similarity": -0.18213597399524217, "is_tight": 0.0, "dual_solution_value": 0.0, "scaled_age": 0.24}, "48": {"bias": -0.4082482904638631, "objective_cosine_similarity": -0.3113686813150245, "is_tight": 0.0, "dual_solution_value": 0.0, "scaled_age": 0.24}, "49": {"bias": -0.4082482904638631, "objective_cosine_similarity": -0.2881322125601719, "is_tight": 0.0, "dual_solution_value": 0.0, "scaled_age": 0.24}, "50": {"bias": -0.3779644730092272, "objective_cosine_similarity": -0.2882713836011237, "is_tight": 0.0, "dual_solution_value": 0.0, "scaled_age": 0.24}, "51": {"bias": -0.4082482904638631, "objective_cosine_similarity": -0.4647293750970515, "is_tight": 0.0,