{"0": {"bias": -0.8682431421244593, "objective_cosine_similarity": -0.8509178814284785, "is_tight": 0.0, "dual_solution_value": -0.0, "scaled_age": 0.20833333333333334}, "1": {"bias": -0.9407208683835973, "objective_cosine_similarity": -0.8163585777156128, "is_tight": 0.0, "dual_solution_value": -0.0, "scaled_age": 0.1111111111111111}, "2": {"bias": -0.6030226891555273, "objective_cosine_similarity": -0.5237457153907367, "is_tight": 0.0, "dual_solution_value": -0.0, "scaled_age": 0.18055555555555555}, "3": {"bias": -0.7624928516630234, "objective_cosine_similarity": -0.8103492947790328, "is_tight": 0.0, "dual_solution_value": -0.0, "scaled_age": 0.125}, "4": {"bias": -0.6123724356957946, "objective_cosine_similarity": -0.722620020339408, "is_tight": 0.0, "dual_solution_value": -0.0, "scaled_age": 0.08333333333333333}, "5": {"bias": -0.7453559924999299, "objective_cosine_similarity": -0.8544152198045086, "is_tight": 0.0, "dual_solution_value": -0.0, "scaled_age": 0.20833333333333334}, "6": {"bias": -0.6030226891555273, "objective_cosine_similarity": -0.5480545882569734, "is_tight": 0.0, "dual_solution_value": -0.0, "scaled_age": 0.1388888888888889}, "7": {"bias": -0.9074236233831591, "objective_cosine_similarity": -0.9267719812137433, "is_tight": 0.0, "dual_solution_value": -0.0, "scaled_age": 0.18055555555555555}, "8": {"bias": -0.6324555320336759, "objective_cosine_similarity": -0.4218323357372486, "is_tight": 1.0, "dual_solution_value": -0.0031006222809417993, "scaled_age": 0.0}, "9": {"bias": -0.8637927442673865, "objective_cosine_similarity": -0.8517085505935263, "is_tight": 1.0, "dual_solution_value": -7.832947243236738e-06, "scaled_age": 0.0}, "10": {"bias": -0.9273381945258381, "objective_cosine_similarity": -0.9425732426456157, "is_tight": 0.0, "dual_solution_value": 0.0, "scaled_age": 0.027777777777777776}, "11": {"bias": -0.925446973270004, "objective_cosine_similarity": -0.9492640423792754, "is_tight": 1.0, "dual_solution_value": -0.0062023323315006495, "scaled_age": 0.0}, "12": {"bias": -0.8134074109416659, "objective_cosine_similarity": -0.8950557370116355, "is_tight": 1.0, "dual_solution_value": -0.00090484260491576, "scaled_age": 0.0}, "13": {"bias": -0.4082482904638631, "objective_cosine_similarity": -0.36804249483125123, "is_tight": 0.0, "dual_solution_value": 0.0, "scaled_age": 0.041666666666666664}, "14": {"bias": -0.3333333333333333, "objective_cosine_similarity": -0.473967927651792, "is_tight": 1.0, "dual_solution_value": -1.4682700523534725e-05, "scaled_age": 0.0}, "15": {"bias": -0.4082482904638631, "objective_cosine_similarity": -0.24536166322083416, "is_tight": 0.0, "dual_solution_value": 0.0, "scaled_age": 0.3194444444444444}, "16": {"bias": -0.4082482904638631, "objective_cosine_similarity": -0.385995787262044, "is_tight": 0.0, "dual_solution_value": 0.0, "scaled_age": 0.3194444444444444}, "17": {"bias": -0.3779644730092272, "objective_cosine_similarity": -0.17452594938998447, "is_tight": 0.0, "dual_solution_value": 0.0, "scaled_age": 0.3194444444444444}, "18": {"bias": -0.4082482904638631, "objective_cosine_similarity": -0.38001135645177975, "is_tight": 0.0, "dual_solution_value": 0.0, "scaled_age": 0.1388888888888889}, "19": {"bias": -0.4472135954999579, "objective_cosine_similarity": -0.38678131433605634, "is_tight": 1.0, "dual_solution_value": -0.00011836099981172104, "scaled_age": 0.0}, "20": {"bias": -0.31622776601683794, "objective_cosine_similarity": -0.3870659344402226, "is_tight": 0.0, "dual_solution_value": 0.0, "scaled_age": 0.3194444444444444}, "21": {"bias": -0.35355339059327373, "objective_cosine_similarity": -0.5156755763334734, "is_tight": 0.0, "dual_solution_value": 0.0, "scaled_age": 0.3194444444444444}, "22": {"bias": -0.4082482904638631, "objective_cosine_similarity": -0.5625364961648393, "is_tight": 1.0, "dual_solution_value": -0.007437646100386438, "scaled_age": 0.0}, "23": {"bias": -0.3779644730092272, "objective_cosine_similarity": -0.32134936713076506, "is_tight": 0.0, "dual_solution_value": 0.0, "scaled_age": 0.3194444444444444}, "24": {"bias": -0.3779644730092272, "objective_cosine_similarity": -0.2825658228218796, "is_tight": 0.0, "dual_solution_value": 0.0, "scaled_age": 0.3194444444444444}, "25": {"bias": -0.3779644730092272, "objective_cosine_similarity": -0.3130386076360039, "is_tight": 0.0, "dual_solution_value": 0.0, "scaled_age": 0.3194444444444444}, "26": {"bias": -0.4082482904638631, "objective_cosine_similarity": -0.45481674158008284, "is_tight": 0.0, "dual_solution_value": 0.0, "scaled_age": 0.3055555555555556}, "27": {"bias": -0.3779644730092272, "objective_cosine_similarity": -0.3767544304291728, "is_tight": 0.0, "dual_solution_value": 0.0, "scaled_age": 0.3194444444444444}, "28": {"bias": -0.4082482904638631, "objective_cosine_similarity": -0.23339280160030568, "is_tight": 1.0, "dual_solution_value": -1.7127699944925317e-05, "scaled_age": 0.0}, "29": {"bias": -0.35355339059327373, "objective_cosine_similarity": -0.5908242784122207, "is_tight": 1.0, "dual_solution_value": -0.011970888524227534, "scaled_age": 0.0}, "30": {"bias": -0.35355339059327373, "objective_cosine_similarity": -0.4716228889080008, "is_tight": 0.0, "dual_solution_value": 0.0, "scaled_age": 0.3194444444444444}, "31": {"bias": -0.31622776601683794, "objective_cosine_similarity": -0.3268041721920442, "is_tight": 0.0, "dual_solution_value": 0.0, "scaled_age": 0.3194444444444444}, "32": {"bias": -0.4472135954999579, "objective_cosine_similarity": -0.41628158407355215, "is_tight": 1.0, "dual_solution_value": -0.009404844693859086, "scaled_age": 0.0}, "33": {"bias": -0.5, "objective_cosine_similarity": -0.216217327820534, "is_tight": 0.0, "dual_solution_value": 0.0, "scaled_age": 0.19444444444444445}, "34": {"bias": -0.4082482904638631, "objective_cosine_similarity": -0.3500892024004585, "is_tight": 0.0, "dual_solution_value": 0.0, "scaled_age": 0.027777777777777776}, "35": {"bias": -0.4082482904638631, "objective_cosine_similarity": -0.22142393997977716, "is_tight": 0.0, "dual_solution_value": 0.0, "scaled_age": 0.3194444444444444}, "36": {"bias": -0.5, "objective_cosine_similarity": -0.3005054386658269, "is_tight": 1.0, "dual_solution_value": -6.522758585305042e-05, "scaled_age": 0.0}, "37": {"bias": -0.3333333333333333, "objective_cosine_similarity": -0.44465032387951625, "is_tight": 0.0, "dual_solution_value": 0.0, "scaled_age": 0.3194444444444444}, "38": {"bias": -0.5, "objective_cosine_similarity": -0.2272114292351374, "is_tight": 0.0, "dual_solution_value": 0.0, "scaled_age": 0.19444444444444445}, "39": {"bias": -0.3333333333333333, "objective_cosine_similarity": -0.2956191713704476, "is_tight": 0.0, "dual_solution_value": 0.0, "scaled_age": 0.3194444444444444}, "40": {"bias": -0.5, "objective_cosine_similarity": -0.42144055422646454, "is_tight": 1.0, "dual_solution_value": -0.060204699329321945, "scaled_age": 0.0}, "41": {"bias": -0.5, "objective_cosine_similarity": -0.42144055422646454, "is_tight": 1.0, "dual_solution_value": -0.025652903300741322, "scaled_age": 0.0}, "42": {"bias": -0.31622776601683794, "objective_cosine_similarity": -0.6118886628276573, "is_tight": 1.0, "dual_solution_value": -0.008588193084929018, "scaled_age": 0.0}, "43": {"bias": -0.35355339059327373, "objective_cosine_similarity": -0.2850468009883521, "is_tight": 0.0, "dual_solution_value": 0.0, "scaled_age": 0.3194444444444444}, "44": {"bias": -0.4082482904638631, "objective_cosine_similarity": -0.24236944781570205, "is_tight": 0.0, "dual_solution_value": 0.0, "scaled_age": 0.3194444444444444}, "45": {"bias": -0.35355339059327373, "objective_cosine_similarity": -0.4197961978192095, "is_tight": 1.0, "dual_solution_value": -0.010776526679034962, "scaled_age": 0.0}, "46": {"bias": -0.3779644730092272, "objective_cosine_similarity": -0.4958753165207495, "is_tight": 0.0, "dual_solution_value": 0.0, "scaled_age": 0.027777777777777776}, "47": {"bias": -0.35355339059327373, "objective_cosine_similarity": -0.46125755069024255, "is_tight": 0.0,