{"0": {"bias": -0.8660254037844387, "objective_cosine_similarity": -0.8509228104829646, "is_tight": 0.0, "dual_solution_value": -0.0, "scaled_age": 0.04878048780487805}, "1": {"bias": -0.9574271077563381, "objective_cosine_similarity": -0.845508717359855, "is_tight": 1.0, "dual_solution_value": -0.00018843254530879195, "scaled_age": 0.0}, "2": {"bias": -0.6030226891555273, "objective_cosine_similarity": -0.6791717364450609, "is_tight": 1.0, "dual_solution_value": -0.003762930516990933, "scaled_age": 0.0}, "3": {"bias": -0.6546536707079772, "objective_cosine_similarity": -0.7296421780392549, "is_tight": 1.0, "dual_solution_value": -0.0001814247876764064, "scaled_age": 0.0}, "4": {"bias": -0.6324555320336759, "objective_cosine_similarity": -0.517545963865562, "is_tight": 0.0, "dual_solution_value": -0.0, "scaled_age": 0.0975609756097561}, "5": {"bias": -1.0465206566925787, "objective_cosine_similarity": -0.9563189753763823, "is_tight": 0.0, "dual_solution_value": 0.0, "scaled_age": 0.04878048780487805}, "6": {"bias": -0.9807879695786402, "objective_cosine_similarity": -0.9018834741248408, "is_tight": 1.0, "dual_solution_value": -0.018293197566230317, "scaled_age": 0.0}, "7": {"bias": -0.4472135954999579, "objective_cosine_similarity": -0.4013757697178152, "is_tight": 0.0, "dual_solution_value": 0.0, "scaled_age": 0.08536585365853659}, "8": {"bias": -0.35355339059327373, "objective_cosine_similarity": -0.36086850262190695, "is_tight": 0.0, "dual_solution_value": 0.0, "scaled_age": 0.3780487804878049}, "9": {"bias": -0.4082482904638631, "objective_cosine_similarity": -0.37358866933801343, "is_tight": 0.0, "dual_solution_value": 0.0, "scaled_age": 0.3780487804878049}, "10": {"bias": -0.4472135954999579, "objective_cosine_similarity": -0.40924588284953706, "is_tight": 0.0, "dual_solution_value": 0.0, "scaled_age": 0.08536585365853659}, "11": {"bias": -0.31622776601683794, "objective_cosine_similarity": -0.517545963865562, "is_tight": 0.0, "dual_solution_value": 0.0, "scaled_age": 0.3780487804878049}, "12": {"bias": -0.5, "objective_cosine_similarity": -0.39595742894573666, "is_tight": 1.0, "dual_solution_value": -0.012538363013564853, "scaled_age": 0.0}, "13": {"bias": -0.3779644730092272, "objective_cosine_similarity": -0.3724817375142923, "is_tight": 0.0, "dual_solution_value": 0.0, "scaled_age": 0.25609756097560976}, "14": {"bias": -0.4082482904638631, "objective_cosine_similarity": -0.5388298115452117, "is_tight": 0.0, "dual_solution_value": 0.0, "scaled_age": 0.35365853658536583}, "15": {"bias": -0.4082482904638631, "objective_cosine_similarity": -0.33048228441439653, "is_tight": 0.0, "dual_solution_value": 0.0, "scaled_age": 0.3780487804878049}, "16": {"bias": -0.35355339059327373, "objective_cosine_similarity": -0.4230872099705116, "is_tight": 0.0, "dual_solution_value": 0.0, "scaled_age": 0.3780487804878049}, "17": {"bias": -0.4082482904638631, "objective_cosine_similarity": -0.4885390291343253, "is_tight": 0.0, "dual_solution_value": 0.0, "scaled_age": 0.3780487804878049}, "18": {"bias": -0.4472135954999579, "objective_cosine_similarity": -0.3069344121371528, "is_tight": 0.0, "dual_solution_value": 0.0, "scaled_age": 0.3780487804878049}, "19": {"bias": -0.35355339059327373, "objective_cosine_similarity": -0.348424761152186, "is_tight": 0.0, "dual_solution_value": 0.0, "scaled_age": 0.3780487804878049}, "20": {"bias": -0.4472135954999579, "objective_cosine_similarity": -0.59025848487914, "is_tight": 1.0, "dual_solution_value": -0.04748171046600592, "scaled_age": 0.0}, "21": {"bias": -0.35355339059327373, "objective_cosine_similarity": -0.3919778562962093, "is_tight": 0.0, "dual_solution_value": 0.0, "scaled_age": 0.3780487804878049}, "22": {"bias": -0.35355339059327373, "objective_cosine_similarity": -0.3297591489476046, "is_tight": 0.0, "dual_solution_value": 0.0, "scaled_age": 0.3780487804878049}, "23": {"bias": -0.4082482904638631, "objective_cosine_similarity": -0.3448510793889355, "is_tight": 0.0, "dual_solution_value": 0.0, "scaled_age": 0.3780487804878049}, "24": {"bias": -0.4472135954999579, "objective_cosine_similarity": -0.2990642990054309, "is_tight": 0.0, "dual_solution_value": 0.0, "scaled_age": 0.3780487804878049}, "25": {"bias": -0.35355339059327373, "objective_cosine_similarity": -0.4106434685007907, "is_tight": 0.0, "dual_solution_value": 0.0, "scaled_age": 0.3780487804878049}, "26": {"bias": -0.3779644730092272, "objective_cosine_similarity": -0.3591788183173533, "is_tight": 0.0, "dual_solution_value": 0.0, "scaled_age": 0.3780487804878049}, "27": {"bias": -0.31622776601683794, "objective_cosine_similarity": -0.46189586022410367, "is_tight": 0.0, "dual_solution_value": 0.0, "scaled_age": 0.3780487804878049}, "28": {"bias": -0.4082482904638631, "objective_cosine_similarity": -0.323297886927127, "is_tight": 0.0, "dual_solution_value": 0.0, "scaled_age": 0.3780487804878049}, "29": {"bias": -0.3779644730092272, "objective_cosine_similarity": -0.5321167678775605, "is_tight": 0.0, "dual_solution_value": 0.0, "scaled_age": 0.3780487804878049}, "30": {"bias": -0.5773502691896258, "objective_cosine_similarity": -0.20320544727951395, "is_tight": 1.0, "dual_solution_value": -0.0005410484854728916, "scaled_age": 0.0}, "31": {"bias": -0.4082482904638631, "objective_cosine_similarity": -0.45261704169797784, "is_tight": 1.0, "dual_solution_value": 0.0, "scaled_age": 0.3780487804878049}, "32": {"bias": -0.35355339059327373, "objective_cosine_similarity": -0.4355309514402325, "is_tight": 0.0, "dual_solution_value": 0.0, "scaled_age": 0.14634146341463414}, "33": {"bias": -0.2773500981126146, "objective_cosine_similarity": -0.4636795119030788, "is_tight": 0.0, "dual_solution_value": 0.0, "scaled_age": 0.3780487804878049}, "34": {"bias": -0.35355339059327373, "objective_cosine_similarity": -0.27376231233386045, "is_tight": 0.0, "dual_solution_value": 0.0, "scaled_age": 0.3780487804878049}, "35": {"bias": -0.35355339059327373, "objective_cosine_similarity": -0.267540441599, "is_tight": 0.0, "dual_solution_value": 0.0, "scaled_age": 0.3780487804878049}, "36": {"bias": -0.4472135954999579, "objective_cosine_similarity": -0.3305447515323184, "is_tight": 1.0, "dual_solution_value": -0.006798707388890345, "scaled_age": 0.0}, "37": {"bias": -0.3779644730092272, "objective_cosine_similarity": -0.5188138486806214, "is_tight": 1.0, "dual_solution_value": -0.00012742322980591794, "scaled_age": 0.0}, "38": {"bias": -0.3779644730092272, "objective_cosine_similarity": -0.36583027791582284, "is_tight": 0.0, "dual_solution_value": 0.0, "scaled_age": 0.3780487804878049}, "39": {"bias": -0.3333333333333333, "objective_cosine_similarity": -0.3226319791409706, "is_tight": 0.0, "dual_solution_value": 0.0, "scaled_age": 0.3780487804878049}, "40": {"bias": -0.3779644730092272, "objective_cosine_similarity": -0.4323448739005179, "is_tight": 0.0, "dual_solution_value": 0.0, "scaled_age": 0.3780487804878049}, "41": {"bias": -0.4472135954999579, "objective_cosine_similarity": -0.3935056565860933, "is_tight": 1.0, "dual_solution_value": -0.03134985612164149, "scaled_age": 0.0}, "42": {"bias": -0.3779644730092272, "objective_cosine_similarity": -0.4123904951051094, "is_tight": 0.0, "dual_solution_value": 0.0, "scaled_age": 0.3780487804878049}, "43": {"bias": -0.31622776601683794, "objective_cosine_similarity": -0.37842070476191625, "is_tight": 0.0, "dual_solution_value": 0.0, "scaled_age": 0.3780487804878049}, "44": {"bias": -0.35355339059327373, "objective_cosine_similarity": -0.3546466318870465, "is_tight": 0.0, "dual_solution_value": 0.0, "scaled_age": 0.3780487804878049}, "45": {"bias": -0.35355339059327373, "objective_cosine_similarity": -0.3857559855613488, "is_tight": 0.0, "dual_solution_value": 0.0, "scaled_age": 0.3780487804878049}, "46": {"bias": -0.3779644730092272, "objective_cosine_similarity": -0.591979904263786, "is_tight": 0.0, "dual_solution_value": 0.0, "scaled_age": 0.08536585365853659}, "47": {"bias": -0.5,