{"0": {"bias": -0.7952264585324796, "objective_cosine_similarity": -0.9105677839496787, "is_tight": 0.0, "dual_solution_value": -0.0, "scaled_age": 0.11363636363636363}, "1": {"bias": -0.8587567515866511, "objective_cosine_similarity": -0.9107267112296465, "is_tight": 1.0, "dual_solution_value": -0.0007412813053072945, "scaled_age": 0.0}, "2": {"bias": -0.85264182321706, "objective_cosine_similarity": -0.9145596972852079, "is_tight": 1.0, "dual_solution_value": -0.0032391375028535236, "scaled_age": 0.0}, "3": {"bias": -0.8466865799821478, "objective_cosine_similarity": -0.9173286815466686, "is_tight": 1.0, "dual_solution_value": -3.194778432300684e-05, "scaled_age": 0.0}, "4": {"bias": -0.8358788762907235, "objective_cosine_similarity": -0.8959743096225933, "is_tight": 0.0, "dual_solution_value": -0.0, "scaled_age": 0.10227272727272728}, "5": {"bias": -0.48038446141526137, "objective_cosine_similarity": -0.6570992265137701, "is_tight": 0.0, "dual_solution_value": -0.0, "scaled_age": 0.011363636363636364}, "6": {"bias": -0.8290266722896783, "objective_cosine_similarity": -0.8919619342157797, "is_tight": 0.0, "dual_solution_value": -0.0, "scaled_age": 0.06818181818181818}, "7": {"bias": -0.5547001962252291, "objective_cosine_similarity": -0.3785052869186515, "is_tight": 1.0, "dual_solution_value": -0.0028880476248395914, "scaled_age": 0.0}, "8": {"bias": -0.7644867403273181, "objective_cosine_similarity": -0.9098678250117563, "is_tight": 1.0, "dual_solution_value": -9.312688471727928e-08, "scaled_age": 0.0}, "9": {"bias": -0.8171020660542649, "objective_cosine_similarity": -0.8823401186810238, "is_tight": 0.0, "dual_solution_value": -0.0, "scaled_age": 0.011363636363636364}, "10": {"bias": -0.2672612419124244, "objective_cosine_similarity": -0.2635842617991496, "is_tight": 0.0, "dual_solution_value": 0.0, "scaled_age": 0.23863636363636365}, "11": {"bias": -0.35355339059327373, "objective_cosine_similarity": -0.1848941156647721, "is_tight": 0.0, "dual_solution_value": 0.0, "scaled_age": 0.23863636363636365}, "12": {"bias": -0.30151134457776363, "objective_cosine_similarity": -0.3148829550742129, "is_tight": 0.0, "dual_solution_value": 0.0, "scaled_age": 0.10227272727272728}, "13": {"bias": -0.4472135954999579, "objective_cosine_similarity": -0.20367458753676418, "is_tight": 1.0, "dual_solution_value": -0.008522451472250515, "scaled_age": 0.0}, "14": {"bias": -0.3333333333333333, "objective_cosine_similarity": -0.27796948094756624, "is_tight": 0.0, "dual_solution_value": 0.0, "scaled_age": 0.23863636363636365}, "15": {"bias": -0.2773500981126146, "objective_cosine_similarity": -0.33320661046348493, "is_tight": 0.0, "dual_solution_value": 0.0, "scaled_age": 0.20454545454545456}, "16": {"bias": -0.31622776601683794, "objective_cosine_similarity": -0.20113093521055417, "is_tight": 0.0, "dual_solution_value": 0.0, "scaled_age": 0.23863636363636365}, "17": {"bias": -0.2773500981126146, "objective_cosine_similarity": -0.27353431551773666, "is_tight": 0.0, "dual_solution_value": 0.0, "scaled_age": 0.23863636363636365}, "18": {"bias": -0.4082482904638631, "objective_cosine_similarity": -0.2276022639337842, "is_tight": 1.0, "dual_solution_value": -0.00031258613995326415, "scaled_age": 0.0}, "19": {"bias": -0.2886751345948129, "objective_cosine_similarity": -0.3096377695678749, "is_tight": 0.0, "dual_solution_value": 0.0, "scaled_age": 0.23863636363636365}, "20": {"bias": -0.30151134457776363, "objective_cosine_similarity": -0.25001233124689387, "is_tight": 1.0, "dual_solution_value": -1.5188532030463536e-05, "scaled_age": 0.0}, "21": {"bias": -0.2886751345948129, "objective_cosine_similarity": -0.34318563918430645, "is_tight": 0.0, "dual_solution_value": 0.0, "scaled_age": 0.23863636363636365}, "22": {"bias": -0.2672612419124244, "objective_cosine_similarity": -0.3395536111393504, "is_tight": 0.0, "dual_solution_value": 0.0, "scaled_age": 0.23863636363636365}, "23": {"bias": -0.3333333333333333, "objective_cosine_similarity": -0.26907026969312436, "is_tight": 1.0, "dual_solution_value": -0.0008673076339080252, "scaled_age": 0.0}, "24": {"bias": -0.35355339059327373, "objective_cosine_similarity": -0.2715111788590797, "is_tight": 0.0, "dual_solution_value": 0.0, "scaled_age": 0.011363636363636364}, "25": {"bias": -0.2672612419124244, "objective_cosine_similarity": -0.3853031088083111, "is_tight": 0.0, "dual_solution_value": 0.0, "scaled_age": 0.19318181818181818}, "26": {"bias": -0.2672612419124244, "objective_cosine_similarity": -0.31101264011651253, "is_tight": 0.0, "dual_solution_value": 0.0, "scaled_age": 0.23863636363636365}, "27": {"bias": -0.31622776601683794, "objective_cosine_similarity": -0.2532759924873645, "is_tight": 0.0, "dual_solution_value": 0.0, "scaled_age": 0.23863636363636365}, "28": {"bias": -0.2886751345948129, "objective_cosine_similarity": -0.31734471258786595, "is_tight": 0.0, "dual_solution_value": 0.0, "scaled_age": 0.23863636363636365}, "29": {"bias": -0.2672612419124244, "objective_cosine_similarity": -0.3269620062763337, "is_tight": 0.0, "dual_solution_value": 0.0, "scaled_age": 0.23863636363636365}, "30": {"bias": -0.23570226039551587, "objective_cosine_similarity": -0.3923678931024193, "is_tight": 0.0, "dual_solution_value": 0.0, "scaled_age": 0.23863636363636365}, "31": {"bias": -0.3779644730092272, "objective_cosine_similarity": -0.3074713038436133, "is_tight": 1.0, "dual_solution_value": -0.0072792279603408816, "scaled_age": 0.0}, "32": {"bias": -0.31622776601683794, "objective_cosine_similarity": -0.2681745802807389, "is_tight": 0.0, "dual_solution_value": 0.0, "scaled_age": 0.23863636363636365}, "33": {"bias": -0.30151134457776363, "objective_cosine_similarity": -0.29310157773073353, "is_tight": 0.0, "dual_solution_value": 0.0, "scaled_age": 0.23863636363636365}, "34": {"bias": -0.2773500981126146, "objective_cosine_similarity": -0.34670910056069804, "is_tight": 0.0, "dual_solution_value": 0.0, "scaled_age": 0.23863636363636365}, "35": {"bias": -0.2581988897471611, "objective_cosine_similarity": -0.3381771586315803, "is_tight": 0.0, "dual_solution_value": 0.0, "scaled_age": 0.23863636363636365}, "36": {"bias": -0.2773500981126146, "objective_cosine_similarity": -0.34670910056069804, "is_tight": 1.0, "dual_solution_value": -5.78551634168839e-06, "scaled_age": 0.0}, "37": {"bias": -0.4082482904638631, "objective_cosine_similarity": -0.1602832844604114, "is_tight": 1.0, "dual_solution_value": -0.005059836036172959, "scaled_age": 0.0}, "38": {"bias": -0.35355339059327373, "objective_cosine_similarity": -0.2059931438787701, "is_tight": 0.0, "dual_solution_value": 0.0, "scaled_age": 0.23863636363636365}, "39": {"bias": -0.30151134457776363, "objective_cosine_similarity": -0.28079036444963645, "is_tight": 0.0, "dual_solution_value": 0.0, "scaled_age": 0.03409090909090909}, "40": {"bias": -0.3779644730092272, "objective_cosine_similarity": -0.2985676946589527, "is_tight": 1.0, "dual_solution_value": -0.022639450995269192, "scaled_age": 0.0}, "41": {"bias": -0.3779644730092272, "objective_cosine_similarity": -0.20418943730155015, "is_tight": 1.0, "dual_solution_value": -0.0010643057081853873, "scaled_age": 0.0}, "42": {"bias": -0.2886751345948129, "objective_cosine_similarity": -0.3540660293301761, "is_tight": 0.0, "dual_solution_value": 0.0, "scaled_age": 0.11363636363636363}, "43": {"bias": -0.4472135954999579, "objective_cosine_similarity": -0.1671536270129306, "is_tight": 1.0, "dual_solution_value": -0.002026636296656952, "scaled_age": 0.0}, "44": {"bias": -0.31622776601683794, "objective_cosine_similarity": -0.23043149120419046, "is_tight": 0.0, "dual_solution_value": 0.0, "scaled_age": 0.23863636363636365}, "45": {"bias": -0.4472135954999579, "objective_cosine_similarity": -0.24019554806059773, "is_tight": 1.0, "dual_solution_value": -0.016523955801216385, "scaled_age": 0.0}, "46": {"bias": -0.30151134457776363, "objective_cosine_similarity": -0.3267206601521908, "is_tight": 0.0, "dual_solution_value": 0.0,