{"0": {"bias": -1.2260120676657762, "objective_cosine_similarity": -0.9741478600141265, "is_tight": 0.0, "dual_solution_value": -0.0, "scaled_age": 0.05747126436781609}, "1": {"bias": -1.125, "objective_cosine_similarity": -0.9209386620854135, "is_tight": 0.0, "dual_solution_value": -0.0, "scaled_age": 0.06896551724137931}, "2": {"bias": -1.0552897060221726, "objective_cosine_similarity": -0.9220854330774995, "is_tight": 0.0, "dual_solution_value": -0.0, "scaled_age": 0.11494252873563218}, "3": {"bias": -1.0327955589886444, "objective_cosine_similarity": -0.9062762017979118, "is_tight": 0.0, "dual_solution_value": -0.0, "scaled_age": 0.04597701149425287}, "4": {"bias": -1.1861605052378226, "objective_cosine_similarity": -0.9481043237880151, "is_tight": 0.0, "dual_solution_value": -0.0, "scaled_age": 0.10344827586206896}, "5": {"bias": -0.7071067811865475, "objective_cosine_similarity": -0.565194165260439, "is_tight": 0.0, "dual_solution_value": -0.0, "scaled_age": 0.12643678160919541}, "6": {"bias": -1.1161094237126779, "objective_cosine_similarity": -0.9865944584998126, "is_tight": 0.0, "dual_solution_value": -0.0, "scaled_age": 0.034482758620689655}, "7": {"bias": -0.7745966692414834, "objective_cosine_similarity": -0.7537346628814316, "is_tight": 1.0, "dual_solution_value": -6.000719243167459e-05, "scaled_age": 0.0}, "8": {"bias": -0.9293188731904128, "objective_cosine_similarity": -0.9285458899224192, "is_tight": 0.0, "dual_solution_value": -0.0, "scaled_age": 0.13793103448275862}, "9": {"bias": -1.0758645881186744, "objective_cosine_similarity": -0.9626398308573384, "is_tight": 1.0, "dual_solution_value": -4.391315525800766e-09, "scaled_age": 0.0}, "10": {"bias": -0.8164965809277261, "objective_cosine_similarity": -0.6384423980690616, "is_tight": 1.0, "dual_solution_value": -0.020813501504384786, "scaled_age": 0.0}, "11": {"bias": -1.0841928557171503, "objective_cosine_similarity": -0.9348683604211959, "is_tight": 0.0, "dual_solution_value": -0.0, "scaled_age": 0.05747126436781609}, "12": {"bias": -1.1351937376604193, "objective_cosine_similarity": -0.9686546557153916, "is_tight": 0.0, "dual_solution_value": 0.0, "scaled_age": 0.034482758620689655}, "13": {"bias": -1.123662007493839, "objective_cosine_similarity": -0.9737804011138871, "is_tight": 0.0, "dual_solution_value": 0.0, "scaled_age": 0.13793103448275862}, "14": {"bias": -0.4472135954999579, "objective_cosine_similarity": -0.4040854169041359, "is_tight": 0.0, "dual_solution_value": 0.0, "scaled_age": 0.011494252873563218}, "15": {"bias": -0.4082482904638631, "objective_cosine_similarity": -0.45400348307133265, "is_tight": 0.0, "dual_solution_value": 0.0, "scaled_age": 0.28735632183908044}, "16": {"bias": -0.7071067811865475, "objective_cosine_similarity": -0.07372097807744855, "is_tight": 0.0, "dual_solution_value": 0.0, "scaled_age": 0.28735632183908044}, "17": {"bias": -0.5, "objective_cosine_similarity": -0.2953954199141892, "is_tight": 0.0, "dual_solution_value": 0.0, "scaled_age": 0.28735632183908044}, "18": {"bias": -0.4472135954999579, "objective_cosine_similarity": -0.43516891051214635, "is_tight": 0.0, "dual_solution_value": 0.0, "scaled_age": 0.28735632183908044}, "19": {"bias": -0.5, "objective_cosine_similarity": -0.3822764257713037, "is_tight": 0.0, "dual_solution_value": 0.0, "scaled_age": 0.28735632183908044}, "20": {"bias": -0.5, "objective_cosine_similarity": -0.4170288281141495, "is_tight": 0.0, "dual_solution_value": 0.0, "scaled_age": 0.10344827586206896}, "21": {"bias": -0.7071067811865475, "objective_cosine_similarity": -0.1228682967957476, "is_tight": 0.0, "dual_solution_value": 0.0, "scaled_age": 0.022988505747126436}, "22": {"bias": -0.5, "objective_cosine_similarity": -0.2953954199141892, "is_tight": 0.0, "dual_solution_value": 0.0, "scaled_age": 0.28735632183908044}, "23": {"bias": -0.4082482904638631, "objective_cosine_similarity": -0.5249415273012283, "is_tight": 0.0, "dual_solution_value": 0.0, "scaled_age": 0.28735632183908044}, "24": {"bias": -0.4082482904638631, "objective_cosine_similarity": -0.3405026123034995, "is_tight": 0.0, "dual_solution_value": 0.0, "scaled_age": 0.28735632183908044}, "25": {"bias": -0.5, "objective_cosine_similarity": -0.4344050292855724, "is_tight": 0.0, "dual_solution_value": 0.0, "scaled_age": 0.28735632183908044}, "26": {"bias": -0.5, "objective_cosine_similarity": -0.4170288281141495, "is_tight": 0.0, "dual_solution_value": 0.0, "scaled_age": 0.20689655172413793}, "27": {"bias": -0.4082482904638631, "objective_cosine_similarity": -0.6526300069150407, "is_tight": 1.0, "dual_solution_value": -0.00017337723242304127, "scaled_age": 0.0}, "28": {"bias": -0.3779644730092272, "objective_cosine_similarity": -0.4334607234315053, "is_tight": 0.0, "dual_solution_value": 0.0, "scaled_age": 0.28735632183908044}, "29": {"bias": -0.5, "objective_cosine_similarity": -0.39965262694272663, "is_tight": 0.0, "dual_solution_value": 0.0, "scaled_age": 0.16091954022988506}, "30": {"bias": -0.7071067811865475, "objective_cosine_similarity": -0.09829463743659808, "is_tight": 0.0, "dual_solution_value": 0.0, "scaled_age": 0.14942528735632185}, "31": {"bias": -0.5773502691896258, "objective_cosine_similarity": -0.401286176952564, "is_tight": 0.0, "dual_solution_value": 0.0, "scaled_age": 0.28735632183908044}, "32": {"bias": -0.4472135954999579, "objective_cosine_similarity": -0.3885436701001307, "is_tight": 0.0, "dual_solution_value": 0.0, "scaled_age": 0.28735632183908044}, "33": {"bias": -0.3779644730092272, "objective_cosine_similarity": -0.48600141718077866, "is_tight": 0.0, "dual_solution_value": 0.0, "scaled_age": 0.28735632183908044}, "34": {"bias": -0.35355339059327373, "objective_cosine_similarity": -0.5037600168625651, "is_tight": 0.0, "dual_solution_value": 0.0, "scaled_age": 0.28735632183908044}, "35": {"bias": -0.3779644730092272, "objective_cosine_similarity": -0.5254069374927337, "is_tight": 0.0, "dual_solution_value": 0.0, "scaled_age": 0.28735632183908044}, "36": {"bias": -0.4082482904638631, "objective_cosine_similarity": -0.6384423980690616, "is_tight": 1.0, "dual_solution_value": -0.00740585836910238, "scaled_age": 0.0}, "37": {"bias": -0.5773502691896258, "objective_cosine_similarity": -0.26083601501916664, "is_tight": 0.0, "dual_solution_value": 0.0, "scaled_age": 0.28735632183908044}, "38": {"bias": -0.5, "objective_cosine_similarity": -0.3822764257713037, "is_tight": 0.0, "dual_solution_value": 0.0, "scaled_age": 0.28735632183908044}, "39": {"bias": -0.4472135954999579, "objective_cosine_similarity": -0.31083493608010454, "is_tight": 0.0, "dual_solution_value": 0.0, "scaled_age": 0.28735632183908044}, "40": {"bias": -0.4472135954999579, "objective_cosine_similarity": -0.5128776445321724, "is_tight": 0.0, "dual_solution_value": 0.0, "scaled_age": 0.1839080459770115}, "41": {"bias": -0.35355339059327373, "objective_cosine_similarity": -0.5283336762217147, "is_tight": 0.0, "dual_solution_value": 0.0, "scaled_age": 0.28735632183908044}, "42": {"bias": -0.5, "objective_cosine_similarity": -0.39965262694272663, "is_tight": 0.0, "dual_solution_value": 0.0, "scaled_age": 0.28735632183908044}, "43": {"bias": -0.7071067811865475, "objective_cosine_similarity": -0.31945757166894373, "is_tight": 1.0, "dual_solution_value": -0.029496871866403693, "scaled_age": 0.0}, "44": {"bias": -0.5773502691896258, "objective_cosine_similarity": -0.2809003238667948, "is_tight": 1.0, "dual_solution_value": -0.00903928146980515, "scaled_age": 0.0}, "45": {"bias": -0.4082482904638631, "objective_cosine_similarity": -0.4398158742253535, "is_tight": 0.0, "dual_solution_value": 0.0, "scaled_age": 0.28735632183908044}, "46": {"bias": -0.5, "objective_cosine_similarity": -0.26064301757134345, "is_tight": 0.0, "dual_solution_value": 0.0, "scaled_age": 0.21839080459770116}, "47": {"bias": -0.5, "objective_cosine_similarity": -0.34752402342845795, "is_tight": 0.0, "dual_solution_value": 0.0, "scaled_age": 0.28735632183908044}, "48": {"bias": -0.4472135954999579,