{"0": {"bias": -0.674199862463242, "objective_cosine_similarity": -0.775326591825119, "is_tight": 0.0, "dual_solution_value": -0.0, "scaled_age": 0.0875}, "1": {"bias": -0.75, "objective_cosine_similarity": -0.9013319072882201, "is_tight": 0.0, "dual_solution_value": -0.0, "scaled_age": 0.0375}, "2": {"bias": -0.6859943405700353, "objective_cosine_similarity": -0.8767655531586411, "is_tight": 1.0, "dual_solution_value": -0.00022762899964997026, "scaled_age": 0.0}, "3": {"bias": -0.8838834764831843, "objective_cosine_similarity": -0.8812067479409039, "is_tight": 1.0, "dual_solution_value": -3.0094471514423436e-05, "scaled_age": 0.0}, "4": {"bias": -0.8488309849038789, "objective_cosine_similarity": -0.9534171994519455, "is_tight": 1.0, "dual_solution_value": -9.491997168575437e-07, "scaled_age": 0.0}, "5": {"bias": -0.8730087693051447, "objective_cosine_similarity": -0.9611196307227857, "is_tight": 0.0, "dual_solution_value": -0.0, "scaled_age": 0.15}, "6": {"bias": -0.8531986894704073, "objective_cosine_similarity": -0.9512898204828348, "is_tight": 0.0, "dual_solution_value": -0.0, "scaled_age": 0.0375}, "7": {"bias": -0.8271696043743476, "objective_cosine_similarity": -0.9321184987332244, "is_tight": 0.0, "dual_solution_value": -0.0, "scaled_age": 0.15}, "8": {"bias": -0.8310737738033562, "objective_cosine_similarity": -0.9403365858253473, "is_tight": 1.0, "dual_solution_value": -4.810416297781745e-09, "scaled_age": 0.0}, "9": {"bias": -0.5, "objective_cosine_similarity": -0.6520890004496769, "is_tight": 0.0, "dual_solution_value": -0.0, "scaled_age": 0.0125}, "10": {"bias": -0.6255432421712244, "objective_cosine_similarity": -0.739676559779544, "is_tight": 1.0, "dual_solution_value": -5.984602264355205e-05, "scaled_age": 0.0}, "11": {"bias": -0.5345224838248488, "objective_cosine_similarity": -0.7188004077270402, "is_tight": 1.0, "dual_solution_value": -0.0021235539064619418, "scaled_age": 0.0}, "12": {"bias": -0.8362214441655589, "objective_cosine_similarity": -0.9652612025967374, "is_tight": 0.0, "dual_solution_value": 0.0, "scaled_age": 0.15}, "13": {"bias": -0.35355339059327373, "objective_cosine_similarity": -0.41396223973037816, "is_tight": 0.0, "dual_solution_value": 0.0, "scaled_age": 0.1125}, "14": {"bias": -0.4082482904638631, "objective_cosine_similarity": -0.45433893489300453, "is_tight": 0.0, "dual_solution_value": 0.0, "scaled_age": 0.2}, "15": {"bias": -0.4472135954999579, "objective_cosine_similarity": -0.1607167121918095, "is_tight": 0.0, "dual_solution_value": 0.0, "scaled_age": 0.2}, "16": {"bias": -0.5, "objective_cosine_similarity": -0.29561368020385353, "is_tight": 0.0, "dual_solution_value": 0.0, "scaled_age": 0.15}, "17": {"bias": -0.31622776601683794, "objective_cosine_similarity": -0.4839029603029111, "is_tight": 0.0, "dual_solution_value": 0.0, "scaled_age": 0.2}, "18": {"bias": -0.4082482904638631, "objective_cosine_similarity": -0.44014084317759816, "is_tight": 0.0, "dual_solution_value": 0.0, "scaled_age": 0.2}, "19": {"bias": -0.35355339059327373, "objective_cosine_similarity": -0.5000335965060013, "is_tight": 0.0, "dual_solution_value": 0.0, "scaled_age": 0.2}, "20": {"bias": -0.35355339059327373, "objective_cosine_similarity": -0.5615131370600178, "is_tight": 1.0, "dual_solution_value": -4.1656758923224265e-06, "scaled_age": 0.0}, "21": {"bias": -0.35355339059327373, "objective_cosine_similarity": -0.3770745153979682, "is_tight": 0.0, "dual_solution_value": 0.0, "scaled_age": 0.2}, "22": {"bias": -0.35355339059327373, "objective_cosine_similarity": -0.3032990667331483, "is_tight": 0.0, "dual_solution_value": 0.0, "scaled_age": 0.2}, "23": {"bias": -0.3779644730092272, "objective_cosine_similarity": -0.5170318950824703, "is_tight": 0.0, "dual_solution_value": 0.0, "scaled_age": 0.2}, "24": {"bias": -0.4472135954999579, "objective_cosine_similarity": -0.3732775250906543, "is_tight": 0.0, "dual_solution_value": 0.0, "scaled_age": 0.2}, "25": {"bias": -0.4472135954999579, "objective_cosine_similarity": -0.46659690636331785, "is_tight": 1.0, "dual_solution_value": -0.04495576518863348, "scaled_age": 0.0}, "26": {"bias": -0.5, "objective_cosine_similarity": -0.19127944013190523, "is_tight": 0.0, "dual_solution_value": 0.0, "scaled_age": 0.2}, "27": {"bias": -0.5, "objective_cosine_similarity": -0.3419844535691639, "is_tight": 1.0, "dual_solution_value": -0.0016762923326916368, "scaled_age": 0.0}, "28": {"bias": -0.4082482904638631, "objective_cosine_similarity": -0.2839618343081278, "is_tight": 0.0, "dual_solution_value": 0.0, "scaled_age": 0.2}, "29": {"bias": -0.3333333333333333, "objective_cosine_similarity": -0.3786946491500346, "is_tight": 0.0, "dual_solution_value": 0.0, "scaled_age": 0.2}, "30": {"bias": -0.5, "objective_cosine_similarity": -0.23765021349721557, "is_tight": 0.0, "dual_solution_value": 0.0, "scaled_age": 0.2}, "31": {"bias": -0.3333333333333333, "objective_cosine_similarity": -0.3941515736051381, "is_tight": 0.0, "dual_solution_value": 0.0, "scaled_age": 0.2}, "32": {"bias": -0.3779644730092272, "objective_cosine_similarity": -0.495123763934908, "is_tight": 0.0, "dual_solution_value": 0.0, "scaled_age": 0.1625}, "33": {"bias": -0.4082482904638631, "objective_cosine_similarity": -0.302892623262003, "is_tight": 0.0, "dual_solution_value": 0.0, "scaled_age": 0.2}, "34": {"bias": -0.2773500981126146, "objective_cosine_similarity": -0.5498051226887389, "is_tight": 0.0, "dual_solution_value": 0.0, "scaled_age": 0.2}, "35": {"bias": -0.3779644730092272, "objective_cosine_similarity": -0.2979505836068473, "is_tight": 0.0, "dual_solution_value": 0.0, "scaled_age": 0.2}, "36": {"bias": -0.31622776601683794, "objective_cosine_similarity": -0.5352260015471592, "is_tight": 0.0, "dual_solution_value": 0.0, "scaled_age": 0.2}, "37": {"bias": -0.3779644730092272, "objective_cosine_similarity": -0.34176684590197187, "is_tight": 0.0, "dual_solution_value": 0.0, "scaled_age": 0.2}, "38": {"bias": -0.3333333333333333, "objective_cosine_similarity": -0.5796346670663796, "is_tight": 0.0, "dual_solution_value": 0.0, "scaled_age": 0.125}, "39": {"bias": -0.4082482904638631, "objective_cosine_similarity": -0.350219595646691, "is_tight": 0.0, "dual_solution_value": 0.0, "scaled_age": 0.2}, "40": {"bias": -0.4082482904638631, "objective_cosine_similarity": -0.24136755916190866, "is_tight": 0.0, "dual_solution_value": 0.0, "scaled_age": 0.2}, "41": {"bias": -0.3779644730092272, "objective_cosine_similarity": -0.35929335082002173, "is_tight": 0.0, "dual_solution_value": 0.0, "scaled_age": 0.2}, "42": {"bias": -0.4082482904638631, "objective_cosine_similarity": -0.4685370266084109, "is_tight": 0.0, "dual_solution_value": 0.0, "scaled_age": 0.2}, "43": {"bias": -0.3779644730092272, "objective_cosine_similarity": -0.36367497704953416, "is_tight": 0.0, "dual_solution_value": 0.0, "scaled_age": 0.2}, "44": {"bias": -0.30151134457776363, "objective_cosine_similarity": -0.49284132648361295, "is_tight": 0.0, "dual_solution_value": 0.0, "scaled_age": 0.2}, "45": {"bias": -0.3779644730092272, "objective_cosine_similarity": -0.46007075409880827, "is_tight": 0.0, "dual_solution_value": 0.0, "scaled_age": 0.2}, "46": {"bias": -0.4082482904638631, "objective_cosine_similarity": -0.4448735404160669, "is_tight": 0.0, "dual_solution_value": 0.0, "scaled_age": 0.025}, "47": {"bias": -0.4082482904638631, "objective_cosine_similarity": -0.25556565087731503, "is_tight": 0.0, "dual_solution_value": 0.0, "scaled_age": 0.2}, "48": {"bias": -0.3779644730092272, "objective_cosine_similarity": -0.34176684590197187, "is_tight": 0.0, "dual_solution_value": 0.0, "scaled_age": 0.2}, "49": {"bias": -0.35355339059327373, "objective_cosine_similarity": -0.4344554199150503, "is_tight": 1.0, "dual_solution_value": -0.00011742992744038964, "scaled_age": 0.0}, "50": {"bias": -0.4082482904638631, "objective_cosine_similarity": -0.2981599260235342, "is_tight": 0.0, "dual_solution_value": 0.0, "scaled_age": 0.2}, "51": {"bias": -0.35355339059327373,