{"0": {"bias": -0.8944271909999159, "objective_cosine_similarity": -0.9452634223992217, "is_tight": 1.0, "dual_solution_value": -0.001505692935839971, "scaled_age": 0.0}, "1": {"bias": -0.9814782554120081, "objective_cosine_similarity": -0.8629291116366274, "is_tight": 1.0, "dual_solution_value": -3.2242901861777236e-07, "scaled_age": 0.0}, "2": {"bias": -0.8486218004048545, "objective_cosine_similarity": -0.8904622608067698, "is_tight": 0.0, "dual_solution_value": -0.0, "scaled_age": 0.08653846153846154}, "3": {"bias": -0.9330078226479681, "objective_cosine_similarity": -0.971742947065964, "is_tight": 0.0, "dual_solution_value": -0.0, "scaled_age": 0.019230769230769232}, "4": {"bias": -0.9443006659048049, "objective_cosine_similarity": -0.9561145435629372, "is_tight": 0.0, "dual_solution_value": 0.0, "scaled_age": 0.028846153846153848}, "5": {"bias": -0.9270384223531303, "objective_cosine_similarity": -0.9011396434551403, "is_tight": 1.0, "dual_solution_value": -0.01632253192312596, "scaled_age": 0.0}, "6": {"bias": -0.4472135954999579, "objective_cosine_similarity": -0.19160745048632874, "is_tight": 0.0, "dual_solution_value": 0.0, "scaled_age": 0.23076923076923078}, "7": {"bias": -0.7071067811865475, "objective_cosine_similarity": -0.19389310726231557, "is_tight": 1.0, "dual_solution_value": -0.011924076520553016, "scaled_age": 0.0}, "8": {"bias": -0.7071067811865475, "objective_cosine_similarity": -0.1878339476603682, "is_tight": 0.0, "dual_solution_value": 0.0, "scaled_age": 0.23076923076923078}, "9": {"bias": -0.4472135954999579, "objective_cosine_similarity": -0.17244670543769586, "is_tight": 0.0, "dual_solution_value": 0.0, "scaled_age": 0.23076923076923078}, "10": {"bias": -0.5773502691896258, "objective_cosine_similarity": -0.3215734013885525, "is_tight": 0.0, "dual_solution_value": 0.0, "scaled_age": 0.019230769230769232}, "11": {"bias": -0.3779644730092272, "objective_cosine_similarity": -0.4728585278873165, "is_tight": 0.0, "dual_solution_value": 0.0, "scaled_age": 0.23076923076923078}, "12": {"bias": -0.4472135954999579, "objective_cosine_similarity": -0.26058613266140707, "is_tight": 0.0, "dual_solution_value": 0.0, "scaled_age": 0.23076923076923078}, "13": {"bias": -0.3779644730092272, "objective_cosine_similarity": -0.3562632744356494, "is_tight": 0.0, "dual_solution_value": 0.0, "scaled_age": 0.23076923076923078}, "14": {"bias": -0.5, "objective_cosine_similarity": -0.1799478593987996, "is_tight": 0.0, "dual_solution_value": 0.0, "scaled_age": 0.23076923076923078}, "15": {"bias": -0.4082482904638631, "objective_cosine_similarity": -0.7206410300129263, "is_tight": 1.0, "dual_solution_value": -0.05293527268179666, "scaled_age": 0.0}, "16": {"bias": -0.4472135954999579, "objective_cosine_similarity": -0.2414253876127742, "is_tight": 0.0, "dual_solution_value": 0.0, "scaled_age": 0.23076923076923078}, "17": {"bias": -0.5, "objective_cosine_similarity": -0.22707706066991376, "is_tight": 1.0, "dual_solution_value": -3.8589456277076823e-05, "scaled_age": 0.0}, "18": {"bias": -0.4472135954999579, "objective_cosine_similarity": -0.29890762275867283, "is_tight": 0.0, "dual_solution_value": 0.0, "scaled_age": 0.23076923076923078}, "19": {"bias": -0.5, "objective_cosine_similarity": -0.5441280510392273, "is_tight": 0.0, "dual_solution_value": 0.0, "scaled_age": 0.23076923076923078}, "20": {"bias": -0.4082482904638631, "objective_cosine_similarity": -0.33233445558848546, "is_tight": 0.0, "dual_solution_value": 0.0, "scaled_age": 0.23076923076923078}, "21": {"bias": -0.4082482904638631, "objective_cosine_similarity": -0.3638187724337104, "is_tight": 0.0, "dual_solution_value": 0.0, "scaled_age": 0.23076923076923078}, "22": {"bias": -0.4472135954999579, "objective_cosine_similarity": -0.19160745048632874, "is_tight": 0.0, "dual_solution_value": 0.0, "scaled_age": 0.23076923076923078}, "23": {"bias": -0.4472135954999579, "objective_cosine_similarity": -0.27974687771004, "is_tight": 1.0, "dual_solution_value": 0.0, "scaled_age": 0.11538461538461539}, "24": {"bias": -0.35355339059327373, "objective_cosine_similarity": -0.5180581459664994, "is_tight": 0.0, "dual_solution_value": 0.0, "scaled_age": 0.23076923076923078}, "25": {"bias": -0.3779644730092272, "objective_cosine_similarity": -0.3173981899517604, "is_tight": 0.0, "dual_solution_value": 0.0, "scaled_age": 0.23076923076923078}, "26": {"bias": -0.4472135954999579, "objective_cosine_similarity": -0.22609679157386792, "is_tight": 0.0, "dual_solution_value": 0.0, "scaled_age": 0.17307692307692307}, "27": {"bias": -0.5, "objective_cosine_similarity": -0.2356460063555709, "is_tight": 0.0, "dual_solution_value": 0.0, "scaled_age": 0.23076923076923078}, "28": {"bias": -0.35355339059327373, "objective_cosine_similarity": -0.3271946185051575, "is_tight": 0.0, "dual_solution_value": 0.0, "scaled_age": 0.23076923076923078}, "29": {"bias": -0.4472135954999579, "objective_cosine_similarity": -0.5671580534395331, "is_tight": 1.0, "dual_solution_value": -0.01176409257063085, "scaled_age": 0.0}, "30": {"bias": -0.4082482904638631, "objective_cosine_similarity": -0.4792612675328685, "is_tight": 0.0, "dual_solution_value": 0.0, "scaled_age": 0.23076923076923078}, "31": {"bias": -0.4472135954999579, "objective_cosine_similarity": -0.20693604652523503, "is_tight": 0.0, "dual_solution_value": 0.0, "scaled_age": 0.23076923076923078}, "32": {"bias": -0.4082482904638631, "objective_cosine_similarity": -0.36032051500646317, "is_tight": 0.0, "dual_solution_value": 0.0, "scaled_age": 0.23076923076923078}, "33": {"bias": -0.4082482904638631, "objective_cosine_similarity": -0.5072473269508462, "is_tight": 0.0, "dual_solution_value": 0.0, "scaled_age": 0.009615384615384616}, "34": {"bias": -0.4082482904638631, "objective_cosine_similarity": -0.12593726738089975, "is_tight": 0.0, "dual_solution_value": 0.0, "scaled_age": 0.23076923076923078}, "35": {"bias": -0.3779644730092272, "objective_cosine_similarity": -0.5149623694115296, "is_tight": 0.0, "dual_solution_value": 0.0, "scaled_age": 0.21153846153846154}, "36": {"bias": -0.35355339059327373, "objective_cosine_similarity": -0.5301764651703941, "is_tight": 0.0, "dual_solution_value": 0.0, "scaled_age": 0.23076923076923078}, "37": {"bias": -0.3779644730092272, "objective_cosine_similarity": -0.43723220044375155, "is_tight": 0.0, "dual_solution_value": 0.0, "scaled_age": 0.23076923076923078}, "38": {"bias": -0.3333333333333333, "objective_cosine_similarity": -0.5398435781963988, "is_tight": 0.0, "dual_solution_value": 0.0, "scaled_age": 0.23076923076923078}, "39": {"bias": -0.3779644730092272, "objective_cosine_similarity": -0.3562632744356494, "is_tight": 0.0, "dual_solution_value": 0.0, "scaled_age": 0.23076923076923078}, "40": {"bias": -0.5773502691896258, "objective_cosine_similarity": -0.07915652957256676, "is_tight": 0.0, "dual_solution_value": 0.0, "scaled_age": 0.23076923076923078}, "41": {"bias": -0.5, "objective_cosine_similarity": -0.41130939291154195, "is_tight": 0.0, "dual_solution_value": 0.0, "scaled_age": 0.1346153846153846}, "42": {"bias": -0.4472135954999579, "objective_cosine_similarity": -0.3832149009726575, "is_tight": 0.0, "dual_solution_value": 0.0, "scaled_age": 0.23076923076923078}, "43": {"bias": -0.35355339059327373, "objective_cosine_similarity": -0.5544131035781835, "is_tight": 0.0, "dual_solution_value": 0.0, "scaled_age": 0.009615384615384616}, "44": {"bias": -0.3779644730092272, "objective_cosine_similarity": -0.44694847156472384, "is_tight": 0.0, "dual_solution_value": 0.0, "scaled_age": 0.23076923076923078}, "45": {"bias": -0.4472135954999579, "objective_cosine_similarity": -0.4713543281963687, "is_tight": 0.0, "dual_solution_value": 0.0, "scaled_age": 0.23076923076923078}, "46": {"bias": -0.4082482904638631, "objective_cosine_similarity": -0.3673170298609576, "is_tight": 0.0, "dual_solution_value": 0.0, "scaled_age": 0.23076923076923078}, "47": {"bias": -0.35355339059327373, "objective_cosine_similarity": -0.4726144489518942,