{"0": {"bias": -0.6546536707079772, "objective_cosine_similarity": -0.711051970240589, "is_tight": 1.0, "dual_solution_value": -7.812086350774878e-05, "scaled_age": 0.11818181818181818}, "1": {"bias": -1.2, "objective_cosine_similarity": -0.9026582326262462, "is_tight": 0.0, "dual_solution_value": -0.0, "scaled_age": 0.11818181818181818}, "2": {"bias": -0.9912279006826347, "objective_cosine_similarity": -0.8990912686551066, "is_tight": 0.0, "dual_solution_value": -0.0, "scaled_age": 0.03636363636363636}, "3": {"bias": -1.0462287486943735, "objective_cosine_similarity": -0.8542391726910104, "is_tight": 0.0, "dual_solution_value": -0.0, "scaled_age": 0.0}, "4": {"bias": -1.03209369308428, "objective_cosine_similarity": -0.8987299158129729, "is_tight": 1.0, "dual_solution_value": -0.00030908078775105795, "scaled_age": 0.07272727272727272}, "5": {"bias": -0.900998198005406, "objective_cosine_similarity": -0.8720624322735135, "is_tight": 1.0, "dual_solution_value": -0.00015595925251393408, "scaled_age": 0.01818181818181818}, "6": {"bias": -1.0872027586286017, "objective_cosine_similarity": -0.9223245642593842, "is_tight": 0.0, "dual_solution_value": -0.0, "scaled_age": 0.1}, "7": {"bias": -1.1087571091767954, "objective_cosine_similarity": -0.944076012547175, "is_tight": 0.0, "dual_solution_value": -0.0, "scaled_age": 0.00909090909090909}, "8": {"bias": -1.0660035817780522, "objective_cosine_similarity": -0.7620884232146505, "is_tight": 0.0, "dual_solution_value": -0.0, "scaled_age": 0.07272727272727272}, "9": {"bias": -1.110587552118594, "objective_cosine_similarity": -0.9452670092679968, "is_tight": 1.0, "dual_solution_value": -0.00011163357641261071, "scaled_age": 0.03636363636363636}, "10": {"bias": -1.0327955589886446, "objective_cosine_similarity": -0.9252017714426933, "is_tight": 0.0, "dual_solution_value": -0.0, "scaled_age": 0.11818181818181818}, "11": {"bias": -1.2102881322229477, "objective_cosine_similarity": -0.931851836041496, "is_tight": 1.0, "dual_solution_value": -0.022206639634924037, "scaled_age": 0.0}, "12": {"bias": -1.1750516272879092, "objective_cosine_similarity": -0.9624496175657715, "is_tight": 0.0, "dual_solution_value": 0.0, "scaled_age": 0.0}, "13": {"bias": -0.5, "objective_cosine_similarity": -0.3160620739499987, "is_tight": 0.0, "dual_solution_value": 0.0, "scaled_age": 0.2}, "14": {"bias": -0.4472135954999579, "objective_cosine_similarity": -0.30120427276346545, "is_tight": 0.0, "dual_solution_value": 0.0, "scaled_age": 0.06363636363636363}, "15": {"bias": -0.5773502691896258, "objective_cosine_similarity": -0.22592579096986865, "is_tight": 0.0, "dual_solution_value": 0.0, "scaled_age": 0.2}, "16": {"bias": -0.4472135954999579, "objective_cosine_similarity": -0.3197140325422259, "is_tight": 1.0, "dual_solution_value": -0.0040365401954850855, "scaled_age": 0.0}, "17": {"bias": -0.3333333333333333, "objective_cosine_similarity": -0.41263659654583157, "is_tight": 0.0, "dual_solution_value": 0.0, "scaled_age": 0.2}, "18": {"bias": -0.4082482904638631, "objective_cosine_similarity": -0.23041393101883934, "is_tight": 0.0, "dual_solution_value": 0.0, "scaled_age": 0.2}, "19": {"bias": -0.5773502691896258, "objective_cosine_similarity": -0.17161670660211176, "is_tight": 0.0, "dual_solution_value": 0.0, "scaled_age": 0.2}, "20": {"bias": -0.4472135954999579, "objective_cosine_similarity": -0.16490513257441125, "is_tight": 0.0, "dual_solution_value": 0.0, "scaled_age": 0.2}, "21": {"bias": -0.4472135954999579, "objective_cosine_similarity": -0.4829364596822044, "is_tight": 1.0, "dual_solution_value": -0.048798457598550275, "scaled_age": 0.0}, "22": {"bias": -0.4472135954999579, "objective_cosine_similarity": -0.28605992385357054, "is_tight": 1.0, "dual_solution_value": -0.0015100970827684847, "scaled_age": 0.00909090909090909}, "23": {"bias": -0.5773502691896258, "objective_cosine_similarity": -0.28675196546175635, "is_tight": 1.0, "dual_solution_value": 0.0, "scaled_age": 0.2}, "24": {"bias": -0.4082482904638631, "objective_cosine_similarity": -0.30568248181832686, "is_tight": 0.0, "dual_solution_value": 0.0, "scaled_age": 0.2}, "25": {"bias": -0.5773502691896258, "objective_cosine_similarity": -0.14772070948029872, "is_tight": 0.0, "dual_solution_value": 0.0, "scaled_age": 0.2}, "26": {"bias": -0.4472135954999579, "objective_cosine_similarity": -0.5334176227151874, "is_tight": 1.0, "dual_solution_value": -0.001953834476214346, "scaled_age": 0.0}, "27": {"bias": -0.7071067811865475, "objective_cosine_similarity": -0.09844186337308738, "is_tight": 0.0, "dual_solution_value": 0.0, "scaled_age": 0.2}, "28": {"bias": -0.4472135954999579, "objective_cosine_similarity": -0.37356060644407446, "is_tight": 1.0, "dual_solution_value": -0.01360727996903301, "scaled_age": 0.0}, "29": {"bias": -0.5773502691896258, "objective_cosine_similarity": -0.20854688397218646, "is_tight": 1.0, "dual_solution_value": -0.014433556240736825, "scaled_age": 0.0}, "30": {"bias": -0.4472135954999579, "objective_cosine_similarity": -0.21875170647625983, "is_tight": 0.0, "dual_solution_value": 0.0, "scaled_age": 0.2}, "31": {"bias": -0.4082482904638631, "objective_cosine_similarity": -0.3348682464140465, "is_tight": 0.0, "dual_solution_value": 0.0, "scaled_age": 0.2}, "32": {"bias": -0.4472135954999579, "objective_cosine_similarity": -0.1985592412630666, "is_tight": 0.0, "dual_solution_value": 0.0, "scaled_age": 0.2}, "33": {"bias": -0.5773502691896258, "objective_cosine_similarity": -0.10427344198609323, "is_tight": 0.0, "dual_solution_value": 0.0, "scaled_age": 0.2}, "34": {"bias": -0.7071067811865475, "objective_cosine_similarity": -0.15165368141259408, "is_tight": 0.0, "dual_solution_value": 0.0, "scaled_age": 0.2}, "35": {"bias": -0.3779644730092272, "objective_cosine_similarity": -0.2844291314731301, "is_tight": 0.0, "dual_solution_value": 0.0, "scaled_age": 0.2}, "36": {"bias": -0.4472135954999579, "objective_cosine_similarity": -0.3920703662228349, "is_tight": 0.0, "dual_solution_value": 0.0, "scaled_age": 0.0}, "37": {"bias": -0.3779644730092272, "objective_cosine_similarity": -0.28300698581576444, "is_tight": 0.0, "dual_solution_value": 0.0, "scaled_age": 0.2}, "38": {"bias": -0.5, "objective_cosine_similarity": -0.23892787733124898, "is_tight": 0.0, "dual_solution_value": 0.0, "scaled_age": 0.2}, "39": {"bias": -0.3779644730092272, "objective_cosine_similarity": -0.2872734227878614, "is_tight": 0.0, "dual_solution_value": 0.0, "scaled_age": 0.2}, "40": {"bias": -0.3779644730092272, "objective_cosine_similarity": -0.500595271392709, "is_tight": 1.0, "dual_solution_value": -0.005176702523042866, "scaled_age": 0.0}, "41": {"bias": -0.5, "objective_cosine_similarity": -0.3725017300124984, "is_tight": 1.0, "dual_solution_value": -0.00043331531032705093, "scaled_age": 0.0}, "42": {"bias": -0.4472135954999579, "objective_cosine_similarity": -0.28605992385357054, "is_tight": 0.0, "dual_solution_value": 0.0, "scaled_age": 0.2}, "43": {"bias": -0.5773502691896258, "objective_cosine_similarity": -0.1759614333515323, "is_tight": 0.0, "dual_solution_value": 0.0, "scaled_age": 0.2}, "44": {"bias": -0.4082482904638631, "objective_cosine_similarity": -0.4930858123803162, "is_tight": 1.0, "dual_solution_value": -0.0066512112087467505, "scaled_age": 0.0}, "45": {"bias": -0.4082482904638631, "objective_cosine_similarity": -0.12135133700325537, "is_tight": 0.0, "dual_solution_value": 0.0, "scaled_age": 0.2}, "46": {"bias": -0.5773502691896258, "objective_cosine_similarity": -0.20420215722276588, "is_tight": 0.0, "dual_solution_value": 0.0, "scaled_age": 0.2}, "47": {"bias": -0.5773502691896258, "objective_cosine_similarity": -0.15641016297913984, "is_tight": 0.0, "dual_solution_value": 0.0, "scaled_age": 0.2}, "48": {"bias": -0.4472135954999579, "objective_cosine_similarity": -0.3146659162389276, "is_tight": 1.0, "dual_solution_value": -0.01670482508962047, "scaled_age": 0.0}, "49": {"bias": -0.35355339059327373, "objective_cosine_similarity": -0.3844553853354359,