{"0": {"bias": -0.7715167498104595, "objective_cosine_similarity": -0.8644767725296311, "is_tight": 1.0, "dual_solution_value": -5.2542647509312254e-05, "scaled_age": 0.0}, "1": {"bias": -0.6396021490668313, "objective_cosine_similarity": -0.8405756514240398, "is_tight": 0.0, "dual_solution_value": -0.0, "scaled_age": 0.016}, "2": {"bias": -0.8295666818534334, "objective_cosine_similarity": -0.9334542828395863, "is_tight": 0.0, "dual_solution_value": 0.0, "scaled_age": 0.04}, "3": {"bias": -0.8666805319322962, "objective_cosine_similarity": -0.9778431664160101, "is_tight": 0.0, "dual_solution_value": 0.0, "scaled_age": 0.048}, "4": {"bias": -0.8306485313540247, "objective_cosine_similarity": -0.9268502022963709, "is_tight": 1.0, "dual_solution_value": -7.441744616658259e-05, "scaled_age": 0.0}, "5": {"bias": -0.788640879663807, "objective_cosine_similarity": -0.9526237006017475, "is_tight": 1.0, "dual_solution_value": -0.0023763997168179942, "scaled_age": 0.0}, "6": {"bias": -0.35355339059327373, "objective_cosine_similarity": -0.3277778584860129, "is_tight": 0.0, "dual_solution_value": 0.0, "scaled_age": 0.24}, "7": {"bias": -0.31622776601683794, "objective_cosine_similarity": -0.39720271057999107, "is_tight": 0.0, "dual_solution_value": 0.0, "scaled_age": 0.24}, "8": {"bias": -0.35355339059327373, "objective_cosine_similarity": -0.4440861308520175, "is_tight": 0.0, "dual_solution_value": 0.0, "scaled_age": 0.24}, "9": {"bias": -0.4082482904638631, "objective_cosine_similarity": -0.27267218352036576, "is_tight": 0.0, "dual_solution_value": 0.0, "scaled_age": 0.24}, "10": {"bias": -0.4472135954999579, "objective_cosine_similarity": -0.3566536255959229, "is_tight": 0.0, "dual_solution_value": 0.0, "scaled_age": 0.168}, "11": {"bias": -0.4472135954999579, "objective_cosine_similarity": -0.33659185915615225, "is_tight": 1.0, "dual_solution_value": -9.431637738271278e-05, "scaled_age": 0.0}, "12": {"bias": -0.3333333333333333, "objective_cosine_similarity": -0.425334267335596, "is_tight": 0.0, "dual_solution_value": 0.0, "scaled_age": 0.24}, "13": {"bias": -0.31622776601683794, "objective_cosine_similarity": -0.43345533892657756, "is_tight": 0.0, "dual_solution_value": 0.0, "scaled_age": 0.24}, "14": {"bias": -0.3333333333333333, "objective_cosine_similarity": -0.3356153203194937, "is_tight": 0.0, "dual_solution_value": 0.0, "scaled_age": 0.24}, "15": {"bias": -0.4082482904638631, "objective_cosine_similarity": -0.2584281142319884, "is_tight": 0.0, "dual_solution_value": 0.0, "scaled_age": 0.24}, "16": {"bias": -0.2672612419124244, "objective_cosine_similarity": -0.5195319393896342, "is_tight": 0.0, "dual_solution_value": 0.0, "scaled_age": 0.24}, "17": {"bias": -0.35355339059327373, "objective_cosine_similarity": -0.25023901024200984, "is_tight": 0.0, "dual_solution_value": 0.0, "scaled_age": 0.24}, "18": {"bias": -0.4472135954999579, "objective_cosine_similarity": -0.3232173481963051, "is_tight": 0.0, "dual_solution_value": 0.0, "scaled_age": 0.056}, "19": {"bias": -0.3779644730092272, "objective_cosine_similarity": -0.2750524378372804, "is_tight": 0.0, "dual_solution_value": 0.0, "scaled_age": 0.24}, "20": {"bias": -0.3779644730092272, "objective_cosine_similarity": -0.282588121065699, "is_tight": 0.0, "dual_solution_value": 0.0, "scaled_age": 0.24}, "21": {"bias": -0.5, "objective_cosine_similarity": -0.2143285956495777, "is_tight": 0.0, "dual_solution_value": 0.0, "scaled_age": 0.008}, "22": {"bias": -0.3779644730092272, "objective_cosine_similarity": -0.45025707289801375, "is_tight": 0.0, "dual_solution_value": 0.0, "scaled_age": 0.152}, "23": {"bias": -0.3779644730092272, "objective_cosine_similarity": -0.47474804339037435, "is_tight": 1.0, "dual_solution_value": -9.135245879253433e-06, "scaled_age": 0.0}, "24": {"bias": -0.4082482904638631, "objective_cosine_similarity": -0.3642412003742199, "is_tight": 0.0, "dual_solution_value": 0.0, "scaled_age": 0.24}, "25": {"bias": -0.4082482904638631, "objective_cosine_similarity": -0.3642412003742199, "is_tight": 0.0, "dual_solution_value": 0.0, "scaled_age": 0.24}, "26": {"bias": -0.4472135954999579, "objective_cosine_similarity": -0.2719483895168912, "is_tight": 0.0, "dual_solution_value": 0.0, "scaled_age": 0.24}, "27": {"bias": -0.31622776601683794, "objective_cosine_similarity": -0.5374846202689562, "is_tight": 1.0, "dual_solution_value": -0.00016667102585120116, "scaled_age": 0.0}, "28": {"bias": -0.35355339059327373, "objective_cosine_similarity": -0.3929809808730155, "is_tight": 0.0, "dual_solution_value": 0.0, "scaled_age": 0.104}, "29": {"bias": -0.4472135954999579, "objective_cosine_similarity": -0.3811735623556426, "is_tight": 0.0, "dual_solution_value": 0.0, "scaled_age": 0.048}, "30": {"bias": -0.35355339059327373, "objective_cosine_similarity": -0.32072887228201263, "is_tight": 0.0, "dual_solution_value": 0.0, "scaled_age": 0.24}, "31": {"bias": -0.5773502691896258, "objective_cosine_similarity": -0.16978645746990165, "is_tight": 0.0, "dual_solution_value": 0.0, "scaled_age": 0.216}, "32": {"bias": -0.4082482904638631, "objective_cosine_similarity": -0.35610173220943286, "is_tight": 0.0, "dual_solution_value": 0.0, "scaled_age": 0.088}, "33": {"bias": -0.35355339059327373, "objective_cosine_similarity": -0.44056163775001733, "is_tight": 0.0, "dual_solution_value": 0.0, "scaled_age": 0.24}, "34": {"bias": -0.4082482904638631, "objective_cosine_similarity": -0.3052300561795139, "is_tight": 0.0, "dual_solution_value": 0.0, "scaled_age": 0.024}, "35": {"bias": -0.3779644730092272, "objective_cosine_similarity": -0.3466414285072575, "is_tight": 0.0, "dual_solution_value": 0.0, "scaled_age": 0.24}, "36": {"bias": -0.3333333333333333, "objective_cosine_similarity": -0.4751781267889862, "is_tight": 0.0, "dual_solution_value": 0.0, "scaled_age": 0.24}, "37": {"bias": -0.3333333333333333, "objective_cosine_similarity": -0.40041233760890094, "is_tight": 0.0, "dual_solution_value": 0.0, "scaled_age": 0.24}, "38": {"bias": -0.30151134457776363, "objective_cosine_similarity": -0.5335113624371544, "is_tight": 0.0, "dual_solution_value": 0.0, "scaled_age": 0.24}, "39": {"bias": -0.5, "objective_cosine_similarity": -0.1918988588955521, "is_tight": 0.0, "dual_solution_value": 0.0, "scaled_age": 0.008}, "40": {"bias": -0.3333333333333333, "objective_cosine_similarity": -0.42201134337203666, "is_tight": 0.0, "dual_solution_value": 0.0, "scaled_age": 0.24}, "41": {"bias": -0.31622776601683794, "objective_cosine_similarity": -0.43976014385641865, "is_tight": 0.0, "dual_solution_value": 0.0, "scaled_age": 0.24}, "42": {"bias": -0.3333333333333333, "objective_cosine_similarity": -0.3605372500461888, "is_tight": 0.0, "dual_solution_value": 0.0, "scaled_age": 0.24}, "43": {"bias": -0.30151134457776363, "objective_cosine_similarity": -0.41929484540835504, "is_tight": 0.0, "dual_solution_value": 0.0, "scaled_age": 0.24}, "44": {"bias": -0.3779644730092272, "objective_cosine_similarity": -0.4050429735275019, "is_tight": 0.0, "dual_solution_value": 0.0, "scaled_age": 0.16}, "45": {"bias": -0.35355339059327373, "objective_cosine_similarity": -0.42293917224001665, "is_tight": 0.0, "dual_solution_value": 0.0, "scaled_age": 0.24}, "46": {"bias": -0.3779644730092272, "objective_cosine_similarity": -0.45590883531932774, "is_tight": 1.0, "dual_solution_value": -0.0022084613035767966, "scaled_age": 0.0}, "47": {"bias": -0.3779644730092272, "objective_cosine_similarity": -0.5180782219537815, "is_tight": 1.0, "dual_solution_value": -0.006741014766526487, "scaled_age": 0.0}, "48": {"bias": -0.2886751345948129, "objective_cosine_similarity": -0.36835028061266795, "is_tight": 0.0, "dual_solution_value": 0.0, "scaled_age": 0.24}, "49": {"bias": -0.3779644730092272, "objective_cosine_similarity": -0.32403437882200153, "is_tight": 0.0, "dual_solution_value": 0.0, "scaled_age": 0.24}, "50": {"bias": -0.31622776601683794, "objective_cosine_similarity": -0.5169940042469725, "is_tight": 0.0, "dual_solution_value": 0.0,