{"0": {"bias": -1.0768980781510824, "objective_cosine_similarity": -0.1614732380797204, "is_tight": 0.0, "dual_solution_value": -0.0, "scaled_age": 0.046511627906976744}, "1": {"bias": -1.0659762454866748, "objective_cosine_similarity": -0.16286398063418994, "is_tight": 1.0, "dual_solution_value": -0.0020132154616976225, "scaled_age": 0.0}, "2": {"bias": -0.5892556509887896, "objective_cosine_similarity": -0.448946267762234, "is_tight": 1.0, "dual_solution_value": -5.19358494755822e-05, "scaled_age": 0.0}, "3": {"bias": -1.1521736485740288, "objective_cosine_similarity": -0.16164882421795887, "is_tight": 0.0, "dual_solution_value": -0.0, "scaled_age": 0.12790697674418605}, "4": {"bias": -0.4457882465333511, "objective_cosine_similarity": -0.8150147138050157, "is_tight": 0.0, "dual_solution_value": -0.0, "scaled_age": 0.09302325581395349}, "5": {"bias": -0.46879198988350224, "objective_cosine_similarity": -0.8402808326467369, "is_tight": 0.0, "dual_solution_value": -0.0, "scaled_age": 0.09302325581395349}, "6": {"bias": -0.42224764241369095, "objective_cosine_similarity": -0.8265112281830266, "is_tight": 0.0, "dual_solution_value": -0.0, "scaled_age": 0.09302325581395349}, "7": {"bias": -0.24253562503633297, "objective_cosine_similarity": -0.3499550997865896, "is_tight": 1.0, "dual_solution_value": -0.00018231109243122893, "scaled_age": 0.0}, "8": {"bias": -0.22941573387056174, "objective_cosine_similarity": -0.30399517584518876, "is_tight": 0.0, "dual_solution_value": 0.0, "scaled_age": 0.37209302325581395}, "9": {"bias": -0.23570226039551587, "objective_cosine_similarity": -0.3490090115173381, "is_tight": 0.0, "dual_solution_value": 0.0, "scaled_age": 0.2558139534883721}, "10": {"bias": -0.21320071635561041, "objective_cosine_similarity": -0.25428903121569546, "is_tight": 0.0, "dual_solution_value": 0.0, "scaled_age": 0.37209302325581395}, "11": {"bias": -0.22360679774997896, "objective_cosine_similarity": -0.3642739710285777, "is_tight": 0.0, "dual_solution_value": 0.0, "scaled_age": 0.2558139534883721}, "12": {"bias": -0.2182178902359924, "objective_cosine_similarity": -0.28439599592003273, "is_tight": 0.0, "dual_solution_value": 0.0, "scaled_age": 0.37209302325581395}, "13": {"bias": -0.24253562503633297, "objective_cosine_similarity": -0.3030357164482666, "is_tight": 0.0, "dual_solution_value": 0.0, "scaled_age": 0.26744186046511625}, "14": {"bias": -0.2, "objective_cosine_similarity": -0.32756199043644774, "is_tight": 0.0, "dual_solution_value": 0.0, "scaled_age": 0.37209302325581395}, "15": {"bias": -0.2886751345948129, "objective_cosine_similarity": -0.19692793866205244, "is_tight": 0.0, "dual_solution_value": 0.0, "scaled_age": 0.37209302325581395}, "16": {"bias": -0.21320071635561041, "objective_cosine_similarity": -0.36964942098671827, "is_tight": 0.0, "dual_solution_value": 0.0, "scaled_age": 0.37209302325581395}, "17": {"bias": -0.19611613513818404, "objective_cosine_similarity": -0.3420248210812511, "is_tight": 0.0, "dual_solution_value": 0.0, "scaled_age": 0.37209302325581395}, "18": {"bias": -0.19611613513818404, "objective_cosine_similarity": -0.3260503507054796, "is_tight": 0.0, "dual_solution_value": 0.0, "scaled_age": 0.37209302325581395}, "19": {"bias": -0.2182178902359924, "objective_cosine_similarity": -0.305027401874053, "is_tight": 0.0, "dual_solution_value": 0.0, "scaled_age": 0.37209302325581395}, "20": {"bias": -0.22941573387056174, "objective_cosine_similarity": -0.35271449052509823, "is_tight": 0.0, "dual_solution_value": 0.0, "scaled_age": 0.37209302325581395}, "21": {"bias": -0.22941573387056174, "objective_cosine_similarity": -0.25160522786747785, "is_tight": 0.0, "dual_solution_value": 0.0, "scaled_age": 0.12790697674418605}, "22": {"bias": -0.22360679774997896, "objective_cosine_similarity": -0.28458903986607637, "is_tight": 0.0, "dual_solution_value": 0.0, "scaled_age": 0.37209302325581395}, "23": {"bias": -0.1889822365046136, "objective_cosine_similarity": -0.43843658564298166, "is_tight": 1.0, "dual_solution_value": -0.0016932437809687873, "scaled_age": 0.0}, "24": {"bias": -0.21320071635561041, "objective_cosine_similarity": -0.3305757405804041, "is_tight": 0.0, "dual_solution_value": 0.0, "scaled_age": 0.37209302325581395}, "25": {"bias": -0.18257418583505536, "objective_cosine_similarity": -0.37762790942247015, "is_tight": 0.0, "dual_solution_value": 0.0, "scaled_age": 0.37209302325581395}, "26": {"bias": -0.20412414523193154, "objective_cosine_similarity": -0.3779617908324985, "is_tight": 0.0, "dual_solution_value": 0.0, "scaled_age": 0.37209302325581395}, "27": {"bias": -0.19611613513818404, "objective_cosine_similarity": -0.2978097691483121, "is_tight": 0.0, "dual_solution_value": 0.0, "scaled_age": 0.37209302325581395}, "28": {"bias": -0.22941573387056174, "objective_cosine_similarity": -0.29932346073889604, "is_tight": 1.0, "dual_solution_value": -0.003336939361637637, "scaled_age": 0.0}, "29": {"bias": -0.1889822365046136, "objective_cosine_similarity": -0.35322320536127366, "is_tight": 0.0, "dual_solution_value": 0.0, "scaled_age": 0.37209302325581395}, "30": {"bias": -0.22360679774997896, "objective_cosine_similarity": -0.3164630123310769, "is_tight": 1.0, "dual_solution_value": -0.003107838318181356, "scaled_age": 0.0}, "31": {"bias": -0.2, "objective_cosine_similarity": -0.3912707612229327, "is_tight": 0.0, "dual_solution_value": 0.0, "scaled_age": 0.03488372093023256}, "32": {"bias": -0.18569533817705186, "objective_cosine_similarity": -0.3589641663743828, "is_tight": 0.0, "dual_solution_value": 0.0, "scaled_age": 0.37209302325581395}, "33": {"bias": -0.24253562503633297, "objective_cosine_similarity": -0.28292740930327104, "is_tight": 0.0, "dual_solution_value": 0.0, "scaled_age": 0.37209302325581395}, "34": {"bias": -0.2672612419124244, "objective_cosine_similarity": -0.29233373678617997, "is_tight": 0.0, "dual_solution_value": 0.0, "scaled_age": 0.2441860465116279}, "35": {"bias": -0.2, "objective_cosine_similarity": -0.3586891067567851, "is_tight": 0.0, "dual_solution_value": 0.0, "scaled_age": 0.10465116279069768}, "36": {"bias": -0.2182178902359924, "objective_cosine_similarity": -0.3040751831377136, "is_tight": 0.0, "dual_solution_value": 0.0, "scaled_age": 0.37209302325581395}, "37": {"bias": -0.2182178902359924, "objective_cosine_similarity": -0.36533458850888134, "is_tight": 0.0, "dual_solution_value": 0.0, "scaled_age": 0.1744186046511628}, "38": {"bias": -0.1889822365046136, "objective_cosine_similarity": -0.43403847569295806, "is_tight": 0.0, "dual_solution_value": 0.0, "scaled_age": 0.37209302325581395}, "39": {"bias": -0.2182178902359924, "objective_cosine_similarity": -0.3332765577187884, "is_tight": 0.0, "dual_solution_value": 0.0, "scaled_age": 0.37209302325581395}, "40": {"bias": -0.20851441405707477, "objective_cosine_similarity": -0.3584913439911722, "is_tight": 0.0, "dual_solution_value": 0.0, "scaled_age": 0.37209302325581395}, "41": {"bias": -0.19611613513818404, "objective_cosine_similarity": -0.3999322761934229, "is_tight": 0.0, "dual_solution_value": 0.0, "scaled_age": 0.37209302325581395}, "42": {"bias": -0.2182178902359924, "objective_cosine_similarity": -0.336450620173253, "is_tight": 0.0, "dual_solution_value": 0.0, "scaled_age": 0.37209302325581395}, "43": {"bias": -0.2182178902359924, "objective_cosine_similarity": -0.3304199015097702, "is_tight": 1.0, "dual_solution_value": -1.3166113221542568e-06, "scaled_age": 0.0}, "44": {"bias": -0.20412414523193154, "objective_cosine_similarity": -0.3592566904220921, "is_tight": 0.0, "dual_solution_value": 0.0, "scaled_age": 0.37209302325581395}, "45": {"bias": -0.2581988897471611, "objective_cosine_similarity": -0.3365018803713973, "is_tight": 1.0, "dual_solution_value": -0.0025212319447673157, "scaled_age": 0.0}, "46": {"bias": -0.1889822365046136, "objective_cosine_similarity": -0.4178204452522459, "is_tight": 0.0, "dual_solution_value": 0.0, "scaled_age": 0.37209302325581395}, "47": {"bias": -0.20851441405707477,