{"0": {"bias": -0.9116846116771036, "objective_cosine_similarity": -0.8839190814076946, "is_tight": 0.0, "dual_solution_value": -0.0, "scaled_age": 0.14754098360655737}, "1": {"bias": -1.1095562662225242, "objective_cosine_similarity": -0.8895690757066663, "is_tight": 0.0, "dual_solution_value": -0.0, "scaled_age": 0.16393442622950818}, "2": {"bias": -0.9438798074485389, "objective_cosine_similarity": -0.8748104711428666, "is_tight": 0.0, "dual_solution_value": -0.0, "scaled_age": 0.16393442622950818}, "3": {"bias": -0.6666666666666666, "objective_cosine_similarity": -0.7511136273856046, "is_tight": 1.0, "dual_solution_value": -0.00019605100070021065, "scaled_age": 0.0}, "4": {"bias": -1.0588252115779573, "objective_cosine_similarity": -0.8923586466547184, "is_tight": 1.0, "dual_solution_value": -8.86626838077575e-08, "scaled_age": 0.0}, "5": {"bias": -1.0314080449577883, "objective_cosine_similarity": -0.9090575593864305, "is_tight": 0.0, "dual_solution_value": -0.0, "scaled_age": 0.13114754098360656}, "6": {"bias": -0.9908762066371493, "objective_cosine_similarity": -0.8806232339222556, "is_tight": 0.0, "dual_solution_value": -0.0, "scaled_age": 0.13114754098360656}, "7": {"bias": -0.6666666666666666, "objective_cosine_similarity": -0.5155458573572145, "is_tight": 1.0, "dual_solution_value": -3.8542594977662093e-05, "scaled_age": 0.0}, "8": {"bias": -0.9561828874675149, "objective_cosine_similarity": -0.903522113897762, "is_tight": 0.0, "dual_solution_value": -0.0, "scaled_age": 0.09836065573770492}, "9": {"bias": -0.9662349396012463, "objective_cosine_similarity": -0.8160514796217213, "is_tight": 1.0, "dual_solution_value": -1.4703972715727523e-05, "scaled_age": 0.0}, "10": {"bias": -1.0943477876504966, "objective_cosine_similarity": -0.9082133735826758, "is_tight": 1.0, "dual_solution_value": -7.857513738392838e-05, "scaled_age": 0.0}, "11": {"bias": -0.5, "objective_cosine_similarity": -0.23460232834794592, "is_tight": 0.0, "dual_solution_value": 0.0, "scaled_age": 0.29508196721311475}, "12": {"bias": -0.5, "objective_cosine_similarity": -0.24618762851327658, "is_tight": 0.0, "dual_solution_value": 0.0, "scaled_age": 0.29508196721311475}, "13": {"bias": -0.3333333333333333, "objective_cosine_similarity": -0.47113554005678027, "is_tight": 0.0, "dual_solution_value": 0.0, "scaled_age": 0.29508196721311475}, "14": {"bias": -0.4472135954999579, "objective_cosine_similarity": -0.46370878489859857, "is_tight": 0.0, "dual_solution_value": 0.0, "scaled_age": 0.01639344262295082}, "15": {"bias": -0.7071067811865475, "objective_cosine_similarity": -0.06553635447189553, "is_tight": 0.0, "dual_solution_value": 0.0, "scaled_age": 0.29508196721311475}, "16": {"bias": -0.4472135954999579, "objective_cosine_similarity": -0.2668268427070148, "is_tight": 0.0, "dual_solution_value": 0.0, "scaled_age": 0.29508196721311475}, "17": {"bias": -0.3779644730092272, "objective_cosine_similarity": -0.43788318716429164, "is_tight": 0.0, "dual_solution_value": 0.0, "scaled_age": 0.29508196721311475}, "18": {"bias": -0.4082482904638631, "objective_cosine_similarity": -0.3996578744020875, "is_tight": 0.0, "dual_solution_value": 0.0, "scaled_age": 0.29508196721311475}, "19": {"bias": -0.35355339059327373, "objective_cosine_similarity": -0.2744334843510625, "is_tight": 0.0, "dual_solution_value": 0.0, "scaled_age": 0.19672131147540983}, "20": {"bias": -0.3779644730092272, "objective_cosine_similarity": -0.496997417431471, "is_tight": 0.0, "dual_solution_value": 0.0, "scaled_age": 0.29508196721311475}, "21": {"bias": -0.3779644730092272, "objective_cosine_similarity": -0.3546853816030762, "is_tight": 0.0, "dual_solution_value": 0.0, "scaled_age": 0.29508196721311475}, "22": {"bias": -0.4082482904638631, "objective_cosine_similarity": -0.2317542703633407, "is_tight": 0.0, "dual_solution_value": 0.0, "scaled_age": 0.29508196721311475}, "23": {"bias": -0.5, "objective_cosine_similarity": -0.17377950247995994, "is_tight": 0.0, "dual_solution_value": 0.0, "scaled_age": 0.09836065573770492}, "24": {"bias": -0.4472135954999579, "objective_cosine_similarity": -0.46370878489859857, "is_tight": 0.0, "dual_solution_value": 0.0, "scaled_age": 0.29508196721311475}, "25": {"bias": -0.3779644730092272, "objective_cosine_similarity": -0.40066311625532686, "is_tight": 1.0, "dual_solution_value": -0.0064999950935801, "scaled_age": 0.0}, "26": {"bias": -0.5773502691896258, "objective_cosine_similarity": -0.4347704509912578, "is_tight": 1.0, "dual_solution_value": -9.368853393273314e-05, "scaled_age": 0.0}, "27": {"bias": -0.4472135954999579, "objective_cosine_similarity": -0.3290000876096202, "is_tight": 1.0, "dual_solution_value": -0.025905518709418915, "scaled_age": 0.0}, "28": {"bias": -0.4472135954999579, "objective_cosine_similarity": -0.44298436993106344, "is_tight": 1.0, "dual_solution_value": -0.00035767018200755555, "scaled_age": 0.0}, "29": {"bias": -0.5773502691896258, "objective_cosine_similarity": -0.11036480679008852, "is_tight": 0.0, "dual_solution_value": 0.0, "scaled_age": 0.29508196721311475}, "30": {"bias": -0.4082482904638631, "objective_cosine_similarity": -0.3003346156749415, "is_tight": 0.0, "dual_solution_value": 0.0, "scaled_age": 0.29508196721311475}, "31": {"bias": -0.4472135954999579, "objective_cosine_similarity": -0.16579531974028106, "is_tight": 1.0, "dual_solution_value": -0.005181103741883783, "scaled_age": 0.0}, "32": {"bias": -0.31622776601683794, "objective_cosine_similarity": -0.37368654617153585, "is_tight": 0.0, "dual_solution_value": 0.0, "scaled_age": 0.29508196721311475}, "33": {"bias": -0.4082482904638631, "objective_cosine_similarity": -0.8773554520897898, "is_tight": 1.0, "dual_solution_value": -0.08712288301033641, "scaled_age": 0.0}, "34": {"bias": -0.5, "objective_cosine_similarity": -0.1766758275212926, "is_tight": 0.0, "dual_solution_value": 0.0, "scaled_age": 0.13114754098360656}, "35": {"bias": -0.5, "objective_cosine_similarity": -0.4373450812412325, "is_tight": 0.0, "dual_solution_value": 0.0, "scaled_age": 0.11475409836065574}, "36": {"bias": -0.5, "objective_cosine_similarity": -0.3881075555385772, "is_tight": 0.0, "dual_solution_value": 0.0, "scaled_age": 0.29508196721311475}, "37": {"bias": -0.5, "objective_cosine_similarity": -0.09557872636397796, "is_tight": 0.0, "dual_solution_value": 0.0, "scaled_age": 0.29508196721311475}, "38": {"bias": -0.5773502691896258, "objective_cosine_similarity": -0.4180485105685171, "is_tight": 0.0, "dual_solution_value": 0.0, "scaled_age": 0.16393442622950818}, "39": {"bias": -0.4082482904638631, "objective_cosine_similarity": -0.2695917022593963, "is_tight": 0.0, "dual_solution_value": 0.0, "scaled_age": 0.29508196721311475}, "40": {"bias": -0.5773502691896258, "objective_cosine_similarity": -0.0635433736064146, "is_tight": 0.0, "dual_solution_value": 0.0, "scaled_age": 0.29508196721311475}, "41": {"bias": -0.4472135954999579, "objective_cosine_similarity": -0.21760635715911888, "is_tight": 0.0, "dual_solution_value": 0.0, "scaled_age": 0.29508196721311475}, "42": {"bias": -0.4472135954999579, "objective_cosine_similarity": -0.24351187586853779, "is_tight": 0.0, "dual_solution_value": 0.0, "scaled_age": 0.22950819672131148}, "43": {"bias": -0.4472135954999579, "objective_cosine_similarity": -0.215015805288177, "is_tight": 0.0, "dual_solution_value": 0.0, "scaled_age": 0.29508196721311475}, "44": {"bias": -0.5, "objective_cosine_similarity": -0.11874932669463929, "is_tight": 0.0, "dual_solution_value": 0.0, "scaled_age": 0.29508196721311475}, "45": {"bias": -0.30151134457776363, "objective_cosine_similarity": -0.42441158076757896, "is_tight": 0.0, "dual_solution_value": 0.0, "scaled_age": 0.29508196721311475}, "46": {"bias": -0.5, "objective_cosine_similarity": -0.4025891807452405, "is_tight": 0.0, "dual_solution_value": 0.0, "scaled_age": 0.29508196721311475}, "47": {"bias": -0.4082482904638631, "objective_cosine_similarity": -0.37600947946705277, "is_tight": 1.0,