{"0": {"bias": -0.7071067811865476, "objective_cosine_similarity": -0.7538362415347087, "is_tight": 1.0, "dual_solution_value": -8.24063059742992e-05, "scaled_age": 0.0}, "1": {"bias": -0.7905694150420948, "objective_cosine_similarity": -0.9047356082312428, "is_tight": 0.0, "dual_solution_value": -0.0, "scaled_age": 0.046296296296296294}, "2": {"bias": -0.5773502691896258, "objective_cosine_similarity": -0.657375782757973, "is_tight": 1.0, "dual_solution_value": -0.0008555451706851453, "scaled_age": 0.0}, "3": {"bias": -0.8011033079862262, "objective_cosine_similarity": -0.8430711169840478, "is_tight": 1.0, "dual_solution_value": -1.3728544225591954e-08, "scaled_age": 0.0}, "4": {"bias": -0.8814089405208615, "objective_cosine_similarity": -0.9629700597286006, "is_tight": 1.0, "dual_solution_value": -4.583140981351291e-06, "scaled_age": 0.0}, "5": {"bias": -0.7276068751089989, "objective_cosine_similarity": -0.7932804603048903, "is_tight": 0.0, "dual_solution_value": -0.0, "scaled_age": 0.046296296296296294}, "6": {"bias": -0.8848852296150725, "objective_cosine_similarity": -0.9605438486634444, "is_tight": 1.0, "dual_solution_value": -0.029525666681906926, "scaled_age": 0.0}, "7": {"bias": -0.9278819803423451, "objective_cosine_similarity": -0.9540427747943765, "is_tight": 0.0, "dual_solution_value": 0.0, "scaled_age": 0.037037037037037035}, "8": {"bias": -0.8777822517143893, "objective_cosine_similarity": -0.9412939740563427, "is_tight": 1.0, "dual_solution_value": -0.003050264828177449, "scaled_age": 0.0}, "9": {"bias": -0.4082482904638631, "objective_cosine_similarity": -0.3375234115316015, "is_tight": 0.0, "dual_solution_value": 0.0, "scaled_age": 0.24074074074074073}, "10": {"bias": -0.3333333333333333, "objective_cosine_similarity": -0.3650315213709717, "is_tight": 0.0, "dual_solution_value": 0.0, "scaled_age": 0.24074074074074073}, "11": {"bias": -0.3779644730092272, "objective_cosine_similarity": -0.3344147977355318, "is_tight": 0.0, "dual_solution_value": 0.0, "scaled_age": 0.24074074074074073}, "12": {"bias": -0.35355339059327373, "objective_cosine_similarity": -0.28461164221208385, "is_tight": 0.0, "dual_solution_value": 0.0, "scaled_age": 0.24074074074074073}, "13": {"bias": -0.4472135954999579, "objective_cosine_similarity": -0.3632517342522672, "is_tight": 0.0, "dual_solution_value": 0.0, "scaled_age": 0.18518518518518517}, "14": {"bias": -0.5, "objective_cosine_similarity": -0.41700620818869283, "is_tight": 1.0, "dual_solution_value": -0.025382986585398695, "scaled_age": 0.0}, "15": {"bias": -0.35355339059327373, "objective_cosine_similarity": -0.3615337076748092, "is_tight": 0.0, "dual_solution_value": 0.0, "scaled_age": 0.24074074074074073}, "16": {"bias": -0.35355339059327373, "objective_cosine_similarity": -0.4461479796838071, "is_tight": 0.0, "dual_solution_value": 0.0, "scaled_age": 0.24074074074074073}, "17": {"bias": -0.4082482904638631, "objective_cosine_similarity": -0.5388531657785217, "is_tight": 1.0, "dual_solution_value": -0.012366259338156594, "scaled_age": 0.0}, "18": {"bias": -0.3779644730092272, "objective_cosine_similarity": -0.36730805652919063, "is_tight": 0.0, "dual_solution_value": 0.0, "scaled_age": 0.24074074074074073}, "19": {"bias": -0.35355339059327373, "objective_cosine_similarity": -0.5948639729117429, "is_tight": 0.0, "dual_solution_value": 0.0, "scaled_age": 0.05555555555555555}, "20": {"bias": -0.4082482904638631, "objective_cosine_similarity": -0.4293060936147563, "is_tight": 0.0, "dual_solution_value": 0.0, "scaled_age": 0.24074074074074073}, "21": {"bias": -0.4082482904638631, "objective_cosine_similarity": -0.3286412164912962, "is_tight": 0.0, "dual_solution_value": 0.0, "scaled_age": 0.037037037037037035}, "22": {"bias": -0.4472135954999579, "objective_cosine_similarity": -0.2529788863542575, "is_tight": 0.0, "dual_solution_value": 0.0, "scaled_age": 0.046296296296296294}, "23": {"bias": -0.5, "objective_cosine_similarity": -0.19218546986087584, "is_tight": 0.0, "dual_solution_value": 0.0, "scaled_age": 0.21296296296296297}, "24": {"bias": -0.31622776601683794, "objective_cosine_similarity": -0.3096053412198169, "is_tight": 0.0, "dual_solution_value": 0.0, "scaled_age": 0.24074074074074073}, "25": {"bias": -0.4472135954999579, "objective_cosine_similarity": -0.19135582429360504, "is_tight": 1.0, "dual_solution_value": -0.00012085251251638536, "scaled_age": 0.0}, "26": {"bias": -0.4082482904638631, "objective_cosine_similarity": -0.23389780272803964, "is_tight": 0.0, "dual_solution_value": 0.0, "scaled_age": 0.24074074074074073}, "27": {"bias": -0.3333333333333333, "objective_cosine_similarity": -0.5535908502910764, "is_tight": 0.0, "dual_solution_value": 0.0, "scaled_age": 0.1388888888888889}, "28": {"bias": -0.4472135954999579, "objective_cosine_similarity": -0.24973556729843369, "is_tight": 1.0, "dual_solution_value": -4.914838580454582e-05, "scaled_age": 0.0}, "29": {"bias": -0.3779644730092272, "objective_cosine_similarity": -0.5865964484869164, "is_tight": 0.0, "dual_solution_value": 0.0, "scaled_age": 0.018518518518518517}, "30": {"bias": -0.3779644730092272, "objective_cosine_similarity": -0.3536025320318328, "is_tight": 0.0, "dual_solution_value": 0.0, "scaled_age": 0.24074074074074073}, "31": {"bias": -0.5773502691896258, "objective_cosine_similarity": -0.21354245172392755, "is_tight": 0.0, "dual_solution_value": 0.0, "scaled_age": 0.24074074074074073}, "32": {"bias": -0.35355339059327373, "objective_cosine_similarity": -0.44871204853256463, "is_tight": 0.0, "dual_solution_value": 0.0, "scaled_age": 0.21296296296296297}, "33": {"bias": -0.4472135954999579, "objective_cosine_similarity": -0.5546075585458723, "is_tight": 0.0, "dual_solution_value": 0.0, "scaled_age": 0.24074074074074073}, "34": {"bias": -0.4472135954999579, "objective_cosine_similarity": -0.2659521625775528, "is_tight": 1.0, "dual_solution_value": -6.658125013429973e-05, "scaled_age": 0.0}, "35": {"bias": -0.4472135954999579, "objective_cosine_similarity": -0.47028126309445306, "is_tight": 1.0, "dual_solution_value": -0.018211343134370412, "scaled_age": 0.0}, "36": {"bias": -0.4082482904638631, "objective_cosine_similarity": -0.31679828977088914, "is_tight": 0.0, "dual_solution_value": 0.0, "scaled_age": 0.24074074074074073}, "37": {"bias": -0.3333333333333333, "objective_cosine_similarity": -0.37953608513405673, "is_tight": 0.0, "dual_solution_value": 0.0, "scaled_age": 0.24074074074074073}, "38": {"bias": -0.4472135954999579, "objective_cosine_similarity": -0.31460194841490996, "is_tight": 1.0, "dual_solution_value": 0.0, "scaled_age": 0.05555555555555555}, "39": {"bias": -0.5, "objective_cosine_similarity": -0.15592406045316343, "is_tight": 0.0, "dual_solution_value": 0.0, "scaled_age": 0.24074074074074073}, "40": {"bias": -0.3779644730092272, "objective_cosine_similarity": -0.48243446230699666, "is_tight": 1.0, "dual_solution_value": -0.005624410069354518, "scaled_age": 0.0}, "41": {"bias": -0.5, "objective_cosine_similarity": -0.2647082886763007, "is_tight": 0.0, "dual_solution_value": 0.0, "scaled_age": 0.24074074074074073}, "42": {"bias": -0.4082482904638631, "objective_cosine_similarity": -0.5595782875392341, "is_tight": 1.0, "dual_solution_value": -0.0006231851724624716, "scaled_age": 0.0}, "43": {"bias": -0.35355339059327373, "objective_cosine_similarity": -0.3589696388260517, "is_tight": 0.0, "dual_solution_value": 0.0, "scaled_age": 0.24074074074074073}, "44": {"bias": -0.5773502691896258, "objective_cosine_similarity": -0.30565880344797475, "is_tight": 1.0, "dual_solution_value": -4.5254055788879434e-05, "scaled_age": 0.0}, "45": {"bias": -0.31622776601683794, "objective_cosine_similarity": -0.39446013844302596, "is_tight": 0.0, "dual_solution_value": 0.0, "scaled_age": 0.23148148148148148}, "46": {"bias": -0.3333333333333333, "objective_cosine_similarity": -0.3988755034848367, "is_tight": 0.0, "dual_solution_value": 0.0, "scaled_age": 0.24074074074074073}, "47": {"bias": -0.35355339059327373,