{"0": {"bias": -0.9508907107886683, "objective_cosine_similarity": -0.8904182558207285, "is_tight": 1.0, "dual_solution_value": -4.065506813796128e-10, "scaled_age": 0.0}, "1": {"bias": -1.1528626766737693, "objective_cosine_similarity": -0.8401455714186749, "is_tight": 1.0, "dual_solution_value": -2.262942496226406e-10, "scaled_age": 0.0}, "2": {"bias": -0.9578262852211513, "objective_cosine_similarity": -0.8282459126245927, "is_tight": 1.0, "dual_solution_value": -1.1640864690343389e-05, "scaled_age": 0.0}, "3": {"bias": -0.9656401783216277, "objective_cosine_similarity": -0.8053265039699646, "is_tight": 0.0, "dual_solution_value": -0.0, "scaled_age": 0.00819672131147541}, "4": {"bias": -0.5547001962252291, "objective_cosine_similarity": -0.5975616281196153, "is_tight": 0.0, "dual_solution_value": -0.0, "scaled_age": 0.00819672131147541}, "5": {"bias": -0.9657203064203536, "objective_cosine_similarity": -0.8636898934529371, "is_tight": 0.0, "dual_solution_value": -0.0, "scaled_age": 0.01639344262295082}, "6": {"bias": -0.7808688094430304, "objective_cosine_similarity": -0.7091783103047863, "is_tight": 0.0, "dual_solution_value": -0.0, "scaled_age": 0.03278688524590164}, "7": {"bias": -0.8528028654224417, "objective_cosine_similarity": -0.6952035029381499, "is_tight": 1.0, "dual_solution_value": -5.768118021955774e-07, "scaled_age": 0.0}, "8": {"bias": -0.8660254037844387, "objective_cosine_similarity": -0.5954657287899457, "is_tight": 0.0, "dual_solution_value": -0.0, "scaled_age": 0.09016393442622951}, "9": {"bias": -1.0186975357163706, "objective_cosine_similarity": -0.9055548544131972, "is_tight": 1.0, "dual_solution_value": -0.0010197437068858596, "scaled_age": 0.0}, "10": {"bias": -1.0322305951534987, "objective_cosine_similarity": -0.8813124920852192, "is_tight": 0.0, "dual_solution_value": 0.0, "scaled_age": 0.06557377049180328}, "11": {"bias": -1.0305915840698496, "objective_cosine_similarity": -0.8919625209502194, "is_tight": 1.0, "dual_solution_value": -0.006688230962505691, "scaled_age": 0.0}, "12": {"bias": -1.0491571144624177, "objective_cosine_similarity": -0.8921875591411049, "is_tight": 1.0, "dual_solution_value": -0.0010019257562332575, "scaled_age": 0.0}, "13": {"bias": -1.029429160572135, "objective_cosine_similarity": -0.9060999905118929, "is_tight": 0.0, "dual_solution_value": 0.0, "scaled_age": 0.040983606557377046}, "14": {"bias": -0.4082482904638631, "objective_cosine_similarity": -0.1577734350507017, "is_tight": 0.0, "dual_solution_value": 0.0, "scaled_age": 0.1885245901639344}, "15": {"bias": -0.5773502691896258, "objective_cosine_similarity": -0.027890666453861627, "is_tight": 0.0, "dual_solution_value": 0.0, "scaled_age": 0.1885245901639344}, "16": {"bias": -0.4472135954999579, "objective_cosine_similarity": -0.3456642774093822, "is_tight": 0.0, "dual_solution_value": 0.0, "scaled_age": 0.09016393442622951}, "17": {"bias": -0.7071067811865475, "objective_cosine_similarity": -0.24936034010314137, "is_tight": 0.0, "dual_solution_value": 0.0, "scaled_age": 0.13114754098360656}, "18": {"bias": -0.5773502691896258, "objective_cosine_similarity": -0.17013306536855594, "is_tight": 0.0, "dual_solution_value": 0.0, "scaled_age": 0.07377049180327869}, "19": {"bias": -0.5, "objective_cosine_similarity": -0.2487864644784829, "is_tight": 0.0, "dual_solution_value": 0.0, "scaled_age": 0.12295081967213115}, "20": {"bias": -0.5, "objective_cosine_similarity": -0.1304317386586221, "is_tight": 0.0, "dual_solution_value": 0.0, "scaled_age": 0.1885245901639344}, "21": {"bias": -0.4082482904638631, "objective_cosine_similarity": -0.32737987773020605, "is_tight": 0.0, "dual_solution_value": 0.0, "scaled_age": 0.1885245901639344}, "22": {"bias": -0.4082482904638631, "objective_cosine_similarity": -0.5857338776257301, "is_tight": 0.0, "dual_solution_value": 0.0, "scaled_age": 0.1885245901639344}, "23": {"bias": -0.3779644730092272, "objective_cosine_similarity": -0.44916468844380386, "is_tight": 0.0, "dual_solution_value": 0.0, "scaled_age": 0.09836065573770492}, "24": {"bias": -0.4472135954999579, "objective_cosine_similarity": -0.22468178031609842, "is_tight": 0.0, "dual_solution_value": 0.0, "scaled_age": 0.1885245901639344}, "25": {"bias": -0.5, "objective_cosine_similarity": -0.15941656947164923, "is_tight": 0.0, "dual_solution_value": 0.0, "scaled_age": 0.1885245901639344}, "26": {"bias": -0.5773502691896258, "objective_cosine_similarity": -0.1868674652408729, "is_tight": 0.0, "dual_solution_value": 0.0, "scaled_age": 0.1885245901639344}, "27": {"bias": -0.4082482904638631, "objective_cosine_similarity": -0.2267993128853837, "is_tight": 0.0, "dual_solution_value": 0.0, "scaled_age": 0.1885245901639344}, "28": {"bias": -0.3779644730092272, "objective_cosine_similarity": -0.3542193071467396, "is_tight": 0.0, "dual_solution_value": 0.0, "scaled_age": 0.1885245901639344}, "29": {"bias": -0.3779644730092272, "objective_cosine_similarity": -0.34691581627773466, "is_tight": 0.0, "dual_solution_value": 0.0, "scaled_age": 0.1885245901639344}, "30": {"bias": -0.5, "objective_cosine_similarity": -0.20289381569118994, "is_tight": 0.0, "dual_solution_value": 0.0, "scaled_age": 0.08196721311475409}, "31": {"bias": -0.3333333333333333, "objective_cosine_similarity": -0.33654609110681505, "is_tight": 0.0, "dual_solution_value": 0.0, "scaled_age": 0.1885245901639344}, "32": {"bias": -0.4472135954999579, "objective_cosine_similarity": -0.2506066011218021, "is_tight": 0.0, "dual_solution_value": 0.0, "scaled_age": 0.1885245901639344}, "33": {"bias": -0.4472135954999579, "objective_cosine_similarity": -0.304616644467018, "is_tight": 0.0, "dual_solution_value": 0.0, "scaled_age": 0.13934426229508196}, "34": {"bias": -0.4472135954999579, "objective_cosine_similarity": -0.2873334305965489, "is_tight": 0.0, "dual_solution_value": 0.0, "scaled_age": 0.04918032786885246}, "35": {"bias": -0.5, "objective_cosine_similarity": -0.19081680285242864, "is_tight": 0.0, "dual_solution_value": 0.0, "scaled_age": 0.1885245901639344}, "36": {"bias": -0.35355339059327373, "objective_cosine_similarity": -0.5055524703460949, "is_tight": 0.0, "dual_solution_value": 0.0, "scaled_age": 0.1885245901639344}, "37": {"bias": -0.4472135954999579, "objective_cosine_similarity": -0.2182005751146725, "is_tight": 0.0, "dual_solution_value": 0.0, "scaled_age": 0.1885245901639344}, "38": {"bias": -0.4082482904638631, "objective_cosine_similarity": -0.5620678623681249, "is_tight": 1.0, "dual_solution_value": -0.014689052100139453, "scaled_age": 0.0}, "39": {"bias": -0.4082482904638631, "objective_cosine_similarity": -0.4279604425750284, "is_tight": 0.0, "dual_solution_value": 0.0, "scaled_age": 0.11475409836065574}, "40": {"bias": -0.35355339059327373, "objective_cosine_similarity": -0.45431404429750416, "is_tight": 0.0, "dual_solution_value": 0.0, "scaled_age": 0.1885245901639344}, "41": {"bias": -0.4472135954999579, "objective_cosine_similarity": -0.2527670028556107, "is_tight": 0.0, "dual_solution_value": 0.0, "scaled_age": 0.1885245901639344}, "42": {"bias": -0.4082482904638631, "objective_cosine_similarity": -0.43190477845129593, "is_tight": 0.0, "dual_solution_value": 0.0, "scaled_age": 0.1885245901639344}, "43": {"bias": -0.4472135954999579, "objective_cosine_similarity": -0.36078708954604266, "is_tight": 0.0, "dual_solution_value": 0.0, "scaled_age": 0.1885245901639344}, "44": {"bias": -0.4472135954999579, "objective_cosine_similarity": -0.2009173612442034, "is_tight": 0.0, "dual_solution_value": 0.0, "scaled_age": 0.1885245901639344}, "45": {"bias": -0.3779644730092272, "objective_cosine_similarity": -0.2866620166084439, "is_tight": 0.0, "dual_solution_value": 0.0, "scaled_age": 0.1885245901639344}, "46": {"bias": -0.4472135954999579, "objective_cosine_similarity": -0.17067173697088245, "is_tight": 0.0, "dual_solution_value": 0.0, "scaled_age": 0.1885245901639344}, "47": {"bias": -0.5773502691896258, "objective_cosine_similarity": -0.18407839859548675, "is_tight": 0.0,