{"0": {"bias": -0.6, "objective_cosine_similarity": -0.8678340986065464, "is_tight": 0.0, "dual_solution_value": -0.0, "scaled_age": 0.010416666666666666}, "1": {"bias": -0.6708203932499369, "objective_cosine_similarity": -0.8847223466436911, "is_tight": 0.0, "dual_solution_value": -0.0, "scaled_age": 0.10416666666666667}, "2": {"bias": -0.5773502691896258, "objective_cosine_similarity": -0.8428238551525724, "is_tight": 1.0, "dual_solution_value": -0.001725574735997929, "scaled_age": 0.0}, "3": {"bias": -0.9583302043316432, "objective_cosine_similarity": -0.9197686254270624, "is_tight": 1.0, "dual_solution_value": -9.117401904904479e-08, "scaled_age": 0.0}, "4": {"bias": -0.8162253932640537, "objective_cosine_similarity": -0.9457719747248584, "is_tight": 0.0, "dual_solution_value": -0.0, "scaled_age": 0.041666666666666664}, "5": {"bias": -0.834115054883922, "objective_cosine_similarity": -0.9371272424133624, "is_tight": 0.0, "dual_solution_value": -0.0, "scaled_age": 0.08333333333333333}, "6": {"bias": -0.9087694719169681, "objective_cosine_similarity": -0.915777848395293, "is_tight": 1.0, "dual_solution_value": -3.813272259290455e-06, "scaled_age": 0.0}, "7": {"bias": -0.9560470622116813, "objective_cosine_similarity": -0.9273132665598569, "is_tight": 0.0, "dual_solution_value": -0.0, "scaled_age": 0.010416666666666666}, "8": {"bias": -0.7630583624573739, "objective_cosine_similarity": -0.9695780575585438, "is_tight": 0.0, "dual_solution_value": -0.0, "scaled_age": 0.07291666666666667}, "9": {"bias": -0.6859943405700353, "objective_cosine_similarity": -0.8632965200083943, "is_tight": 0.0, "dual_solution_value": -0.0, "scaled_age": 0.010416666666666666}, "10": {"bias": -0.7559289460184544, "objective_cosine_similarity": -0.8942280460409089, "is_tight": 0.0, "dual_solution_value": -0.0, "scaled_age": 0.07291666666666667}, "11": {"bias": -0.6882472016116853, "objective_cosine_similarity": -0.9323426090269483, "is_tight": 1.0, "dual_solution_value": -2.9315490947297477e-05, "scaled_age": 0.0}, "12": {"bias": -0.4082482904638631, "objective_cosine_similarity": -0.27948772073133604, "is_tight": 0.0, "dual_solution_value": 0.0, "scaled_age": 0.21875}, "13": {"bias": -0.4472135954999579, "objective_cosine_similarity": -0.45474278377105753, "is_tight": 1.0, "dual_solution_value": -0.0001644595398642262, "scaled_age": 0.0}, "14": {"bias": -0.4082482904638631, "objective_cosine_similarity": -0.505543965440505, "is_tight": 1.0, "dual_solution_value": -0.010355568278352824, "scaled_age": 0.0}, "15": {"bias": -0.3779644730092272, "objective_cosine_similarity": -0.3614964441441972, "is_tight": 0.0, "dual_solution_value": 0.0, "scaled_age": 0.21875}, "16": {"bias": -0.31622776601683794, "objective_cosine_similarity": -0.48391939927945277, "is_tight": 0.0, "dual_solution_value": 0.0, "scaled_age": 0.21875}, "17": {"bias": -0.3333333333333333, "objective_cosine_similarity": -0.4631133240823797, "is_tight": 0.0, "dual_solution_value": 0.0, "scaled_age": 0.21875}, "18": {"bias": -0.4082482904638631, "objective_cosine_similarity": -0.46855294357900457, "is_tight": 0.0, "dual_solution_value": 0.0, "scaled_age": 0.21875}, "19": {"bias": -0.5, "objective_cosine_similarity": -0.17115057629131425, "is_tight": 0.0, "dual_solution_value": 0.0, "scaled_age": 0.21875}, "20": {"bias": -0.3333333333333333, "objective_cosine_similarity": -0.4362661748602128, "is_tight": 0.0, "dual_solution_value": 0.0, "scaled_age": 0.21875}, "21": {"bias": -0.4472135954999579, "objective_cosine_similarity": -0.3106658621802274, "is_tight": 0.0, "dual_solution_value": 0.0, "scaled_age": 0.21875}, "22": {"bias": -0.30151134457776363, "objective_cosine_similarity": -0.43407936322047164, "is_tight": 0.0, "dual_solution_value": 0.0, "scaled_age": 0.21875}, "23": {"bias": -0.4082482904638631, "objective_cosine_similarity": -0.5137641925208384, "is_tight": 0.0, "dual_solution_value": 0.0, "scaled_age": 0.20833333333333334}, "24": {"bias": -0.4472135954999579, "objective_cosine_similarity": -0.4502403799713441, "is_tight": 0.0, "dual_solution_value": 0.0, "scaled_age": 0.21875}, "25": {"bias": -0.4082482904638631, "objective_cosine_similarity": -0.308258515512503, "is_tight": 0.0, "dual_solution_value": 0.0, "scaled_age": 0.11458333333333333}, "26": {"bias": -0.5, "objective_cosine_similarity": -0.3271996311451596, "is_tight": 0.0, "dual_solution_value": 0.0, "scaled_age": 0.03125}, "27": {"bias": -0.5, "objective_cosine_similarity": -0.19631977868709574, "is_tight": 0.0, "dual_solution_value": 0.0, "scaled_age": 0.21875}, "28": {"bias": -0.4472135954999579, "objective_cosine_similarity": -0.4727523989699113, "is_tight": 1.0, "dual_solution_value": -0.006942699619929194, "scaled_age": 0.0}, "29": {"bias": -0.3779644730092272, "objective_cosine_similarity": -0.6697197280987233, "is_tight": 1.0, "dual_solution_value": -0.02310498369556904, "scaled_age": 0.0}, "30": {"bias": -0.31622776601683794, "objective_cosine_similarity": -0.4934704400547051, "is_tight": 0.0, "dual_solution_value": 0.0, "scaled_age": 0.21875}, "31": {"bias": -0.4472135954999579, "objective_cosine_similarity": -0.36019230397707525, "is_tight": 1.0, "dual_solution_value": -0.0012886617397771319, "scaled_age": 0.0}, "32": {"bias": -0.4082482904638631, "objective_cosine_similarity": -0.476773170659338, "is_tight": 0.0, "dual_solution_value": 0.0, "scaled_age": 0.21875}, "33": {"bias": -0.4082482904638631, "objective_cosine_similarity": -0.33702931029366995, "is_tight": 0.0, "dual_solution_value": 0.0, "scaled_age": 0.1875}, "34": {"bias": -0.4082482904638631, "objective_cosine_similarity": -0.20961579054850205, "is_tight": 0.0, "dual_solution_value": 0.0, "scaled_age": 0.21875}, "35": {"bias": -0.4472135954999579, "objective_cosine_similarity": -0.14857932539054355, "is_tight": 0.0, "dual_solution_value": 0.0, "scaled_age": 0.21875}, "36": {"bias": -0.4472135954999579, "objective_cosine_similarity": -0.28365143938194676, "is_tight": 0.0, "dual_solution_value": 0.0, "scaled_age": 0.21875}, "37": {"bias": -0.3779644730092272, "objective_cosine_similarity": -0.5365368276245454, "is_tight": 0.0, "dual_solution_value": 0.0, "scaled_age": 0.21875}, "38": {"bias": -0.35355339059327373, "objective_cosine_similarity": -0.37018412477516704, "is_tight": 0.0, "dual_solution_value": 0.0, "scaled_age": 0.21875}, "39": {"bias": -0.4082482904638631, "objective_cosine_similarity": -0.33291919675350323, "is_tight": 0.0, "dual_solution_value": 0.0, "scaled_age": 0.21875}, "40": {"bias": -0.4472135954999579, "objective_cosine_similarity": -0.36919711157650215, "is_tight": 0.0, "dual_solution_value": 0.0, "scaled_age": 0.03125}, "41": {"bias": -0.4082482904638631, "objective_cosine_similarity": -0.3246989696731698, "is_tight": 0.0, "dual_solution_value": 0.0, "scaled_age": 0.21875}, "42": {"bias": -0.31622776601683794, "objective_cosine_similarity": -0.42342947436952116, "is_tight": 0.0, "dual_solution_value": 0.0, "scaled_age": 0.21875}, "43": {"bias": -0.3779644730092272, "objective_cosine_similarity": -0.4376009587008703, "is_tight": 0.0, "dual_solution_value": 0.0, "scaled_age": 0.21875}, "44": {"bias": -0.4082482904638631, "objective_cosine_similarity": -0.5548653279225054, "is_tight": 0.0, "dual_solution_value": 0.0, "scaled_age": 0.19791666666666666}, "45": {"bias": -0.35355339059327373, "objective_cosine_similarity": -0.4520517677542905, "is_tight": 0.0, "dual_solution_value": 0.0, "scaled_age": 0.21875}, "46": {"bias": -0.35355339059327373, "objective_cosine_similarity": -0.4342544540631767, "is_tight": 0.0, "dual_solution_value": 0.0, "scaled_age": 0.21875}, "47": {"bias": -0.35355339059327373, "objective_cosine_similarity": -0.4840869323982953, "is_tight": 0.0, "dual_solution_value": 0.0, "scaled_age": 0.21875}, "48": {"bias": -0.5, "objective_cosine_similarity": -0.3523688335409411, "is_tight": 0.0, "dual_solution_value": 0.0, "scaled_age": 0.21875}, "49": {"bias": -0.31622776601683794, "objective_cosine_similarity": -0.44889891643686075,