{"0": {"bias": -0.9583727150068314, "objective_cosine_similarity": -0.9431928056561194, "is_tight": 0.0, "dual_solution_value": -0.0, "scaled_age": 0.08181818181818182}, "1": {"bias": -1.0403831043155778, "objective_cosine_similarity": -0.9374932604384596, "is_tight": 1.0, "dual_solution_value": -1.0822180394526801e-05, "scaled_age": 0.0}, "2": {"bias": -0.8017837257372732, "objective_cosine_similarity": -0.6051122216373946, "is_tight": 1.0, "dual_solution_value": -0.0002799325262517862, "scaled_age": 0.0}, "3": {"bias": -0.981182050665517, "objective_cosine_similarity": -0.9283352018024985, "is_tight": 1.0, "dual_solution_value": -3.3071721171961476e-10, "scaled_age": 0.0}, "4": {"bias": -0.7071067811865475, "objective_cosine_similarity": -0.5940130889862506, "is_tight": 0.0, "dual_solution_value": -0.0, "scaled_age": 0.09090909090909091}, "5": {"bias": -0.9577042613611466, "objective_cosine_similarity": -0.9257118384224671, "is_tight": 0.0, "dual_solution_value": -0.0, "scaled_age": 0.045454545454545456}, "6": {"bias": -0.9622504486493763, "objective_cosine_similarity": -0.9596447742669978, "is_tight": 0.0, "dual_solution_value": -0.0, "scaled_age": 0.06363636363636363}, "7": {"bias": -0.7071067811865475, "objective_cosine_similarity": -0.6067192513175074, "is_tight": 0.0, "dual_solution_value": -0.0, "scaled_age": 0.08181818181818182}, "8": {"bias": -0.9878783399072131, "objective_cosine_similarity": -0.928497374058767, "is_tight": 1.0, "dual_solution_value": -3.9177168347226236e-05, "scaled_age": 0.0}, "9": {"bias": -0.9716656205775166, "objective_cosine_similarity": -0.924041167303983, "is_tight": 0.0, "dual_solution_value": -0.0, "scaled_age": 0.08181818181818182}, "10": {"bias": -1.01181680353536, "objective_cosine_similarity": -0.946331234151161, "is_tight": 0.0, "dual_solution_value": 0.0, "scaled_age": 0.09090909090909091}, "11": {"bias": -1.0047072641780384, "objective_cosine_similarity": -0.9559882322742277, "is_tight": 0.0, "dual_solution_value": 0.0, "scaled_age": 0.09090909090909091}, "12": {"bias": -1.0222208025297805, "objective_cosine_similarity": -0.9593085764229059, "is_tight": 1.0, "dual_solution_value": -0.018570996665957844, "scaled_age": 0.0}, "13": {"bias": -1.0166035906915147, "objective_cosine_similarity": -0.9186113028298989, "is_tight": 0.0, "dual_solution_value": 0.0, "scaled_age": 0.07272727272727272}, "14": {"bias": -0.31622776601683794, "objective_cosine_similarity": -0.5426661956814901, "is_tight": 0.0, "dual_solution_value": 0.0, "scaled_age": 0.19090909090909092}, "15": {"bias": -0.4472135954999579, "objective_cosine_similarity": -0.3415335129361513, "is_tight": 0.0, "dual_solution_value": 0.0, "scaled_age": 0.19090909090909092}, "16": {"bias": -0.35355339059327373, "objective_cosine_similarity": -0.3525960046923734, "is_tight": 0.0, "dual_solution_value": 0.0, "scaled_age": 0.19090909090909092}, "17": {"bias": -0.5, "objective_cosine_similarity": -0.36387684866519165, "is_tight": 0.0, "dual_solution_value": 0.0, "scaled_age": 0.01818181818181818}, "18": {"bias": -0.5, "objective_cosine_similarity": -0.4087999164016351, "is_tight": 1.0, "dual_solution_value": -4.300282190294815e-06, "scaled_age": 0.0}, "19": {"bias": -0.4082482904638631, "objective_cosine_similarity": -0.4584941401448837, "is_tight": 0.0, "dual_solution_value": 0.0, "scaled_age": 0.15454545454545454}, "20": {"bias": -0.4082482904638631, "objective_cosine_similarity": -0.5465250150527013, "is_tight": 0.0, "dual_solution_value": 0.0, "scaled_age": 0.17272727272727273}, "21": {"bias": -0.3779644730092272, "objective_cosine_similarity": -0.39392030805273354, "is_tight": 0.0, "dual_solution_value": 0.0, "scaled_age": 0.16363636363636364}, "22": {"bias": -0.4472135954999579, "objective_cosine_similarity": -0.3294793889501695, "is_tight": 0.0, "dual_solution_value": 0.0, "scaled_age": 0.19090909090909092}, "23": {"bias": -0.4082482904638631, "objective_cosine_similarity": -0.3888030308428614, "is_tight": 0.0, "dual_solution_value": 0.0, "scaled_age": 0.19090909090909092}, "24": {"bias": -0.4082482904638631, "objective_cosine_similarity": -0.3888030308428614, "is_tight": 0.0, "dual_solution_value": 0.0, "scaled_age": 0.19090909090909092}, "25": {"bias": -0.4472135954999579, "objective_cosine_similarity": -0.20090206643303016, "is_tight": 0.0, "dual_solution_value": 0.0, "scaled_age": 0.19090909090909092}, "26": {"bias": -0.7071067811865475, "objective_cosine_similarity": -0.23506400312824893, "is_tight": 1.0, "dual_solution_value": -0.0127061623312567, "scaled_age": 0.0}, "27": {"bias": -0.4082482904638631, "objective_cosine_similarity": -0.4951736713564744, "is_tight": 0.0, "dual_solution_value": 0.0, "scaled_age": 0.19090909090909092}, "28": {"bias": -0.4082482904638631, "objective_cosine_similarity": -0.41814665581213395, "is_tight": 0.0, "dual_solution_value": 0.0, "scaled_age": 0.19090909090909092}, "29": {"bias": -0.5773502691896258, "objective_cosine_similarity": -0.29567433585523717, "is_tight": 0.0, "dual_solution_value": 0.0, "scaled_age": 0.13636363636363635}, "30": {"bias": -0.4082482904638631, "objective_cosine_similarity": -0.28243239032924833, "is_tight": 0.0, "dual_solution_value": 0.0, "scaled_age": 0.19090909090909092}, "31": {"bias": -0.4472135954999579, "objective_cosine_similarity": -0.3214433062928483, "is_tight": 0.0, "dual_solution_value": 0.0, "scaled_age": 0.19090909090909092}, "32": {"bias": -0.31622776601683794, "objective_cosine_similarity": -0.5256190900579878, "is_tight": 0.0, "dual_solution_value": 0.0, "scaled_age": 0.19090909090909092}, "33": {"bias": -0.5, "objective_cosine_similarity": -0.2919999402868822, "is_tight": 0.0, "dual_solution_value": 0.0, "scaled_age": 0.13636363636363635}, "34": {"bias": -0.4082482904638631, "objective_cosine_similarity": -0.36679531211590694, "is_tight": 0.0, "dual_solution_value": 0.0, "scaled_age": 0.19090909090909092}, "35": {"bias": -0.3779644730092272, "objective_cosine_similarity": -0.20035601875095932, "is_tight": 0.0, "dual_solution_value": 0.0, "scaled_age": 0.19090909090909092}, "36": {"bias": -0.4472135954999579, "objective_cosine_similarity": -0.30537114097820584, "is_tight": 0.0, "dual_solution_value": 0.0, "scaled_age": 0.02727272727272727}, "37": {"bias": -0.4082482904638631, "objective_cosine_similarity": -0.35212349963127065, "is_tight": 0.0, "dual_solution_value": 0.0, "scaled_age": 0.045454545454545456}, "38": {"bias": -0.5773502691896258, "objective_cosine_similarity": -0.22823983820404273, "is_tight": 0.0, "dual_solution_value": 0.0, "scaled_age": 0.19090909090909092}, "39": {"bias": -0.4472135954999579, "objective_cosine_similarity": -0.233046397062315, "is_tight": 0.0, "dual_solution_value": 0.0, "scaled_age": 0.19090909090909092}, "40": {"bias": -0.4082482904638631, "objective_cosine_similarity": -0.5355211556892242, "is_tight": 0.0, "dual_solution_value": 0.0, "scaled_age": 0.06363636363636363}, "41": {"bias": -0.5, "objective_cosine_similarity": -0.5300921992900323, "is_tight": 1.0, "dual_solution_value": -2.32906072464111e-05, "scaled_age": 0.0}, "42": {"bias": -0.3779644730092272, "objective_cosine_similarity": -0.3429823371838456, "is_tight": 0.0, "dual_solution_value": 0.0, "scaled_age": 0.19090909090909092}, "43": {"bias": -0.4472135954999579, "objective_cosine_similarity": -0.3696598022367755, "is_tight": 0.0, "dual_solution_value": 0.0, "scaled_age": 0.19090909090909092}, "44": {"bias": -0.4082482904638631, "objective_cosine_similarity": -0.2934362496927256, "is_tight": 0.0, "dual_solution_value": 0.0, "scaled_age": 0.19090909090909092}, "45": {"bias": -0.5773502691896258, "objective_cosine_similarity": -0.5083523669090042, "is_tight": 0.0, "dual_solution_value": 0.0, "scaled_age": 0.19090909090909092}, "46": {"bias": -0.5, "objective_cosine_similarity": -0.4627075976853672, "is_tight": 0.0, "dual_solution_value": 0.0, "scaled_age": 0.03636363636363636}, "47": {"bias": -0.35355339059327373, "objective_cosine_similarity": -0.3621256264408159,