{"0": {"bias": -0.9354143466934853, "objective_cosine_similarity": -0.849985580059846, "is_tight": 0.0, "dual_solution_value": -0.0, "scaled_age": 0.02666666666666667}, "1": {"bias": -1.016001016001524, "objective_cosine_similarity": -0.8085708682055391, "is_tight": 0.0, "dual_solution_value": -0.0, "scaled_age": 0.14666666666666667}, "2": {"bias": -0.6030226891555273, "objective_cosine_similarity": -0.7360988300958003, "is_tight": 0.0, "dual_solution_value": -0.0, "scaled_age": 0.16}, "3": {"bias": -0.7559289460184544, "objective_cosine_similarity": -0.4500661634869183, "is_tight": 0.0, "dual_solution_value": -0.0, "scaled_age": 0.08}, "4": {"bias": -0.9333153297390426, "objective_cosine_similarity": -0.8982076903760501, "is_tight": 0.0, "dual_solution_value": -0.0, "scaled_age": 0.13333333333333333}, "5": {"bias": -1.0121322462074434, "objective_cosine_similarity": -0.8911948193109377, "is_tight": 0.0, "dual_solution_value": 0.0, "scaled_age": 0.12}, "6": {"bias": -1.0635836546984014, "objective_cosine_similarity": -0.9125509002089042, "is_tight": 1.0, "dual_solution_value": -0.01027850701584638, "scaled_age": 0.0}, "7": {"bias": -1.0928579755597128, "objective_cosine_similarity": -0.897068228667244, "is_tight": 0.0, "dual_solution_value": 0.0, "scaled_age": 0.08}, "8": {"bias": -1.0849242740941702, "objective_cosine_similarity": -0.9172295193056731, "is_tight": 1.0, "dual_solution_value": -0.0011333296594134147, "scaled_age": 0.0}, "9": {"bias": -0.4472135954999579, "objective_cosine_similarity": -0.3371769283302841, "is_tight": 0.0, "dual_solution_value": 0.0, "scaled_age": 0.36}, "10": {"bias": -0.31622776601683794, "objective_cosine_similarity": -0.3633068075916105, "is_tight": 0.0, "dual_solution_value": 0.0, "scaled_age": 0.36}, "11": {"bias": -0.4472135954999579, "objective_cosine_similarity": -0.2221086115191554, "is_tight": 0.0, "dual_solution_value": 0.0, "scaled_age": 0.36}, "12": {"bias": -0.4082482904638631, "objective_cosine_similarity": -0.48856986644655903, "is_tight": 0.0, "dual_solution_value": 0.0, "scaled_age": 0.36}, "13": {"bias": -0.3779644730092272, "objective_cosine_similarity": -0.8006202104239651, "is_tight": 1.0, "dual_solution_value": -0.05290446811541977, "scaled_age": 0.0}, "14": {"bias": -0.35355339059327373, "objective_cosine_similarity": -0.4633097378735881, "is_tight": 0.0, "dual_solution_value": 0.0, "scaled_age": 0.36}, "15": {"bias": -0.5, "objective_cosine_similarity": -0.15258522675295866, "is_tight": 0.0, "dual_solution_value": 0.0, "scaled_age": 0.36}, "16": {"bias": -0.35355339059327373, "objective_cosine_similarity": -0.4209983462869591, "is_tight": 0.0, "dual_solution_value": 0.0, "scaled_age": 0.36}, "17": {"bias": -0.3779644730092272, "objective_cosine_similarity": -0.3890019101494972, "is_tight": 0.0, "dual_solution_value": 0.0, "scaled_age": 0.36}, "18": {"bias": -0.4082482904638631, "objective_cosine_similarity": -0.3884130438250144, "is_tight": 0.0, "dual_solution_value": 0.0, "scaled_age": 0.36}, "19": {"bias": -0.31622776601683794, "objective_cosine_similarity": -0.5563135491246536, "is_tight": 0.0, "dual_solution_value": 0.0, "scaled_age": 0.36}, "20": {"bias": -0.5773502691896258, "objective_cosine_similarity": -0.3247428017089017, "is_tight": 0.0, "dual_solution_value": 0.0, "scaled_age": 0.08}, "21": {"bias": -0.35355339059327373, "objective_cosine_similarity": -0.30464201942372915, "is_tight": 0.0, "dual_solution_value": 0.0, "scaled_age": 0.36}, "22": {"bias": -0.5, "objective_cosine_similarity": -0.2213981721513518, "is_tight": 0.0, "dual_solution_value": 0.0, "scaled_age": 0.36}, "23": {"bias": -0.5, "objective_cosine_similarity": -0.17352829709160006, "is_tight": 0.0, "dual_solution_value": 0.0, "scaled_age": 0.2}, "24": {"bias": -0.7071067811865475, "objective_cosine_similarity": -0.21578809709180816, "is_tight": 1.0, "dual_solution_value": -0.008234590491999734, "scaled_age": 0.0}, "25": {"bias": -0.5, "objective_cosine_similarity": -0.32312165665332426, "is_tight": 1.0, "dual_solution_value": -6.136376848400434e-05, "scaled_age": 0.0}, "26": {"bias": -0.3779644730092272, "objective_cosine_similarity": -0.49303730472436275, "is_tight": 0.0, "dual_solution_value": 0.0, "scaled_age": 0.36}, "27": {"bias": -0.3779644730092272, "objective_cosine_similarity": -0.3211527397745849, "is_tight": 0.0, "dual_solution_value": 0.0, "scaled_age": 0.36}, "28": {"bias": -0.5, "objective_cosine_similarity": -0.29918671912344835, "is_tight": 0.0, "dual_solution_value": 0.0, "scaled_age": 0.36}, "29": {"bias": -0.5, "objective_cosine_similarity": -0.2393493752987587, "is_tight": 1.0, "dual_solution_value": -0.0026408016036638497, "scaled_age": 0.0}, "30": {"bias": -0.3779644730092272, "objective_cosine_similarity": -0.40257174422447967, "is_tight": 0.0, "dual_solution_value": 0.0, "scaled_age": 0.36}, "31": {"bias": -0.3779644730092272, "objective_cosine_similarity": -0.3799553540995089, "is_tight": 0.0, "dual_solution_value": 0.0, "scaled_age": 0.36}, "32": {"bias": -0.5, "objective_cosine_similarity": -0.36201593013937255, "is_tight": 1.0, "dual_solution_value": -0.018684001651155746, "scaled_age": 0.0}, "33": {"bias": -0.3333333333333333, "objective_cosine_similarity": -0.43681260992023463, "is_tight": 0.0, "dual_solution_value": 0.0, "scaled_age": 0.36}, "34": {"bias": -0.3333333333333333, "objective_cosine_similarity": -0.46473670370508985, "is_tight": 0.0, "dual_solution_value": 0.0, "scaled_age": 0.36}, "35": {"bias": -0.4082482904638631, "objective_cosine_similarity": -0.3419989065125913, "is_tight": 0.0, "dual_solution_value": 0.0, "scaled_age": 0.36}, "36": {"bias": -0.35355339059327373, "objective_cosine_similarity": -0.5183145469362059, "is_tight": 0.0, "dual_solution_value": 0.0, "scaled_age": 0.3333333333333333}, "37": {"bias": -0.4472135954999579, "objective_cosine_similarity": -0.16591245679744138, "is_tight": 0.0, "dual_solution_value": 0.0, "scaled_age": 0.36}, "38": {"bias": -0.5, "objective_cosine_similarity": -0.4757068834062829, "is_tight": 1.0, "dual_solution_value": -0.028812342228801895, "scaled_age": 0.0}, "39": {"bias": -0.3779644730092272, "objective_cosine_similarity": -0.39578682718698843, "is_tight": 0.0, "dual_solution_value": 0.0, "scaled_age": 0.36}, "40": {"bias": -0.31622776601683794, "objective_cosine_similarity": -0.49954686043846447, "is_tight": 0.0, "dual_solution_value": 0.0, "scaled_age": 0.36}, "41": {"bias": -0.3333333333333333, "objective_cosine_similarity": -0.5185903131473105, "is_tight": 0.0, "dual_solution_value": 0.0, "scaled_age": 0.36}, "42": {"bias": -0.5, "objective_cosine_similarity": -0.43082887553776567, "is_tight": 0.0, "dual_solution_value": 0.0, "scaled_age": 0.2}, "43": {"bias": -0.5, "objective_cosine_similarity": -0.21541443776888283, "is_tight": 0.0, "dual_solution_value": 0.0, "scaled_age": 0.36}, "44": {"bias": -0.5, "objective_cosine_similarity": -0.25131684406369664, "is_tight": 0.0, "dual_solution_value": 0.0, "scaled_age": 0.26666666666666666}, "45": {"bias": -0.4082482904638631, "objective_cosine_similarity": -0.23451353589434834, "is_tight": 0.0, "dual_solution_value": 0.0, "scaled_age": 0.36}, "46": {"bias": -0.4472135954999579, "objective_cosine_similarity": -0.19267253047444804, "is_tight": 0.0, "dual_solution_value": 0.0, "scaled_age": 0.36}, "47": {"bias": -0.3779644730092272, "objective_cosine_similarity": -0.47042091459939195, "is_tight": 0.0, "dual_solution_value": 0.0, "scaled_age": 0.36}, "48": {"bias": -0.4082482904638631, "objective_cosine_similarity": -0.3957415918217128, "is_tight": 0.0, "dual_solution_value": 0.0, "scaled_age": 0.36}, "49": {"bias": -0.35355339059327373, "objective_cosine_similarity": -0.38926480259698726, "is_tight": 0.0, "dual_solution_value": 0.0, "scaled_age": 0.36}, "50": {"bias": -0.3779644730092272, "objective_cosine_similarity": -0.4500661634869183, "is_tight": 0.0, "dual_solution_value": 0.0, "scaled_age": 0.36}, "51": {"bias": -0.4082482904638631,