{"0": {"bias": -1.1226827987756234, "objective_cosine_similarity": -0.9169663437185019, "is_tight": 0.0, "dual_solution_value": -0.0, "scaled_age": 0.05}, "1": {"bias": -0.9258200997725514, "objective_cosine_similarity": -0.7759418281365538, "is_tight": 0.0, "dual_solution_value": -0.0, "scaled_age": 0.07}, "2": {"bias": -1.0, "objective_cosine_similarity": -0.8790490729915326, "is_tight": 0.0, "dual_solution_value": -0.0, "scaled_age": 0.15}, "3": {"bias": -1.0660035817780522, "objective_cosine_similarity": -0.785484694719942, "is_tight": 0.0, "dual_solution_value": -0.0, "scaled_age": 0.14}, "4": {"bias": -1.439748066130712, "objective_cosine_similarity": -0.9137279676996111, "is_tight": 0.0, "dual_solution_value": -0.0, "scaled_age": 0.0}, "5": {"bias": -1.135549947915338, "objective_cosine_similarity": -0.7905944467480283, "is_tight": 1.0, "dual_solution_value": -0.0006622318414753833, "scaled_age": 0.03}, "6": {"bias": -1.1785113019775793, "objective_cosine_similarity": -0.4692331388149089, "is_tight": 0.0, "dual_solution_value": -0.0, "scaled_age": 0.01}, "7": {"bias": -0.6666666666666666, "objective_cosine_similarity": -0.49554236957856, "is_tight": 1.0, "dual_solution_value": -0.0006803785394671298, "scaled_age": 0.0}, "8": {"bias": -1.3926942648823688, "objective_cosine_similarity": -0.913948804465589, "is_tight": 0.0, "dual_solution_value": -0.0, "scaled_age": 0.11}, "9": {"bias": -1.3160859540871495, "objective_cosine_similarity": -0.8983420677856848, "is_tight": 0.0, "dual_solution_value": -0.0, "scaled_age": 0.05}, "10": {"bias": -0.7559289460184544, "objective_cosine_similarity": -0.37133747487219954, "is_tight": 1.0, "dual_solution_value": -0.002314430245048331, "scaled_age": 0.0}, "11": {"bias": -1.3112201362143716, "objective_cosine_similarity": -0.9141105757840768, "is_tight": 0.0, "dual_solution_value": -0.0, "scaled_age": 0.06}, "12": {"bias": -1.3982986319415185, "objective_cosine_similarity": -0.965903826822313, "is_tight": 0.0, "dual_solution_value": -0.0, "scaled_age": 0.12}, "13": {"bias": -1.330337333810911, "objective_cosine_similarity": -0.9591781699671664, "is_tight": 1.0, "dual_solution_value": -0.00032117621593372604, "scaled_age": 0.15}, "14": {"bias": -0.9428090415820635, "objective_cosine_similarity": -0.7312724241271308, "is_tight": 0.0, "dual_solution_value": -0.0, "scaled_age": 0.15}, "15": {"bias": -1.390758974918296, "objective_cosine_similarity": -0.9074916743109083, "is_tight": 0.0, "dual_solution_value": -0.0, "scaled_age": 0.08}, "16": {"bias": -1.35400640077266, "objective_cosine_similarity": -0.925298714616236, "is_tight": 0.0, "dual_solution_value": -0.0, "scaled_age": 0.07}, "17": {"bias": -1.2443420336765103, "objective_cosine_similarity": -0.8807002159930659, "is_tight": 0.0, "dual_solution_value": -0.0, "scaled_age": 0.11}, "18": {"bias": -1.150792911137501, "objective_cosine_similarity": -0.8330851873158274, "is_tight": 0.0, "dual_solution_value": -0.0, "scaled_age": 0.12}, "19": {"bias": -1.439885406674904, "objective_cosine_similarity": -0.9377112387559728, "is_tight": 0.0, "dual_solution_value": 0.0, "scaled_age": 0.0}, "20": {"bias": -1.387434461785729, "objective_cosine_similarity": -0.9346775747537553, "is_tight": 0.0, "dual_solution_value": 0.0, "scaled_age": 0.1}, "21": {"bias": -1.3539055828006015, "objective_cosine_similarity": -0.9716235289991788, "is_tight": 0.0, "dual_solution_value": 0.0, "scaled_age": 0.15}, "22": {"bias": -1.218282626111859, "objective_cosine_similarity": -0.9097591560135004, "is_tight": 0.0, "dual_solution_value": 0.0, "scaled_age": 0.0}, "23": {"bias": -1.3975133039994625, "objective_cosine_similarity": -0.8834694819393772, "is_tight": 0.0, "dual_solution_value": 0.0, "scaled_age": 0.0}, "24": {"bias": -0.4472135954999579, "objective_cosine_similarity": -0.38156026430187623, "is_tight": 0.0, "dual_solution_value": 0.0, "scaled_age": 0.0}, "25": {"bias": -0.4082482904638631, "objective_cosine_similarity": -0.6174679839715955, "is_tight": 1.0, "dual_solution_value": -0.023054360175277747, "scaled_age": 0.0}, "26": {"bias": -0.5773502691896258, "objective_cosine_similarity": -0.2612231273866078, "is_tight": 0.0, "dual_solution_value": 0.0, "scaled_age": 0.21}, "27": {"bias": -0.5, "objective_cosine_similarity": -0.4847697093703305, "is_tight": 1.0, "dual_solution_value": -0.008844921013072701, "scaled_age": 0.0}, "28": {"bias": -0.5773502691896258, "objective_cosine_similarity": -0.21644201983461792, "is_tight": 1.0, "dual_solution_value": -0.032996605564624144, "scaled_age": 0.0}, "29": {"bias": -0.4472135954999579, "objective_cosine_similarity": -0.4046851288050203, "is_tight": 0.0, "dual_solution_value": 0.0, "scaled_age": 0.0}, "30": {"bias": -0.5773502691896258, "objective_cosine_similarity": -0.08209869717864818, "is_tight": 0.0, "dual_solution_value": 0.0, "scaled_age": 0.21}, "31": {"bias": -0.7071067811865475, "objective_cosine_similarity": -0.15539539012701525, "is_tight": 1.0, "dual_solution_value": -0.010103105859651147, "scaled_age": 0.02}, "32": {"bias": -0.5, "objective_cosine_similarity": -0.4265973442458908, "is_tight": 1.0, "dual_solution_value": 0.0, "scaled_age": 0.11}, "33": {"bias": -0.7071067811865475, "objective_cosine_similarity": -0.137113579523837, "is_tight": 0.0, "dual_solution_value": 0.0, "scaled_age": 0.05}, "34": {"bias": -0.5773502691896258, "objective_cosine_similarity": -0.22390553775994956, "is_tight": 1.0, "dual_solution_value": -0.003928167329121927, "scaled_age": 0.21}, "35": {"bias": -0.3779644730092272, "objective_cosine_similarity": -0.4006535913094784, "is_tight": 0.0, "dual_solution_value": 0.0, "scaled_age": 0.21}, "36": {"bias": -0.5773502691896258, "objective_cosine_similarity": -0.2686866453119395, "is_tight": 0.0, "dual_solution_value": 0.0, "scaled_age": 0.0}, "37": {"bias": -0.5, "objective_cosine_similarity": -0.1292719224987548, "is_tight": 0.0, "dual_solution_value": 0.0, "scaled_age": 0.21}, "38": {"bias": -0.5773502691896258, "objective_cosine_similarity": -0.11195276887997478, "is_tight": 1.0, "dual_solution_value": -0.018069569713960842, "scaled_age": 0.04}, "39": {"bias": -0.5773502691896258, "objective_cosine_similarity": -0.3507853424905876, "is_tight": 0.0, "dual_solution_value": 0.0, "scaled_age": 0.08}, "40": {"bias": -0.4472135954999579, "objective_cosine_similarity": -0.4971845868175963, "is_tight": 0.0, "dual_solution_value": 0.0, "scaled_age": 0.21}, "41": {"bias": -0.4082482904638631, "objective_cosine_similarity": -0.4380328433302772, "is_tight": 0.0, "dual_solution_value": 0.0, "scaled_age": 0.21}, "42": {"bias": -0.5773502691896258, "objective_cosine_similarity": -0.08956221510397983, "is_tight": 0.0, "dual_solution_value": 0.0, "scaled_age": 0.07}, "43": {"bias": -0.4472135954999579, "objective_cosine_similarity": -0.45093485781130827, "is_tight": 0.0, "dual_solution_value": 0.0, "scaled_age": 0.15}, "44": {"bias": -0.5773502691896258, "objective_cosine_similarity": -0.14927035850663303, "is_tight": 0.0, "dual_solution_value": 0.0, "scaled_age": 0.02}, "45": {"bias": -0.4082482904638631, "objective_cosine_similarity": -0.26387520682546817, "is_tight": 0.0, "dual_solution_value": 0.0, "scaled_age": 0.21}, "46": {"bias": -0.5773502691896258, "objective_cosine_similarity": -0.2015149839839546, "is_tight": 0.0, "dual_solution_value": 0.0, "scaled_age": 0.18}, "47": {"bias": -0.4082482904638631, "objective_cosine_similarity": -0.3324827606000899, "is_tight": 0.0, "dual_solution_value": 0.0, "scaled_age": 0.21}, "48": {"bias": -0.5, "objective_cosine_similarity": -0.30378901787207374, "is_tight": 1.0, "dual_solution_value": -0.019730977644546784, "scaled_age": 0.14}, "49": {"bias": -0.4472135954999579, "objective_cosine_similarity": -0.5087470190691683, "is_tight": 1.0, "dual_solution_value": -0.013388079449188638, "scaled_age": 0.0}, "50": {"bias": -0.5773502691896258, "objective_cosine_similarity": -0.20897850190928627, "is_tight": 0.0, "dual_solution_value": 0.0, "scaled_age": 0.0},