{"0": {"bias": -0.4082482904638631, "objective_cosine_similarity": -0.35617071354904933, "is_tight": 1.0, "dual_solution_value": -8.022197032494517e-05, "scaled_age": 0.0}, "1": {"bias": -0.3779644730092272, "objective_cosine_similarity": -0.3601312945518754, "is_tight": 0.0, "dual_solution_value": -0.0, "scaled_age": 0.09375}, "2": {"bias": -0.6679779366226963, "objective_cosine_similarity": -0.20111692242521864, "is_tight": 1.0, "dual_solution_value": -0.0005284128529047917, "scaled_age": 0.0}, "3": {"bias": -0.6559117197620907, "objective_cosine_similarity": -0.195627093885941, "is_tight": 0.0, "dual_solution_value": -0.0, "scaled_age": 0.052083333333333336}, "4": {"bias": -0.6710552710330006, "objective_cosine_similarity": -0.200665579918473, "is_tight": 0.0, "dual_solution_value": -0.0, "scaled_age": 0.07291666666666667}, "5": {"bias": -0.408248290463863, "objective_cosine_similarity": -0.2848703604126473, "is_tight": 0.0, "dual_solution_value": -0.0, "scaled_age": 0.07291666666666667}, "6": {"bias": -0.6603552864286748, "objective_cosine_similarity": -0.19721773530238232, "is_tight": 1.0, "dual_solution_value": -6.476350756625025e-05, "scaled_age": 0.0}, "7": {"bias": -0.6833963954388748, "objective_cosine_similarity": -0.20521644190026067, "is_tight": 0.0, "dual_solution_value": -0.0, "scaled_age": 0.07291666666666667}, "8": {"bias": -0.6750758036343932, "objective_cosine_similarity": -0.20377550767663374, "is_tight": 0.0, "dual_solution_value": -0.0, "scaled_age": 0.010416666666666666}, "9": {"bias": -0.3333519241247412, "objective_cosine_similarity": -0.7798958374840318, "is_tight": 0.0, "dual_solution_value": -0.0, "scaled_age": 0.07291666666666667}, "10": {"bias": -0.19611613513818404, "objective_cosine_similarity": -0.2941302399461614, "is_tight": 0.0, "dual_solution_value": 0.0, "scaled_age": 0.13541666666666666}, "11": {"bias": -0.1796053020267749, "objective_cosine_similarity": -0.40066532533851673, "is_tight": 0.0, "dual_solution_value": 0.0, "scaled_age": 0.2916666666666667}, "12": {"bias": -0.2, "objective_cosine_similarity": -0.27100572230135445, "is_tight": 0.0, "dual_solution_value": 0.0, "scaled_age": 0.2916666666666667}, "13": {"bias": -0.20851441405707477, "objective_cosine_similarity": -0.34544305373252265, "is_tight": 1.0, "dual_solution_value": -5.368339066138811e-05, "scaled_age": 0.0}, "14": {"bias": -0.17407765595569785, "objective_cosine_similarity": -0.3682187392532503, "is_tight": 0.0, "dual_solution_value": 0.0, "scaled_age": 0.2916666666666667}, "15": {"bias": -0.19611613513818404, "objective_cosine_similarity": -0.37976913381531946, "is_tight": 0.0, "dual_solution_value": 0.0, "scaled_age": 0.2916666666666667}, "16": {"bias": -0.20412414523193154, "objective_cosine_similarity": -0.2904982466729786, "is_tight": 0.0, "dual_solution_value": 0.0, "scaled_age": 0.2916666666666667}, "17": {"bias": -0.15617376188860607, "objective_cosine_similarity": -0.4426161612575383, "is_tight": 0.0, "dual_solution_value": 0.0, "scaled_age": 0.2916666666666667}, "18": {"bias": -0.18569533817705186, "objective_cosine_similarity": -0.2936348699545156, "is_tight": 0.0, "dual_solution_value": 0.0, "scaled_age": 0.20833333333333334}, "19": {"bias": -0.20851441405707477, "objective_cosine_similarity": -0.3233773080095201, "is_tight": 0.0, "dual_solution_value": 0.0, "scaled_age": 0.2916666666666667}, "20": {"bias": -0.18257418583505536, "objective_cosine_similarity": -0.396850744847774, "is_tight": 1.0, "dual_solution_value": -0.0005060424287510449, "scaled_age": 0.0}, "21": {"bias": -0.1889822365046136, "objective_cosine_similarity": -0.26802963156222553, "is_tight": 0.0, "dual_solution_value": 0.0, "scaled_age": 0.15625}, "22": {"bias": -0.19245008972987526, "objective_cosine_similarity": -0.2879297260155859, "is_tight": 0.0, "dual_solution_value": 0.0, "scaled_age": 0.2916666666666667}, "23": {"bias": -0.20851441405707477, "objective_cosine_similarity": -0.2424695736918441, "is_tight": 0.0, "dual_solution_value": 0.0, "scaled_age": 0.2916666666666667}, "24": {"bias": -0.1796053020267749, "objective_cosine_similarity": -0.37292023465258894, "is_tight": 0.0, "dual_solution_value": 0.0, "scaled_age": 0.10416666666666667}, "25": {"bias": -0.20851441405707477, "objective_cosine_similarity": -0.3375805466358206, "is_tight": 1.0, "dual_solution_value": -0.0020290340894714987, "scaled_age": 0.0}, "26": {"bias": -0.20412414523193154, "objective_cosine_similarity": -0.2944708722685065, "is_tight": 0.0, "dual_solution_value": 0.0, "scaled_age": 0.2916666666666667}, "27": {"bias": -0.17677669529663687, "objective_cosine_similarity": -0.33199808714606543, "is_tight": 1.0, "dual_solution_value": -0.0003026270829551091, "scaled_age": 0.0}, "28": {"bias": -0.1796053020267749, "objective_cosine_similarity": -0.32747945620634494, "is_tight": 0.0, "dual_solution_value": 0.0, "scaled_age": 0.2916666666666667}, "29": {"bias": -0.18257418583505536, "objective_cosine_similarity": -0.33600177781459545, "is_tight": 0.0, "dual_solution_value": 0.0, "scaled_age": 0.2916666666666667}, "30": {"bias": -0.17677669529663687, "objective_cosine_similarity": -0.28082221619997505, "is_tight": 0.0, "dual_solution_value": 0.0, "scaled_age": 0.2916666666666667}, "31": {"bias": -0.16666666666666666, "objective_cosine_similarity": -0.32902624722852947, "is_tight": 0.0, "dual_solution_value": 0.0, "scaled_age": 0.2916666666666667}, "32": {"bias": -0.18569533817705186, "objective_cosine_similarity": -0.3078648674984652, "is_tight": 1.0, "dual_solution_value": -1.684748520219881e-05, "scaled_age": 0.0}, "33": {"bias": -0.1796053020267749, "objective_cosine_similarity": -0.31895931024767415, "is_tight": 0.0, "dual_solution_value": 0.0, "scaled_age": 0.2916666666666667}, "34": {"bias": -0.18569533817705186, "objective_cosine_similarity": -0.3135116919206674, "is_tight": 0.0, "dual_solution_value": 0.0, "scaled_age": 0.2916666666666667}, "35": {"bias": -0.1889822365046136, "objective_cosine_similarity": -0.3271064886046715, "is_tight": 0.0, "dual_solution_value": 0.0, "scaled_age": 0.2916666666666667}, "36": {"bias": -0.1643989873053573, "objective_cosine_similarity": -0.33254824621812457, "is_tight": 0.0, "dual_solution_value": 0.0, "scaled_age": 0.2916666666666667}, "37": {"bias": -0.1889822365046136, "objective_cosine_similarity": -0.3337727487378658, "is_tight": 0.0, "dual_solution_value": 0.0, "scaled_age": 0.2916666666666667}, "38": {"bias": -0.2, "objective_cosine_similarity": -0.30141480245186547, "is_tight": 0.0, "dual_solution_value": 0.0, "scaled_age": 0.2916666666666667}, "39": {"bias": -0.17677669529663687, "objective_cosine_similarity": -0.3472648385627563, "is_tight": 0.0, "dual_solution_value": 0.0, "scaled_age": 0.2916666666666667}, "40": {"bias": -0.18569533817705186, "objective_cosine_similarity": -0.30967185131356995, "is_tight": 0.0, "dual_solution_value": 0.0, "scaled_age": 0.2916666666666667}, "41": {"bias": -0.15249857033260467, "objective_cosine_similarity": -0.4038196758830259, "is_tight": 0.0, "dual_solution_value": 0.0, "scaled_age": 0.2916666666666667}, "42": {"bias": -0.17677669529663687, "objective_cosine_similarity": -0.39779563550532454, "is_tight": 1.0, "dual_solution_value": -0.0001213365953390101, "scaled_age": 0.0}, "43": {"bias": -0.17407765595569785, "objective_cosine_similarity": -0.30681365910175945, "is_tight": 1.0, "dual_solution_value": -8.897448774498589e-06, "scaled_age": 0.0}, "44": {"bias": -0.2, "objective_cosine_similarity": -0.30141480245186547, "is_tight": 0.0, "dual_solution_value": 0.0, "scaled_age": 0.2916666666666667}, "45": {"bias": -0.1690308509457033, "objective_cosine_similarity": -0.3791317619328202, "is_tight": 0.0, "dual_solution_value": 0.0, "scaled_age": 0.2916666666666667}, "46": {"bias": -0.1889822365046136, "objective_cosine_similarity": -0.3597481761534159, "is_tight": 1.0, "dual_solution_value": -0.0004616002502042184, "scaled_age": 0.0}, "47": {"bias": -0.20851441405707477,