{"0": {"bias": -1.1026456085839622, "objective_cosine_similarity": -0.8962991608048696, "is_tight": 0.0, "dual_solution_value": -0.0, "scaled_age": 0.06}, "1": {"bias": -0.9113223768657671, "objective_cosine_similarity": -0.8114497231332775, "is_tight": 0.0, "dual_solution_value": -0.0, "scaled_age": 0.08}, "2": {"bias": -0.8017837257372732, "objective_cosine_similarity": -0.6637681909616014, "is_tight": 0.0, "dual_solution_value": -0.0, "scaled_age": 0.09}, "3": {"bias": -0.7071067811865475, "objective_cosine_similarity": -0.515029323318545, "is_tight": 1.0, "dual_solution_value": -0.00018158881215091217, "scaled_age": 0.0}, "4": {"bias": -1.0740501002036358, "objective_cosine_similarity": -0.9001837731422491, "is_tight": 0.0, "dual_solution_value": -0.0, "scaled_age": 0.05}, "5": {"bias": -1.099524999206747, "objective_cosine_similarity": -0.8664952031936862, "is_tight": 1.0, "dual_solution_value": -0.0012280797955371325, "scaled_age": 0.0}, "6": {"bias": -1.0, "objective_cosine_similarity": -0.8597053228212873, "is_tight": 0.0, "dual_solution_value": -0.0, "scaled_age": 0.06}, "7": {"bias": -0.8944271909999159, "objective_cosine_similarity": -0.7288946598444116, "is_tight": 0.0, "dual_solution_value": -0.0, "scaled_age": 0.1}, "8": {"bias": -0.8660254037844387, "objective_cosine_similarity": -0.5894169307211164, "is_tight": 1.0, "dual_solution_value": -0.0049661650024896515, "scaled_age": 0.0}, "9": {"bias": -0.8, "objective_cosine_similarity": -0.7259733837157538, "is_tight": 0.0, "dual_solution_value": -0.0, "scaled_age": 0.02}, "10": {"bias": -1.163745450141066, "objective_cosine_similarity": -0.9059398491169898, "is_tight": 0.0, "dual_solution_value": 0.0, "scaled_age": 0.07}, "11": {"bias": -0.3333333333333333, "objective_cosine_similarity": -0.6925403989393704, "is_tight": 0.0, "dual_solution_value": 0.0, "scaled_age": 0.28}, "12": {"bias": -0.4472135954999579, "objective_cosine_similarity": -0.33641291992819, "is_tight": 0.0, "dual_solution_value": 0.0, "scaled_age": 0.28}, "13": {"bias": -0.3779644730092272, "objective_cosine_similarity": -0.42422470156440684, "is_tight": 0.0, "dual_solution_value": 0.0, "scaled_age": 0.28}, "14": {"bias": -0.35355339059327373, "objective_cosine_similarity": -0.43059828670894745, "is_tight": 0.0, "dual_solution_value": 0.0, "scaled_age": 0.28}, "15": {"bias": -0.4082482904638631, "objective_cosine_similarity": -0.30710157480141487, "is_tight": 0.0, "dual_solution_value": 0.0, "scaled_age": 0.28}, "16": {"bias": -0.3779644730092272, "objective_cosine_similarity": -0.2888338393630004, "is_tight": 0.0, "dual_solution_value": 0.0, "scaled_age": 0.28}, "17": {"bias": -0.4472135954999579, "objective_cosine_similarity": -0.41117134657889887, "is_tight": 0.0, "dual_solution_value": 0.0, "scaled_age": 0.14}, "18": {"bias": -0.35355339059327373, "objective_cosine_similarity": -0.38838276840414865, "is_tight": 0.0, "dual_solution_value": 0.0, "scaled_age": 0.28}, "19": {"bias": -0.4472135954999579, "objective_cosine_similarity": -0.2616544932774811, "is_tight": 0.0, "dual_solution_value": 0.0, "scaled_age": 0.28}, "20": {"bias": -0.4472135954999579, "objective_cosine_similarity": -0.3310730323102822, "is_tight": 0.0, "dual_solution_value": 0.0, "scaled_age": 0.28}, "21": {"bias": -0.4082482904638631, "objective_cosine_similarity": -0.40459413823043544, "is_tight": 0.0, "dual_solution_value": 0.0, "scaled_age": 0.28}, "22": {"bias": -0.4082482904638631, "objective_cosine_similarity": -0.4484657917734947, "is_tight": 0.0, "dual_solution_value": 0.0, "scaled_age": 0.28}, "23": {"bias": -0.3779644730092272, "objective_cosine_similarity": -0.46484196022482877, "is_tight": 0.0, "dual_solution_value": 0.0, "scaled_age": 0.28}, "24": {"bias": -0.5773502691896258, "objective_cosine_similarity": -0.28953814140686424, "is_tight": 0.0, "dual_solution_value": 0.0, "scaled_age": 0.14}, "25": {"bias": -0.5, "objective_cosine_similarity": -0.44179301311649494, "is_tight": 0.0, "dual_solution_value": 0.0, "scaled_age": 0.2}, "26": {"bias": -0.4472135954999579, "objective_cosine_similarity": -0.43253089705053, "is_tight": 0.0, "dual_solution_value": 0.0, "scaled_age": 0.09}, "27": {"bias": -0.35355339059327373, "objective_cosine_similarity": -0.5065862196575852, "is_tight": 0.0, "dual_solution_value": 0.0, "scaled_age": 0.28}, "28": {"bias": -0.3779644730092272, "objective_cosine_similarity": -0.41971167282435995, "is_tight": 0.0, "dual_solution_value": 0.0, "scaled_age": 0.28}, "29": {"bias": -0.5773502691896258, "objective_cosine_similarity": -0.5446074564557685, "is_tight": 1.0, "dual_solution_value": -0.12406015133860593, "scaled_age": 0.0}, "30": {"bias": -0.4472135954999579, "objective_cosine_similarity": -0.3097134818386511, "is_tight": 0.0, "dual_solution_value": 0.0, "scaled_age": 0.28}, "31": {"bias": -0.5, "objective_cosine_similarity": -0.334329847763834, "is_tight": 0.0, "dual_solution_value": 0.0, "scaled_age": 0.28}, "32": {"bias": -0.5773502691896258, "objective_cosine_similarity": -0.22060048869094417, "is_tight": 0.0, "dual_solution_value": 0.0, "scaled_age": 0.18}, "33": {"bias": -0.3779644730092272, "objective_cosine_similarity": -0.6137719086463758, "is_tight": 0.0, "dual_solution_value": 0.0, "scaled_age": 0.28}, "34": {"bias": -0.4472135954999579, "objective_cosine_similarity": -0.19223595424467999, "is_tight": 0.0, "dual_solution_value": 0.0, "scaled_age": 0.28}, "35": {"bias": -0.4082482904638631, "objective_cosine_similarity": -0.21935826771529632, "is_tight": 0.0, "dual_solution_value": 0.0, "scaled_age": 0.28}, "36": {"bias": -0.3779644730092272, "objective_cosine_similarity": -0.2798077818829066, "is_tight": 0.0, "dual_solution_value": 0.0, "scaled_age": 0.28}, "37": {"bias": -0.4472135954999579, "objective_cosine_similarity": -0.37379213325354443, "is_tight": 0.0, "dual_solution_value": 0.0, "scaled_age": 0.08}, "38": {"bias": -0.35355339059327373, "objective_cosine_similarity": -0.4770353568442261, "is_tight": 0.0, "dual_solution_value": 0.0, "scaled_age": 0.28}, "39": {"bias": -0.4472135954999579, "objective_cosine_similarity": -0.40049157134308333, "is_tight": 0.0, "dual_solution_value": 0.0, "scaled_age": 0.28}, "40": {"bias": -0.4472135954999579, "objective_cosine_similarity": -0.38447190848935997, "is_tight": 0.0, "dual_solution_value": 0.0, "scaled_age": 0.28}, "41": {"bias": -0.4472135954999579, "objective_cosine_similarity": -0.41651123419680663, "is_tight": 1.0, "dual_solution_value": -0.03159841912495308, "scaled_age": 0.0}, "42": {"bias": -0.4082482904638631, "objective_cosine_similarity": -0.5508329833739664, "is_tight": 0.0, "dual_solution_value": 0.0, "scaled_age": 0.07}, "43": {"bias": -0.4472135954999579, "objective_cosine_similarity": -0.36845224563563667, "is_tight": 0.0, "dual_solution_value": 0.0, "scaled_age": 0.28}, "44": {"bias": -0.3333333333333333, "objective_cosine_similarity": -0.561196530175007, "is_tight": 0.0, "dual_solution_value": 0.0, "scaled_age": 0.28}, "45": {"bias": -0.3779644730092272, "objective_cosine_similarity": -0.2843208106229535, "is_tight": 0.0, "dual_solution_value": 0.0, "scaled_age": 0.28}, "46": {"bias": -0.4472135954999579, "objective_cosine_similarity": -0.3791320208714522, "is_tight": 0.0, "dual_solution_value": 0.0, "scaled_age": 0.28}, "47": {"bias": -0.4472135954999579, "objective_cosine_similarity": -0.45923033514006883, "is_tight": 0.0, "dual_solution_value": 0.0, "scaled_age": 0.04}, "48": {"bias": -0.4472135954999579, "objective_cosine_similarity": -0.43787078466843776, "is_tight": 0.0, "dual_solution_value": 0.0, "scaled_age": 0.28}, "49": {"bias": -0.5773502691896258, "objective_cosine_similarity": -0.22749425396253617, "is_tight": 1.0, "dual_solution_value": -0.00012547346780503887, "scaled_age": 0.0}, "50": {"bias": -0.3779644730092272, "objective_cosine_similarity": -0.528024362585485, "is_tight": 0.0, "dual_solution_value": 0.0, "scaled_age": 0.28}, "51": {"bias": -0.4472135954999579, "objective_cosine_similarity": -0.4218511218147144,