{"0": {"bias": -0.9486832980505138, "objective_cosine_similarity": -0.6819284141599206, "is_tight": 1.0, "dual_solution_value": -5.7735756928797414e-05, "scaled_age": 0.0}, "1": {"bias": -0.7559289460184544, "objective_cosine_similarity": -0.5239673679355524, "is_tight": 0.0, "dual_solution_value": -0.0, "scaled_age": 0.03125}, "2": {"bias": -0.7559289460184544, "objective_cosine_similarity": -0.433405106810889, "is_tight": 0.0, "dual_solution_value": -0.0, "scaled_age": 0.08333333333333333}, "3": {"bias": -0.75, "objective_cosine_similarity": -0.6289637053968238, "is_tight": 1.0, "dual_solution_value": -0.0, "scaled_age": 0.0625}, "4": {"bias": -1.0, "objective_cosine_similarity": -0.8685689265003758, "is_tight": 1.0, "dual_solution_value": -0.0004216535632303172, "scaled_age": 0.0}, "5": {"bias": -1.1340959542474853, "objective_cosine_similarity": -0.9559260078287886, "is_tight": 0.0, "dual_solution_value": -0.0, "scaled_age": 0.020833333333333332}, "6": {"bias": -1.1453125733564, "objective_cosine_similarity": -0.9670139312146967, "is_tight": 0.0, "dual_solution_value": -0.0, "scaled_age": 0.07291666666666667}, "7": {"bias": -1.148305199466804, "objective_cosine_similarity": -0.9790159511387397, "is_tight": 0.0, "dual_solution_value": -0.0, "scaled_age": 0.020833333333333332}, "8": {"bias": -1.1280286561886137, "objective_cosine_similarity": -0.985541301927773, "is_tight": 0.0, "dual_solution_value": 0.0, "scaled_age": 0.041666666666666664}, "9": {"bias": -0.3779644730092272, "objective_cosine_similarity": -0.5045611691231245, "is_tight": 0.0, "dual_solution_value": 0.0, "scaled_age": 0.13541666666666666}, "10": {"bias": -0.3333333333333333, "objective_cosine_similarity": -0.49062021464060634, "is_tight": 0.0, "dual_solution_value": 0.0, "scaled_age": 0.23958333333333334}, "11": {"bias": -0.4472135954999579, "objective_cosine_similarity": -0.3061563212293767, "is_tight": 0.0, "dual_solution_value": 0.0, "scaled_age": 0.23958333333333334}, "12": {"bias": -0.3333333333333333, "objective_cosine_similarity": -0.49632510085735754, "is_tight": 0.0, "dual_solution_value": 0.0, "scaled_age": 0.23958333333333334}, "13": {"bias": -0.4472135954999579, "objective_cosine_similarity": -0.2143094248605637, "is_tight": 0.0, "dual_solution_value": 0.0, "scaled_age": 0.23958333333333334}, "14": {"bias": -0.31622776601683794, "objective_cosine_similarity": -0.5412130271110481, "is_tight": 0.0, "dual_solution_value": 0.0, "scaled_age": 0.23958333333333334}, "15": {"bias": -0.3779644730092272, "objective_cosine_similarity": -0.4204676409359371, "is_tight": 0.0, "dual_solution_value": 0.0, "scaled_age": 0.23958333333333334}, "16": {"bias": -0.4082482904638631, "objective_cosine_similarity": -0.5449883505954141, "is_tight": 1.0, "dual_solution_value": -0.0003986870625356126, "scaled_age": 0.0}, "17": {"bias": -0.35355339059327373, "objective_cosine_similarity": -0.4719737563822087, "is_tight": 0.0, "dual_solution_value": 0.0, "scaled_age": 0.23958333333333334}, "18": {"bias": -0.5, "objective_cosine_similarity": -0.3765224903055816, "is_tight": 0.0, "dual_solution_value": 0.0, "scaled_age": 0.23958333333333334}, "19": {"bias": -0.3333333333333333, "objective_cosine_similarity": -0.5191446457243625, "is_tight": 0.0, "dual_solution_value": 0.0, "scaled_age": 0.23958333333333334}, "20": {"bias": -0.4472135954999579, "objective_cosine_similarity": -0.3750414935059865, "is_tight": 0.0, "dual_solution_value": 0.0, "scaled_age": 0.23958333333333334}, "21": {"bias": -0.35355339059327373, "objective_cosine_similarity": -0.36305673567862207, "is_tight": 0.0, "dual_solution_value": 0.0, "scaled_age": 0.23958333333333334}, "22": {"bias": -0.4082482904638631, "objective_cosine_similarity": -0.5030661697803822, "is_tight": 0.0, "dual_solution_value": 0.0, "scaled_age": 0.23958333333333334}, "23": {"bias": -0.5, "objective_cosine_similarity": -0.2652772090789325, "is_tight": 1.0, "dual_solution_value": -0.0006212446077222139, "scaled_age": 0.0}, "24": {"bias": -0.4082482904638631, "objective_cosine_similarity": -0.4262088382861572, "is_tight": 0.0, "dual_solution_value": 0.0, "scaled_age": 0.052083333333333336}, "25": {"bias": -0.4472135954999579, "objective_cosine_similarity": -0.3750414935059865, "is_tight": 0.0, "dual_solution_value": 0.0, "scaled_age": 0.0625}, "26": {"bias": -0.4082482904638631, "objective_cosine_similarity": -0.38428665747112534, "is_tight": 0.0, "dual_solution_value": 0.0, "scaled_age": 0.23958333333333334}, "27": {"bias": -0.35355339059327373, "objective_cosine_similarity": -0.5082794299500709, "is_tight": 0.0, "dual_solution_value": 0.0, "scaled_age": 0.13541666666666666}, "28": {"bias": -0.35355339059327373, "objective_cosine_similarity": -0.5445851035179331, "is_tight": 0.0, "dual_solution_value": 0.0, "scaled_age": 0.23958333333333334}, "29": {"bias": -0.4082482904638631, "objective_cosine_similarity": -0.3144163561127389, "is_tight": 0.0, "dual_solution_value": 0.0, "scaled_age": 0.23958333333333334}, "30": {"bias": -0.5, "objective_cosine_similarity": -0.3765224903055816, "is_tight": 1.0, "dual_solution_value": -8.535124578373867e-05, "scaled_age": 0.0}, "31": {"bias": -0.4472135954999579, "objective_cosine_similarity": -0.48219620593626833, "is_tight": 1.0, "dual_solution_value": -0.0038261740072823825, "scaled_age": 0.0}, "32": {"bias": -0.7071067811865475, "objective_cosine_similarity": -0.25413971497503546, "is_tight": 1.0, "dual_solution_value": -0.0003734887967234554, "scaled_age": 0.0}, "33": {"bias": -0.5, "objective_cosine_similarity": -0.3850798196307085, "is_tight": 0.0, "dual_solution_value": 0.0, "scaled_age": 0.10416666666666667}, "34": {"bias": -0.4082482904638631, "objective_cosine_similarity": -0.4960791396445436, "is_tight": 0.0, "dual_solution_value": 0.0, "scaled_age": 0.03125}, "35": {"bias": -0.4082482904638631, "objective_cosine_similarity": -0.5100531999162209, "is_tight": 1.0, "dual_solution_value": -0.01044679026359823, "scaled_age": 0.0}, "36": {"bias": -0.4082482904638631, "objective_cosine_similarity": -0.3633255670636094, "is_tight": 0.0, "dual_solution_value": 0.0, "scaled_age": 0.23958333333333334}, "37": {"bias": -0.4082482904638631, "objective_cosine_similarity": -0.3633255670636094, "is_tight": 0.0, "dual_solution_value": 0.0, "scaled_age": 0.23958333333333334}, "38": {"bias": -0.4082482904638631, "objective_cosine_similarity": -0.3283904163844162, "is_tight": 0.0, "dual_solution_value": 0.0, "scaled_age": 0.23958333333333334}, "39": {"bias": -0.5, "objective_cosine_similarity": -0.3594078316553279, "is_tight": 0.0, "dual_solution_value": 0.0, "scaled_age": 0.23958333333333334}, "40": {"bias": -0.5773502691896258, "objective_cosine_similarity": -0.3458403472584388, "is_tight": 1.0, "dual_solution_value": -0.03814983095177434, "scaled_age": 0.0}, "41": {"bias": -0.3779644730092272, "objective_cosine_similarity": -0.4075301750609852, "is_tight": 0.0, "dual_solution_value": 0.0, "scaled_age": 0.23958333333333334}, "42": {"bias": -0.3779644730092272, "objective_cosine_similarity": -0.42693637387341304, "is_tight": 0.0, "dual_solution_value": 0.0, "scaled_age": 0.23958333333333334}, "43": {"bias": -0.5773502691896258, "objective_cosine_similarity": -0.3359591944796263, "is_tight": 0.0, "dual_solution_value": 0.0, "scaled_age": 0.23958333333333334}, "44": {"bias": -0.4472135954999579, "objective_cosine_similarity": -0.2908485051679079, "is_tight": 0.0, "dual_solution_value": 0.0, "scaled_age": 0.0625}, "45": {"bias": -0.4472135954999579, "objective_cosine_similarity": -0.420964941690393, "is_tight": 1.0, "dual_solution_value": -0.0017243759741513655, "scaled_age": 0.0}, "46": {"bias": -0.4082482904638631, "objective_cosine_similarity": -0.40524774787864126, "is_tight": 0.0, "dual_solution_value": 0.0, "scaled_age": 0.23958333333333334}, "47": {"bias": -0.4082482904638631, "objective_cosine_similarity": -0.30044229584106164, "is_tight": 0.0, "dual_solution_value": 0.0, "scaled_age": 0.23958333333333334},