{"0": {"bias": -0.5547001962252291, "objective_cosine_similarity": -0.6782633211686807, "is_tight": 0.0, "dual_solution_value": -0.0, "scaled_age": 0.020618556701030927}, "1": {"bias": -0.8892972917998876, "objective_cosine_similarity": -0.9582858612560796, "is_tight": 0.0, "dual_solution_value": -0.0, "scaled_age": 0.061855670103092786}, "2": {"bias": -0.9431089562632972, "objective_cosine_similarity": -0.9503149746522792, "is_tight": 0.0, "dual_solution_value": -0.0, "scaled_age": 0.020618556701030927}, "3": {"bias": -0.5547001962252291, "objective_cosine_similarity": -0.8061919902859052, "is_tight": 1.0, "dual_solution_value": -0.01200586361407725, "scaled_age": 0.0}, "4": {"bias": -0.8695652173913043, "objective_cosine_similarity": -0.9773728223762771, "is_tight": 0.0, "dual_solution_value": -0.0, "scaled_age": 0.09278350515463918}, "5": {"bias": -0.8017837257372732, "objective_cosine_similarity": -0.7373249545742119, "is_tight": 0.0, "dual_solution_value": -0.0, "scaled_age": 0.010309278350515464}, "6": {"bias": -0.8385254915624211, "objective_cosine_similarity": -0.9739861299280038, "is_tight": 0.0, "dual_solution_value": -0.0, "scaled_age": 0.1134020618556701}, "7": {"bias": -0.926962554947373, "objective_cosine_similarity": -0.9889806421917129, "is_tight": 0.0, "dual_solution_value": 0.0, "scaled_age": 0.09278350515463918}, "8": {"bias": -0.9792135514272702, "objective_cosine_similarity": -0.9818288686072929, "is_tight": 0.0, "dual_solution_value": 0.0, "scaled_age": 0.10309278350515463}, "9": {"bias": -0.35355339059327373, "objective_cosine_similarity": -0.384617205292855, "is_tight": 0.0, "dual_solution_value": 0.0, "scaled_age": 0.23711340206185566}, "10": {"bias": -0.4472135954999579, "objective_cosine_similarity": -0.42812577139692476, "is_tight": 0.0, "dual_solution_value": 0.0, "scaled_age": 0.07216494845360824}, "11": {"bias": -0.4082482904638631, "objective_cosine_similarity": -0.33042356435205766, "is_tight": 0.0, "dual_solution_value": 0.0, "scaled_age": 0.23711340206185566}, "12": {"bias": -0.3779644730092272, "objective_cosine_similarity": -0.36841108665967626, "is_tight": 0.0, "dual_solution_value": 0.0, "scaled_age": 0.23711340206185566}, "13": {"bias": -0.3333333333333333, "objective_cosine_similarity": -0.40323408351231876, "is_tight": 0.0, "dual_solution_value": 0.0, "scaled_age": 0.23711340206185566}, "14": {"bias": -0.4082482904638631, "objective_cosine_similarity": -0.3837176876346476, "is_tight": 0.0, "dual_solution_value": 0.0, "scaled_age": 0.23711340206185566}, "15": {"bias": -0.3779644730092272, "objective_cosine_similarity": -0.3388066243388094, "is_tight": 0.0, "dual_solution_value": 0.0, "scaled_age": 0.23711340206185566}, "16": {"bias": -0.4472135954999579, "objective_cosine_similarity": -0.2802277776416235, "is_tight": 0.0, "dual_solution_value": 0.0, "scaled_age": 0.23711340206185566}, "17": {"bias": -0.4472135954999579, "objective_cosine_similarity": -0.3580688269865189, "is_tight": 0.0, "dual_solution_value": 0.0, "scaled_age": 0.23711340206185566}, "18": {"bias": -0.5773502691896258, "objective_cosine_similarity": -0.35674788718750616, "is_tight": 1.0, "dual_solution_value": -0.018412221197176237, "scaled_age": 0.0}, "19": {"bias": -0.4472135954999579, "objective_cosine_similarity": -0.3814211417899875, "is_tight": 0.0, "dual_solution_value": 0.0, "scaled_age": 0.23711340206185566}, "20": {"bias": -0.4472135954999579, "objective_cosine_similarity": -0.5293191355452888, "is_tight": 0.0, "dual_solution_value": 0.0, "scaled_age": 0.041237113402061855}, "21": {"bias": -0.4472135954999579, "objective_cosine_similarity": -0.2646595677726444, "is_tight": 0.0, "dual_solution_value": 0.0, "scaled_age": 0.23711340206185566}, "22": {"bias": -0.35355339059327373, "objective_cosine_similarity": -0.4861561474901687, "is_tight": 0.0, "dual_solution_value": 0.0, "scaled_age": 0.23711340206185566}, "23": {"bias": -0.5, "objective_cosine_similarity": -0.3350614147170706, "is_tight": 0.0, "dual_solution_value": 0.0, "scaled_age": 0.23711340206185566}, "24": {"bias": -0.3779644730092272, "objective_cosine_similarity": -0.2730189302924387, "is_tight": 0.0, "dual_solution_value": 0.0, "scaled_age": 0.23711340206185566}, "25": {"bias": -0.4472135954999579, "objective_cosine_similarity": -0.4008814041262113, "is_tight": 0.0, "dual_solution_value": 0.0, "scaled_age": 0.13402061855670103}, "26": {"bias": -0.5, "objective_cosine_similarity": -0.5134707394365498, "is_tight": 1.0, "dual_solution_value": -0.004351446944377541, "scaled_age": 0.0}, "27": {"bias": -0.35355339059327373, "objective_cosine_similarity": -0.52000246155594, "is_tight": 0.0, "dual_solution_value": 0.0, "scaled_age": 0.23711340206185566}, "28": {"bias": -0.4082482904638631, "objective_cosine_similarity": -0.2913412072781584, "is_tight": 0.0, "dual_solution_value": 0.0, "scaled_age": 0.23711340206185566}, "29": {"bias": -0.5773502691896258, "objective_cosine_similarity": -0.19093548891725684, "is_tight": 1.0, "dual_solution_value": -0.008959060373867827, "scaled_age": 0.0}, "30": {"bias": -0.4082482904638631, "objective_cosine_similarity": -0.5151765250650361, "is_tight": 0.0, "dual_solution_value": 0.0, "scaled_age": 0.23711340206185566}, "31": {"bias": -0.3333333333333333, "objective_cosine_similarity": -0.4525504822152642, "is_tight": 0.0, "dual_solution_value": 0.0, "scaled_age": 0.23711340206185566}, "32": {"bias": -0.4082482904638631, "objective_cosine_similarity": -0.33042356435205766, "is_tight": 0.0, "dual_solution_value": 0.0, "scaled_age": 0.14432989690721648}, "33": {"bias": -0.4472135954999579, "objective_cosine_similarity": -0.1556820986897908, "is_tight": 0.0, "dual_solution_value": 0.0, "scaled_age": 0.23711340206185566}, "34": {"bias": -0.5, "objective_cosine_similarity": -0.28719549832891766, "is_tight": 1.0, "dual_solution_value": -6.696891400753467e-05, "scaled_age": 0.0}, "35": {"bias": -0.4472135954999579, "objective_cosine_similarity": -0.3814211417899875, "is_tight": 0.0, "dual_solution_value": 0.0, "scaled_age": 0.23711340206185566}, "36": {"bias": -0.7071067811865475, "objective_cosine_similarity": -0.08000037870091384, "is_tight": 0.0, "dual_solution_value": 0.0, "scaled_age": 0.23711340206185566}, "37": {"bias": -0.3333333333333333, "objective_cosine_similarity": -0.3858282957348086, "is_tight": 0.0, "dual_solution_value": 0.0, "scaled_age": 0.23711340206185566}, "38": {"bias": -0.4472135954999579, "objective_cosine_similarity": -0.525427083078044, "is_tight": 1.0, "dual_solution_value": -7.078819658367469e-05, "scaled_age": 0.0}, "39": {"bias": -0.4082482904638631, "objective_cosine_similarity": -0.46188240178244616, "is_tight": 0.0, "dual_solution_value": 0.0, "scaled_age": 0.23711340206185566}, "40": {"bias": -0.35355339059327373, "objective_cosine_similarity": -0.3476939535847409, "is_tight": 0.0, "dual_solution_value": 0.0, "scaled_age": 0.23711340206185566}, "41": {"bias": -0.5, "objective_cosine_similarity": -0.3524672024945808, "is_tight": 0.0, "dual_solution_value": 0.0, "scaled_age": 0.05154639175257732}, "42": {"bias": -0.5, "objective_cosine_similarity": -0.4177389066602439, "is_tight": 0.0, "dual_solution_value": 0.0, "scaled_age": 0.020618556701030927}, "43": {"bias": -0.35355339059327373, "objective_cosine_similarity": -0.44923289578205466, "is_tight": 0.0, "dual_solution_value": 0.0, "scaled_age": 0.23711340206185566}, "44": {"bias": -0.35355339059327373, "objective_cosine_similarity": -0.37846333000816934, "is_tight": 0.0, "dual_solution_value": 0.0, "scaled_age": 0.23711340206185566}, "45": {"bias": -0.4472135954999579, "objective_cosine_similarity": -0.49039861087284103, "is_tight": 0.0, "dual_solution_value": 0.0, "scaled_age": 0.23711340206185566}, "46": {"bias": -0.4082482904638631, "objective_cosine_similarity": -0.3659529798737843, "is_tight": 0.0, "dual_solution_value": 0.0, "scaled_age": 0.23711340206185566}, "47": {"bias": -0.4082482904638631, "objective_cosine_similarity": -0.41569416160420153,