{"0": {"bias": -0.5962847939999439, "objective_cosine_similarity": -0.886166526890404, "is_tight": 0.0, "dual_solution_value": -0.0, "scaled_age": 0.02631578947368421}, "1": {"bias": -1.0937374832394613, "objective_cosine_similarity": -0.9656595431460919, "is_tight": 1.0, "dual_solution_value": -8.832345388703477e-06, "scaled_age": 0.0}, "2": {"bias": -1.1078234188139946, "objective_cosine_similarity": -0.9540001198538136, "is_tight": 0.0, "dual_solution_value": -0.0, "scaled_age": 0.13157894736842105}, "3": {"bias": -0.6324555320336759, "objective_cosine_similarity": -0.7074678262859919, "is_tight": 0.0, "dual_solution_value": -0.0, "scaled_age": 0.11842105263157894}, "4": {"bias": -0.6324555320336759, "objective_cosine_similarity": -0.5861876274941076, "is_tight": 1.0, "dual_solution_value": -0.0066037395231513946, "scaled_age": 0.0}, "5": {"bias": -0.6030226891555273, "objective_cosine_similarity": -0.8913618536417119, "is_tight": 1.0, "dual_solution_value": -0.026892253474810623, "scaled_age": 0.0}, "6": {"bias": -0.9729207778444116, "objective_cosine_similarity": -0.9766893443053667, "is_tight": 1.0, "dual_solution_value": -5.614679890030856e-05, "scaled_age": 0.0}, "7": {"bias": -1.0136761877209972, "objective_cosine_similarity": -0.9894326254138818, "is_tight": 1.0, "dual_solution_value": -0.007882869137873642, "scaled_age": 0.0}, "8": {"bias": -1.0467985163491642, "objective_cosine_similarity": -0.9711528380554931, "is_tight": 0.0, "dual_solution_value": 0.0, "scaled_age": 0.02631578947368421}, "9": {"bias": -1.0261984951390621, "objective_cosine_similarity": -0.9704265799121335, "is_tight": 0.0, "dual_solution_value": 0.0, "scaled_age": 0.10526315789473684}, "10": {"bias": -0.4082482904638631, "objective_cosine_similarity": -0.5153830419654131, "is_tight": 0.0, "dual_solution_value": 0.0, "scaled_age": 0.11842105263157894}, "11": {"bias": -0.4472135954999579, "objective_cosine_similarity": -0.31444618696111104, "is_tight": 0.0, "dual_solution_value": 0.0, "scaled_age": 0.3157894736842105}, "12": {"bias": -0.3333333333333333, "objective_cosine_similarity": -0.3888483530278608, "is_tight": 0.0, "dual_solution_value": 0.0, "scaled_age": 0.3157894736842105}, "13": {"bias": -0.4082482904638631, "objective_cosine_similarity": -0.3653348145577612, "is_tight": 0.0, "dual_solution_value": 0.0, "scaled_age": 0.3157894736842105}, "14": {"bias": -0.3779644730092272, "objective_cosine_similarity": -0.42883279155289217, "is_tight": 0.0, "dual_solution_value": 0.0, "scaled_age": 0.2894736842105263}, "15": {"bias": -0.4082482904638631, "objective_cosine_similarity": -0.41752550235172703, "is_tight": 0.0, "dual_solution_value": 0.0, "scaled_age": 0.3157894736842105}, "16": {"bias": -0.5, "objective_cosine_similarity": -0.3036213167477817, "is_tight": 0.0, "dual_solution_value": 0.0, "scaled_age": 0.3157894736842105}, "17": {"bias": -0.30151134457776363, "objective_cosine_similarity": -0.6697259332767457, "is_tight": 0.0, "dual_solution_value": 0.0, "scaled_age": 0.3157894736842105}, "18": {"bias": -0.35355339059327373, "objective_cosine_similarity": -0.30508961492625886, "is_tight": 0.0, "dual_solution_value": 0.0, "scaled_age": 0.3157894736842105}, "19": {"bias": -0.5773502691896258, "objective_cosine_similarity": -0.3229134059716534, "is_tight": 0.0, "dual_solution_value": 0.0, "scaled_age": 0.2894736842105263}, "20": {"bias": -0.5, "objective_cosine_similarity": -0.5353323216342467, "is_tight": 1.0, "dual_solution_value": -0.01417584634715206, "scaled_age": 0.0}, "21": {"bias": -0.4472135954999579, "objective_cosine_similarity": -0.3787647252031565, "is_tight": 0.0, "dual_solution_value": 0.0, "scaled_age": 0.15789473684210525}, "22": {"bias": -0.4472135954999579, "objective_cosine_similarity": -0.2930066742137626, "is_tight": 0.0, "dual_solution_value": 0.0, "scaled_age": 0.3157894736842105}, "23": {"bias": -0.3779644730092272, "objective_cosine_similarity": -0.4771519793334998, "is_tight": 0.0, "dual_solution_value": 0.0, "scaled_age": 0.13157894736842105}, "24": {"bias": -0.3333333333333333, "objective_cosine_similarity": -0.38352166326035586, "is_tight": 0.0, "dual_solution_value": 0.0, "scaled_age": 0.3157894736842105}, "25": {"bias": -0.35355339059327373, "objective_cosine_similarity": -0.29943980724243924, "is_tight": 0.0, "dual_solution_value": 0.0, "scaled_age": 0.3157894736842105}, "26": {"bias": -0.31622776601683794, "objective_cosine_similarity": -0.4143740125389381, "is_tight": 0.0, "dual_solution_value": 0.0, "scaled_age": 0.3157894736842105}, "27": {"bias": -0.4082482904638631, "objective_cosine_similarity": -0.2609534389698294, "is_tight": 0.0, "dual_solution_value": 0.0, "scaled_age": 0.3157894736842105}, "28": {"bias": -0.5, "objective_cosine_similarity": -0.3116113513990391, "is_tight": 0.0, "dual_solution_value": 0.0, "scaled_age": 0.3157894736842105}, "29": {"bias": -0.3779644730092272, "objective_cosine_similarity": -0.5737903548947149, "is_tight": 0.0, "dual_solution_value": 0.0, "scaled_age": 0.3157894736842105}, "30": {"bias": -0.35355339059327373, "objective_cosine_similarity": -0.3728873071320941, "is_tight": 0.0, "dual_solution_value": 0.0, "scaled_age": 0.3157894736842105}, "31": {"bias": -0.4082482904638631, "objective_cosine_similarity": -0.5284307139139045, "is_tight": 0.0, "dual_solution_value": 0.0, "scaled_age": 0.3157894736842105}, "32": {"bias": -0.3779644730092272, "objective_cosine_similarity": -0.7549873090719933, "is_tight": 0.0, "dual_solution_value": 0.0, "scaled_age": 0.17105263157894737}, "33": {"bias": -0.3779644730092272, "objective_cosine_similarity": -0.452992385443196, "is_tight": 0.0, "dual_solution_value": 0.0, "scaled_age": 0.3157894736842105}, "34": {"bias": -0.3779644730092272, "objective_cosine_similarity": -0.36239390835455676, "is_tight": 0.0, "dual_solution_value": 0.0, "scaled_age": 0.3157894736842105}, "35": {"bias": -0.4082482904638631, "objective_cosine_similarity": -0.48928769806843014, "is_tight": 0.0, "dual_solution_value": 0.0, "scaled_age": 0.3157894736842105}, "36": {"bias": -0.4082482904638631, "objective_cosine_similarity": -0.34576330663502397, "is_tight": 0.0, "dual_solution_value": 0.0, "scaled_age": 0.3157894736842105}, "37": {"bias": -0.5773502691896258, "objective_cosine_similarity": -0.09226097313475812, "is_tight": 0.0, "dual_solution_value": 0.0, "scaled_age": 0.3157894736842105}, "38": {"bias": -0.35355339059327373, "objective_cosine_similarity": -0.40678615323501177, "is_tight": 0.0, "dual_solution_value": 0.0, "scaled_age": 0.3157894736842105}, "39": {"bias": -0.31622776601683794, "objective_cosine_similarity": -0.5407075529471509, "is_tight": 0.0, "dual_solution_value": 0.0, "scaled_age": 0.3157894736842105}, "40": {"bias": -0.5773502691896258, "objective_cosine_similarity": -0.23987853015037108, "is_tight": 0.0, "dual_solution_value": 0.0, "scaled_age": 0.3157894736842105}, "41": {"bias": -0.4082482904638631, "objective_cosine_similarity": -0.20876275117586351, "is_tight": 0.0, "dual_solution_value": 0.0, "scaled_age": 0.3157894736842105}, "42": {"bias": -0.4472135954999579, "objective_cosine_similarity": -0.2858601699646464, "is_tight": 0.0, "dual_solution_value": 0.0, "scaled_age": 0.3157894736842105}, "43": {"bias": -0.5773502691896258, "objective_cosine_similarity": -0.2583307247773227, "is_tight": 0.0, "dual_solution_value": 0.0, "scaled_age": 0.3157894736842105}, "44": {"bias": -0.5773502691896258, "objective_cosine_similarity": -0.0830348758212823, "is_tight": 0.0, "dual_solution_value": 0.0, "scaled_age": 0.3157894736842105}, "45": {"bias": -0.3779644730092272, "objective_cosine_similarity": -0.35635400988198085, "is_tight": 0.0, "dual_solution_value": 0.0, "scaled_age": 0.3157894736842105}, "46": {"bias": -0.4472135954999579, "objective_cosine_similarity": -0.40020423795050497, "is_tight": 0.0, "dual_solution_value": 0.0, "scaled_age": 0.15789473684210525}, "47": {"bias": -0.31622776601683794, "objective_cosine_similarity": -0.5053341616328514, "is_tight": 0.0,