{"0": {"bias": -0.8340576562282991, "objective_cosine_similarity": -0.8112504963643129, "is_tight": 1.0, "dual_solution_value": -1.4740096534991807e-05, "scaled_age": 0.0}, "1": {"bias": -0.7844645405527362, "objective_cosine_similarity": -0.7596669452916112, "is_tight": 0.0, "dual_solution_value": -0.0, "scaled_age": 0.06}, "2": {"bias": -1.0362642038005592, "objective_cosine_similarity": -0.8162553213198469, "is_tight": 0.0, "dual_solution_value": -0.0, "scaled_age": 0.08}, "3": {"bias": -1.0767184688642242, "objective_cosine_similarity": -0.7875665640344254, "is_tight": 0.0, "dual_solution_value": -0.0, "scaled_age": 0.01}, "4": {"bias": -0.5547001962252291, "objective_cosine_similarity": -0.6696822842021498, "is_tight": 0.0, "dual_solution_value": -0.0, "scaled_age": 0.02}, "5": {"bias": -0.8006407690254357, "objective_cosine_similarity": -0.8675519147714771, "is_tight": 1.0, "dual_solution_value": -0.001392223929463833, "scaled_age": 0.0}, "6": {"bias": -0.6255432421712244, "objective_cosine_similarity": -0.7810065085612574, "is_tight": 0.0, "dual_solution_value": -0.0, "scaled_age": 0.1}, "7": {"bias": -0.5, "objective_cosine_similarity": -0.30288823461344455, "is_tight": 1.0, "dual_solution_value": -0.0015269033082856455, "scaled_age": 0.0}, "8": {"bias": -0.35355339059327373, "objective_cosine_similarity": -0.5761590986707975, "is_tight": 0.0, "dual_solution_value": 0.0, "scaled_age": 0.19}, "9": {"bias": -0.7071067811865475, "objective_cosine_similarity": -0.19909162571870492, "is_tight": 1.0, "dual_solution_value": -0.0019972690551481095, "scaled_age": 0.0}, "10": {"bias": -0.30151134457776363, "objective_cosine_similarity": -0.396167120753889, "is_tight": 0.0, "dual_solution_value": 0.0, "scaled_age": 0.25}, "11": {"bias": -0.4472135954999579, "objective_cosine_similarity": -0.23275492739726522, "is_tight": 0.0, "dual_solution_value": 0.0, "scaled_age": 0.25}, "12": {"bias": -0.5773502691896258, "objective_cosine_similarity": -0.2709293861511085, "is_tight": 0.0, "dual_solution_value": 0.0, "scaled_age": 0.07}, "13": {"bias": -0.3779644730092272, "objective_cosine_similarity": -0.2902335007851526, "is_tight": 0.0, "dual_solution_value": 0.0, "scaled_age": 0.25}, "14": {"bias": -0.3779644730092272, "objective_cosine_similarity": -0.5804670015703052, "is_tight": 1.0, "dual_solution_value": -0.005558645002939946, "scaled_age": 0.0}, "15": {"bias": -0.4472135954999579, "objective_cosine_similarity": -0.40064372748709587, "is_tight": 0.0, "dual_solution_value": 0.0, "scaled_age": 0.1}, "16": {"bias": -0.4472135954999579, "objective_cosine_similarity": -0.20604534556479215, "is_tight": 0.0, "dual_solution_value": 0.0, "scaled_age": 0.25}, "17": {"bias": -0.3779644730092272, "objective_cosine_similarity": -0.21928753392655972, "is_tight": 0.0, "dual_solution_value": 0.0, "scaled_age": 0.25}, "18": {"bias": -0.3779644730092272, "objective_cosine_similarity": -0.2450860673296844, "is_tight": 0.0, "dual_solution_value": 0.0, "scaled_age": 0.25}, "19": {"bias": -0.4472135954999579, "objective_cosine_similarity": -0.328146291084669, "is_tight": 0.0, "dual_solution_value": 0.0, "scaled_age": 0.15}, "20": {"bias": -0.3779644730092272, "objective_cosine_similarity": -0.39020281772226073, "is_tight": 0.0, "dual_solution_value": 0.0, "scaled_age": 0.25}, "21": {"bias": -0.35355339059327373, "objective_cosine_similarity": -0.2624389611746565, "is_tight": 0.0, "dual_solution_value": 0.0, "scaled_age": 0.25}, "22": {"bias": -0.5, "objective_cosine_similarity": -0.2559618884057278, "is_tight": 0.0, "dual_solution_value": 0.0, "scaled_age": 0.11}, "23": {"bias": -0.35355339059327373, "objective_cosine_similarity": -0.48264636537867855, "is_tight": 0.0, "dual_solution_value": 0.0, "scaled_age": 0.25}, "24": {"bias": -0.3779644730092272, "objective_cosine_similarity": -0.5191954847378841, "is_tight": 0.0, "dual_solution_value": 0.0, "scaled_age": 0.05}, "25": {"bias": -0.3779644730092272, "objective_cosine_similarity": -0.3031327674867149, "is_tight": 0.0, "dual_solution_value": 0.0, "scaled_age": 0.25}, "26": {"bias": -0.4082482904638631, "objective_cosine_similarity": -0.3587696115550223, "is_tight": 0.0, "dual_solution_value": 0.0, "scaled_age": 0.13}, "27": {"bias": -0.4472135954999579, "objective_cosine_similarity": -0.24038623649225752, "is_tight": 0.0, "dual_solution_value": 0.0, "scaled_age": 0.25}, "28": {"bias": -0.4472135954999579, "objective_cosine_similarity": -0.33196194563216513, "is_tight": 1.0, "dual_solution_value": -0.0011521543598970703, "scaled_age": 0.0}, "29": {"bias": -0.35355339059327373, "objective_cosine_similarity": -0.34086899554869177, "is_tight": 0.0, "dual_solution_value": 0.0, "scaled_age": 0.25}, "30": {"bias": -0.3779644730092272, "objective_cosine_similarity": -0.32570648421444903, "is_tight": 0.0, "dual_solution_value": 0.0, "scaled_age": 0.09}, "31": {"bias": -0.5, "objective_cosine_similarity": -0.273026014299443, "is_tight": 1.0, "dual_solution_value": -0.004266031473428797, "scaled_age": 0.0}, "32": {"bias": -0.4082482904638631, "objective_cosine_similarity": -0.4737152152571168, "is_tight": 0.0, "dual_solution_value": 0.0, "scaled_age": 0.25}, "33": {"bias": -0.4472135954999579, "objective_cosine_similarity": -0.28235843651471515, "is_tight": 0.0, "dual_solution_value": 0.0, "scaled_age": 0.25}, "34": {"bias": -0.4082482904638631, "objective_cosine_similarity": -0.372702412003761, "is_tight": 0.0, "dual_solution_value": 0.0, "scaled_age": 0.25}, "35": {"bias": -0.4472135954999579, "objective_cosine_similarity": -0.2174923092072806, "is_tight": 0.0, "dual_solution_value": 0.0, "scaled_age": 0.25}, "36": {"bias": -0.7071067811865475, "objective_cosine_similarity": -0.1689262278825375, "is_tight": 1.0, "dual_solution_value": -0.006033079567233483, "scaled_age": 0.0}, "37": {"bias": -0.4472135954999579, "objective_cosine_similarity": -0.2747271274197229, "is_tight": 1.0, "dual_solution_value": -8.389000755321062e-05, "scaled_age": 0.0}, "38": {"bias": -0.5, "objective_cosine_similarity": -0.3882088640820205, "is_tight": 0.0, "dual_solution_value": 0.0, "scaled_age": 0.15}, "39": {"bias": -0.3333333333333333, "objective_cosine_similarity": -0.41238304243145035, "is_tight": 0.0, "dual_solution_value": 0.0, "scaled_age": 0.25}, "40": {"bias": -0.4082482904638631, "objective_cosine_similarity": -0.525963216939887, "is_tight": 1.0, "dual_solution_value": -0.00691619255019781, "scaled_age": 0.0}, "41": {"bias": -0.4472135954999579, "objective_cosine_similarity": -0.3510402183696459, "is_tight": 0.0, "dual_solution_value": 0.0, "scaled_age": 0.06}, "42": {"bias": -0.5, "objective_cosine_similarity": -0.2346317310385838, "is_tight": 0.0, "dual_solution_value": 0.0, "scaled_age": 0.25}, "43": {"bias": -0.4082482904638631, "objective_cosine_similarity": -0.6165264198566888, "is_tight": 1.0, "dual_solution_value": -0.018656147971891437, "scaled_age": 0.0}, "44": {"bias": -0.4082482904638631, "objective_cosine_similarity": -0.44236641424745465, "is_tight": 1.0, "dual_solution_value": -0.020946814124957323, "scaled_age": 0.0}, "45": {"bias": -0.3779644730092272, "objective_cosine_similarity": -0.4224509844761665, "is_tight": 0.0, "dual_solution_value": 0.0, "scaled_age": 0.25}, "46": {"bias": -0.4472135954999579, "objective_cosine_similarity": -0.3510402183696459, "is_tight": 0.0, "dual_solution_value": 0.0, "scaled_age": 0.1}, "47": {"bias": -0.4082482904638631, "objective_cosine_similarity": -0.3970848127890538, "is_tight": 1.0, "dual_solution_value": -0.0009227561168152286, "scaled_age": 0.0}, "48": {"bias": -0.4472135954999579, "objective_cosine_similarity": -0.2709114728722267, "is_tight": 0.0, "dual_solution_value": 0.0, "scaled_age": 0.04}, "49": {"bias": -0.4472135954999579, "objective_cosine_similarity": -0.3815654547496151, "is_tight": 0.0, "dual_solution_value": 0.0, "scaled_age": 0.11}, "50": {"bias": -0.4082482904638631, "objective_cosine_similarity": -0.4145008133499772, "is_tight": 0.0, "dual_solution_value": 0.0,