{"0": {"bias": -1.025755289064345, "objective_cosine_similarity": -0.8742999704540063, "is_tight": 0.0, "dual_solution_value": -0.0, "scaled_age": 0.12222222222222222}, "1": {"bias": -1.01323932080096, "objective_cosine_similarity": -0.9206551842657341, "is_tight": 0.0, "dual_solution_value": -0.0, "scaled_age": 0.08888888888888889}, "2": {"bias": -0.5547001962252291, "objective_cosine_similarity": -0.7183564481087269, "is_tight": 0.0, "dual_solution_value": -0.0, "scaled_age": 0.12222222222222222}, "3": {"bias": -0.9312661473328351, "objective_cosine_similarity": -0.9471994893792254, "is_tight": 0.0, "dual_solution_value": -0.0, "scaled_age": 0.044444444444444446}, "4": {"bias": -0.6324555320336759, "objective_cosine_similarity": -0.7041626698328695, "is_tight": 0.0, "dual_solution_value": -0.0, "scaled_age": 0.03333333333333333}, "5": {"bias": -0.7453559924999299, "objective_cosine_similarity": -0.9163441941108965, "is_tight": 1.0, "dual_solution_value": -8.665171211158642e-05, "scaled_age": 0.0}, "6": {"bias": -0.6123724356957946, "objective_cosine_similarity": -0.7786903074244123, "is_tight": 0.0, "dual_solution_value": -0.0, "scaled_age": 0.07777777777777778}, "7": {"bias": -0.5773502691896258, "objective_cosine_similarity": -0.6597256736140563, "is_tight": 0.0, "dual_solution_value": -0.0, "scaled_age": 0.022222222222222223}, "8": {"bias": -1.0488910845174917, "objective_cosine_similarity": -0.9608639086748528, "is_tight": 1.0, "dual_solution_value": -0.004708821366583359, "scaled_age": 0.0}, "9": {"bias": -0.5, "objective_cosine_similarity": -0.31057412535963497, "is_tight": 1.0, "dual_solution_value": -0.00016088449392868734, "scaled_age": 0.0}, "10": {"bias": -0.35355339059327373, "objective_cosine_similarity": -0.38949533188057744, "is_tight": 0.0, "dual_solution_value": 0.0, "scaled_age": 0.23333333333333334}, "11": {"bias": -0.4082482904638631, "objective_cosine_similarity": -0.21769836551650235, "is_tight": 0.0, "dual_solution_value": 0.0, "scaled_age": 0.23333333333333334}, "12": {"bias": -0.5, "objective_cosine_similarity": -0.20509612052051368, "is_tight": 1.0, "dual_solution_value": -0.005859889157728962, "scaled_age": 0.0}, "13": {"bias": -0.7071067811865475, "objective_cosine_similarity": -0.05800994304604345, "is_tight": 0.0, "dual_solution_value": 0.0, "scaled_age": 0.011111111111111112}, "14": {"bias": -0.5773502691896258, "objective_cosine_similarity": -0.20975893212344354, "is_tight": 0.0, "dual_solution_value": 0.0, "scaled_age": 0.23333333333333334}, "15": {"bias": -0.4082482904638631, "objective_cosine_similarity": -0.46649649753536215, "is_tight": 0.0, "dual_solution_value": 0.0, "scaled_age": 0.23333333333333334}, "16": {"bias": -0.4082482904638631, "objective_cosine_similarity": -0.34927430071878396, "is_tight": 0.0, "dual_solution_value": 0.0, "scaled_age": 0.23333333333333334}, "17": {"bias": -0.4082482904638631, "objective_cosine_similarity": -0.2559750012117115, "is_tight": 0.0, "dual_solution_value": 0.0, "scaled_age": 0.23333333333333334}, "18": {"bias": -0.4082482904638631, "objective_cosine_similarity": -0.27511331905931613, "is_tight": 0.0, "dual_solution_value": 0.0, "scaled_age": 0.23333333333333334}, "19": {"bias": -0.3779644730092272, "objective_cosine_similarity": -0.480618092074392, "is_tight": 0.0, "dual_solution_value": 0.0, "scaled_age": 0.23333333333333334}, "20": {"bias": -0.5, "objective_cosine_similarity": -0.304714236201906, "is_tight": 0.0, "dual_solution_value": 0.0, "scaled_age": 0.011111111111111112}, "21": {"bias": -0.4472135954999579, "objective_cosine_similarity": -0.12316923867458189, "is_tight": 0.0, "dual_solution_value": 0.0, "scaled_age": 0.23333333333333334}, "22": {"bias": -0.4082482904638631, "objective_cosine_similarity": -0.4306121515711035, "is_tight": 0.0, "dual_solution_value": 0.0, "scaled_age": 0.23333333333333334}, "23": {"bias": -0.4472135954999579, "objective_cosine_similarity": -0.3564046055264497, "is_tight": 1.0, "dual_solution_value": -9.66112824207509e-05, "scaled_age": 0.0}, "24": {"bias": -0.3779644730092272, "objective_cosine_similarity": -0.3632321064525359, "is_tight": 0.0, "dual_solution_value": 0.0, "scaled_age": 0.23333333333333334}, "25": {"bias": -0.4082482904638631, "objective_cosine_similarity": -0.3109976650235748, "is_tight": 0.0, "dual_solution_value": 0.0, "scaled_age": 0.23333333333333334}, "26": {"bias": -0.35355339059327373, "objective_cosine_similarity": -0.5179459200539593, "is_tight": 0.0, "dual_solution_value": 0.0, "scaled_age": 0.23333333333333334}, "27": {"bias": -0.35355339059327373, "objective_cosine_similarity": -0.3749928461190666, "is_tight": 0.0, "dual_solution_value": 0.0, "scaled_age": 0.23333333333333334}, "28": {"bias": -0.4472135954999579, "objective_cosine_similarity": -0.29088905303997, "is_tight": 0.0, "dual_solution_value": 0.0, "scaled_age": 0.23333333333333334}, "29": {"bias": -0.4472135954999579, "objective_cosine_similarity": -0.22275287845403108, "is_tight": 0.0, "dual_solution_value": 0.0, "scaled_age": 0.23333333333333334}, "30": {"bias": -0.35355339059327373, "objective_cosine_similarity": -0.5842429978208662, "is_tight": 0.0, "dual_solution_value": 0.0, "scaled_age": 0.011111111111111112}, "31": {"bias": -0.3333333333333333, "objective_cosine_similarity": -0.4883240964774135, "is_tight": 0.0, "dual_solution_value": 0.0, "scaled_age": 0.23333333333333334}, "32": {"bias": -0.4082482904638631, "objective_cosine_similarity": -0.3540588801806851, "is_tight": 0.0, "dual_solution_value": 0.0, "scaled_age": 0.23333333333333334}, "33": {"bias": -0.3333333333333333, "objective_cosine_similarity": -0.38089279525238257, "is_tight": 0.0, "dual_solution_value": 0.0, "scaled_age": 0.23333333333333334}, "34": {"bias": -0.4082482904638631, "objective_cosine_similarity": -0.4042969645306472, "is_tight": 0.0, "dual_solution_value": 0.0, "scaled_age": 0.23333333333333334}, "35": {"bias": -0.4472135954999579, "objective_cosine_similarity": -0.2175116342551127, "is_tight": 0.0, "dual_solution_value": 0.0, "scaled_age": 0.23333333333333334}, "36": {"bias": -0.4472135954999579, "objective_cosine_similarity": -0.24895909944862296, "is_tight": 0.0, "dual_solution_value": 0.0, "scaled_age": 0.23333333333333334}, "37": {"bias": -0.5773502691896258, "objective_cosine_similarity": -0.42628428141215946, "is_tight": 1.0, "dual_solution_value": -0.07662685034781004, "scaled_age": 0.0}, "38": {"bias": -0.7071067811865475, "objective_cosine_similarity": -0.1823169638589937, "is_tight": 1.0, "dual_solution_value": -0.016016546611871595, "scaled_age": 0.0}, "39": {"bias": -0.4472135954999579, "objective_cosine_similarity": -0.34854273922807216, "is_tight": 1.0, "dual_solution_value": -1.3632214870950736e-06, "scaled_age": 0.0}, "40": {"bias": -0.5, "objective_cosine_similarity": -0.23732551088802298, "is_tight": 0.0, "dual_solution_value": 0.0, "scaled_age": 0.23333333333333334}, "41": {"bias": -0.4082482904638631, "objective_cosine_similarity": -0.511950002423423, "is_tight": 1.0, "dual_solution_value": -0.004081238405029933, "scaled_age": 0.0}, "42": {"bias": -0.4082482904638631, "objective_cosine_similarity": -0.2416212628260081, "is_tight": 0.0, "dual_solution_value": 0.0, "scaled_age": 0.23333333333333334}, "43": {"bias": -0.4472135954999579, "objective_cosine_similarity": -0.17558168066376567, "is_tight": 0.0, "dual_solution_value": 0.0, "scaled_age": 0.23333333333333334}, "44": {"bias": -0.4082482904638631, "objective_cosine_similarity": -0.37080490829733914, "is_tight": 0.0, "dual_solution_value": 0.0, "scaled_age": 0.23333333333333334}, "45": {"bias": -0.3779644730092272, "objective_cosine_similarity": -0.34108380727860077, "is_tight": 0.0, "dual_solution_value": 0.0, "scaled_age": 0.23333333333333334}, "46": {"bias": -0.5, "objective_cosine_similarity": -0.45707135430285906, "is_tight": 1.0, "dual_solution_value": -0.00015836792052612497, "scaled_age": 0.0}, "47": {"bias": -0.3333333333333333,