{"0": {"bias": -0.8528028654224417, "objective_cosine_similarity": -0.7733152332715073, "is_tight": 0.0, "dual_solution_value": -0.0, "scaled_age": 0.09174311926605505}, "1": {"bias": -0.6, "objective_cosine_similarity": -0.7123237386313954, "is_tight": 0.0, "dual_solution_value": -0.0, "scaled_age": 0.05504587155963303}, "2": {"bias": -0.8751899489873673, "objective_cosine_similarity": -0.8956064416644162, "is_tight": 1.0, "dual_solution_value": -1.5770894438566645e-05, "scaled_age": 0.0}, "3": {"bias": -0.9609687724253655, "objective_cosine_similarity": -0.8741011588874676, "is_tight": 1.0, "dual_solution_value": -2.8206931883796285e-09, "scaled_age": 0.0}, "4": {"bias": -0.9608679104077755, "objective_cosine_similarity": -0.8308302465960344, "is_tight": 0.0, "dual_solution_value": -0.0, "scaled_age": 0.009174311926605505}, "5": {"bias": -0.9288092200038602, "objective_cosine_similarity": -0.9765415306098886, "is_tight": 0.0, "dual_solution_value": -0.0, "scaled_age": 0.13761467889908258}, "6": {"bias": -0.9302605094190635, "objective_cosine_similarity": -0.966867853727967, "is_tight": 0.0, "dual_solution_value": -0.0, "scaled_age": 0.06422018348623854}, "7": {"bias": -0.9815325017929885, "objective_cosine_similarity": -0.951488767556929, "is_tight": 0.0, "dual_solution_value": -0.0, "scaled_age": 0.11926605504587157}, "8": {"bias": -0.9113223768657671, "objective_cosine_similarity": -0.9444346134050874, "is_tight": 0.0, "dual_solution_value": -0.0, "scaled_age": 0.045871559633027525}, "9": {"bias": -0.9649772956817073, "objective_cosine_similarity": -0.845998861033346, "is_tight": 0.0, "dual_solution_value": -0.0, "scaled_age": 0.11009174311926606}, "10": {"bias": -0.9602765994967198, "objective_cosine_similarity": -0.9533025717962338, "is_tight": 1.0, "dual_solution_value": -0.00026976357895096785, "scaled_age": 0.0}, "11": {"bias": -0.9630868246861536, "objective_cosine_similarity": -0.9285600133368072, "is_tight": 0.0, "dual_solution_value": -0.0, "scaled_age": 0.03669724770642202}, "12": {"bias": -0.8845747011976276, "objective_cosine_similarity": -0.9615351505044162, "is_tight": 1.0, "dual_solution_value": -0.038435583051395744, "scaled_age": 0.0}, "13": {"bias": -0.920552648412205, "objective_cosine_similarity": -0.9630147559942999, "is_tight": 0.0, "dual_solution_value": 0.0, "scaled_age": 0.10091743119266056}, "14": {"bias": -0.9836350011450202, "objective_cosine_similarity": -0.9570681743288167, "is_tight": 1.0, "dual_solution_value": -0.0005186268721068804, "scaled_age": 0.0}, "15": {"bias": -0.9438682882160346, "objective_cosine_similarity": -0.9634497775533861, "is_tight": 1.0, "dual_solution_value": -0.015204289461645723, "scaled_age": 0.0}, "16": {"bias": -0.4082482904638631, "objective_cosine_similarity": -0.3300546962105677, "is_tight": 0.0, "dual_solution_value": 0.0, "scaled_age": 0.1926605504587156}, "17": {"bias": -0.3779644730092272, "objective_cosine_similarity": -0.4046754680277643, "is_tight": 0.0, "dual_solution_value": 0.0, "scaled_age": 0.1926605504587156}, "18": {"bias": -0.4472135954999579, "objective_cosine_similarity": -0.385986318477794, "is_tight": 1.0, "dual_solution_value": -1.262809549319414e-06, "scaled_age": 0.0}, "19": {"bias": -0.3779644730092272, "objective_cosine_similarity": -0.4170634925592265, "is_tight": 0.0, "dual_solution_value": 0.0, "scaled_age": 0.1926605504587156}, "20": {"bias": -0.4472135954999579, "objective_cosine_similarity": -0.2882682631669601, "is_tight": 0.0, "dual_solution_value": 0.0, "scaled_age": 0.1926605504587156}, "21": {"bias": -0.5, "objective_cosine_similarity": -0.338681532171369, "is_tight": 0.0, "dual_solution_value": 0.0, "scaled_age": 0.1926605504587156}, "22": {"bias": -0.31622776601683794, "objective_cosine_similarity": -0.5907802011922814, "is_tight": 0.0, "dual_solution_value": 0.0, "scaled_age": 0.1926605504587156}, "23": {"bias": -0.3779644730092272, "objective_cosine_similarity": -0.3097006132865543, "is_tight": 0.0, "dual_solution_value": 0.0, "scaled_age": 0.1926605504587156}, "24": {"bias": -0.4082482904638631, "objective_cosine_similarity": -0.3701964835875286, "is_tight": 0.0, "dual_solution_value": 0.0, "scaled_age": 0.1926605504587156}, "25": {"bias": -0.35355339059327373, "objective_cosine_similarity": -0.43647891791767435, "is_tight": 0.0, "dual_solution_value": 0.0, "scaled_age": 0.1926605504587156}, "26": {"bias": -0.4472135954999579, "objective_cosine_similarity": -0.5423352069751283, "is_tight": 1.0, "dual_solution_value": -0.016548091979172494, "scaled_age": 0.0}, "27": {"bias": -0.5, "objective_cosine_similarity": -0.30590590002575263, "is_tight": 0.0, "dual_solution_value": 0.0, "scaled_age": 0.08256880733944955}, "28": {"bias": -0.3779644730092272, "objective_cosine_similarity": -0.28079522271314256, "is_tight": 0.0, "dual_solution_value": 0.0, "scaled_age": 0.1926605504587156}, "29": {"bias": -0.5, "objective_cosine_similarity": -0.1311025285824654, "is_tight": 0.0, "dual_solution_value": 0.0, "scaled_age": 0.1926605504587156}, "30": {"bias": -0.5773502691896258, "objective_cosine_similarity": -0.38476807419001235, "is_tight": 0.0, "dual_solution_value": 0.0, "scaled_age": 0.1651376146788991}, "31": {"bias": -0.3333333333333333, "objective_cosine_similarity": -0.6300204845768477, "is_tight": 0.0, "dual_solution_value": 0.0, "scaled_age": 0.1926605504587156}, "32": {"bias": -0.4082482904638631, "objective_cosine_similarity": -0.4147984695619297, "is_tight": 0.0, "dual_solution_value": 0.0, "scaled_age": 0.08256880733944955}, "33": {"bias": -0.4082482904638631, "objective_cosine_similarity": -0.42371886675680986, "is_tight": 0.0, "dual_solution_value": 0.0, "scaled_age": 0.1926605504587156}, "34": {"bias": -0.4082482904638631, "objective_cosine_similarity": -0.49954224291329163, "is_tight": 0.0, "dual_solution_value": 0.0, "scaled_age": 0.1926605504587156}, "35": {"bias": -0.3779644730092272, "objective_cosine_similarity": -0.29318324724460476, "is_tight": 0.0, "dual_solution_value": 0.0, "scaled_age": 0.1926605504587156}, "36": {"bias": -0.5, "objective_cosine_similarity": -0.2731302678801363, "is_tight": 0.0, "dual_solution_value": 0.0, "scaled_age": 0.1926605504587156}, "37": {"bias": -0.4472135954999579, "objective_cosine_similarity": -0.43973124889875265, "is_tight": 1.0, "dual_solution_value": -0.007230139594184268, "scaled_age": 0.0}, "38": {"bias": -0.4082482904638631, "objective_cosine_similarity": -0.43263926395169006, "is_tight": 0.0, "dual_solution_value": 0.0, "scaled_age": 0.1926605504587156}, "39": {"bias": -0.3779644730092272, "objective_cosine_similarity": -0.37164073594386515, "is_tight": 0.0, "dual_solution_value": 0.0, "scaled_age": 0.07339449541284404}, "40": {"bias": -0.35355339059327373, "objective_cosine_similarity": -0.43647891791767435, "is_tight": 0.0, "dual_solution_value": 0.0, "scaled_age": 0.1926605504587156}, "41": {"bias": -0.4082482904638631, "objective_cosine_similarity": -0.4370994625491302, "is_tight": 0.0, "dual_solution_value": 0.0, "scaled_age": 0.1926605504587156}, "42": {"bias": -0.4082482904638631, "objective_cosine_similarity": -0.2363905256643255, "is_tight": 0.0, "dual_solution_value": 0.0, "scaled_age": 0.1926605504587156}, "43": {"bias": -0.4472135954999579, "objective_cosine_similarity": -0.36644270741562723, "is_tight": 0.0, "dual_solution_value": 0.0, "scaled_age": 0.06422018348623854}, "44": {"bias": -0.3333333333333333, "objective_cosine_similarity": -0.33139805836123204, "is_tight": 0.0, "dual_solution_value": 0.0, "scaled_age": 0.1926605504587156}, "45": {"bias": -0.5, "objective_cosine_similarity": -0.24581724109212266, "is_tight": 1.0, "dual_solution_value": -0.0001733595409332261, "scaled_age": 0.0}, "46": {"bias": -0.5, "objective_cosine_similarity": -0.2512798464497254, "is_tight": 0.0, "dual_solution_value": 0.0, "scaled_age": 0.1926605504587156}, "47": {"bias": -0.5, "objective_cosine_similarity": -0.2512798464497254, "is_tight": 0.0, "dual_solution_value": 0.0,