{"0": {"bias": -1.2199885626608373, "objective_cosine_similarity": -0.7568997836504155, "is_tight": 1.0, "dual_solution_value": -0.0002495971103668391, "scaled_age": 0.0}, "1": {"bias": -0.8660254037844387, "objective_cosine_similarity": -0.6042429326693217, "is_tight": 0.0, "dual_solution_value": -0.0, "scaled_age": 0.0}, "2": {"bias": -1.1338934190276817, "objective_cosine_similarity": -0.7711614322946023, "is_tight": 1.0, "dual_solution_value": -6.316167414242068e-05, "scaled_age": 0.0}, "3": {"bias": -0.9701425001453319, "objective_cosine_similarity": -0.6627856532163643, "is_tight": 0.0, "dual_solution_value": -0.0, "scaled_age": 0.01639344262295082}, "4": {"bias": -0.8320502943378437, "objective_cosine_similarity": -0.5380236974200968, "is_tight": 1.0, "dual_solution_value": -0.0007448711879956754, "scaled_age": 0.0}, "5": {"bias": -0.9486832980505138, "objective_cosine_similarity": -0.5198372609071491, "is_tight": 1.0, "dual_solution_value": -0.005104590128193364, "scaled_age": 0.0}, "6": {"bias": -1.4020949708087664, "objective_cosine_similarity": -0.9338024160903848, "is_tight": 0.0, "dual_solution_value": -0.0, "scaled_age": 0.04918032786885246}, "7": {"bias": -1.423061700176932, "objective_cosine_similarity": -0.9022927262770887, "is_tight": 1.0, "dual_solution_value": -4.955257011468805e-05, "scaled_age": 0.0}, "8": {"bias": -1.378143206627153, "objective_cosine_similarity": -0.8622520316429256, "is_tight": 1.0, "dual_solution_value": -8.177559971390307e-09, "scaled_age": 0.0}, "9": {"bias": -1.4029833312023552, "objective_cosine_similarity": -0.8609125933507568, "is_tight": 0.0, "dual_solution_value": -0.0, "scaled_age": 0.08196721311475409}, "10": {"bias": -1.3132685080562203, "objective_cosine_similarity": -0.8343666611375937, "is_tight": 0.0, "dual_solution_value": 0.0, "scaled_age": 0.14754098360655737}, "11": {"bias": -1.4422342853729653, "objective_cosine_similarity": -0.8815188906391583, "is_tight": 0.0, "dual_solution_value": 0.0, "scaled_age": 0.08196721311475409}, "12": {"bias": -1.5069762813916638, "objective_cosine_similarity": -0.824170151216911, "is_tight": 0.0, "dual_solution_value": 0.0, "scaled_age": 0.01639344262295082}, "13": {"bias": -1.4274152090901682, "objective_cosine_similarity": -0.8971133879958227, "is_tight": 1.0, "dual_solution_value": -0.0048004664943899185, "scaled_age": 0.0}, "14": {"bias": -1.281195851564954, "objective_cosine_similarity": -0.8564436085381375, "is_tight": 0.0, "dual_solution_value": 0.0, "scaled_age": 0.04918032786885246}, "15": {"bias": -1.3967094708698435, "objective_cosine_similarity": -0.8969308527068468, "is_tight": 0.0, "dual_solution_value": 0.0, "scaled_age": 0.08196721311475409}, "16": {"bias": -0.5, "objective_cosine_similarity": -0.15592976795546323, "is_tight": 0.0, "dual_solution_value": 0.0, "scaled_age": 0.26229508196721313}, "17": {"bias": -0.3333333333333333, "objective_cosine_similarity": -0.37000283921635346, "is_tight": 0.0, "dual_solution_value": 0.0, "scaled_age": 0.26229508196721313}, "18": {"bias": -0.5, "objective_cosine_similarity": -0.2431447229136037, "is_tight": 0.0, "dual_solution_value": 0.0, "scaled_age": 0.26229508196721313}, "19": {"bias": -0.4472135954999579, "objective_cosine_similarity": -0.2552970343954704, "is_tight": 0.0, "dual_solution_value": 0.0, "scaled_age": 0.26229508196721313}, "20": {"bias": -0.5, "objective_cosine_similarity": -0.25107335518252555, "is_tight": 1.0, "dual_solution_value": -0.000307287596445341, "scaled_age": 0.0}, "21": {"bias": -0.5773502691896258, "objective_cosine_similarity": -0.19531084692341713, "is_tight": 0.0, "dual_solution_value": 0.0, "scaled_age": 0.08196721311475409}, "22": {"bias": -0.4472135954999579, "objective_cosine_similarity": -0.30257426298722423, "is_tight": 0.0, "dual_solution_value": 0.0, "scaled_age": 0.03278688524590164}, "23": {"bias": -0.4472135954999579, "objective_cosine_similarity": -0.21038366723330434, "is_tight": 1.0, "dual_solution_value": -0.002716685573125823, "scaled_age": 0.0}, "24": {"bias": -0.5, "objective_cosine_similarity": -0.4730750587123376, "is_tight": 1.0, "dual_solution_value": -0.06411318013701231, "scaled_age": 0.0}, "25": {"bias": -0.35355339059327373, "objective_cosine_similarity": -0.27097549940630794, "is_tight": 0.0, "dual_solution_value": 0.0, "scaled_age": 0.26229508196721313}, "26": {"bias": -0.5773502691896258, "objective_cosine_similarity": -0.2746558784860553, "is_tight": 1.0, "dual_solution_value": -0.03229442257749761, "scaled_age": 0.0}, "27": {"bias": -0.5, "objective_cosine_similarity": -0.3620742069474316, "is_tight": 0.0, "dual_solution_value": 0.0, "scaled_age": 0.26229508196721313}, "28": {"bias": -0.4472135954999579, "objective_cosine_similarity": -0.36876238301567954, "is_tight": 0.0, "dual_solution_value": 0.0, "scaled_age": 0.26229508196721313}, "29": {"bias": -0.4082482904638631, "objective_cosine_similarity": -0.28484285011634924, "is_tight": 1.0, "dual_solution_value": -0.0024586015823733812, "scaled_age": 0.0}, "30": {"bias": -0.5, "objective_cosine_similarity": -0.17178703249330696, "is_tight": 1.0, "dual_solution_value": -0.0005967830267495407, "scaled_age": 0.0}, "31": {"bias": -0.4082482904638631, "objective_cosine_similarity": -0.33663245922841273, "is_tight": 0.0, "dual_solution_value": 0.0, "scaled_age": 0.26229508196721313}, "32": {"bias": -0.3779644730092272, "objective_cosine_similarity": -0.3496198203408171, "is_tight": 0.0, "dual_solution_value": 0.0, "scaled_age": 0.26229508196721313}, "33": {"bias": -0.5, "objective_cosine_similarity": -0.13214387114869766, "is_tight": 0.0, "dual_solution_value": 0.0, "scaled_age": 0.26229508196721313}, "34": {"bias": -0.5773502691896258, "objective_cosine_similarity": -0.10375888742806536, "is_tight": 0.0, "dual_solution_value": 0.0, "scaled_age": 0.26229508196721313}, "35": {"bias": -0.4472135954999579, "objective_cosine_similarity": -0.12055693290897215, "is_tight": 0.0, "dual_solution_value": 0.0, "scaled_age": 0.26229508196721313}, "36": {"bias": -0.5773502691896258, "objective_cosine_similarity": -0.14343140320938447, "is_tight": 0.0, "dual_solution_value": 0.0, "scaled_age": 0.09836065573770492}, "37": {"bias": -0.7071067811865475, "objective_cosine_similarity": -0.12334057214356084, "is_tight": 1.0, "dual_solution_value": -0.03737593095259419, "scaled_age": 0.0}, "38": {"bias": -0.5, "objective_cosine_similarity": -0.31714529075687437, "is_tight": 1.0, "dual_solution_value": -0.005284709814677023, "scaled_age": 0.0}, "39": {"bias": -0.5773502691896258, "objective_cosine_similarity": -0.28686280641876893, "is_tight": 0.0, "dual_solution_value": 0.0, "scaled_age": 0.06557377049180328}, "40": {"bias": -0.5, "objective_cosine_similarity": -0.23257321322170788, "is_tight": 0.0, "dual_solution_value": 0.0, "scaled_age": 0.26229508196721313}, "41": {"bias": -0.5, "objective_cosine_similarity": -0.38057434890824926, "is_tight": 1.0, "dual_solution_value": -0.008535923346005435, "scaled_age": 0.0}, "42": {"bias": -0.7071067811865475, "objective_cosine_similarity": -0.16819168928667388, "is_tight": 0.0, "dual_solution_value": 0.0, "scaled_age": 0.26229508196721313}, "43": {"bias": -0.4082482904638631, "objective_cosine_similarity": -0.3064218539130424, "is_tight": 0.0, "dual_solution_value": 0.0, "scaled_age": 0.26229508196721313}, "44": {"bias": -0.5773502691896258, "objective_cosine_similarity": -0.26550068253652015, "is_tight": 0.0, "dual_solution_value": 0.0, "scaled_age": 0.03278688524590164}, "45": {"bias": -0.5, "objective_cosine_similarity": -0.32243104560282226, "is_tight": 0.0, "dual_solution_value": 0.0, "scaled_age": 0.26229508196721313}, "46": {"bias": -0.5, "objective_cosine_similarity": -0.2378589680676558, "is_tight": 0.0, "dual_solution_value": 0.0, "scaled_age": 0.26229508196721313}, "47": {"bias": -0.4472135954999579, "objective_cosine_similarity": -0.29311881726887346, "is_tight": 0.0, "dual_solution_value": 0.0, "scaled_age": 0.26229508196721313}, "48": {"bias": -0.5,