{"0": {"bias": -0.6666666666666666, "objective_cosine_similarity": -0.573029663306937, "is_tight": 1.0, "dual_solution_value": -0.011510242454660974, "scaled_age": 0.0}, "1": {"bias": -1.150792911137501, "objective_cosine_similarity": -0.9461028558569168, "is_tight": 1.0, "dual_solution_value": -6.421440644514367e-05, "scaled_age": 0.0}, "2": {"bias": -1.2210690132989526, "objective_cosine_similarity": -0.938559419770085, "is_tight": 0.0, "dual_solution_value": -0.0, "scaled_age": 0.10344827586206896}, "3": {"bias": -1.086157705902556, "objective_cosine_similarity": -0.9051936132473057, "is_tight": 0.0, "dual_solution_value": -0.0, "scaled_age": 0.13793103448275862}, "4": {"bias": -1.1978229333689772, "objective_cosine_similarity": -0.9544124508607765, "is_tight": 1.0, "dual_solution_value": -0.013985733590211831, "scaled_age": 0.0}, "5": {"bias": -1.1038831496672292, "objective_cosine_similarity": -0.911690704697061, "is_tight": 0.0, "dual_solution_value": 0.0, "scaled_age": 0.05747126436781609}, "6": {"bias": -1.202345483218, "objective_cosine_similarity": -0.9652258782498349, "is_tight": 0.0, "dual_solution_value": 0.0, "scaled_age": 0.06896551724137931}, "7": {"bias": -0.4472135954999579, "objective_cosine_similarity": -0.5285499781147278, "is_tight": 0.0, "dual_solution_value": 0.0, "scaled_age": 0.25287356321839083}, "8": {"bias": -0.3779644730092272, "objective_cosine_similarity": -0.42132522517894444, "is_tight": 0.0, "dual_solution_value": 0.0, "scaled_age": 0.3793103448275862}, "9": {"bias": -0.5773502691896258, "objective_cosine_similarity": -0.2558831578595795, "is_tight": 0.0, "dual_solution_value": 0.0, "scaled_age": 0.034482758620689655}, "10": {"bias": -0.5773502691896258, "objective_cosine_similarity": -0.24812912277292554, "is_tight": 1.0, "dual_solution_value": -0.008170968211496099, "scaled_age": 0.0}, "11": {"bias": -0.4082482904638631, "objective_cosine_similarity": -0.4496003248891755, "is_tight": 0.0, "dual_solution_value": 0.0, "scaled_age": 0.3793103448275862}, "12": {"bias": -0.4082482904638631, "objective_cosine_similarity": -0.4550832556805069, "is_tight": 0.0, "dual_solution_value": 0.0, "scaled_age": 0.3793103448275862}, "13": {"bias": -0.4082482904638631, "objective_cosine_similarity": -0.5647418715071351, "is_tight": 0.0, "dual_solution_value": 0.0, "scaled_age": 0.3793103448275862}, "14": {"bias": -0.5, "objective_cosine_similarity": -0.30889880287639576, "is_tight": 1.0, "dual_solution_value": -0.003264323248829787, "scaled_age": 0.0}, "15": {"bias": -0.5773502691896258, "objective_cosine_similarity": -0.1628347368197324, "is_tight": 0.0, "dual_solution_value": 0.0, "scaled_age": 0.3793103448275862}, "16": {"bias": -0.30151134457776363, "objective_cosine_similarity": -0.6843507558060563, "is_tight": 0.0, "dual_solution_value": 0.0, "scaled_age": 0.3793103448275862}, "17": {"bias": -0.4082482904638631, "objective_cosine_similarity": -0.42218567093251846, "is_tight": 0.0, "dual_solution_value": 0.0, "scaled_age": 0.3793103448275862}, "18": {"bias": -0.35355339059327373, "objective_cosine_similarity": -0.5413127381832802, "is_tight": 0.0, "dual_solution_value": 0.0, "scaled_age": 0.3793103448275862}, "19": {"bias": -0.4082482904638631, "objective_cosine_similarity": -0.2741465395665704, "is_tight": 0.0, "dual_solution_value": 0.0, "scaled_age": 0.3793103448275862}, "20": {"bias": -0.3333333333333333, "objective_cosine_similarity": -0.6401815769757188, "is_tight": 0.0, "dual_solution_value": 0.0, "scaled_age": 0.3793103448275862}, "21": {"bias": -0.4472135954999579, "objective_cosine_similarity": -0.44446248159647567, "is_tight": 0.0, "dual_solution_value": 0.0, "scaled_age": 0.26436781609195403}, "22": {"bias": -0.3779644730092272, "objective_cosine_similarity": -0.4771635080339853, "is_tight": 0.0, "dual_solution_value": 0.0, "scaled_age": 0.3793103448275862}, "23": {"bias": -0.5, "objective_cosine_similarity": -0.2551772719413704, "is_tight": 0.0, "dual_solution_value": 0.0, "scaled_age": 0.3793103448275862}, "24": {"bias": -0.4472135954999579, "objective_cosine_similarity": -0.3783937343321347, "is_tight": 0.0, "dual_solution_value": 0.0, "scaled_age": 0.3793103448275862}, "25": {"bias": -0.5, "objective_cosine_similarity": -0.5103545438827408, "is_tight": 0.0, "dual_solution_value": 0.0, "scaled_age": 0.13793103448275862}, "26": {"bias": -0.5, "objective_cosine_similarity": -0.2753228460420049, "is_tight": 0.0, "dual_solution_value": 0.0, "scaled_age": 0.3793103448275862}, "27": {"bias": -0.4472135954999579, "objective_cosine_similarity": -0.28829998806257884, "is_tight": 0.0, "dual_solution_value": 0.0, "scaled_age": 0.3793103448275862}, "28": {"bias": -0.5, "objective_cosine_similarity": -0.45663301294771547, "is_tight": 0.0, "dual_solution_value": 0.0, "scaled_age": 0.011494252873563218}, "29": {"bias": -0.4082482904638631, "objective_cosine_similarity": -0.38928808618453004, "is_tight": 0.0, "dual_solution_value": 0.0, "scaled_age": 0.3793103448275862}, "30": {"bias": -0.4472135954999579, "objective_cosine_similarity": -0.39040623383474216, "is_tight": 0.0, "dual_solution_value": 0.0, "scaled_age": 0.3793103448275862}, "31": {"bias": -0.5, "objective_cosine_similarity": -0.4969241611489845, "is_tight": 1.0, "dual_solution_value": -0.0399860999489927, "scaled_age": 0.0}, "32": {"bias": -0.4472135954999579, "objective_cosine_similarity": -0.2762874885599714, "is_tight": 0.0, "dual_solution_value": 0.0, "scaled_age": 0.3793103448275862}, "33": {"bias": -0.3333333333333333, "objective_cosine_similarity": -0.6759959309324023, "is_tight": 0.0, "dual_solution_value": 0.0, "scaled_age": 0.3793103448275862}, "34": {"bias": -0.4082482904638631, "objective_cosine_similarity": -0.5044296328024895, "is_tight": 0.0, "dual_solution_value": 0.0, "scaled_age": 0.3793103448275862}, "35": {"bias": -0.4472135954999579, "objective_cosine_similarity": -0.4624812308503869, "is_tight": 0.0, "dual_solution_value": 0.0, "scaled_age": 0.12643678160919541}, "36": {"bias": -0.4472135954999579, "objective_cosine_similarity": -0.3483624855756161, "is_tight": 0.0, "dual_solution_value": 0.0, "scaled_age": 0.3793103448275862}, "37": {"bias": -0.5773502691896258, "objective_cosine_similarity": -0.3644396490727344, "is_tight": 1.0, "dual_solution_value": -0.019538766758245722, "scaled_age": 0.0}, "38": {"bias": -0.4472135954999579, "objective_cosine_similarity": -0.3543687353269198, "is_tight": 0.0, "dual_solution_value": 0.0, "scaled_age": 0.3793103448275862}, "39": {"bias": -0.4082482904638631, "objective_cosine_similarity": -0.49346377121982676, "is_tight": 0.0, "dual_solution_value": 0.0, "scaled_age": 0.3793103448275862}, "40": {"bias": -0.35355339059327373, "objective_cosine_similarity": -0.4463455911335819, "is_tight": 0.0, "dual_solution_value": 0.0, "scaled_age": 0.3793103448275862}, "41": {"bias": -0.4472135954999579, "objective_cosine_similarity": -0.5525749771199427, "is_tight": 0.0, "dual_solution_value": 0.0, "scaled_age": 0.2413793103448276}, "42": {"bias": -0.5773502691896258, "objective_cosine_similarity": -0.3334235087261187, "is_tight": 1.0, "dual_solution_value": -0.036761540815011026, "scaled_age": 0.0}, "43": {"bias": -0.5773502691896258, "objective_cosine_similarity": -0.38770175433269616, "is_tight": 1.0, "dual_solution_value": -0.0020607157615612657, "scaled_age": 0.0}, "44": {"bias": -0.4082482904638631, "objective_cosine_similarity": -0.4496003248891755, "is_tight": 0.0, "dual_solution_value": 0.0, "scaled_age": 0.3793103448275862}, "45": {"bias": -0.4082482904638631, "objective_cosine_similarity": -0.49346377121982676, "is_tight": 1.0, "dual_solution_value": -0.00011660001587189699, "scaled_age": 0.0}, "46": {"bias": -0.4472135954999579, "objective_cosine_similarity": -0.4204374825912608, "is_tight": 0.0, "dual_solution_value": 0.0, "scaled_age": 0.3793103448275862}, "47": {"bias": -0.30151134457776363, "objective_cosine_similarity": -0.5142754200436045, "is_tight": 0.0, "dual_solution_value": 0.0,