{"0": {"bias": -1.3040786471729464, "objective_cosine_similarity": -0.9703799464754841, "is_tight": 0.0, "dual_solution_value": -0.0, "scaled_age": 0.02247191011235955}, "1": {"bias": -1.2916666666666667, "objective_cosine_similarity": -0.9735806604751038, "is_tight": 0.0, "dual_solution_value": -0.0, "scaled_age": 0.15730337078651685}, "2": {"bias": -1.2756551347137688, "objective_cosine_similarity": -0.9459694328846344, "is_tight": 0.0, "dual_solution_value": -0.0, "scaled_age": 0.02247191011235955}, "3": {"bias": -1.3186614139074146, "objective_cosine_similarity": -0.96619811124797, "is_tight": 0.0, "dual_solution_value": -0.0, "scaled_age": 0.1348314606741573}, "4": {"bias": -1.3028828309068905, "objective_cosine_similarity": -0.9646502090178352, "is_tight": 0.0, "dual_solution_value": -0.0, "scaled_age": 0.1348314606741573}, "5": {"bias": -1.2700325688090064, "objective_cosine_similarity": -0.9656934636170353, "is_tight": 0.0, "dual_solution_value": -0.0, "scaled_age": 0.07865168539325842}, "6": {"bias": -1.2540051368250325, "objective_cosine_similarity": -0.9530724009556355, "is_tight": 0.0, "dual_solution_value": -0.0, "scaled_age": 0.12359550561797752}, "7": {"bias": -1.1726456926766744, "objective_cosine_similarity": -0.9564827695627315, "is_tight": 0.0, "dual_solution_value": -0.0, "scaled_age": 0.12359550561797752}, "8": {"bias": -1.2959812737885892, "objective_cosine_similarity": -0.9666286561366195, "is_tight": 0.0, "dual_solution_value": -0.0, "scaled_age": 0.02247191011235955}, "9": {"bias": -1.3663038245499022, "objective_cosine_similarity": -0.9408830049632414, "is_tight": 1.0, "dual_solution_value": -1.3423539334732508e-06, "scaled_age": 0.0}, "10": {"bias": -1.170035878603409, "objective_cosine_similarity": -0.9260758193542544, "is_tight": 1.0, "dual_solution_value": -1.6465688776314676e-05, "scaled_age": 0.0}, "11": {"bias": -1.2979353291279125, "objective_cosine_similarity": -0.936718383927221, "is_tight": 0.0, "dual_solution_value": -0.0, "scaled_age": 0.14606741573033707}, "12": {"bias": -1.1094003924504583, "objective_cosine_similarity": -0.869676857995391, "is_tight": 0.0, "dual_solution_value": -0.0, "scaled_age": 0.033707865168539325}, "13": {"bias": -1.110664955031789, "objective_cosine_similarity": -0.9030372032625181, "is_tight": 1.0, "dual_solution_value": -0.0006852430941979689, "scaled_age": 0.0}, "14": {"bias": -0.8660254037844387, "objective_cosine_similarity": -0.585429387046263, "is_tight": 0.0, "dual_solution_value": -0.0, "scaled_age": 0.12359550561797752}, "15": {"bias": -1.2649088570256715, "objective_cosine_similarity": -0.9704947587463335, "is_tight": 0.0, "dual_solution_value": 0.0, "scaled_age": 0.07865168539325842}, "16": {"bias": -1.2856524896589012, "objective_cosine_similarity": -0.9359597811115589, "is_tight": 1.0, "dual_solution_value": -0.00045465175818760583, "scaled_age": 0.0}, "17": {"bias": -0.5773502691896258, "objective_cosine_similarity": -0.24817115320439412, "is_tight": 0.0, "dual_solution_value": 0.0, "scaled_age": 0.20224719101123595}, "18": {"bias": -0.7071067811865475, "objective_cosine_similarity": -0.2883593549547042, "is_tight": 0.0, "dual_solution_value": 0.0, "scaled_age": 0.10112359550561797}, "19": {"bias": -0.4082482904638631, "objective_cosine_similarity": -0.4544572830229994, "is_tight": 0.0, "dual_solution_value": 0.0, "scaled_age": 0.25842696629213485}, "20": {"bias": -0.7071067811865475, "objective_cosine_similarity": -0.1558699215971374, "is_tight": 1.0, "dual_solution_value": -0.0007619868245193825, "scaled_age": 0.0}, "21": {"bias": -0.4472135954999579, "objective_cosine_similarity": -0.2858843031561182, "is_tight": 0.0, "dual_solution_value": 0.0, "scaled_age": 0.25842696629213485}, "22": {"bias": -0.4472135954999579, "objective_cosine_similarity": -0.3499618193807653, "is_tight": 0.0, "dual_solution_value": 0.0, "scaled_age": 0.25842696629213485}, "23": {"bias": -0.7071067811865475, "objective_cosine_similarity": -0.1558699215971374, "is_tight": 1.0, "dual_solution_value": -0.002728766131799777, "scaled_age": 0.0}, "24": {"bias": -0.5773502691896258, "objective_cosine_similarity": -0.26089787900974765, "is_tight": 0.0, "dual_solution_value": 0.0, "scaled_age": 0.25842696629213485}, "25": {"bias": -0.4472135954999579, "objective_cosine_similarity": -0.2760262237369417, "is_tight": 0.0, "dual_solution_value": 0.0, "scaled_age": 0.0449438202247191}, "26": {"bias": -0.4082482904638631, "objective_cosine_similarity": -0.4409585518440985, "is_tight": 0.0, "dual_solution_value": 0.0, "scaled_age": 0.25842696629213485}, "27": {"bias": -0.3779644730092272, "objective_cosine_similarity": -0.36659030164101986, "is_tight": 1.0, "dual_solution_value": -8.327809186382302e-05, "scaled_age": 0.0}, "28": {"bias": -0.5773502691896258, "objective_cosine_similarity": -0.17181079837227284, "is_tight": 1.0, "dual_solution_value": -0.00024282839452879532, "scaled_age": 0.0}, "29": {"bias": -0.5, "objective_cosine_similarity": -0.12674918032600407, "is_tight": 0.0, "dual_solution_value": 0.0, "scaled_age": 0.25842696629213485}, "30": {"bias": -0.5, "objective_cosine_similarity": -0.3526933713419244, "is_tight": 0.0, "dual_solution_value": 0.0, "scaled_age": 0.10112359550561797}, "31": {"bias": -0.3779644730092272, "objective_cosine_similarity": -0.31243491617132374, "is_tight": 0.0, "dual_solution_value": 0.0, "scaled_age": 0.25842696629213485}, "32": {"bias": -0.7071067811865475, "objective_cosine_similarity": -0.2571853706352767, "is_tight": 1.0, "dual_solution_value": -0.0004969570290955363, "scaled_age": 0.0}, "33": {"bias": -0.4082482904638631, "objective_cosine_similarity": -0.4544572830229994, "is_tight": 1.0, "dual_solution_value": -0.001344919401467587, "scaled_age": 0.0}, "34": {"bias": -0.5, "objective_cosine_similarity": -0.3526933713419244, "is_tight": 0.0, "dual_solution_value": 0.0, "scaled_age": 0.25842696629213485}, "35": {"bias": -0.4082482904638631, "objective_cosine_similarity": -0.4679560142019004, "is_tight": 0.0, "dual_solution_value": 0.0, "scaled_age": 0.25842696629213485}, "36": {"bias": -0.4472135954999579, "objective_cosine_similarity": -0.5175491695067657, "is_tight": 1.0, "dual_solution_value": -0.008530978692650048, "scaled_age": 0.0}, "37": {"bias": -0.5, "objective_cosine_similarity": -0.31962836777861897, "is_tight": 0.0, "dual_solution_value": 0.0, "scaled_age": 0.25842696629213485}, "38": {"bias": -0.5, "objective_cosine_similarity": -0.21492252316148516, "is_tight": 0.0, "dual_solution_value": 0.0, "scaled_age": 0.25842696629213485}, "39": {"bias": -0.4082482904638631, "objective_cosine_similarity": -0.3959627812477619, "is_tight": 0.0, "dual_solution_value": 0.0, "scaled_age": 0.25842696629213485}, "40": {"bias": -0.35355339059327373, "objective_cosine_similarity": -0.5026804971507681, "is_tight": 0.0, "dual_solution_value": 0.0, "scaled_age": 0.25842696629213485}, "41": {"bias": -0.4472135954999579, "objective_cosine_similarity": -0.28095526344652993, "is_tight": 0.0, "dual_solution_value": 0.0, "scaled_age": 0.25842696629213485}, "42": {"bias": -0.3779644730092272, "objective_cosine_similarity": -0.42074568711071597, "is_tight": 0.0, "dual_solution_value": 0.0, "scaled_age": 0.25842696629213485}, "43": {"bias": -0.4082482904638631, "objective_cosine_similarity": -0.33746827947252434, "is_tight": 0.0, "dual_solution_value": 0.0, "scaled_age": 0.25842696629213485}, "44": {"bias": -0.5773502691896258, "objective_cosine_similarity": -0.23544442739904056, "is_tight": 1.0, "dual_solution_value": -4.064651517499189e-05, "scaled_age": 0.0}, "45": {"bias": -0.5, "objective_cosine_similarity": -0.41882337846853523, "is_tight": 1.0, "dual_solution_value": -0.00106227759235405, "scaled_age": 0.0}, "46": {"bias": -0.5773502691896258, "objective_cosine_similarity": -0.06363362902676772, "is_tight": 0.0, "dual_solution_value": 0.0, "scaled_age": 0.25842696629213485}, "47": {"bias": -0.5, "objective_cosine_similarity": -0.25349836065200815, "is_tight": 0.0,