{"0": {"bias": -0.6744532734334624, "objective_cosine_similarity": -0.5310713791399889, "is_tight": 0.0, "dual_solution_value": -0.0, "scaled_age": 0.0625}, "1": {"bias": -0.6348110542727384, "objective_cosine_similarity": -0.6452913675424897, "is_tight": 0.0, "dual_solution_value": -0.0, "scaled_age": 0.0875}, "2": {"bias": -0.71827819602086, "objective_cosine_similarity": -0.44837988433505277, "is_tight": 0.0, "dual_solution_value": -0.0, "scaled_age": 0.0625}, "3": {"bias": -0.8282366531502159, "objective_cosine_similarity": -0.3176981082508853, "is_tight": 1.0, "dual_solution_value": -0.0012376043844652136, "scaled_age": 0.0}, "4": {"bias": -0.8320502943378436, "objective_cosine_similarity": -0.32581244539197957, "is_tight": 1.0, "dual_solution_value": -2.901703349373558e-06, "scaled_age": 0.0}, "5": {"bias": -0.48666426339228763, "objective_cosine_similarity": -0.25438957106440135, "is_tight": 0.0, "dual_solution_value": -0.0, "scaled_age": 0.05}, "6": {"bias": -0.46499055497527714, "objective_cosine_similarity": -0.25742947548922335, "is_tight": 1.0, "dual_solution_value": -0.0002955889051620901, "scaled_age": 0.0}, "7": {"bias": -0.8348135528616736, "objective_cosine_similarity": -0.3126618711396172, "is_tight": 1.0, "dual_solution_value": -1.204864301134155e-06, "scaled_age": 0.0}, "8": {"bias": -0.8137108458165315, "objective_cosine_similarity": -0.3348517078927557, "is_tight": 1.0, "dual_solution_value": -6.075648115954448e-08, "scaled_age": 0.0}, "9": {"bias": -0.3273268353539886, "objective_cosine_similarity": -0.6176870123704942, "is_tight": 1.0, "dual_solution_value": -8.46315484481464e-05, "scaled_age": 0.0}, "10": {"bias": -0.21320071635561041, "objective_cosine_similarity": -0.2959185144221804, "is_tight": 1.0, "dual_solution_value": -4.52777337705938e-06, "scaled_age": 0.0}, "11": {"bias": -0.21320071635561041, "objective_cosine_similarity": -0.3085582499628263, "is_tight": 1.0, "dual_solution_value": -0.0003690492645888253, "scaled_age": 0.0}, "12": {"bias": -0.2182178902359924, "objective_cosine_similarity": -0.24808948587200955, "is_tight": 0.0, "dual_solution_value": 0.0, "scaled_age": 0.35}, "13": {"bias": -0.21320071635561041, "objective_cosine_similarity": -0.3068233843003847, "is_tight": 0.0, "dual_solution_value": 0.0, "scaled_age": 0.35}, "14": {"bias": -0.22941573387056174, "objective_cosine_similarity": -0.30215672251182274, "is_tight": 0.0, "dual_solution_value": 0.0, "scaled_age": 0.1375}, "15": {"bias": -0.19611613513818404, "objective_cosine_similarity": -0.29340737408960876, "is_tight": 0.0, "dual_solution_value": 0.0, "scaled_age": 0.35}, "16": {"bias": -0.21320071635561041, "objective_cosine_similarity": -0.3127714951430416, "is_tight": 0.0, "dual_solution_value": 0.0, "scaled_age": 0.2125}, "17": {"bias": -0.2, "objective_cosine_similarity": -0.2989854925760068, "is_tight": 0.0, "dual_solution_value": 0.0, "scaled_age": 0.35}, "18": {"bias": -0.22941573387056174, "objective_cosine_similarity": -0.23095121067540908, "is_tight": 0.0, "dual_solution_value": 0.0, "scaled_age": 0.35}, "19": {"bias": -0.20412414523193154, "objective_cosine_similarity": -0.30823551859783904, "is_tight": 0.0, "dual_solution_value": 0.0, "scaled_age": 0.35}, "20": {"bias": -0.2581988897471611, "objective_cosine_similarity": -0.23231351869685837, "is_tight": 0.0, "dual_solution_value": 0.0, "scaled_age": 0.35}, "21": {"bias": -0.2182178902359924, "objective_cosine_similarity": -0.3325616727793502, "is_tight": 1.0, "dual_solution_value": -0.0038810540714372633, "scaled_age": 0.0}, "22": {"bias": -0.24253562503633297, "objective_cosine_similarity": -0.24810605490074486, "is_tight": 1.0, "dual_solution_value": -8.523302614721114e-06, "scaled_age": 0.0}, "23": {"bias": -0.22941573387056174, "objective_cosine_similarity": -0.2816217996226697, "is_tight": 0.0, "dual_solution_value": 0.0, "scaled_age": 0.35}, "24": {"bias": -0.22941573387056174, "objective_cosine_similarity": -0.30615703216555384, "is_tight": 0.0, "dual_solution_value": 0.0, "scaled_age": 0.2375}, "25": {"bias": -0.18257418583505536, "objective_cosine_similarity": -0.3463687312051545, "is_tight": 0.0, "dual_solution_value": 0.0, "scaled_age": 0.35}, "26": {"bias": -0.25, "objective_cosine_similarity": -0.2269709075640176, "is_tight": 1.0, "dual_solution_value": -0.0008839672195476106, "scaled_age": 0.0}, "27": {"bias": -0.22941573387056174, "objective_cosine_similarity": -0.2786882392099336, "is_tight": 1.0, "dual_solution_value": -0.0022073688908262187, "scaled_age": 0.0}, "28": {"bias": -0.24253562503633297, "objective_cosine_similarity": -0.18861698946431626, "is_tight": 0.0, "dual_solution_value": 0.0, "scaled_age": 0.35}, "29": {"bias": -0.24253562503633297, "objective_cosine_similarity": -0.2173747367369026, "is_tight": 0.0, "dual_solution_value": 0.0, "scaled_age": 0.275}, "30": {"bias": -0.21320071635561041, "objective_cosine_similarity": -0.3286331240567933, "is_tight": 0.0, "dual_solution_value": 0.0, "scaled_age": 0.2}, "31": {"bias": -0.18569533817705186, "objective_cosine_similarity": -0.3119234314247071, "is_tight": 0.0, "dual_solution_value": 0.0, "scaled_age": 0.35}, "32": {"bias": -0.22360679774997896, "objective_cosine_similarity": -0.26565319874467597, "is_tight": 0.0, "dual_solution_value": 0.0, "scaled_age": 0.0375}, "33": {"bias": -0.23570226039551587, "objective_cosine_similarity": -0.31536843485964966, "is_tight": 1.0, "dual_solution_value": -0.0005858201555866481, "scaled_age": 0.0}, "34": {"bias": -0.2182178902359924, "objective_cosine_similarity": -0.2343912934005489, "is_tight": 0.0, "dual_solution_value": 0.0, "scaled_age": 0.35}, "35": {"bias": -0.22360679774997896, "objective_cosine_similarity": -0.23861999652408272, "is_tight": 0.0, "dual_solution_value": 0.0, "scaled_age": 0.35}, "36": {"bias": -0.2182178902359924, "objective_cosine_similarity": -0.27244182804349515, "is_tight": 0.0, "dual_solution_value": 0.0, "scaled_age": 0.1875}, "37": {"bias": -0.22941573387056174, "objective_cosine_similarity": -0.2914892301018731, "is_tight": 0.0, "dual_solution_value": 0.0, "scaled_age": 0.025}, "38": {"bias": -0.2581988897471611, "objective_cosine_similarity": -0.24461953196116223, "is_tight": 1.0, "dual_solution_value": -0.00010759198115402864, "scaled_age": 0.0}, "39": {"bias": -0.25, "objective_cosine_similarity": -0.2548700204015921, "is_tight": 0.0, "dual_solution_value": 0.0, "scaled_age": 0.2125}, "40": {"bias": -0.22941573387056174, "objective_cosine_similarity": -0.27922161383043104, "is_tight": 0.0, "dual_solution_value": 0.0, "scaled_age": 0.35}, "41": {"bias": -0.2581988897471611, "objective_cosine_similarity": -0.20319929219350533, "is_tight": 0.0, "dual_solution_value": 0.0, "scaled_age": 0.35}, "42": {"bias": -0.2182178902359924, "objective_cosine_similarity": -0.2866473609768618, "is_tight": 0.0, "dual_solution_value": 0.0, "scaled_age": 0.0125}, "43": {"bias": -0.25, "objective_cosine_similarity": -0.29817176845157756, "is_tight": 1.0, "dual_solution_value": -0.0016141862570277462, "scaled_age": 0.0}, "44": {"bias": -0.22941573387056174, "objective_cosine_similarity": -0.28322192348416214, "is_tight": 1.0, "dual_solution_value": -0.00010658466921113954, "scaled_age": 0.0}, "45": {"bias": -0.19245008972987526, "objective_cosine_similarity": -0.3306524185227183, "is_tight": 0.0, "dual_solution_value": 0.0, "scaled_age": 0.0875}, "46": {"bias": -0.19611613513818404, "objective_cosine_similarity": -0.37388352253842916, "is_tight": 0.0, "dual_solution_value": 0.0, "scaled_age": 0.35}, "47": {"bias": -0.20851441405707477, "objective_cosine_similarity": -0.32213670681941303, "is_tight": 0.0, "dual_solution_value": 0.0, "scaled_age": 0.35}, "48": {"bias": -0.22360679774997896, "objective_cosine_similarity": -0.29788509369999866, "is_tight": 0.0, "dual_solution_value": 0.0, "scaled_age": 0.35}, "49": {"bias": -0.20412414523193154, "objective_cosine_similarity": -0.2849814148083177, "is_tight": 0.0, "dual_solution_value": 0.0,