{"0": {"bias": -0.75, "objective_cosine_similarity": -0.6857174268846573, "is_tight": 1.0, "dual_solution_value": -4.3763311657814455e-17, "scaled_age": 0.09090909090909091}, "1": {"bias": -1.0145557196481012, "objective_cosine_similarity": -0.9777384851466703, "is_tight": 0.0, "dual_solution_value": -0.0, "scaled_age": 0.15584415584415584}, "2": {"bias": -0.9735632406564972, "objective_cosine_similarity": -0.9684456051353141, "is_tight": 0.0, "dual_solution_value": -0.0, "scaled_age": 0.09090909090909091}, "3": {"bias": -0.5773502691896258, "objective_cosine_similarity": -0.7491265182991637, "is_tight": 0.0, "dual_solution_value": -0.0, "scaled_age": 0.15584415584415584}, "4": {"bias": -1.0265430704425378, "objective_cosine_similarity": -0.9507370069731275, "is_tight": 0.0, "dual_solution_value": -0.0, "scaled_age": 0.15584415584415584}, "5": {"bias": -0.9630868246861536, "objective_cosine_similarity": -0.9747900350602396, "is_tight": 0.0, "dual_solution_value": -0.0, "scaled_age": 0.16883116883116883}, "6": {"bias": -0.9938837346736188, "objective_cosine_similarity": -0.9685522131337128, "is_tight": 0.0, "dual_solution_value": -0.0, "scaled_age": 0.15584415584415584}, "7": {"bias": -0.5547001962252291, "objective_cosine_similarity": -0.747069281013994, "is_tight": 0.0, "dual_solution_value": -0.0, "scaled_age": 0.03896103896103896}, "8": {"bias": -0.3333333333333333, "objective_cosine_similarity": -0.5310546140344252, "is_tight": 0.0, "dual_solution_value": 0.0, "scaled_age": 0.2597402597402597}, "9": {"bias": -0.3779644730092272, "objective_cosine_similarity": -0.5524967066785041, "is_tight": 0.0, "dual_solution_value": 0.0, "scaled_age": 0.09090909090909091}, "10": {"bias": -0.4082482904638631, "objective_cosine_similarity": -0.32185059709732067, "is_tight": 0.0, "dual_solution_value": 0.0, "scaled_age": 0.2597402597402597}, "11": {"bias": -0.5, "objective_cosine_similarity": -0.4598823461741415, "is_tight": 1.0, "dual_solution_value": -0.02053046188277409, "scaled_age": 0.0}, "12": {"bias": -0.5, "objective_cosine_similarity": -0.3777604986430448, "is_tight": 0.0, "dual_solution_value": 0.0, "scaled_age": 0.03896103896103896}, "13": {"bias": -0.4472135954999579, "objective_cosine_similarity": -0.4554024831231655, "is_tight": 0.0, "dual_solution_value": 0.0, "scaled_age": 0.2597402597402597}, "14": {"bias": -0.3333333333333333, "objective_cosine_similarity": -0.39965965798467057, "is_tight": 0.0, "dual_solution_value": 0.0, "scaled_age": 0.2597402597402597}, "15": {"bias": -0.35355339059327373, "objective_cosine_similarity": -0.6213373934190263, "is_tight": 0.0, "dual_solution_value": 0.0, "scaled_age": 0.2597402597402597}, "16": {"bias": -0.4082482904638631, "objective_cosine_similarity": -0.4626602333273985, "is_tight": 0.0, "dual_solution_value": 0.0, "scaled_age": 0.2597402597402597}, "17": {"bias": -0.4472135954999579, "objective_cosine_similarity": -0.43336687910107685, "is_tight": 1.0, "dual_solution_value": 1.9571547957476424e-17, "scaled_age": 0.03896103896103896}, "18": {"bias": -0.5, "objective_cosine_similarity": -0.4680945309272511, "is_tight": 1.0, "dual_solution_value": -8.752662331562891e-17, "scaled_age": 0.03896103896103896}, "19": {"bias": -0.4472135954999579, "objective_cosine_similarity": -0.3231888589906336, "is_tight": 1.0, "dual_solution_value": 9.785773978738212e-18, "scaled_age": 0.2597402597402597}, "20": {"bias": -0.35355339059327373, "objective_cosine_similarity": -0.45874443065516896, "is_tight": 0.0, "dual_solution_value": 0.0, "scaled_age": 0.2597402597402597}, "21": {"bias": -0.4082482904638631, "objective_cosine_similarity": -0.28832449323301645, "is_tight": 0.0, "dual_solution_value": 0.0, "scaled_age": 0.2597402597402597}, "22": {"bias": -0.3779644730092272, "objective_cosine_similarity": -0.465587112369526, "is_tight": 0.0, "dual_solution_value": 0.0, "scaled_age": 0.2597402597402597}, "23": {"bias": -0.4082482904638631, "objective_cosine_similarity": -0.5364176618288677, "is_tight": 0.0, "dual_solution_value": 0.0, "scaled_age": 0.22077922077922077}, "24": {"bias": -0.7071067811865475, "objective_cosine_similarity": -0.10452404749105115, "is_tight": 1.0, "dual_solution_value": 1.8051445090245516e-16, "scaled_age": 0.03896103896103896}, "25": {"bias": -0.2886751345948129, "objective_cosine_similarity": -0.5025785502513377, "is_tight": 0.0, "dual_solution_value": 0.0, "scaled_age": 0.2597402597402597}, "26": {"bias": -0.4082482904638631, "objective_cosine_similarity": -0.37549236328020746, "is_tight": 1.0, "dual_solution_value": -1.786629716934e-17, "scaled_age": 0.03896103896103896}, "27": {"bias": -0.7071067811865475, "objective_cosine_similarity": -0.19743431192754107, "is_tight": 0.0, "dual_solution_value": 0.0, "scaled_age": 0.15584415584415584}, "28": {"bias": -0.4472135954999579, "objective_cosine_similarity": -0.35256966435341847, "is_tight": 0.0, "dual_solution_value": 0.0, "scaled_age": 0.2597402597402597}, "29": {"bias": -0.4082482904638631, "objective_cosine_similarity": -0.5699437656931721, "is_tight": 0.0, "dual_solution_value": 0.0, "scaled_age": 0.15584415584415584}, "30": {"bias": -0.3779644730092272, "objective_cosine_similarity": -0.42834014337996396, "is_tight": 0.0, "dual_solution_value": 0.0, "scaled_age": 0.2597402597402597}, "31": {"bias": -0.3779644730092272, "objective_cosine_similarity": -0.45317145603967196, "is_tight": 0.0, "dual_solution_value": 0.0, "scaled_age": 0.2597402597402597}, "32": {"bias": -0.4082482904638631, "objective_cosine_similarity": -0.4157236879173725, "is_tight": 1.0, "dual_solution_value": -2.2332871461675e-17, "scaled_age": 0.03896103896103896}, "33": {"bias": -0.4472135954999579, "objective_cosine_similarity": -0.3231888589906336, "is_tight": 0.0, "dual_solution_value": 0.0, "scaled_age": 0.2597402597402597}, "34": {"bias": -0.4082482904638631, "objective_cosine_similarity": -0.28832449323301645, "is_tight": 0.0, "dual_solution_value": 0.0, "scaled_age": 0.2597402597402597}, "35": {"bias": -0.4082482904638631, "objective_cosine_similarity": -0.6772272980589455, "is_tight": 1.0, "dual_solution_value": -0.03352610386430424, "scaled_age": 0.0}, "36": {"bias": -0.4082482904638631, "objective_cosine_similarity": -0.4291341294630942, "is_tight": 1.0, "dual_solution_value": 5.9554323897799994e-18, "scaled_age": 0.16883116883116883}, "37": {"bias": -0.5, "objective_cosine_similarity": -0.31206302061816743, "is_tight": 1.0, "dual_solution_value": 4.5586782976890057e-17, "scaled_age": 0.03896103896103896}, "38": {"bias": -0.4472135954999579, "objective_cosine_similarity": -0.30849845630924116, "is_tight": 0.0, "dual_solution_value": 0.0, "scaled_age": 0.2597402597402597}, "39": {"bias": -0.3333333333333333, "objective_cosine_similarity": -0.405134447820077, "is_tight": 0.0, "dual_solution_value": 0.0, "scaled_age": 0.2597402597402597}, "40": {"bias": -0.4472135954999579, "objective_cosine_similarity": -0.30849845630924116, "is_tight": 0.0, "dual_solution_value": 0.0, "scaled_age": 0.2597402597402597}, "41": {"bias": -0.2886751345948129, "objective_cosine_similarity": -0.5879220776525083, "is_tight": 0.0, "dual_solution_value": 0.0, "scaled_age": 0.2597402597402597}, "42": {"bias": -0.31622776601683794, "objective_cosine_similarity": -0.6128733179080443, "is_tight": 0.0, "dual_solution_value": 0.0, "scaled_age": 0.2597402597402597}, "43": {"bias": -0.2886751345948129, "objective_cosine_similarity": -0.5736981564189798, "is_tight": 0.0, "dual_solution_value": 0.0, "scaled_age": 0.2597402597402597}, "44": {"bias": -0.4082482904638631, "objective_cosine_similarity": -0.3821975840530683, "is_tight": 0.0, "dual_solution_value": 0.0, "scaled_age": 0.2597402597402597}, "45": {"bias": -0.5773502691896258, "objective_cosine_similarity": -0.33189149544899654, "is_tight": 0.0, "dual_solution_value": 0.0, "scaled_age": 0.03896103896103896}, "46": {"bias": -0.5, "objective_cosine_similarity": -0.18066806456841272, "is_tight": 0.0, "dual_solution_value": 0.0,