{"0": {"bias": -1.1547005383792515, "objective_cosine_similarity": -0.9441474484228911, "is_tight": 1.0, "dual_solution_value": -7.14784968566418e-05, "scaled_age": 0.0}, "1": {"bias": -1.0864289525102224, "objective_cosine_similarity": -0.947162349326624, "is_tight": 1.0, "dual_solution_value": -0.00011138835916479618, "scaled_age": 0.0}, "2": {"bias": -1.1242975334937921, "objective_cosine_similarity": -0.9229018134105065, "is_tight": 0.0, "dual_solution_value": -0.0, "scaled_age": 0.07042253521126761}, "3": {"bias": -1.0898985218261321, "objective_cosine_similarity": -0.942805854149644, "is_tight": 0.0, "dual_solution_value": -0.0, "scaled_age": 0.014084507042253521}, "4": {"bias": -1.1858541225631423, "objective_cosine_similarity": -0.9162607426957838, "is_tight": 0.0, "dual_solution_value": -0.0, "scaled_age": 0.19718309859154928}, "5": {"bias": -0.9649012813540153, "objective_cosine_similarity": -0.946913810301195, "is_tight": 0.0, "dual_solution_value": -0.0, "scaled_age": 0.2112676056338028}, "6": {"bias": -1.151759691774677, "objective_cosine_similarity": -0.9670752989190178, "is_tight": 0.0, "dual_solution_value": -0.0, "scaled_age": 0.056338028169014086}, "7": {"bias": -1.092478567060547, "objective_cosine_similarity": -0.9123204624523533, "is_tight": 0.0, "dual_solution_value": -0.0, "scaled_age": 0.08450704225352113}, "8": {"bias": -0.9899494936611665, "objective_cosine_similarity": -0.9231627447684263, "is_tight": 0.0, "dual_solution_value": -0.0, "scaled_age": 0.11267605633802817}, "9": {"bias": -0.7071067811865475, "objective_cosine_similarity": -0.5011260099001428, "is_tight": 0.0, "dual_solution_value": -0.0, "scaled_age": 0.15492957746478872}, "10": {"bias": -1.0, "objective_cosine_similarity": -0.9489498353706575, "is_tight": 0.0, "dual_solution_value": -0.0, "scaled_age": 0.11267605633802817}, "11": {"bias": -1.0083227149114216, "objective_cosine_similarity": -0.893304747837, "is_tight": 0.0, "dual_solution_value": -0.0, "scaled_age": 0.014084507042253521}, "12": {"bias": -1.1191933493408697, "objective_cosine_similarity": -0.9790887998549878, "is_tight": 0.0, "dual_solution_value": 0.0, "scaled_age": 0.056338028169014086}, "13": {"bias": -1.1277502393734242, "objective_cosine_similarity": -0.9780135646118637, "is_tight": 0.0, "dual_solution_value": 0.0, "scaled_age": 0.11267605633802817}, "14": {"bias": -1.0967450284902387, "objective_cosine_similarity": -0.9706986965691621, "is_tight": 1.0, "dual_solution_value": -0.0006142606867810047, "scaled_age": 0.0}, "15": {"bias": -1.1851567605613305, "objective_cosine_similarity": -0.9793462271031836, "is_tight": 0.0, "dual_solution_value": 0.0, "scaled_age": 0.15492957746478872}, "16": {"bias": -0.4082482904638631, "objective_cosine_similarity": -0.2755478444893053, "is_tight": 0.0, "dual_solution_value": 0.0, "scaled_age": 0.30985915492957744}, "17": {"bias": -0.35355339059327373, "objective_cosine_similarity": -0.4295365799144081, "is_tight": 0.0, "dual_solution_value": 0.0, "scaled_age": 0.30985915492957744}, "18": {"bias": -0.4472135954999579, "objective_cosine_similarity": -0.4700197411645791, "is_tight": 0.0, "dual_solution_value": 0.0, "scaled_age": 0.23943661971830985}, "19": {"bias": -0.4472135954999579, "objective_cosine_similarity": -0.3406565096513922, "is_tight": 0.0, "dual_solution_value": 0.0, "scaled_age": 0.30985915492957744}, "20": {"bias": -0.3779644730092272, "objective_cosine_similarity": -0.5430150314100403, "is_tight": 0.0, "dual_solution_value": 0.0, "scaled_age": 0.30985915492957744}, "21": {"bias": -0.4472135954999579, "objective_cosine_similarity": -0.3147838633487548, "is_tight": 0.0, "dual_solution_value": 0.0, "scaled_age": 0.2535211267605634}, "22": {"bias": -0.5773502691896258, "objective_cosine_similarity": -0.16700721375404917, "is_tight": 0.0, "dual_solution_value": 0.0, "scaled_age": 0.08450704225352113}, "23": {"bias": -0.4472135954999579, "objective_cosine_similarity": -0.3880896945395607, "is_tight": 1.0, "dual_solution_value": -1.2745004105198619e-06, "scaled_age": 0.0}, "24": {"bias": -0.4472135954999579, "objective_cosine_similarity": -0.40533812540798564, "is_tight": 0.0, "dual_solution_value": 0.0, "scaled_age": 0.30985915492957744}, "25": {"bias": -0.5773502691896258, "objective_cosine_similarity": -0.30617989188242345, "is_tight": 0.0, "dual_solution_value": 0.0, "scaled_age": 0.04225352112676056}, "26": {"bias": -0.7071067811865475, "objective_cosine_similarity": -0.19090514662862582, "is_tight": 0.0, "dual_solution_value": 0.0, "scaled_age": 0.056338028169014086}, "27": {"bias": -0.5, "objective_cosine_similarity": -0.26033848150727606, "is_tight": 0.0, "dual_solution_value": 0.0, "scaled_age": 0.30985915492957744}, "28": {"bias": -0.4472135954999579, "objective_cosine_similarity": -0.2975354324803299, "is_tight": 0.0, "dual_solution_value": 0.0, "scaled_age": 0.30985915492957744}, "29": {"bias": -0.5773502691896258, "objective_cosine_similarity": -0.23381009925566884, "is_tight": 0.0, "dual_solution_value": 0.0, "scaled_age": 0.30985915492957744}, "30": {"bias": -0.30151134457776363, "objective_cosine_similarity": -0.5523722616619441, "is_tight": 0.0, "dual_solution_value": 0.0, "scaled_age": 0.30985915492957744}, "31": {"bias": -0.5, "objective_cosine_similarity": -0.26515956449815153, "is_tight": 0.0, "dual_solution_value": 0.0, "scaled_age": 0.07042253521126761}, "32": {"bias": -0.4472135954999579, "objective_cosine_similarity": -0.35790494051981714, "is_tight": 0.0, "dual_solution_value": 0.0, "scaled_age": 0.08450704225352113}, "33": {"bias": -0.4082482904638631, "objective_cosine_similarity": -0.3267210156087477, "is_tight": 0.0, "dual_solution_value": 0.0, "scaled_age": 0.30985915492957744}, "34": {"bias": -0.4472135954999579, "objective_cosine_similarity": -0.2716627861776925, "is_tight": 0.0, "dual_solution_value": 0.0, "scaled_age": 0.30985915492957744}, "35": {"bias": -0.4472135954999579, "objective_cosine_similarity": -0.30615964791454237, "is_tight": 0.0, "dual_solution_value": 0.0, "scaled_age": 0.2676056338028169}, "36": {"bias": -0.5773502691896258, "objective_cosine_similarity": -0.23381009925566884, "is_tight": 0.0, "dual_solution_value": 0.0, "scaled_age": 0.04225352112676056}, "37": {"bias": -0.4082482904638631, "objective_cosine_similarity": -0.5077953134160055, "is_tight": 0.0, "dual_solution_value": 0.0, "scaled_age": 0.30985915492957744}, "38": {"bias": -0.5, "objective_cosine_similarity": -0.3519390583339102, "is_tight": 0.0, "dual_solution_value": 0.0, "scaled_age": 0.30985915492957744}, "39": {"bias": -0.5773502691896258, "objective_cosine_similarity": -0.22267628500539888, "is_tight": 0.0, "dual_solution_value": 0.0, "scaled_age": 0.30985915492957744}, "40": {"bias": -0.5, "objective_cosine_similarity": -0.22659090057114767, "is_tight": 0.0, "dual_solution_value": 0.0, "scaled_age": 0.30985915492957744}, "41": {"bias": -0.5773502691896258, "objective_cosine_similarity": -0.2393770063808038, "is_tight": 0.0, "dual_solution_value": 0.0, "scaled_age": 0.2112676056338028}, "42": {"bias": -0.4472135954999579, "objective_cosine_similarity": -0.29322332476322366, "is_tight": 0.0, "dual_solution_value": 0.0, "scaled_age": 0.30985915492957744}, "43": {"bias": -0.4082482904638631, "objective_cosine_similarity": -0.4526857445181444, "is_tight": 0.0, "dual_solution_value": 0.0, "scaled_age": 0.30985915492957744}, "44": {"bias": -0.4082482904638631, "objective_cosine_similarity": -0.3700213911713528, "is_tight": 0.0, "dual_solution_value": 0.0, "scaled_age": 0.30985915492957744}, "45": {"bias": -0.4082482904638631, "objective_cosine_similarity": -0.42513096006921386, "is_tight": 0.0, "dual_solution_value": 0.0, "scaled_age": 0.30985915492957744}, "46": {"bias": -0.4472135954999579, "objective_cosine_similarity": -0.3880896945395607, "is_tight": 0.0, "dual_solution_value": 0.0, "scaled_age": 0.30985915492957744}, "47": {"bias": -0.5773502691896258, "objective_cosine_similarity": -0.3284475203829634, "is_tight": 1.0,