{"0": {"bias": -0.5962847939999439, "objective_cosine_similarity": -0.5779008063157696, "is_tight": 1.0, "dual_solution_value": -6.869657318128434e-05, "scaled_age": 0.0}, "1": {"bias": -0.6625891564490792, "objective_cosine_similarity": -0.6222239921481728, "is_tight": 1.0, "dual_solution_value": -2.1391518147207448e-05, "scaled_age": 0.0}, "2": {"bias": -0.5698028822981898, "objective_cosine_similarity": -0.3135801579228782, "is_tight": 0.0, "dual_solution_value": -0.0, "scaled_age": 0.02247191011235955}, "3": {"bias": -0.8661565422936301, "objective_cosine_similarity": -0.20508299480044812, "is_tight": 0.0, "dual_solution_value": -0.0, "scaled_age": 0.07865168539325842}, "4": {"bias": -0.8512309202614113, "objective_cosine_similarity": -0.19884304906477987, "is_tight": 0.0, "dual_solution_value": -0.0, "scaled_age": 0.011235955056179775}, "5": {"bias": -0.41702882811414954, "objective_cosine_similarity": -0.2795162358812776, "is_tight": 1.0, "dual_solution_value": -5.3130818586477344e-05, "scaled_age": 0.0}, "6": {"bias": -0.8379008067785801, "objective_cosine_similarity": -0.22778917528098253, "is_tight": 0.0, "dual_solution_value": -0.0, "scaled_age": 0.06741573033707865}, "7": {"bias": -0.5353033790313108, "objective_cosine_similarity": -0.5983148643818182, "is_tight": 0.0, "dual_solution_value": -0.0, "scaled_age": 0.11235955056179775}, "8": {"bias": -0.733002274376052, "objective_cosine_similarity": -0.2570522443659406, "is_tight": 0.0, "dual_solution_value": -0.0, "scaled_age": 0.033707865168539325}, "9": {"bias": -0.42320736951515897, "objective_cosine_similarity": -0.7598766046244135, "is_tight": 0.0, "dual_solution_value": -0.0, "scaled_age": 0.07865168539325842}, "10": {"bias": -0.21320071635561041, "objective_cosine_similarity": -0.3534064801921314, "is_tight": 0.0, "dual_solution_value": 0.0, "scaled_age": 0.30337078651685395}, "11": {"bias": -0.22360679774997896, "objective_cosine_similarity": -0.3287556176475655, "is_tight": 0.0, "dual_solution_value": 0.0, "scaled_age": 0.30337078651685395}, "12": {"bias": -0.20412414523193154, "objective_cosine_similarity": -0.3439512554445794, "is_tight": 0.0, "dual_solution_value": 0.0, "scaled_age": 0.30337078651685395}, "13": {"bias": -0.19611613513818404, "objective_cosine_similarity": -0.3722949194798954, "is_tight": 0.0, "dual_solution_value": 0.0, "scaled_age": 0.30337078651685395}, "14": {"bias": -0.18569533817705186, "objective_cosine_similarity": -0.35893663546774035, "is_tight": 0.0, "dual_solution_value": 0.0, "scaled_age": 0.30337078651685395}, "15": {"bias": -0.19245008972987526, "objective_cosine_similarity": -0.318177558135722, "is_tight": 0.0, "dual_solution_value": 0.0, "scaled_age": 0.30337078651685395}, "16": {"bias": -0.2182178902359924, "objective_cosine_similarity": -0.3233489656072012, "is_tight": 1.0, "dual_solution_value": -8.955981803443839e-05, "scaled_age": 0.0}, "17": {"bias": -0.20851441405707477, "objective_cosine_similarity": -0.30115620253015074, "is_tight": 0.0, "dual_solution_value": 0.0, "scaled_age": 0.30337078651685395}, "18": {"bias": -0.22941573387056174, "objective_cosine_similarity": -0.308196087106036, "is_tight": 0.0, "dual_solution_value": 0.0, "scaled_age": 0.30337078651685395}, "19": {"bias": -0.22360679774997896, "objective_cosine_similarity": -0.2891115578724179, "is_tight": 0.0, "dual_solution_value": 0.0, "scaled_age": 0.0898876404494382}, "20": {"bias": -0.20412414523193154, "objective_cosine_similarity": -0.37102013097999537, "is_tight": 0.0, "dual_solution_value": 0.0, "scaled_age": 0.30337078651685395}, "21": {"bias": -0.2, "objective_cosine_similarity": -0.3955233392978759, "is_tight": 0.0, "dual_solution_value": 0.0, "scaled_age": 0.30337078651685395}, "22": {"bias": -0.18257418583505536, "objective_cosine_similarity": -0.3992206175461965, "is_tight": 0.0, "dual_solution_value": 0.0, "scaled_age": 0.30337078651685395}, "23": {"bias": -0.22360679774997896, "objective_cosine_similarity": -0.36485427370298446, "is_tight": 0.0, "dual_solution_value": 0.0, "scaled_age": 0.07865168539325842}, "24": {"bias": -0.21320071635561041, "objective_cosine_similarity": -0.3435725607433069, "is_tight": 1.0, "dual_solution_value": -0.00010352171081778011, "scaled_age": 0.0}, "25": {"bias": -0.22941573387056174, "objective_cosine_similarity": -0.3607746041123233, "is_tight": 0.0, "dual_solution_value": 0.0, "scaled_age": 0.06741573033707865}, "26": {"bias": -0.21320071635561041, "objective_cosine_similarity": -0.28057401427427475, "is_tight": 0.0, "dual_solution_value": 0.0, "scaled_age": 0.30337078651685395}, "27": {"bias": -0.22941573387056174, "objective_cosine_similarity": -0.3329972743731527, "is_tight": 0.0, "dual_solution_value": 0.0, "scaled_age": 0.30337078651685395}, "28": {"bias": -0.19245008972987526, "objective_cosine_similarity": -0.38475350752767784, "is_tight": 0.0, "dual_solution_value": 0.0, "scaled_age": 0.30337078651685395}, "29": {"bias": -0.2182178902359924, "objective_cosine_similarity": -0.2865475755526851, "is_tight": 1.0, "dual_solution_value": -1.8858238386231136e-05, "scaled_age": 0.0}, "30": {"bias": -0.20412414523193154, "objective_cosine_similarity": -0.36748940808407154, "is_tight": 0.0, "dual_solution_value": 0.0, "scaled_age": 0.30337078651685395}, "31": {"bias": -0.24253562503633297, "objective_cosine_similarity": -0.3170814496499731, "is_tight": 0.0, "dual_solution_value": 0.0, "scaled_age": 0.0898876404494382}, "32": {"bias": -0.2886751345948129, "objective_cosine_similarity": -0.18516435924637706, "is_tight": 0.0, "dual_solution_value": 0.0, "scaled_age": 0.056179775280898875}, "33": {"bias": -0.2182178902359924, "objective_cosine_similarity": -0.294096578640791, "is_tight": 1.0, "dual_solution_value": -0.00030293724566833873, "scaled_age": 0.0}, "34": {"bias": -0.21320071635561041, "objective_cosine_similarity": -0.38843981822856877, "is_tight": 0.0, "dual_solution_value": 0.0, "scaled_age": 0.06741573033707865}, "35": {"bias": -0.2182178902359924, "objective_cosine_similarity": -0.3183162968817973, "is_tight": 0.0, "dual_solution_value": 0.0, "scaled_age": 0.23595505617977527}, "36": {"bias": -0.2182178902359924, "objective_cosine_similarity": -0.3381324299880752, "is_tight": 0.0, "dual_solution_value": 0.0, "scaled_age": 0.30337078651685395}, "37": {"bias": -0.19245008972987526, "objective_cosine_similarity": -0.35174293262083306, "is_tight": 0.0, "dual_solution_value": 0.0, "scaled_age": 0.30337078651685395}, "38": {"bias": -0.24253562503633297, "objective_cosine_similarity": -0.23213019026194281, "is_tight": 0.0, "dual_solution_value": 0.0, "scaled_age": 0.30337078651685395}, "39": {"bias": -0.22360679774997896, "objective_cosine_similarity": -0.31715247820118087, "is_tight": 0.0, "dual_solution_value": 0.0, "scaled_age": 0.30337078651685395}, "40": {"bias": -0.20412414523193154, "objective_cosine_similarity": -0.29305000036167755, "is_tight": 0.0, "dual_solution_value": 0.0, "scaled_age": 0.30337078651685395}, "41": {"bias": -0.25, "objective_cosine_similarity": -0.341254193071327, "is_tight": 1.0, "dual_solution_value": -0.0008099125203454781, "scaled_age": 0.0}, "42": {"bias": -0.21320071635561041, "objective_cosine_similarity": -0.2937883435336327, "is_tight": 0.0, "dual_solution_value": 0.0, "scaled_age": 0.30337078651685395}, "43": {"bias": -0.2, "objective_cosine_similarity": -0.3718841892815306, "is_tight": 0.0, "dual_solution_value": 0.0, "scaled_age": 0.1797752808988764}, "44": {"bias": -0.22360679774997896, "objective_cosine_similarity": -0.3364910439451553, "is_tight": 0.0, "dual_solution_value": 0.0, "scaled_age": 0.0449438202247191}, "45": {"bias": -0.20412414523193154, "objective_cosine_similarity": -0.37925848440381765, "is_tight": 0.0, "dual_solution_value": 0.0, "scaled_age": 0.30337078651685395}, "46": {"bias": -0.18569533817705186, "objective_cosine_similarity": -0.41434296174799556, "is_tight": 0.0, "dual_solution_value": 0.0, "scaled_age": 0.30337078651685395},