{"0": {"bias": -0.9045340337332909, "objective_cosine_similarity": -0.5686808538731086, "is_tight": 1.0, "dual_solution_value": -0.00010617279124762864, "scaled_age": 0.0}, "1": {"bias": -1.0, "objective_cosine_similarity": -0.5186053489682475, "is_tight": 1.0, "dual_solution_value": -0.0005189556024250497, "scaled_age": 0.0}, "2": {"bias": -0.9701425001453319, "objective_cosine_similarity": -0.6756297875392197, "is_tight": 1.0, "dual_solution_value": -8.985769889588573e-06, "scaled_age": 0.0}, "3": {"bias": -1.2262786789699316, "objective_cosine_similarity": -0.8795892762874297, "is_tight": 0.0, "dual_solution_value": -0.0, "scaled_age": 0.12}, "4": {"bias": -1.1759401317224893, "objective_cosine_similarity": -0.796738616590611, "is_tight": 0.0, "dual_solution_value": -0.0, "scaled_age": 0.04}, "5": {"bias": -1.2347898130260637, "objective_cosine_similarity": -0.9344671241220828, "is_tight": 1.0, "dual_solution_value": -0.00028326771200805687, "scaled_age": 0.0}, "6": {"bias": -1.158648244043315, "objective_cosine_similarity": -0.9290160095885733, "is_tight": 0.0, "dual_solution_value": -0.0, "scaled_age": 0.01}, "7": {"bias": -0.8944271909999159, "objective_cosine_similarity": -0.39064860263361184, "is_tight": 1.0, "dual_solution_value": -0.006763603472691239, "scaled_age": 0.0}, "8": {"bias": -1.0041580220928046, "objective_cosine_similarity": -0.8037556483175794, "is_tight": 0.0, "dual_solution_value": -0.0, "scaled_age": 0.1}, "9": {"bias": -1.041511287846591, "objective_cosine_similarity": -0.8073710767617818, "is_tight": 0.0, "dual_solution_value": -0.0, "scaled_age": 0.04}, "10": {"bias": -1.266671553526223, "objective_cosine_similarity": -0.9527840709522862, "is_tight": 0.0, "dual_solution_value": -0.0, "scaled_age": 0.09}, "11": {"bias": -1.1288650420603168, "objective_cosine_similarity": -0.9174002428254008, "is_tight": 1.0, "dual_solution_value": -2.7989067690467265e-05, "scaled_age": 0.0}, "12": {"bias": -1.0834726777719228, "objective_cosine_similarity": -0.8695242410307882, "is_tight": 0.0, "dual_solution_value": -0.0, "scaled_age": 0.02}, "13": {"bias": -0.9615239476408232, "objective_cosine_similarity": -0.8357287079456918, "is_tight": 0.0, "dual_solution_value": -0.0, "scaled_age": 0.01}, "14": {"bias": -1.0, "objective_cosine_similarity": -0.7612489130804863, "is_tight": 1.0, "dual_solution_value": -5.085046642773616e-06, "scaled_age": 0.0}, "15": {"bias": -0.6324555320336759, "objective_cosine_similarity": -0.5771975916068451, "is_tight": 1.0, "dual_solution_value": -0.0023968813681232914, "scaled_age": 0.0}, "16": {"bias": -1.294664090983531, "objective_cosine_similarity": -0.876647598742004, "is_tight": 0.0, "dual_solution_value": 0.0, "scaled_age": 0.15}, "17": {"bias": -0.7071067811865475, "objective_cosine_similarity": -0.07989756984127087, "is_tight": 0.0, "dual_solution_value": 0.0, "scaled_age": 0.06}, "18": {"bias": -0.4082482904638631, "objective_cosine_similarity": -0.3033861181108749, "is_tight": 0.0, "dual_solution_value": 0.0, "scaled_age": 0.23}, "19": {"bias": -0.5773502691896258, "objective_cosine_similarity": -0.25843528991471854, "is_tight": 1.0, "dual_solution_value": -0.002509080484608918, "scaled_age": 0.0}, "20": {"bias": -0.5773502691896258, "objective_cosine_similarity": -0.25843528991471854, "is_tight": 0.0, "dual_solution_value": 0.0, "scaled_age": 0.23}, "21": {"bias": -0.4082482904638631, "objective_cosine_similarity": -0.18451553382181865, "is_tight": 0.0, "dual_solution_value": 0.0, "scaled_age": 0.23}, "22": {"bias": -0.5773502691896258, "objective_cosine_similarity": -0.3111259800915058, "is_tight": 1.0, "dual_solution_value": -0.002503243326692003, "scaled_age": 0.0}, "23": {"bias": -0.4472135954999579, "objective_cosine_similarity": -0.32651226488779495, "is_tight": 0.0, "dual_solution_value": 0.0, "scaled_age": 0.23}, "24": {"bias": -0.5, "objective_cosine_similarity": -0.13472150126828777, "is_tight": 0.0, "dual_solution_value": 0.0, "scaled_age": 0.23}, "25": {"bias": -0.4472135954999579, "objective_cosine_similarity": -0.47810724501427115, "is_tight": 0.0, "dual_solution_value": 0.0, "scaled_age": 0.23}, "26": {"bias": -0.7071067811865475, "objective_cosine_similarity": -0.1198463547619063, "is_tight": 1.0, "dual_solution_value": -0.0030729834554334952, "scaled_age": 0.0}, "27": {"bias": -0.5, "objective_cosine_similarity": -0.36505180988826363, "is_tight": 1.0, "dual_solution_value": -2.6590226829362962e-05, "scaled_age": 0.0}, "28": {"bias": -0.4472135954999579, "objective_cosine_similarity": -0.2604324017557412, "is_tight": 0.0, "dual_solution_value": 0.0, "scaled_age": 0.23}, "29": {"bias": -0.4082482904638631, "objective_cosine_similarity": -0.2749991129075182, "is_tight": 0.0, "dual_solution_value": 0.0, "scaled_age": 0.23}, "30": {"bias": -0.4082482904638631, "objective_cosine_similarity": -0.2377411685781125, "is_tight": 0.0, "dual_solution_value": 0.0, "scaled_age": 0.23}, "31": {"bias": -0.3779644730092272, "objective_cosine_similarity": -0.4319982110793072, "is_tight": 0.0, "dual_solution_value": 0.0, "scaled_age": 0.02}, "32": {"bias": -0.7071067811865475, "objective_cosine_similarity": -0.1167733713064728, "is_tight": 0.0, "dual_solution_value": 0.0, "scaled_age": 0.23}, "33": {"bias": -0.5773502691896258, "objective_cosine_similarity": -0.19069011683027776, "is_tight": 0.0, "dual_solution_value": 0.0, "scaled_age": 0.01}, "34": {"bias": -0.7071067811865475, "objective_cosine_similarity": -0.16286812313797525, "is_tight": 1.0, "dual_solution_value": -0.04484650778224755, "scaled_age": 0.0}, "35": {"bias": -0.4082482904638631, "objective_cosine_similarity": -0.6422559927259457, "is_tight": 1.0, "dual_solution_value": -0.041861971082324194, "scaled_age": 0.0}, "36": {"bias": -0.5773502691896258, "objective_cosine_similarity": -0.3111259800915058, "is_tight": 1.0, "dual_solution_value": -0.03763620726913377, "scaled_age": 0.0}, "37": {"bias": -0.5, "objective_cosine_similarity": -0.29551813181430864, "is_tight": 0.0, "dual_solution_value": 0.0, "scaled_age": 0.23}, "38": {"bias": -0.3779644730092272, "objective_cosine_similarity": -0.33180090736889756, "is_tight": 0.0, "dual_solution_value": 0.0, "scaled_age": 0.23}, "39": {"bias": -0.4082482904638631, "objective_cosine_similarity": -0.38499875807052547, "is_tight": 0.0, "dual_solution_value": 0.0, "scaled_age": 0.22}, "40": {"bias": -0.4472135954999579, "objective_cosine_similarity": -0.4528414149931918, "is_tight": 1.0, "dual_solution_value": -4.464105578130326e-05, "scaled_age": 0.0}, "41": {"bias": -0.5, "objective_cosine_similarity": -0.24336787325884243, "is_tight": 0.0, "dual_solution_value": 0.0, "scaled_age": 0.01}, "42": {"bias": -0.3779644730092272, "objective_cosine_similarity": -0.33180090736889756, "is_tight": 0.0, "dual_solution_value": 0.0, "scaled_age": 0.23}, "43": {"bias": -0.4472135954999579, "objective_cosine_similarity": -0.2856982317768206, "is_tight": 0.0, "dual_solution_value": 0.0, "scaled_age": 0.23}, "44": {"bias": -0.5773502691896258, "objective_cosine_similarity": -0.2684716118531542, "is_tight": 0.0, "dual_solution_value": 0.0, "scaled_age": 0.06}, "45": {"bias": -0.7071067811865475, "objective_cosine_similarity": -0.08911652020757135, "is_tight": 0.0, "dual_solution_value": 0.0, "scaled_age": 0.23}, "46": {"bias": -0.7071067811865475, "objective_cosine_similarity": -0.1198463547619063, "is_tight": 0.0, "dual_solution_value": 0.0, "scaled_age": 0.14}, "47": {"bias": -0.4082482904638631, "objective_cosine_similarity": -0.2643539859562594, "is_tight": 0.0, "dual_solution_value": 0.0, "scaled_age": 0.03}, "48": {"bias": -0.5, "objective_cosine_similarity": -0.31072862389298633, "is_tight": 1.0, "dual_solution_value": -0.008967330526429463, "scaled_age": 0.0}, "49": {"bias": -0.5, "objective_cosine_similarity": -0.2824805671754421, "is_tight": 0.0, "dual_solution_value": 0.0, "scaled_age": 0.23}, "50": {"bias": -0.5, "objective_cosine_similarity": -0.33897668061053055, "is_tight": 0.0,