{"0": {"bias": -1.0462287486943735, "objective_cosine_similarity": -0.882563011424601, "is_tight": 0.0, "dual_solution_value": -0.0, "scaled_age": 0.12903225806451613}, "1": {"bias": -0.9428090415820635, "objective_cosine_similarity": -0.7225105236631959, "is_tight": 0.0, "dual_solution_value": -0.0, "scaled_age": 0.12903225806451613}, "2": {"bias": -0.6666666666666666, "objective_cosine_similarity": -0.4871296679348014, "is_tight": 0.0, "dual_solution_value": -0.0, "scaled_age": 0.043010752688172046}, "3": {"bias": -0.5773502691896258, "objective_cosine_similarity": -0.6482341474200684, "is_tight": 0.0, "dual_solution_value": -0.0, "scaled_age": 0.12903225806451613}, "4": {"bias": -0.8574929257125441, "objective_cosine_similarity": -0.8883983729426036, "is_tight": 0.0, "dual_solution_value": -0.0, "scaled_age": 0.11827956989247312}, "5": {"bias": -0.9738528284530324, "objective_cosine_similarity": -0.8487155766722178, "is_tight": 0.0, "dual_solution_value": -0.0, "scaled_age": 0.021505376344086023}, "6": {"bias": -0.9840281113547052, "objective_cosine_similarity": -0.9120764614388176, "is_tight": 0.0, "dual_solution_value": 0.0, "scaled_age": 0.0967741935483871}, "7": {"bias": -0.9088184141337058, "objective_cosine_similarity": -0.9391779225305026, "is_tight": 1.0, "dual_solution_value": -0.0004801814682556037, "scaled_age": 0.0}, "8": {"bias": -1.0352556953368763, "objective_cosine_similarity": -0.9134171926539946, "is_tight": 0.0, "dual_solution_value": 0.0, "scaled_age": 0.021505376344086023}, "9": {"bias": -1.024234101492628, "objective_cosine_similarity": -0.9114020982563658, "is_tight": 1.0, "dual_solution_value": -0.0018611803977000541, "scaled_age": 0.0}, "10": {"bias": -1.0497343633301814, "objective_cosine_similarity": -0.9089895112919604, "is_tight": 1.0, "dual_solution_value": -0.018781523760134745, "scaled_age": 0.0}, "11": {"bias": -1.0025398087993576, "objective_cosine_similarity": -0.9221962873528547, "is_tight": 0.0, "dual_solution_value": 0.0, "scaled_age": 0.07526881720430108}, "12": {"bias": -1.0103971831189333, "objective_cosine_similarity": -0.926770831146022, "is_tight": 1.0, "dual_solution_value": -0.007058698281162444, "scaled_age": 0.0}, "13": {"bias": -1.0853365654318754, "objective_cosine_similarity": -0.871738254850097, "is_tight": 0.0, "dual_solution_value": 0.0, "scaled_age": 0.021505376344086023}, "14": {"bias": -0.7071067811865475, "objective_cosine_similarity": -0.12601927738311552, "is_tight": 1.0, "dual_solution_value": -0.00840128515887437, "scaled_age": 0.0}, "15": {"bias": -0.35355339059327373, "objective_cosine_similarity": -0.49567582437358776, "is_tight": 0.0, "dual_solution_value": 0.0, "scaled_age": 0.24731182795698925}, "16": {"bias": -0.3779644730092272, "objective_cosine_similarity": -0.5343904214426417, "is_tight": 0.0, "dual_solution_value": 0.0, "scaled_age": 0.24731182795698925}, "17": {"bias": -0.5773502691896258, "objective_cosine_similarity": -0.18520975640573384, "is_tight": 0.0, "dual_solution_value": 0.0, "scaled_age": 0.24731182795698925}, "18": {"bias": -0.4082482904638631, "objective_cosine_similarity": -0.48504842480149263, "is_tight": 0.0, "dual_solution_value": 0.0, "scaled_age": 0.24731182795698925}, "19": {"bias": -0.4082482904638631, "objective_cosine_similarity": -0.392889224089209, "is_tight": 0.0, "dual_solution_value": 0.0, "scaled_age": 0.24731182795698925}, "20": {"bias": -0.5773502691896258, "objective_cosine_similarity": -0.4390157188876654, "is_tight": 1.0, "dual_solution_value": -0.08231544729143726, "scaled_age": 0.0}, "21": {"bias": -0.5, "objective_cosine_similarity": -0.3861393709239279, "is_tight": 1.0, "dual_solution_value": -0.007012651308677448, "scaled_age": 0.0}, "22": {"bias": -0.4082482904638631, "objective_cosine_similarity": -0.4462445508173732, "is_tight": 0.0, "dual_solution_value": 0.0, "scaled_age": 0.24731182795698925}, "23": {"bias": -0.3779644730092272, "objective_cosine_similarity": -0.525409069821757, "is_tight": 0.0, "dual_solution_value": 0.0, "scaled_age": 0.24731182795698925}, "24": {"bias": -0.7071067811865475, "objective_cosine_similarity": -0.20163084381298485, "is_tight": 0.0, "dual_solution_value": 0.0, "scaled_age": 0.12903225806451613}, "25": {"bias": -0.5, "objective_cosine_similarity": -0.25544604538044463, "is_tight": 0.0, "dual_solution_value": 0.0, "scaled_age": 0.24731182795698925}, "26": {"bias": -0.5, "objective_cosine_similarity": -0.30297089103262037, "is_tight": 0.0, "dual_solution_value": 0.0, "scaled_age": 0.24731182795698925}, "27": {"bias": -0.3779644730092272, "objective_cosine_similarity": -0.3143473067309657, "is_tight": 0.0, "dual_solution_value": 0.0, "scaled_age": 0.24731182795698925}, "28": {"bias": -0.3779644730092272, "objective_cosine_similarity": -0.4266142019920249, "is_tight": 0.0, "dual_solution_value": 0.0, "scaled_age": 0.24731182795698925}, "29": {"bias": -0.31622776601683794, "objective_cosine_similarity": -0.4734032867828009, "is_tight": 0.0, "dual_solution_value": 0.0, "scaled_age": 0.24731182795698925}, "30": {"bias": -0.4082482904638631, "objective_cosine_similarity": -0.460796003561418, "is_tight": 0.0, "dual_solution_value": 0.0, "scaled_age": 0.24731182795698925}, "31": {"bias": -0.31622776601683794, "objective_cosine_similarity": -0.6086613687207441, "is_tight": 0.0, "dual_solution_value": 0.0, "scaled_age": 0.24731182795698925}, "32": {"bias": -0.3779644730092272, "objective_cosine_similarity": -0.5029556907695452, "is_tight": 0.0, "dual_solution_value": 0.0, "scaled_age": 0.24731182795698925}, "33": {"bias": -0.4082482904638631, "objective_cosine_similarity": -0.3201319603689851, "is_tight": 0.0, "dual_solution_value": 0.0, "scaled_age": 0.24731182795698925}, "34": {"bias": -0.31622776601683794, "objective_cosine_similarity": -0.4358315973555945, "is_tight": 0.0, "dual_solution_value": 0.0, "scaled_age": 0.24731182795698925}, "35": {"bias": -0.4472135954999579, "objective_cosine_similarity": -0.5897917595163992, "is_tight": 0.0, "dual_solution_value": 0.0, "scaled_age": 0.15053763440860216}, "36": {"bias": -0.5773502691896258, "objective_cosine_similarity": -0.30182330673526997, "is_tight": 0.0, "dual_solution_value": 0.0, "scaled_age": 0.06451612903225806}, "37": {"bias": -0.5, "objective_cosine_similarity": -0.3920799766304499, "is_tight": 0.0, "dual_solution_value": 0.0, "scaled_age": 0.24731182795698925}, "38": {"bias": -0.35355339059327373, "objective_cosine_similarity": -0.5964912462800802, "is_tight": 0.0, "dual_solution_value": 0.0, "scaled_age": 0.24731182795698925}, "39": {"bias": -0.4082482904638631, "objective_cosine_similarity": -0.4898989090495075, "is_tight": 0.0, "dual_solution_value": 0.0, "scaled_age": 0.24731182795698925}, "40": {"bias": -0.4082482904638631, "objective_cosine_similarity": -0.3589358343531045, "is_tight": 0.0, "dual_solution_value": 0.0, "scaled_age": 0.24731182795698925}, "41": {"bias": -0.4082482904638631, "objective_cosine_similarity": -0.40259019258523887, "is_tight": 0.0, "dual_solution_value": 0.0, "scaled_age": 0.24731182795698925}, "42": {"bias": -0.5, "objective_cosine_similarity": -0.23762422826087873, "is_tight": 0.0, "dual_solution_value": 0.0, "scaled_age": 0.24731182795698925}, "43": {"bias": -0.3779644730092272, "objective_cosine_similarity": -0.4176328503711402, "is_tight": 0.0, "dual_solution_value": 0.0, "scaled_age": 0.24731182795698925}, "44": {"bias": -0.4472135954999579, "objective_cosine_similarity": -0.27629884229597074, "is_tight": 0.0, "dual_solution_value": 0.0, "scaled_age": 0.24731182795698925}, "45": {"bias": -0.7071067811865475, "objective_cosine_similarity": -0.2184334141307336, "is_tight": 1.0, "dual_solution_value": -0.03728322985021699, "scaled_age": 0.0}, "46": {"bias": -0.5, "objective_cosine_similarity": -0.44554542798914765, "is_tight": 1.0, "dual_solution_value": -0.0004444408166897136, "scaled_age": 0.0}, "47": {"bias": -0.4472135954999579, "objective_cosine_similarity": -0.2231644495467456, "is_tight": 0.0,