{"0": {"bias": -0.6708203932499369, "objective_cosine_similarity": -0.6649982355010802, "is_tight": 0.0, "dual_solution_value": -0.0, "scaled_age": 0.02040816326530612}, "1": {"bias": -0.7071067811865475, "objective_cosine_similarity": -0.5245667202029571, "is_tight": 1.0, "dual_solution_value": -0.0, "scaled_age": 0.02040816326530612}, "2": {"bias": -1.1952286093343936, "objective_cosine_similarity": -0.8427379474923584, "is_tight": 1.0, "dual_solution_value": -0.00023180907534469349, "scaled_age": 0.0}, "3": {"bias": -0.9486832980505138, "objective_cosine_similarity": -0.7276546534696062, "is_tight": 0.0, "dual_solution_value": -0.0, "scaled_age": 0.030612244897959183}, "4": {"bias": -1.2041511155196618, "objective_cosine_similarity": -0.8952876060192846, "is_tight": 0.0, "dual_solution_value": -0.0, "scaled_age": 0.030612244897959183}, "5": {"bias": -1.1438656525730524, "objective_cosine_similarity": -0.9557889305243568, "is_tight": 0.0, "dual_solution_value": -0.0, "scaled_age": 0.05102040816326531}, "6": {"bias": -0.8017837257372732, "objective_cosine_similarity": -0.6895500928863536, "is_tight": 1.0, "dual_solution_value": -7.355065797906934e-05, "scaled_age": 0.0}, "7": {"bias": -0.6030226891555273, "objective_cosine_similarity": -0.47308463938294626, "is_tight": 0.0, "dual_solution_value": -0.0, "scaled_age": 0.09183673469387756}, "8": {"bias": -0.964300326701619, "objective_cosine_similarity": -0.9222633611152073, "is_tight": 0.0, "dual_solution_value": -0.0, "scaled_age": 0.061224489795918366}, "9": {"bias": -0.7559289460184544, "objective_cosine_similarity": -0.33250108524579686, "is_tight": 0.0, "dual_solution_value": -0.0, "scaled_age": 0.09183673469387756}, "10": {"bias": -1.0980626697936045, "objective_cosine_similarity": -0.9534527791653931, "is_tight": 0.0, "dual_solution_value": -0.0, "scaled_age": 0.061224489795918366}, "11": {"bias": -1.2851791288604197, "objective_cosine_similarity": -0.9345259566094565, "is_tight": 0.0, "dual_solution_value": -0.0, "scaled_age": 0.08163265306122448}, "12": {"bias": -1.171590190358594, "objective_cosine_similarity": -0.9646804046316874, "is_tight": 0.0, "dual_solution_value": -0.0, "scaled_age": 0.12244897959183673}, "13": {"bias": -1.147638083514009, "objective_cosine_similarity": -0.9547617690629181, "is_tight": 0.0, "dual_solution_value": -0.0, "scaled_age": 0.07142857142857142}, "14": {"bias": -0.7559289460184544, "objective_cosine_similarity": -0.38460946427685455, "is_tight": 1.0, "dual_solution_value": -0.003647659016294887, "scaled_age": 0.0}, "15": {"bias": -1.1577162148085702, "objective_cosine_similarity": -0.9664832481185894, "is_tight": 0.0, "dual_solution_value": -0.0, "scaled_age": 0.15306122448979592}, "16": {"bias": -0.7071067811865475, "objective_cosine_similarity": -0.6963275046941909, "is_tight": 1.0, "dual_solution_value": -0.004693502140348526, "scaled_age": 0.0}, "17": {"bias": -1.1790850254565368, "objective_cosine_similarity": -0.9597571543483774, "is_tight": 0.0, "dual_solution_value": 0.0, "scaled_age": 0.02040816326530612}, "18": {"bias": -1.2003955449368906, "objective_cosine_similarity": -0.9594327709838956, "is_tight": 1.0, "dual_solution_value": -0.00037172287975582944, "scaled_age": 0.0}, "19": {"bias": -0.4082482904638631, "objective_cosine_similarity": -0.3725430483121806, "is_tight": 0.0, "dual_solution_value": 0.0, "scaled_age": 0.04081632653061224}, "20": {"bias": -0.4472135954999579, "objective_cosine_similarity": -0.5402193171399503, "is_tight": 1.0, "dual_solution_value": -0.018696165763056057, "scaled_age": 0.0}, "21": {"bias": -0.5773502691896258, "objective_cosine_similarity": -0.5192747778003844, "is_tight": 1.0, "dual_solution_value": -0.06583210441042317, "scaled_age": 0.0}, "22": {"bias": -0.4082482904638631, "objective_cosine_similarity": -0.35646205342100734, "is_tight": 0.0, "dual_solution_value": 0.0, "scaled_age": 0.22448979591836735}, "23": {"bias": -0.4082482904638631, "objective_cosine_similarity": -0.05896364793430196, "is_tight": 0.0, "dual_solution_value": 0.0, "scaled_age": 0.22448979591836735}, "24": {"bias": -0.5, "objective_cosine_similarity": -0.17069100550526958, "is_tight": 0.0, "dual_solution_value": 0.0, "scaled_age": 0.22448979591836735}, "25": {"bias": -0.5, "objective_cosine_similarity": -0.29214422096094217, "is_tight": 0.0, "dual_solution_value": 0.0, "scaled_age": 0.22448979591836735}, "26": {"bias": -0.3779644730092272, "objective_cosine_similarity": -0.4640127085146568, "is_tight": 0.0, "dual_solution_value": 0.0, "scaled_age": 0.1326530612244898}, "27": {"bias": -0.4082482904638631, "objective_cosine_similarity": -0.3108992345626831, "is_tight": 0.0, "dual_solution_value": 0.0, "scaled_age": 0.22448979591836735}, "28": {"bias": -0.5, "objective_cosine_similarity": -0.18710360218846858, "is_tight": 0.0, "dual_solution_value": 0.0, "scaled_age": 0.22448979591836735}, "29": {"bias": -0.5773502691896258, "objective_cosine_similarity": -0.14403242011981465, "is_tight": 0.0, "dual_solution_value": 0.0, "scaled_age": 0.08163265306122448}, "30": {"bias": -0.4082482904638631, "objective_cosine_similarity": -0.40738520390972266, "is_tight": 0.0, "dual_solution_value": 0.0, "scaled_age": 0.22448979591836735}, "31": {"bias": -0.5773502691896258, "objective_cosine_similarity": -0.4510488945857354, "is_tight": 1.0, "dual_solution_value": -0.004094996025366583, "scaled_age": 0.0}, "32": {"bias": -0.5773502691896258, "objective_cosine_similarity": -0.32217778184695384, "is_tight": 1.0, "dual_solution_value": -0.025985089387571523, "scaled_age": 0.0}, "33": {"bias": -0.4082482904638631, "objective_cosine_similarity": -0.5413934946694998, "is_tight": 1.0, "dual_solution_value": -2.2494208406975524e-05, "scaled_age": 0.0}, "34": {"bias": -0.5, "objective_cosine_similarity": -0.33809949167389935, "is_tight": 0.0, "dual_solution_value": 0.0, "scaled_age": 0.22448979591836735}, "35": {"bias": -0.4472135954999579, "objective_cosine_similarity": -0.3024053786163852, "is_tight": 0.0, "dual_solution_value": 0.0, "scaled_age": 0.22448979591836735}, "36": {"bias": -0.7071067811865475, "objective_cosine_similarity": -0.2970997353361881, "is_tight": 1.0, "dual_solution_value": -0.005822891987960853, "scaled_age": 0.0}, "37": {"bias": -0.5773502691896258, "objective_cosine_similarity": -0.3183874550016956, "is_tight": 0.0, "dual_solution_value": 0.0, "scaled_age": 0.02040816326530612}, "38": {"bias": -0.5, "objective_cosine_similarity": -0.37092468504029735, "is_tight": 1.0, "dual_solution_value": -0.008496100321241784, "scaled_age": 0.0}, "39": {"bias": -0.7071067811865475, "objective_cosine_similarity": -0.1299811342095823, "is_tight": 0.0, "dual_solution_value": 0.0, "scaled_age": 0.22448979591836735}, "40": {"bias": -0.5, "objective_cosine_similarity": -0.25275398892126455, "is_tight": 0.0, "dual_solution_value": 0.0, "scaled_age": 0.08163265306122448}, "41": {"bias": -0.5773502691896258, "objective_cosine_similarity": -0.049274248988357645, "is_tight": 0.0, "dual_solution_value": 0.0, "scaled_age": 0.22448979591836735}, "42": {"bias": -0.5773502691896258, "objective_cosine_similarity": -0.14403242011981465, "is_tight": 0.0, "dual_solution_value": 0.0, "scaled_age": 0.05102040816326531}, "43": {"bias": -0.4082482904638631, "objective_cosine_similarity": -0.44490752532246025, "is_tight": 0.0, "dual_solution_value": 0.0, "scaled_age": 0.22448979591836735}, "44": {"bias": -0.5, "objective_cosine_similarity": -0.20679871820830736, "is_tight": 0.0, "dual_solution_value": 0.0, "scaled_age": 0.22448979591836735}, "45": {"bias": -0.5773502691896258, "objective_cosine_similarity": -0.1743550348818809, "is_tight": 1.0, "dual_solution_value": -0.0005146449197006376, "scaled_age": 0.0}, "46": {"bias": -0.5, "objective_cosine_similarity": -0.25603650825790436, "is_tight": 1.0, "dual_solution_value": -0.0001779429130530189, "scaled_age": 0.0}, "47": {"bias": -0.5773502691896258, "objective_cosine_similarity": -0.3297584355374704, "is_tight": 1.0,