{"0": {"bias": -1.2543630150106362, "objective_cosine_similarity": -0.9119408263820213, "is_tight": 0.0, "dual_solution_value": -0.0, "scaled_age": 0.025974025974025976}, "1": {"bias": -0.6666666666666666, "objective_cosine_similarity": -0.41110971725983314, "is_tight": 0.0, "dual_solution_value": -0.0, "scaled_age": 0.12987012987012986}, "2": {"bias": -0.7071067811865476, "objective_cosine_similarity": -0.6789339240432226, "is_tight": 0.0, "dual_solution_value": -0.0, "scaled_age": 0.14285714285714285}, "3": {"bias": -1.1823951337971519, "objective_cosine_similarity": -0.8810456090748587, "is_tight": 0.0, "dual_solution_value": -0.0, "scaled_age": 0.07792207792207792}, "4": {"bias": -0.8944271909999159, "objective_cosine_similarity": -0.283038171206404, "is_tight": 1.0, "dual_solution_value": -0.0035607300889501283, "scaled_age": 0.0}, "5": {"bias": -1.1638287479252927, "objective_cosine_similarity": -0.8982953659695081, "is_tight": 0.0, "dual_solution_value": -0.0, "scaled_age": 0.05194805194805195}, "6": {"bias": -1.1288650420603168, "objective_cosine_similarity": -0.9289380781572901, "is_tight": 0.0, "dual_solution_value": -0.0, "scaled_age": 0.025974025974025976}, "7": {"bias": -1.097786007054824, "objective_cosine_similarity": -0.9011788323475043, "is_tight": 1.0, "dual_solution_value": -3.383352110645923e-07, "scaled_age": 0.0}, "8": {"bias": -1.15, "objective_cosine_similarity": -0.9144486539838789, "is_tight": 1.0, "dual_solution_value": -1.3589494179361657e-05, "scaled_age": 0.0}, "9": {"bias": -0.6666666666666666, "objective_cosine_similarity": -0.42192839402982873, "is_tight": 0.0, "dual_solution_value": -0.0, "scaled_age": 0.05194805194805195}, "10": {"bias": -1.2916414280346677, "objective_cosine_similarity": -0.8259329588008009, "is_tight": 0.0, "dual_solution_value": -0.0, "scaled_age": 0.06493506493506493}, "11": {"bias": -1.2462801659701095, "objective_cosine_similarity": -0.8565805383651, "is_tight": 0.0, "dual_solution_value": -0.0, "scaled_age": 0.1038961038961039}, "12": {"bias": -0.8340576562282991, "objective_cosine_similarity": -0.7816520414824923, "is_tight": 1.0, "dual_solution_value": -0.0005343261353602262, "scaled_age": 0.0}, "13": {"bias": -1.214746786823312, "objective_cosine_similarity": -0.890665985929635, "is_tight": 1.0, "dual_solution_value": -1.1179444976257244e-05, "scaled_age": 0.0}, "14": {"bias": -1.2421742782484828, "objective_cosine_similarity": -0.9329321737436185, "is_tight": 0.0, "dual_solution_value": 0.0, "scaled_age": 0.09090909090909091}, "15": {"bias": -1.2949989477177535, "objective_cosine_similarity": -0.9290292843371675, "is_tight": 0.0, "dual_solution_value": 0.0, "scaled_age": 0.14285714285714285}, "16": {"bias": -1.2267919250808597, "objective_cosine_similarity": -0.9245171975792921, "is_tight": 0.0, "dual_solution_value": 0.0, "scaled_age": 0.06493506493506493}, "17": {"bias": -0.4082482904638631, "objective_cosine_similarity": -0.3511281505663293, "is_tight": 0.0, "dual_solution_value": 0.0, "scaled_age": 0.16883116883116883}, "18": {"bias": -0.5773502691896258, "objective_cosine_similarity": -0.13116948485408284, "is_tight": 0.0, "dual_solution_value": 0.0, "scaled_age": 0.19480519480519481}, "19": {"bias": -0.4082482904638631, "objective_cosine_similarity": -0.4240038044574543, "is_tight": 0.0, "dual_solution_value": 0.0, "scaled_age": 0.24675324675324675}, "20": {"bias": -0.4472135954999579, "objective_cosine_similarity": -0.19594950314289508, "is_tight": 0.0, "dual_solution_value": 0.0, "scaled_age": 0.24675324675324675}, "21": {"bias": -0.3779644730092272, "objective_cosine_similarity": -0.5090898952715555, "is_tight": 0.0, "dual_solution_value": 0.0, "scaled_age": 0.24675324675324675}, "22": {"bias": -0.3779644730092272, "objective_cosine_similarity": -0.5029562820755127, "is_tight": 1.0, "dual_solution_value": -0.002771201466104754, "scaled_age": 0.0}, "23": {"bias": -0.4082482904638631, "objective_cosine_similarity": -0.44056645306907355, "is_tight": 0.0, "dual_solution_value": 0.0, "scaled_age": 0.24675324675324675}, "24": {"bias": -0.5, "objective_cosine_similarity": -0.3164462955223715, "is_tight": 1.0, "dual_solution_value": -0.000392972778265594, "scaled_age": 0.0}, "25": {"bias": -0.5, "objective_cosine_similarity": -0.21502120080366272, "is_tight": 0.0, "dual_solution_value": 0.0, "scaled_age": 0.24675324675324675}, "26": {"bias": -0.5, "objective_cosine_similarity": -0.21502120080366272, "is_tight": 0.0, "dual_solution_value": 0.0, "scaled_age": 0.24675324675324675}, "27": {"bias": -0.4472135954999579, "objective_cosine_similarity": -0.2721520876984654, "is_tight": 0.0, "dual_solution_value": 0.0, "scaled_age": 0.24675324675324675}, "28": {"bias": -0.4082482904638631, "objective_cosine_similarity": -0.49025439890393147, "is_tight": 1.0, "dual_solution_value": -1.2921504435779895e-05, "scaled_age": 0.0}, "29": {"bias": -0.4472135954999579, "objective_cosine_similarity": -0.38101292277785154, "is_tight": 0.0, "dual_solution_value": 0.0, "scaled_age": 0.24675324675324675}, "30": {"bias": -0.5, "objective_cosine_similarity": -0.2961612765786298, "is_tight": 1.0, "dual_solution_value": -0.013552457685865483, "scaled_age": 0.0}, "31": {"bias": -0.7071067811865475, "objective_cosine_similarity": -0.08032457692905733, "is_tight": 0.0, "dual_solution_value": 0.0, "scaled_age": 0.012987012987012988}, "32": {"bias": -0.3779644730092272, "objective_cosine_similarity": -0.3066806598021419, "is_tight": 0.0, "dual_solution_value": 0.0, "scaled_age": 0.24675324675324675}, "33": {"bias": -0.5, "objective_cosine_similarity": -0.36918734477610016, "is_tight": 1.0, "dual_solution_value": -0.00011931718438352995, "scaled_age": 0.0}, "34": {"bias": -0.4472135954999579, "objective_cosine_similarity": -0.16691994712172542, "is_tight": 0.0, "dual_solution_value": 0.0, "scaled_age": 0.24675324675324675}, "35": {"bias": -0.35355339059327373, "objective_cosine_similarity": -0.3671980659614049, "is_tight": 0.0, "dual_solution_value": 0.0, "scaled_age": 0.24675324675324675}, "36": {"bias": -0.4472135954999579, "objective_cosine_similarity": -0.18143472513231026, "is_tight": 0.0, "dual_solution_value": 0.0, "scaled_age": 0.24675324675324675}, "37": {"bias": -0.5, "objective_cosine_similarity": -0.21907820459241106, "is_tight": 0.0, "dual_solution_value": 0.0, "scaled_age": 0.24675324675324675}, "38": {"bias": -0.5773502691896258, "objective_cosine_similarity": -0.22486197403557057, "is_tight": 0.0, "dual_solution_value": 0.0, "scaled_age": 0.23376623376623376}, "39": {"bias": -0.5773502691896258, "objective_cosine_similarity": -0.23423122295371934, "is_tight": 1.0, "dual_solution_value": -0.017097298509142607, "scaled_age": 0.0}, "40": {"bias": -0.3779644730092272, "objective_cosine_similarity": -0.3802840181546559, "is_tight": 0.0, "dual_solution_value": 0.0, "scaled_age": 0.24675324675324675}, "41": {"bias": -0.5, "objective_cosine_similarity": -0.23936322353615283, "is_tight": 1.0, "dual_solution_value": -4.6533580242408114e-05, "scaled_age": 0.0}, "42": {"bias": -0.4082482904638631, "objective_cosine_similarity": -0.2252520211180226, "is_tight": 0.0, "dual_solution_value": 0.0, "scaled_age": 0.24675324675324675}, "43": {"bias": -0.4472135954999579, "objective_cosine_similarity": -0.46084420183606806, "is_tight": 0.0, "dual_solution_value": 0.0, "scaled_age": 0.15584415584415584}, "44": {"bias": -0.4472135954999579, "objective_cosine_similarity": -0.283038171206404, "is_tight": 0.0, "dual_solution_value": 0.0, "scaled_age": 0.23376623376623376}, "45": {"bias": -0.5773502691896258, "objective_cosine_similarity": -0.09837711364056212, "is_tight": 0.0, "dual_solution_value": 0.0, "scaled_age": 0.24675324675324675}, "46": {"bias": -0.4472135954999579, "objective_cosine_similarity": -0.2685233931958192, "is_tight": 0.0, "dual_solution_value": 0.0, "scaled_age": 0.24675324675324675}, "47": {"bias": -0.3779644730092272, "objective_cosine_similarity": -0.19014200907732795, "is_tight": 0.0,