{"0": {"bias": -1.5155444566227678, "objective_cosine_similarity": -0.9167450142230815, "is_tight": 0.0, "dual_solution_value": -0.0, "scaled_age": 0.04}, "1": {"bias": -1.2572371141874243, "objective_cosine_similarity": -0.8246782441623605, "is_tight": 1.0, "dual_solution_value": -0.00013642037261373828, "scaled_age": 0.02666666666666667}, "2": {"bias": -1.435609838973005, "objective_cosine_similarity": -0.9411490763405632, "is_tight": 1.0, "dual_solution_value": -0.00018486561255894325, "scaled_age": 0.0}, "3": {"bias": -0.7559289460184544, "objective_cosine_similarity": -0.5733921866220162, "is_tight": 1.0, "dual_solution_value": -0.011551084010378094, "scaled_age": 0.0}, "4": {"bias": -1.0, "objective_cosine_similarity": -0.5056843765031306, "is_tight": 1.0, "dual_solution_value": -0.002952354206345034, "scaled_age": 0.0}, "5": {"bias": -1.0606601717798212, "objective_cosine_similarity": -0.4124006890361579, "is_tight": 1.0, "dual_solution_value": -0.0052674588293440735, "scaled_age": 0.0}, "6": {"bias": -1.2004900959975617, "objective_cosine_similarity": -0.8313955668820168, "is_tight": 1.0, "dual_solution_value": -0.00011180324049975508, "scaled_age": 0.06666666666666667}, "7": {"bias": -1.310556084991557, "objective_cosine_similarity": -0.8559496901702898, "is_tight": 0.0, "dual_solution_value": -0.0, "scaled_age": 0.06666666666666667}, "8": {"bias": -1.2909944487358056, "objective_cosine_similarity": -0.5449002166954778, "is_tight": 1.0, "dual_solution_value": -0.001117752323752459, "scaled_age": 0.0}, "9": {"bias": -0.4472135954999579, "objective_cosine_similarity": -0.24725616150317062, "is_tight": 0.0, "dual_solution_value": 0.0, "scaled_age": 0.3333333333333333}, "10": {"bias": -0.4082482904638631, "objective_cosine_similarity": -0.3771058021916159, "is_tight": 0.0, "dual_solution_value": 0.0, "scaled_age": 0.25333333333333335}, "11": {"bias": -0.4472135954999579, "objective_cosine_similarity": -0.2985165852294377, "is_tight": 0.0, "dual_solution_value": 0.0, "scaled_age": 0.02666666666666667}, "12": {"bias": -0.5773502691896258, "objective_cosine_similarity": -0.2880642507537496, "is_tight": 1.0, "dual_solution_value": -0.0035178041194883544, "scaled_age": 0.0}, "13": {"bias": -0.3779644730092272, "objective_cosine_similarity": -0.3822614577480108, "is_tight": 0.0, "dual_solution_value": 0.0, "scaled_age": 0.3333333333333333}, "14": {"bias": -0.5, "objective_cosine_similarity": -0.38432012614237926, "is_tight": 0.0, "dual_solution_value": 0.0, "scaled_age": 0.12}, "15": {"bias": -0.4082482904638631, "objective_cosine_similarity": -0.4238999528285317, "is_tight": 0.0, "dual_solution_value": 0.0, "scaled_age": 0.24}, "16": {"bias": -0.7071067811865475, "objective_cosine_similarity": -0.1525644167532607, "is_tight": 1.0, "dual_solution_value": -0.053520340291308845, "scaled_age": 0.0}, "17": {"bias": -0.5, "objective_cosine_similarity": -0.1719326880110644, "is_tight": 0.0, "dual_solution_value": 0.0, "scaled_age": 0.3333333333333333}, "18": {"bias": -0.5, "objective_cosine_similarity": -0.2629558757816279, "is_tight": 0.0, "dual_solution_value": 0.0, "scaled_age": 0.3333333333333333}, "19": {"bias": -0.5773502691896258, "objective_cosine_similarity": -0.08953348334238163, "is_tight": 0.0, "dual_solution_value": 0.0, "scaled_age": 0.3333333333333333}, "20": {"bias": -0.5, "objective_cosine_similarity": -0.4146611887325671, "is_tight": 1.0, "dual_solution_value": 0.0, "scaled_age": 0.3333333333333333}, "21": {"bias": -0.5773502691896258, "objective_cosine_similarity": -0.22578008842861455, "is_tight": 0.0, "dual_solution_value": 0.0, "scaled_age": 0.3333333333333333}, "22": {"bias": -0.5, "objective_cosine_similarity": -0.1651902296576893, "is_tight": 0.0, "dual_solution_value": 0.0, "scaled_age": 0.3333333333333333}, "23": {"bias": -0.3333333333333333, "objective_cosine_similarity": -0.2584609035460445, "is_tight": 0.0, "dual_solution_value": 0.0, "scaled_age": 0.3333333333333333}, "24": {"bias": -0.4472135954999579, "objective_cosine_similarity": -0.4130987088528582, "is_tight": 1.0, "dual_solution_value": -0.014055588404654627, "scaled_age": 0.0}, "25": {"bias": -0.5773502691896258, "objective_cosine_similarity": -0.36981221380548934, "is_tight": 1.0, "dual_solution_value": -8.909561800648418e-05, "scaled_age": 0.08}, "26": {"bias": -0.5, "objective_cosine_similarity": -0.45174470967612995, "is_tight": 1.0, "dual_solution_value": -0.02576154719188578, "scaled_age": 0.0}, "27": {"bias": -0.5, "objective_cosine_similarity": -0.313524313431941, "is_tight": 0.0, "dual_solution_value": 0.0, "scaled_age": 0.17333333333333334}, "28": {"bias": -0.5, "objective_cosine_similarity": -0.34723660519881633, "is_tight": 0.0, "dual_solution_value": 0.0, "scaled_age": 0.22666666666666666}, "29": {"bias": -0.5, "objective_cosine_similarity": -0.23935727154481515, "is_tight": 0.0, "dual_solution_value": 0.0, "scaled_age": 0.3333333333333333}, "30": {"bias": -0.5773502691896258, "objective_cosine_similarity": -0.1362466050862329, "is_tight": 0.0, "dual_solution_value": 0.0, "scaled_age": 0.0}, "31": {"bias": -0.5773502691896258, "objective_cosine_similarity": -0.2491366493005402, "is_tight": 1.0, "dual_solution_value": -0.007785520290641881, "scaled_age": 0.0}, "32": {"bias": -0.5773502691896258, "objective_cosine_similarity": -0.17517420653944232, "is_tight": 0.0, "dual_solution_value": 0.0, "scaled_age": 0.3333333333333333}, "33": {"bias": -0.4472135954999579, "objective_cosine_similarity": -0.28042467097310814, "is_tight": 0.0, "dual_solution_value": 0.0, "scaled_age": 0.2}, "34": {"bias": -0.5773502691896258, "objective_cosine_similarity": -0.3464556529335637, "is_tight": 0.0, "dual_solution_value": 0.0, "scaled_age": 0.14666666666666667}, "35": {"bias": -0.5, "objective_cosine_similarity": -0.1078793336540012, "is_tight": 0.0, "dual_solution_value": 0.0, "scaled_age": 0.3333333333333333}, "36": {"bias": -0.5, "objective_cosine_similarity": -0.28992570919512817, "is_tight": 0.0, "dual_solution_value": 0.0, "scaled_age": 0.3333333333333333}, "37": {"bias": -0.5, "objective_cosine_similarity": -0.4753433139129427, "is_tight": 1.0, "dual_solution_value": -0.0005127877452961341, "scaled_age": 0.0}, "38": {"bias": -0.5, "objective_cosine_similarity": -0.32026677178531604, "is_tight": 0.0, "dual_solution_value": 0.0, "scaled_age": 0.0}, "39": {"bias": -0.7071067811865475, "objective_cosine_similarity": -0.2193113490828123, "is_tight": 1.0, "dual_solution_value": -0.0010415558959660026, "scaled_age": 0.08}, "40": {"bias": -0.5, "objective_cosine_similarity": -0.25958464660494035, "is_tight": 1.0, "dual_solution_value": -0.005057069810866263, "scaled_age": 0.0}, "41": {"bias": -0.35355339059327373, "objective_cosine_similarity": -0.4171683270596973, "is_tight": 0.0, "dual_solution_value": 0.0, "scaled_age": 0.3333333333333333}, "42": {"bias": -0.5773502691896258, "objective_cosine_similarity": -0.1829597268300842, "is_tight": 0.0, "dual_solution_value": 0.0, "scaled_age": 0.013333333333333334}, "43": {"bias": -0.35355339059327373, "objective_cosine_similarity": -0.27652300536528507, "is_tight": 0.0, "dual_solution_value": 0.0, "scaled_age": 0.3333333333333333}, "44": {"bias": -0.5, "objective_cosine_similarity": -0.12473547953743888, "is_tight": 0.0, "dual_solution_value": 0.0, "scaled_age": 0.0}, "45": {"bias": -0.7071067811865475, "objective_cosine_similarity": -0.1620996928003395, "is_tight": 0.0, "dual_solution_value": 0.0, "scaled_age": 0.21333333333333335}, "46": {"bias": -0.4082482904638631, "objective_cosine_similarity": -0.1596506315847717, "is_tight": 0.0, "dual_solution_value": 0.0, "scaled_age": 0.3333333333333333}, "47": {"bias": -0.7071067811865475, "objective_cosine_similarity": -0.2288466251298911, "is_tight": 1.0, "dual_solution_value": -0.01907055209415759, "scaled_age": 0.0}, "48": {"bias": -0.4472135954999579, "objective_cosine_similarity": -0.2985165852294377, "is_tight": 0.0, "dual_solution_value": 0.0, "scaled_age": 0.3333333333333333},