{"0": {"bias": -0.7427813527082074, "objective_cosine_similarity": -0.6932359790273457, "is_tight": 0.0, "dual_solution_value": -0.0, "scaled_age": 0.009174311926605505}, "1": {"bias": -1.260785425058934, "objective_cosine_similarity": -0.9269542668164849, "is_tight": 0.0, "dual_solution_value": -0.0, "scaled_age": 0.07339449541284404}, "2": {"bias": -1.1860574396030241, "objective_cosine_similarity": -0.9251733225905973, "is_tight": 0.0, "dual_solution_value": -0.0, "scaled_age": 0.045871559633027525}, "3": {"bias": -1.2613396802408248, "objective_cosine_similarity": -0.9124857731487556, "is_tight": 1.0, "dual_solution_value": -1.8007060923391035e-10, "scaled_age": 0.0}, "4": {"bias": -0.9467292624062575, "objective_cosine_similarity": -0.7785390678025321, "is_tight": 0.0, "dual_solution_value": -0.0, "scaled_age": 0.01834862385321101}, "5": {"bias": -0.9733285267845753, "objective_cosine_similarity": -0.7756381837513263, "is_tight": 1.0, "dual_solution_value": -4.4681912677611493e-05, "scaled_age": 0.0}, "6": {"bias": -1.2163503593625118, "objective_cosine_similarity": -0.946779960450361, "is_tight": 0.0, "dual_solution_value": -0.0, "scaled_age": 0.045871559633027525}, "7": {"bias": -1.2603922360077393, "objective_cosine_similarity": -0.9453843396814083, "is_tight": 1.0, "dual_solution_value": -7.618089736114255e-06, "scaled_age": 0.0}, "8": {"bias": -1.1141720290623114, "objective_cosine_similarity": -0.9056505931139299, "is_tight": 0.0, "dual_solution_value": -0.0, "scaled_age": 0.08256880733944955}, "9": {"bias": -1.0973452814254347, "objective_cosine_similarity": -0.9171004852269113, "is_tight": 0.0, "dual_solution_value": -0.0, "scaled_age": 0.027522935779816515}, "10": {"bias": -1.227873487255654, "objective_cosine_similarity": -0.9520108710057344, "is_tight": 0.0, "dual_solution_value": 0.0, "scaled_age": 0.06422018348623854}, "11": {"bias": -1.2350534106045163, "objective_cosine_similarity": -0.9553742606300529, "is_tight": 1.0, "dual_solution_value": -0.019263704229222824, "scaled_age": 0.0}, "12": {"bias": -1.2112381020737737, "objective_cosine_similarity": -0.944612268525263, "is_tight": 1.0, "dual_solution_value": -0.0033184388802389273, "scaled_age": 0.0}, "13": {"bias": -0.5, "objective_cosine_similarity": -0.22614516329782902, "is_tight": 0.0, "dual_solution_value": 0.0, "scaled_age": 0.11009174311926606}, "14": {"bias": -0.3779644730092272, "objective_cosine_similarity": -0.43687139151052007, "is_tight": 0.0, "dual_solution_value": 0.0, "scaled_age": 0.21100917431192662}, "15": {"bias": -0.4082482904638631, "objective_cosine_similarity": -0.20516305847335523, "is_tight": 0.0, "dual_solution_value": 0.0, "scaled_age": 0.01834862385321101}, "16": {"bias": -0.7071067811865475, "objective_cosine_similarity": -0.21321170466724537, "is_tight": 1.0, "dual_solution_value": -0.04031288488626955, "scaled_age": 0.0}, "17": {"bias": -0.4472135954999579, "objective_cosine_similarity": -0.3563811512936998, "is_tight": 0.0, "dual_solution_value": 0.0, "scaled_age": 0.01834862385321101}, "18": {"bias": -0.4472135954999579, "objective_cosine_similarity": -0.20227038316669446, "is_tight": 0.0, "dual_solution_value": 0.0, "scaled_age": 0.21100917431192662}, "19": {"bias": -0.7071067811865475, "objective_cosine_similarity": -0.07107056822241513, "is_tight": 1.0, "dual_solution_value": -0.00011401850297239105, "scaled_age": 0.0}, "20": {"bias": -0.5773502691896258, "objective_cosine_similarity": -0.19066630671977586, "is_tight": 0.0, "dual_solution_value": 0.0, "scaled_age": 0.21100917431192662}, "21": {"bias": -0.5, "objective_cosine_similarity": -0.3625501824298529, "is_tight": 1.0, "dual_solution_value": -0.00012588914466837262, "scaled_age": 0.0}, "22": {"bias": -0.5, "objective_cosine_similarity": -0.19742831716477138, "is_tight": 0.0, "dual_solution_value": 0.0, "scaled_age": 0.21100917431192662}, "23": {"bias": -0.4082482904638631, "objective_cosine_similarity": -0.3165372902160338, "is_tight": 0.0, "dual_solution_value": 0.0, "scaled_age": 0.2018348623853211}, "24": {"bias": -0.35355339059327373, "objective_cosine_similarity": -0.33504696447709986, "is_tight": 0.0, "dual_solution_value": 0.0, "scaled_age": 0.21100917431192662}, "25": {"bias": -0.4082482904638631, "objective_cosine_similarity": -0.19343945513202065, "is_tight": 0.0, "dual_solution_value": 0.0, "scaled_age": 0.21100917431192662}, "26": {"bias": -0.4472135954999579, "objective_cosine_similarity": -0.2632725622169674, "is_tight": 0.0, "dual_solution_value": 0.0, "scaled_age": 0.21100917431192662}, "27": {"bias": -0.35355339059327373, "objective_cosine_similarity": -0.3299704953183559, "is_tight": 0.0, "dual_solution_value": 0.0, "scaled_age": 0.21100917431192662}, "28": {"bias": -0.5, "objective_cosine_similarity": -0.17948028833161034, "is_tight": 0.0, "dual_solution_value": 0.0, "scaled_age": 0.01834862385321101}, "29": {"bias": -0.3779644730092272, "objective_cosine_similarity": -0.3934556010498473, "is_tight": 0.0, "dual_solution_value": 0.0, "scaled_age": 0.21100917431192662}, "30": {"bias": -0.4082482904638631, "objective_cosine_similarity": -0.3165372902160338, "is_tight": 1.0, "dual_solution_value": -0.003868305375875753, "scaled_age": 0.0}, "31": {"bias": -0.5773502691896258, "objective_cosine_similarity": -0.15750694902938006, "is_tight": 0.0, "dual_solution_value": 0.0, "scaled_age": 0.21100917431192662}, "32": {"bias": -0.5773502691896258, "objective_cosine_similarity": -0.14507218989548162, "is_tight": 0.0, "dual_solution_value": 0.0, "scaled_age": 0.045871559633027525}, "33": {"bias": -0.5, "objective_cosine_similarity": -0.44870072082902585, "is_tight": 1.0, "dual_solution_value": -0.05361913241548967, "scaled_age": 0.0}, "34": {"bias": -0.5, "objective_cosine_similarity": -0.40921505739607156, "is_tight": 1.0, "dual_solution_value": -1.2548532530622852e-05, "scaled_age": 0.0}, "35": {"bias": -0.4472135954999579, "objective_cosine_similarity": -0.2119023061746323, "is_tight": 0.0, "dual_solution_value": 0.0, "scaled_age": 0.21100917431192662}, "36": {"bias": -0.5, "objective_cosine_similarity": -0.1507634421985527, "is_tight": 0.0, "dual_solution_value": 0.0, "scaled_age": 0.21100917431192662}, "37": {"bias": -0.35355339059327373, "objective_cosine_similarity": -0.2766675691515446, "is_tight": 0.0, "dual_solution_value": 0.0, "scaled_age": 0.21100917431192662}, "38": {"bias": -0.5, "objective_cosine_similarity": -0.13281541336539165, "is_tight": 1.0, "dual_solution_value": -0.0001268209145262326, "scaled_age": 0.0}, "39": {"bias": -0.4082482904638631, "objective_cosine_similarity": -0.41618791861737775, "is_tight": 1.0, "dual_solution_value": -0.011320894111651858, "scaled_age": 0.0}, "40": {"bias": -0.5, "objective_cosine_similarity": -0.1579426537318171, "is_tight": 0.0, "dual_solution_value": 0.0, "scaled_age": 0.1651376146788991}, "41": {"bias": -0.3779644730092272, "objective_cosine_similarity": -0.29034309870574937, "is_tight": 0.0, "dual_solution_value": 0.0, "scaled_age": 0.21100917431192662}, "42": {"bias": -0.7071067811865475, "objective_cosine_similarity": -0.17767642055603783, "is_tight": 0.0, "dual_solution_value": 0.0, "scaled_age": 0.009174311926605505}, "43": {"bias": -0.5, "objective_cosine_similarity": -0.12204659606549503, "is_tight": 0.0, "dual_solution_value": 0.0, "scaled_age": 0.21100917431192662}, "44": {"bias": -0.3779644730092272, "objective_cosine_similarity": -0.3934556010498473, "is_tight": 1.0, "dual_solution_value": -0.006350394209663402, "scaled_age": 0.0}, "45": {"bias": -0.7071067811865475, "objective_cosine_similarity": -0.15737054392106206, "is_tight": 1.0, "dual_solution_value": -0.02616414577817516, "scaled_age": 0.0}, "46": {"bias": -0.4082482904638631, "objective_cosine_similarity": -0.2960209843686983, "is_tight": 1.0, "dual_solution_value": -2.4331116515989827e-05, "scaled_age": 0.0}, "47": {"bias": -0.4082482904638631, "objective_cosine_similarity": -0.3429153977340366, "is_tight": 0.0, "dual_solution_value": 0.0,