{"0": {"bias": -0.659828879073858, "objective_cosine_similarity": -0.44780016564072284, "is_tight": 0.0, "dual_solution_value": -0.0, "scaled_age": 0.14285714285714285}, "1": {"bias": -0.7651872815218755, "objective_cosine_similarity": -0.506849145961824, "is_tight": 0.0, "dual_solution_value": -0.0, "scaled_age": 0.031746031746031744}, "2": {"bias": -0.7594681091880818, "objective_cosine_similarity": -0.5188924752817926, "is_tight": 0.0, "dual_solution_value": -0.0, "scaled_age": 0.0}, "3": {"bias": -0.693687975619296, "objective_cosine_similarity": -0.4820690067969374, "is_tight": 0.0, "dual_solution_value": -0.0, "scaled_age": 0.1111111111111111}, "4": {"bias": -0.6099942813304187, "objective_cosine_similarity": -0.310514426743053, "is_tight": 0.0, "dual_solution_value": -0.0, "scaled_age": 0.047619047619047616}, "5": {"bias": -0.47140452079103173, "objective_cosine_similarity": -0.21112573458906744, "is_tight": 0.0, "dual_solution_value": -0.0, "scaled_age": 0.07936507936507936}, "6": {"bias": -0.8341820119413337, "objective_cosine_similarity": -0.415615238377469, "is_tight": 0.0, "dual_solution_value": -0.0, "scaled_age": 0.1746031746031746}, "7": {"bias": -0.5222329678670935, "objective_cosine_similarity": -0.38203404120935824, "is_tight": 1.0, "dual_solution_value": -0.0005531055021946975, "scaled_age": 0.0}, "8": {"bias": -0.7943123510912204, "objective_cosine_similarity": -0.417326749864343, "is_tight": 1.0, "dual_solution_value": -0.0008666482707957166, "scaled_age": 0.0}, "9": {"bias": -0.47140452079103173, "objective_cosine_similarity": -0.265478594457006, "is_tight": 1.0, "dual_solution_value": -0.0019642904694160816, "scaled_age": 0.0}, "10": {"bias": -0.7183437824321186, "objective_cosine_similarity": -0.419158081306159, "is_tight": 0.0, "dual_solution_value": -0.0, "scaled_age": 0.031746031746031744}, "11": {"bias": -0.6510307670169275, "objective_cosine_similarity": -0.42085053267064526, "is_tight": 0.0, "dual_solution_value": -0.0, "scaled_age": 0.06349206349206349}, "12": {"bias": -0.24253562503633297, "objective_cosine_similarity": -0.18604830443577347, "is_tight": 0.0, "dual_solution_value": 0.0, "scaled_age": 0.4126984126984127}, "13": {"bias": -0.22360679774997896, "objective_cosine_similarity": -0.33989916460473174, "is_tight": 0.0, "dual_solution_value": 0.0, "scaled_age": 0.4126984126984127}, "14": {"bias": -0.2581988897471611, "objective_cosine_similarity": -0.17133104185537945, "is_tight": 0.0, "dual_solution_value": 0.0, "scaled_age": 0.4126984126984127}, "15": {"bias": -0.24253562503633297, "objective_cosine_similarity": -0.22333405869897552, "is_tight": 0.0, "dual_solution_value": 0.0, "scaled_age": 0.0}, "16": {"bias": -0.2773500981126146, "objective_cosine_similarity": -0.18751970536915089, "is_tight": 0.0, "dual_solution_value": 0.0, "scaled_age": 0.4126984126984127}, "17": {"bias": -0.2886751345948129, "objective_cosine_similarity": -0.24046131402579698, "is_tight": 0.0, "dual_solution_value": 0.0, "scaled_age": 0.4126984126984127}, "18": {"bias": -0.2886751345948129, "objective_cosine_similarity": -0.19517669744843408, "is_tight": 0.0, "dual_solution_value": 0.0, "scaled_age": 0.4126984126984127}, "19": {"bias": -0.2773500981126146, "objective_cosine_similarity": -0.28062693726937893, "is_tight": 1.0, "dual_solution_value": -0.0017403220915930477, "scaled_age": 0.0}, "20": {"bias": -0.2672612419124244, "objective_cosine_similarity": -0.1995649432120035, "is_tight": 1.0, "dual_solution_value": -9.403225705896431e-07, "scaled_age": 0.4126984126984127}, "21": {"bias": -0.31622776601683794, "objective_cosine_similarity": -0.27630994292236966, "is_tight": 1.0, "dual_solution_value": 0.0, "scaled_age": 0.19047619047619047}, "22": {"bias": -0.2581988897471611, "objective_cosine_similarity": -0.2328968063045938, "is_tight": 0.0, "dual_solution_value": 0.0, "scaled_age": 0.3492063492063492}, "23": {"bias": -0.21320071635561041, "objective_cosine_similarity": -0.3638805755131972, "is_tight": 0.0, "dual_solution_value": 0.0, "scaled_age": 0.4126984126984127}, "24": {"bias": -0.22941573387056174, "objective_cosine_similarity": -0.2576781179564693, "is_tight": 0.0, "dual_solution_value": 0.0, "scaled_age": 0.4126984126984127}, "25": {"bias": -0.25, "objective_cosine_similarity": -0.29844615179398615, "is_tight": 0.0, "dual_solution_value": 0.0, "scaled_age": 0.4126984126984127}, "26": {"bias": -0.31622776601683794, "objective_cosine_similarity": -0.14336368672273758, "is_tight": 0.0, "dual_solution_value": 0.0, "scaled_age": 0.4126984126984127}, "27": {"bias": -0.25, "objective_cosine_similarity": -0.30236791462964957, "is_tight": 0.0, "dual_solution_value": 0.0, "scaled_age": 0.4126984126984127}, "28": {"bias": -0.2581988897471611, "objective_cosine_similarity": -0.27299556078138476, "is_tight": 1.0, "dual_solution_value": -0.0013396856860043117, "scaled_age": 0.0}, "29": {"bias": -0.24253562503633297, "objective_cosine_similarity": -0.29067669650088124, "is_tight": 0.0, "dual_solution_value": 0.0, "scaled_age": 0.1746031746031746}, "30": {"bias": -0.2886751345948129, "objective_cosine_similarity": -0.23819708319692884, "is_tight": 0.0, "dual_solution_value": 0.0, "scaled_age": 0.4126984126984127}, "31": {"bias": -0.23570226039551587, "objective_cosine_similarity": -0.29320964541003586, "is_tight": 0.0, "dual_solution_value": 0.0, "scaled_age": 0.4126984126984127}, "32": {"bias": -0.31622776601683794, "objective_cosine_similarity": -0.25597114999630655, "is_tight": 1.0, "dual_solution_value": -0.0009921362402957618, "scaled_age": 0.0}, "33": {"bias": -0.23570226039551587, "objective_cosine_similarity": -0.27176429933969276, "is_tight": 0.0, "dual_solution_value": 0.0, "scaled_age": 0.4126984126984127}, "34": {"bias": -0.30151134457776363, "objective_cosine_similarity": -0.2000715527797599, "is_tight": 0.0, "dual_solution_value": 0.0, "scaled_age": 0.4126984126984127}, "35": {"bias": -0.22360679774997896, "objective_cosine_similarity": -0.32236050802038024, "is_tight": 0.0, "dual_solution_value": 0.0, "scaled_age": 0.4126984126984127}, "36": {"bias": -0.35355339059327373, "objective_cosine_similarity": -0.18025183119469415, "is_tight": 1.0, "dual_solution_value": -0.0012913222680092154, "scaled_age": 0.0}, "37": {"bias": -0.23570226039551587, "objective_cosine_similarity": -0.27287354137781394, "is_tight": 0.0, "dual_solution_value": 0.0, "scaled_age": 0.4126984126984127}, "38": {"bias": -0.21320071635561041, "objective_cosine_similarity": -0.32776007720857836, "is_tight": 0.0, "dual_solution_value": 0.0, "scaled_age": 0.4126984126984127}, "39": {"bias": -0.4082482904638631, "objective_cosine_similarity": -0.18508172370935339, "is_tight": 1.0, "dual_solution_value": -0.008325475460974374, "scaled_age": 0.0}, "40": {"bias": -0.22360679774997896, "objective_cosine_similarity": -0.3539300898722129, "is_tight": 0.0, "dual_solution_value": 0.0, "scaled_age": 0.25396825396825395}, "41": {"bias": -0.31622776601683794, "objective_cosine_similarity": -0.17064743333087104, "is_tight": 0.0, "dual_solution_value": 0.0, "scaled_age": 0.4126984126984127}, "42": {"bias": -0.2672612419124244, "objective_cosine_similarity": -0.31737534036026605, "is_tight": 1.0, "dual_solution_value": 0.0, "scaled_age": 0.031746031746031744}, "43": {"bias": -0.2886751345948129, "objective_cosine_similarity": -0.2535938528332322, "is_tight": 1.0, "dual_solution_value": -0.001245350099273351, "scaled_age": 0.0}, "44": {"bias": -0.2672612419124244, "objective_cosine_similarity": -0.30899025871270286, "is_tight": 0.0, "dual_solution_value": 0.0, "scaled_age": 0.4126984126984127}, "45": {"bias": -0.3333333333333333, "objective_cosine_similarity": -0.193473633226062, "is_tight": 1.0, "dual_solution_value": -0.0008539456414521644, "scaled_age": 0.14285714285714285}, "46": {"bias": -0.31622776601683794, "objective_cosine_similarity": -0.3174835968946438, "is_tight": 1.0, "dual_solution_value": -0.006285147241336756, "scaled_age": 0.0},