{"0": {"bias": -1.2271439821557926, "objective_cosine_similarity": -0.8893886805720416, "is_tight": 0.0, "dual_solution_value": -0.0, "scaled_age": 0.16417910447761194}, "1": {"bias": -1.302434289526359, "objective_cosine_similarity": -0.8907863428144647, "is_tight": 0.0, "dual_solution_value": -0.0, "scaled_age": 0.08955223880597014}, "2": {"bias": -1.203858530857692, "objective_cosine_similarity": -0.7844374383702714, "is_tight": 0.0, "dual_solution_value": -0.0, "scaled_age": 0.14925373134328357}, "3": {"bias": -1.05999788000636, "objective_cosine_similarity": -0.9193374208505993, "is_tight": 1.0, "dual_solution_value": -0.0005756251791535011, "scaled_age": 0.0}, "4": {"bias": -1.3127849234810511, "objective_cosine_similarity": -0.8180344088311777, "is_tight": 0.0, "dual_solution_value": -0.0, "scaled_age": 0.07462686567164178}, "5": {"bias": -1.0674899923282326, "objective_cosine_similarity": -0.7629378070039933, "is_tight": 0.0, "dual_solution_value": -0.0, "scaled_age": 0.14925373134328357}, "6": {"bias": -0.6666666666666666, "objective_cosine_similarity": -0.37774068084248247, "is_tight": 1.0, "dual_solution_value": -0.001999384829802131, "scaled_age": 0.0}, "7": {"bias": -1.25, "objective_cosine_similarity": -0.8314050922804356, "is_tight": 0.0, "dual_solution_value": -0.0, "scaled_age": 0.029850746268656716}, "8": {"bias": -0.8219949365267865, "objective_cosine_similarity": -0.7409681211848559, "is_tight": 0.0, "dual_solution_value": -0.0, "scaled_age": 0.1044776119402985}, "9": {"bias": -0.917662935482247, "objective_cosine_similarity": -0.7444852223208215, "is_tight": 1.0, "dual_solution_value": -1.652793099586731e-05, "scaled_age": 0.0}, "10": {"bias": -1.157765646554918, "objective_cosine_similarity": -0.7990825595978299, "is_tight": 1.0, "dual_solution_value": -1.5292907020557325e-06, "scaled_age": 0.0}, "11": {"bias": -1.2440000011235712, "objective_cosine_similarity": -0.8835232829367762, "is_tight": 1.0, "dual_solution_value": -0.00014343227137636228, "scaled_age": 0.0}, "12": {"bias": -1.225397160953533, "objective_cosine_similarity": -0.8949698066938802, "is_tight": 0.0, "dual_solution_value": 0.0, "scaled_age": 0.14925373134328357}, "13": {"bias": -1.209163689376093, "objective_cosine_similarity": -0.8923799902814551, "is_tight": 0.0, "dual_solution_value": 0.0, "scaled_age": 0.11940298507462686}, "14": {"bias": -1.2554591627898393, "objective_cosine_similarity": -0.8858720633981952, "is_tight": 1.0, "dual_solution_value": -0.0043057066760987354, "scaled_age": 0.0}, "15": {"bias": -0.3779644730092272, "objective_cosine_similarity": -0.2896011532991641, "is_tight": 0.0, "dual_solution_value": 0.0, "scaled_age": 0.26865671641791045}, "16": {"bias": -0.5, "objective_cosine_similarity": -0.2833055106318619, "is_tight": 1.0, "dual_solution_value": -0.007043250533158564, "scaled_age": 0.0}, "17": {"bias": -0.35355339059327373, "objective_cosine_similarity": -0.386995819450025, "is_tight": 0.0, "dual_solution_value": 0.0, "scaled_age": 0.26865671641791045}, "18": {"bias": -0.35355339059327373, "objective_cosine_similarity": -0.3756135894662007, "is_tight": 0.0, "dual_solution_value": 0.0, "scaled_age": 0.26865671641791045}, "19": {"bias": -0.3779644730092272, "objective_cosine_similarity": -0.2725657913403897, "is_tight": 0.0, "dual_solution_value": 0.0, "scaled_age": 0.26865671641791045}, "20": {"bias": -0.3779644730092272, "objective_cosine_similarity": -0.2652649219294864, "is_tight": 0.0, "dual_solution_value": 0.0, "scaled_age": 0.26865671641791045}, "21": {"bias": -0.4472135954999579, "objective_cosine_similarity": -0.1670111002274622, "is_tight": 0.0, "dual_solution_value": 0.0, "scaled_age": 0.16417910447761194}, "22": {"bias": -0.4472135954999579, "objective_cosine_similarity": -0.19868561923611883, "is_tight": 0.0, "dual_solution_value": 0.0, "scaled_age": 0.014925373134328358}, "23": {"bias": -0.4472135954999579, "objective_cosine_similarity": -0.290829674534029, "is_tight": 0.0, "dual_solution_value": 0.0, "scaled_age": 0.26865671641791045}, "24": {"bias": -0.4082482904638631, "objective_cosine_similarity": -0.3022905430764018, "is_tight": 1.0, "dual_solution_value": -0.003673782601822835, "scaled_age": 0.0}, "25": {"bias": -0.35355339059327373, "objective_cosine_similarity": -0.23447393766677985, "is_tight": 0.0, "dual_solution_value": 0.0, "scaled_age": 0.26865671641791045}, "26": {"bias": -0.5773502691896258, "objective_cosine_similarity": -0.17100135431831032, "is_tight": 0.0, "dual_solution_value": 0.0, "scaled_age": 0.014925373134328358}, "27": {"bias": -0.4472135954999579, "objective_cosine_similarity": -0.31386568835850653, "is_tight": 1.0, "dual_solution_value": -0.00404553582802983, "scaled_age": 0.0}, "28": {"bias": -0.5, "objective_cosine_similarity": -0.24145356019760955, "is_tight": 0.0, "dual_solution_value": 0.0, "scaled_age": 0.26865671641791045}, "29": {"bias": -0.5, "objective_cosine_similarity": -0.13199461290802655, "is_tight": 1.0, "dual_solution_value": -6.362189235928136e-06, "scaled_age": 0.0}, "30": {"bias": -0.5, "objective_cosine_similarity": -0.3927644579214449, "is_tight": 1.0, "dual_solution_value": -0.05049110871701189, "scaled_age": 0.0}, "31": {"bias": -0.3333333333333333, "objective_cosine_similarity": -0.3713019192372129, "is_tight": 0.0, "dual_solution_value": 0.0, "scaled_age": 0.26865671641791045}, "32": {"bias": -0.4472135954999579, "objective_cosine_similarity": -0.45496127303343153, "is_tight": 1.0, "dual_solution_value": -0.03131178243029671, "scaled_age": 0.0}, "33": {"bias": -0.5, "objective_cosine_similarity": -0.2768667490265923, "is_tight": 0.0, "dual_solution_value": 0.0, "scaled_age": 0.014925373134328358}, "34": {"bias": -0.5, "objective_cosine_similarity": -0.22213727538180078, "is_tight": 0.0, "dual_solution_value": 0.0, "scaled_age": 0.26865671641791045}, "35": {"bias": -0.5773502691896258, "objective_cosine_similarity": -0.27137171446166636, "is_tight": 1.0, "dual_solution_value": -0.02628324812077306, "scaled_age": 0.0}, "36": {"bias": -0.4472135954999579, "objective_cosine_similarity": -0.15261359158716373, "is_tight": 0.0, "dual_solution_value": 0.0, "scaled_age": 0.26865671641791045}, "37": {"bias": -0.3779644730092272, "objective_cosine_similarity": -0.2652649219294864, "is_tight": 0.0, "dual_solution_value": 0.0, "scaled_age": 0.26865671641791045}, "38": {"bias": -0.4082482904638631, "objective_cosine_similarity": -0.3259480638389028, "is_tight": 0.0, "dual_solution_value": 0.0, "scaled_age": 0.07462686567164178}, "39": {"bias": -0.5, "objective_cosine_similarity": -0.17062718253964407, "is_tight": 0.0, "dual_solution_value": 0.0, "scaled_age": 0.11940298507462686}, "40": {"bias": -0.35355339059327373, "objective_cosine_similarity": -0.2982144255761957, "is_tight": 0.0, "dual_solution_value": 0.0, "scaled_age": 0.26865671641791045}, "41": {"bias": -0.4082482904638631, "objective_cosine_similarity": -0.3758917187819605, "is_tight": 0.0, "dual_solution_value": 0.0, "scaled_age": 0.26865671641791045}, "42": {"bias": -0.7071067811865475, "objective_cosine_similarity": -0.14113965179942087, "is_tight": 1.0, "dual_solution_value": -0.03314467552141901, "scaled_age": 0.0}, "43": {"bias": -0.5, "objective_cosine_similarity": -0.3702287923030013, "is_tight": 1.0, "dual_solution_value": -0.007464755894206271, "scaled_age": 0.0}, "44": {"bias": -0.4082482904638631, "objective_cosine_similarity": -0.5546374312097458, "is_tight": 1.0, "dual_solution_value": -0.033106230519386125, "scaled_age": 0.0}, "45": {"bias": -0.5, "objective_cosine_similarity": -0.296183033842401, "is_tight": 0.0, "dual_solution_value": 0.0, "scaled_age": 0.19402985074626866}, "46": {"bias": -0.4472135954999579, "objective_cosine_similarity": -0.22748063651671577, "is_tight": 0.0, "dual_solution_value": 0.0, "scaled_age": 0.029850746268656716}, "47": {"bias": -0.4472135954999579, "objective_cosine_similarity": -0.35417871255134226, "is_tight": 1.0, "dual_solution_value": -0.023026122776556118,