{"0": {"bias": -1.0327955589886444, "objective_cosine_similarity": -0.8739982331395684, "is_tight": 1.0, "dual_solution_value": -1.0005414071287347e-05, "scaled_age": 0.0}, "1": {"bias": -0.6666666666666666, "objective_cosine_similarity": -0.6959141755710945, "is_tight": 0.0, "dual_solution_value": -0.0, "scaled_age": 0.13636363636363635}, "2": {"bias": -0.8017837257372732, "objective_cosine_similarity": -0.8342503855761879, "is_tight": 1.0, "dual_solution_value": -0.0, "scaled_age": 0.07575757575757576}, "3": {"bias": -0.6708203932499369, "objective_cosine_similarity": -0.8883432087501186, "is_tight": 0.0, "dual_solution_value": -0.0, "scaled_age": 0.15151515151515152}, "4": {"bias": -1.0010800729742553, "objective_cosine_similarity": -0.9625278996251357, "is_tight": 1.0, "dual_solution_value": -4.300151766501617e-07, "scaled_age": 0.0}, "5": {"bias": -1.0196206148422098, "objective_cosine_similarity": -0.9716077041180037, "is_tight": 0.0, "dual_solution_value": -0.0, "scaled_age": 0.06060606060606061}, "6": {"bias": -0.9574790930672958, "objective_cosine_similarity": -0.9500337563472276, "is_tight": 1.0, "dual_solution_value": -0.015753613046626463, "scaled_age": 0.0}, "7": {"bias": -1.1099277238372645, "objective_cosine_similarity": -0.9619948713653218, "is_tight": 1.0, "dual_solution_value": -0.0055010935341069985, "scaled_age": 0.0}, "8": {"bias": -0.5773502691896258, "objective_cosine_similarity": -0.1989426996751577, "is_tight": 0.0, "dual_solution_value": 0.0, "scaled_age": 0.3333333333333333}, "9": {"bias": -0.5773502691896258, "objective_cosine_similarity": -0.3393728406223278, "is_tight": 1.0, "dual_solution_value": -0.010986798613944476, "scaled_age": 0.0}, "10": {"bias": -0.7071067811865475, "objective_cosine_similarity": -0.10032813869974268, "is_tight": 1.0, "dual_solution_value": -0.014332591242820382, "scaled_age": 0.0}, "11": {"bias": -0.4082482904638631, "objective_cosine_similarity": -0.34754686731354334, "is_tight": 0.0, "dual_solution_value": 0.0, "scaled_age": 0.3333333333333333}, "12": {"bias": -0.4082482904638631, "objective_cosine_similarity": -0.38892149437467943, "is_tight": 0.0, "dual_solution_value": 0.0, "scaled_age": 0.3333333333333333}, "13": {"bias": -0.5, "objective_cosine_similarity": -0.1418854144368251, "is_tight": 0.0, "dual_solution_value": 0.0, "scaled_age": 0.3333333333333333}, "14": {"bias": -0.4082482904638631, "objective_cosine_similarity": -0.23997283695458946, "is_tight": 0.0, "dual_solution_value": 0.0, "scaled_age": 0.3333333333333333}, "15": {"bias": -0.4082482904638631, "objective_cosine_similarity": -0.3558217927257706, "is_tight": 0.0, "dual_solution_value": 0.0, "scaled_age": 0.3333333333333333}, "16": {"bias": -0.4472135954999579, "objective_cosine_similarity": -0.4351068777551601, "is_tight": 0.0, "dual_solution_value": 0.0, "scaled_age": 0.3333333333333333}, "17": {"bias": -0.5, "objective_cosine_similarity": -0.4661949331495681, "is_tight": 0.0, "dual_solution_value": 0.0, "scaled_age": 0.3333333333333333}, "18": {"bias": -0.5, "objective_cosine_similarity": -0.3040401737931966, "is_tight": 0.0, "dual_solution_value": 0.0, "scaled_age": 0.3333333333333333}, "19": {"bias": -0.4082482904638631, "objective_cosine_similarity": -0.36409671813799777, "is_tight": 0.0, "dual_solution_value": 0.0, "scaled_age": 0.3333333333333333}, "20": {"bias": -0.35355339059327373, "objective_cosine_similarity": -0.5661373540914051, "is_tight": 0.0, "dual_solution_value": 0.0, "scaled_age": 0.3333333333333333}, "21": {"bias": -0.5773502691896258, "objective_cosine_similarity": -0.3042653053855353, "is_tight": 0.0, "dual_solution_value": 0.0, "scaled_age": 0.30303030303030304}, "22": {"bias": -0.35355339059327373, "objective_cosine_similarity": -0.4729755110130726, "is_tight": 0.0, "dual_solution_value": 0.0, "scaled_age": 0.3333333333333333}, "23": {"bias": -0.4082482904638631, "objective_cosine_similarity": -0.45512089767249725, "is_tight": 0.0, "dual_solution_value": 0.0, "scaled_age": 0.3333333333333333}, "24": {"bias": -0.4082482904638631, "objective_cosine_similarity": -0.38892149437467943, "is_tight": 0.0, "dual_solution_value": 0.0, "scaled_age": 0.3333333333333333}, "25": {"bias": -0.5, "objective_cosine_similarity": -0.4661949331495681, "is_tight": 0.0, "dual_solution_value": 0.0, "scaled_age": 0.22727272727272727}, "26": {"bias": -0.4082482904638631, "objective_cosine_similarity": -0.5709698534436783, "is_tight": 0.0, "dual_solution_value": 0.0, "scaled_age": 0.18181818181818182}, "27": {"bias": -0.5773502691896258, "objective_cosine_similarity": -0.2925627936399378, "is_tight": 1.0, "dual_solution_value": -0.007520471100817154, "scaled_age": 0.0}, "28": {"bias": -0.4082482904638631, "objective_cosine_similarity": -0.4882205993214061, "is_tight": 0.0, "dual_solution_value": 0.0, "scaled_age": 0.3333333333333333}, "29": {"bias": -0.5773502691896258, "objective_cosine_similarity": -0.3159678171311328, "is_tight": 0.0, "dual_solution_value": 0.0, "scaled_age": 0.3333333333333333}, "30": {"bias": -0.4082482904638631, "objective_cosine_similarity": -0.5295952263825422, "is_tight": 0.0, "dual_solution_value": 0.0, "scaled_age": 0.045454545454545456}, "31": {"bias": -0.5, "objective_cosine_similarity": -0.3952522259311556, "is_tight": 0.0, "dual_solution_value": 0.0, "scaled_age": 0.045454545454545456}, "32": {"bias": -0.4472135954999579, "objective_cosine_similarity": -0.4623010576148576, "is_tight": 0.0, "dual_solution_value": 0.0, "scaled_age": 0.3333333333333333}, "33": {"bias": -0.4472135954999579, "objective_cosine_similarity": -0.48949523747455514, "is_tight": 0.0, "dual_solution_value": 0.0, "scaled_age": 0.3333333333333333}, "34": {"bias": -0.5773502691896258, "objective_cosine_similarity": -0.3159678171311328, "is_tight": 0.0, "dual_solution_value": 0.0, "scaled_age": 0.3333333333333333}, "35": {"bias": -0.5773502691896258, "objective_cosine_similarity": -0.22234772316635273, "is_tight": 0.0, "dual_solution_value": 0.0, "scaled_age": 0.3181818181818182}, "36": {"bias": -0.4082482904638631, "objective_cosine_similarity": -0.49649552473363334, "is_tight": 0.0, "dual_solution_value": 0.0, "scaled_age": 0.15151515151515152}, "37": {"bias": -0.5773502691896258, "objective_cosine_similarity": -0.28086028189434026, "is_tight": 1.0, "dual_solution_value": -0.00013299992687644267, "scaled_age": 0.0}, "38": {"bias": -0.5, "objective_cosine_similarity": -0.1925587767356912, "is_tight": 0.0, "dual_solution_value": 0.0, "scaled_age": 0.3333333333333333}, "39": {"bias": -0.3333333333333333, "objective_cosine_similarity": -0.49322072637563, "is_tight": 0.0, "dual_solution_value": 0.0, "scaled_age": 0.3333333333333333}, "40": {"bias": -0.4472135954999579, "objective_cosine_similarity": -0.5801425036735468, "is_tight": 0.0, "dual_solution_value": 0.0, "scaled_age": 0.3333333333333333}, "41": {"bias": -0.4082482904638631, "objective_cosine_similarity": -0.49649552473363334, "is_tight": 0.0, "dual_solution_value": 0.0, "scaled_age": 0.21212121212121213}, "42": {"bias": -0.5, "objective_cosine_similarity": -0.3952522259311556, "is_tight": 0.0, "dual_solution_value": 0.0, "scaled_age": 0.07575757575757576}, "43": {"bias": -0.5, "objective_cosine_similarity": -0.2939055013334234, "is_tight": 0.0, "dual_solution_value": 0.0, "scaled_age": 0.3333333333333333}, "44": {"bias": -0.4472135954999579, "objective_cosine_similarity": -0.5257541439541519, "is_tight": 0.0, "dual_solution_value": 0.0, "scaled_age": 0.015151515151515152}, "45": {"bias": -0.4472135954999579, "objective_cosine_similarity": -0.37165379141586596, "is_tight": 0.0, "dual_solution_value": 0.0, "scaled_age": 0.3333333333333333}, "46": {"bias": -0.4472135954999579, "objective_cosine_similarity": -0.39884797127556343, "is_tight": 0.0, "dual_solution_value": 0.0, "scaled_age": 0.3333333333333333}, "47": {"bias": -0.4082482904638631, "objective_cosine_similarity": -0.38064656896245225, "is_tight": 0.0, "dual_solution_value": 0.0, "scaled_age": 0.3333333333333333},