{"0": {"bias": -1.0996385865003566, "objective_cosine_similarity": -0.9497998077784748, "is_tight": 0.0, "dual_solution_value": -0.0, "scaled_age": 0.07954545454545454}, "1": {"bias": -1.1055415967851332, "objective_cosine_similarity": -0.942972632657573, "is_tight": 0.0, "dual_solution_value": -0.0, "scaled_age": 0.13636363636363635}, "2": {"bias": -0.9938837346736188, "objective_cosine_similarity": -0.8762608862184343, "is_tight": 0.0, "dual_solution_value": -0.0, "scaled_age": 0.056818181818181816}, "3": {"bias": -1.1267245434094846, "objective_cosine_similarity": -0.9397604590504952, "is_tight": 0.0, "dual_solution_value": -0.0, "scaled_age": 0.13636363636363635}, "4": {"bias": -1.133327918658849, "objective_cosine_similarity": -0.9495354942882088, "is_tight": 0.0, "dual_solution_value": -0.0, "scaled_age": 0.13636363636363635}, "5": {"bias": -1.0442608722624838, "objective_cosine_similarity": -0.8897943064509082, "is_tight": 0.0, "dual_solution_value": -0.0, "scaled_age": 0.125}, "6": {"bias": -1.1227766137139874, "objective_cosine_similarity": -0.9159992317927532, "is_tight": 0.0, "dual_solution_value": -0.0, "scaled_age": 0.022727272727272728}, "7": {"bias": -0.8838834764831843, "objective_cosine_similarity": -0.8518096415245111, "is_tight": 1.0, "dual_solution_value": -1.1861650303781445e-06, "scaled_age": 0.0}, "8": {"bias": -1.1049356138486321, "objective_cosine_similarity": -0.9164161482442095, "is_tight": 0.0, "dual_solution_value": -0.0, "scaled_age": 0.13636363636363635}, "9": {"bias": -1.1422577589000906, "objective_cosine_similarity": -0.9274909918758969, "is_tight": 0.0, "dual_solution_value": -0.0, "scaled_age": 0.13636363636363635}, "10": {"bias": -1.1572553397244019, "objective_cosine_similarity": -0.9444239327477979, "is_tight": 0.0, "dual_solution_value": -0.0, "scaled_age": 0.011363636363636364}, "11": {"bias": -0.8017837257372732, "objective_cosine_similarity": -0.8113772648964381, "is_tight": 1.0, "dual_solution_value": -1.283426093074182e-06, "scaled_age": 0.0}, "12": {"bias": -1.0545677348008504, "objective_cosine_similarity": -0.9419941320264875, "is_tight": 0.0, "dual_solution_value": -0.0, "scaled_age": 0.13636363636363635}, "13": {"bias": -1.1226827987756234, "objective_cosine_similarity": -0.9329694092288225, "is_tight": 0.0, "dual_solution_value": -0.0, "scaled_age": 0.13636363636363635}, "14": {"bias": -1.2308954477244438, "objective_cosine_similarity": -0.9254311635034677, "is_tight": 0.0, "dual_solution_value": -0.0, "scaled_age": 0.13636363636363635}, "15": {"bias": -0.6030226891555273, "objective_cosine_similarity": -0.6607543947407708, "is_tight": 1.0, "dual_solution_value": -0.0041495025804573985, "scaled_age": 0.0}, "16": {"bias": -1.085440840479949, "objective_cosine_similarity": -0.949101954769847, "is_tight": 0.0, "dual_solution_value": -0.0, "scaled_age": 0.011363636363636364}, "17": {"bias": -0.6882472016116852, "objective_cosine_similarity": -0.671882433868076, "is_tight": 0.0, "dual_solution_value": -0.0, "scaled_age": 0.03409090909090909}, "18": {"bias": -0.928279121632914, "objective_cosine_similarity": -0.8833963027528408, "is_tight": 0.0, "dual_solution_value": -0.0, "scaled_age": 0.125}, "19": {"bias": -1.0949945926326472, "objective_cosine_similarity": -0.9480109133392771, "is_tight": 0.0, "dual_solution_value": -0.0, "scaled_age": 0.13636363636363635}, "20": {"bias": -0.8944271909999159, "objective_cosine_similarity": -0.7567719571933482, "is_tight": 0.0, "dual_solution_value": -0.0, "scaled_age": 0.13636363636363635}, "21": {"bias": -0.75, "objective_cosine_similarity": -0.698658124827429, "is_tight": 0.0, "dual_solution_value": -0.0, "scaled_age": 0.13636363636363635}, "22": {"bias": -1.1124400088261064, "objective_cosine_similarity": -0.9574011787688546, "is_tight": 1.0, "dual_solution_value": -0.01968578377368503, "scaled_age": 0.0}, "23": {"bias": -1.131609009762743, "objective_cosine_similarity": -0.953107059547803, "is_tight": 1.0, "dual_solution_value": -0.010023398623231884, "scaled_age": 0.0}, "24": {"bias": -1.2078275700103294, "objective_cosine_similarity": -0.9329368546422928, "is_tight": 0.0, "dual_solution_value": 0.0, "scaled_age": 0.13636363636363635}, "25": {"bias": -1.1242806710738003, "objective_cosine_similarity": -0.9443900757938275, "is_tight": 1.0, "dual_solution_value": -0.0018751022056254251, "scaled_age": 0.0}, "26": {"bias": -1.112048361397745, "objective_cosine_similarity": -0.9580555495089972, "is_tight": 1.0, "dual_solution_value": -0.01793538371010014, "scaled_age": 0.0}, "27": {"bias": -1.133217739690135, "objective_cosine_similarity": -0.9167906956770766, "is_tight": 1.0, "dual_solution_value": -2.335106931831189e-05, "scaled_age": 0.0}, "28": {"bias": -1.0716814104940295, "objective_cosine_similarity": -0.9540099512675483, "is_tight": 0.0, "dual_solution_value": 0.0, "scaled_age": 0.10227272727272728}, "29": {"bias": -1.0293641242006997, "objective_cosine_similarity": -0.9137557728325401, "is_tight": 0.0, "dual_solution_value": 0.0, "scaled_age": 0.06818181818181818}, "30": {"bias": -1.1197295474992583, "objective_cosine_similarity": -0.9276600113633041, "is_tight": 0.0, "dual_solution_value": 0.0, "scaled_age": 0.13636363636363635}, "31": {"bias": -0.7071067811865475, "objective_cosine_similarity": -0.14216572598461938, "is_tight": 1.0, "dual_solution_value": -0.013296100585401495, "scaled_age": 0.0}, "32": {"bias": -0.3779644730092272, "objective_cosine_similarity": -0.37995388484030795, "is_tight": 0.0, "dual_solution_value": 0.0, "scaled_age": 0.13636363636363635}, "33": {"bias": -0.4082482904638631, "objective_cosine_similarity": -0.3146377773059079, "is_tight": 0.0, "dual_solution_value": 0.0, "scaled_age": 0.13636363636363635}, "34": {"bias": -0.5, "objective_cosine_similarity": -0.14743864504751497, "is_tight": 0.0, "dual_solution_value": 0.0, "scaled_age": 0.13636363636363635}, "35": {"bias": -0.5, "objective_cosine_similarity": -0.2446141156470135, "is_tight": 0.0, "dual_solution_value": 0.0, "scaled_age": 0.13636363636363635}, "36": {"bias": -0.7071067811865475, "objective_cosine_similarity": -0.12794915338615745, "is_tight": 0.0, "dual_solution_value": 0.0, "scaled_age": 0.13636363636363635}, "37": {"bias": -0.4472135954999579, "objective_cosine_similarity": -0.3686453494446805, "is_tight": 0.0, "dual_solution_value": 0.0, "scaled_age": 0.13636363636363635}, "38": {"bias": -0.7071067811865475, "objective_cosine_similarity": -0.24168173417385294, "is_tight": 1.0, "dual_solution_value": -0.0053126245632238245, "scaled_age": 0.0}, "39": {"bias": -0.4472135954999579, "objective_cosine_similarity": -0.23377509964784618, "is_tight": 0.0, "dual_solution_value": 0.0, "scaled_age": 0.13636363636363635}, "40": {"bias": -0.4082482904638631, "objective_cosine_similarity": -0.3748293520948642, "is_tight": 1.0, "dual_solution_value": -1.1185705595079727e-05, "scaled_age": 0.0}, "41": {"bias": -0.4472135954999579, "objective_cosine_similarity": -0.40161363272835116, "is_tight": 0.0, "dual_solution_value": 0.0, "scaled_age": 0.13636363636363635}, "42": {"bias": -0.4472135954999579, "objective_cosine_similarity": -0.404610749390503, "is_tight": 0.0, "dual_solution_value": 0.0, "scaled_age": 0.011363636363636364}, "43": {"bias": -0.5, "objective_cosine_similarity": -0.41550890877026947, "is_tight": 0.0, "dual_solution_value": 0.0, "scaled_age": 0.13636363636363635}, "44": {"bias": -0.4472135954999579, "objective_cosine_similarity": -0.2217866329992387, "is_tight": 0.0, "dual_solution_value": 0.0, "scaled_age": 0.03409090909090909}, "45": {"bias": -0.5773502691896258, "objective_cosine_similarity": -0.13929339502985966, "is_tight": 0.0, "dual_solution_value": 0.0, "scaled_age": 0.13636363636363635}, "46": {"bias": -0.5, "objective_cosine_similarity": -0.341789586246512, "is_tight": 0.0, "dual_solution_value": 0.0, "scaled_age": 0.13636363636363635}, "47": {"bias": -0.5773502691896258, "objective_cosine_similarity": -0.22054787546394444, "is_tight": 0.0,