{"0": {"bias": -1.0, "objective_cosine_similarity": -0.8969939184018497, "is_tight": 0.0, "dual_solution_value": -0.0, "scaled_age": 0.0547945205479452}, "1": {"bias": -1.1078234188139946, "objective_cosine_similarity": -0.9386647277849154, "is_tight": 1.0, "dual_solution_value": -0.00036344463892157904, "scaled_age": 0.0}, "2": {"bias": -0.7745966692414834, "objective_cosine_similarity": -0.5169106726313367, "is_tight": 0.0, "dual_solution_value": -0.0, "scaled_age": 0.0136986301369863}, "3": {"bias": -0.8164965809277261, "objective_cosine_similarity": -0.34178315149443456, "is_tight": 1.0, "dual_solution_value": -0.000287982858168112, "scaled_age": 0.0}, "4": {"bias": -1.1879622045032021, "objective_cosine_similarity": -0.8943688503151236, "is_tight": 0.0, "dual_solution_value": -0.0, "scaled_age": 0.0273972602739726}, "5": {"bias": -0.8320502943378437, "objective_cosine_similarity": -0.6309671952631165, "is_tight": 1.0, "dual_solution_value": -1.9874133072689925e-05, "scaled_age": 0.0}, "6": {"bias": -0.7071067811865475, "objective_cosine_similarity": -0.5405087589020346, "is_tight": 1.0, "dual_solution_value": -0.001472065005750823, "scaled_age": 0.0}, "7": {"bias": -0.5, "objective_cosine_similarity": -0.34579765549984354, "is_tight": 0.0, "dual_solution_value": 0.0, "scaled_age": 0.2602739726027397}, "8": {"bias": -0.35355339059327373, "objective_cosine_similarity": -0.4504239657516955, "is_tight": 0.0, "dual_solution_value": 0.0, "scaled_age": 0.3835616438356164}, "9": {"bias": -0.4082482904638631, "objective_cosine_similarity": -0.2674824663869488, "is_tight": 0.0, "dual_solution_value": 0.0, "scaled_age": 0.3835616438356164}, "10": {"bias": -0.5, "objective_cosine_similarity": -0.24569833417094145, "is_tight": 0.0, "dual_solution_value": 0.0, "scaled_age": 0.3835616438356164}, "11": {"bias": -0.7071067811865475, "objective_cosine_similarity": -0.0900847931503391, "is_tight": 0.0, "dual_solution_value": 0.0, "scaled_age": 0.273972602739726}, "12": {"bias": -0.5, "objective_cosine_similarity": -0.3275977788945886, "is_tight": 1.0, "dual_solution_value": -0.0003015173199800753, "scaled_age": 0.0}, "13": {"bias": -0.5773502691896258, "objective_cosine_similarity": -0.11558474022988093, "is_tight": 0.0, "dual_solution_value": 0.0, "scaled_age": 0.3835616438356164}, "14": {"bias": -0.4082482904638631, "objective_cosine_similarity": -0.37893349404817744, "is_tight": 0.0, "dual_solution_value": 0.0, "scaled_age": 0.3835616438356164}, "15": {"bias": -0.4082482904638631, "objective_cosine_similarity": -0.3492132200051831, "is_tight": 0.0, "dual_solution_value": 0.0, "scaled_age": 0.3835616438356164}, "16": {"bias": -0.4472135954999579, "objective_cosine_similarity": -0.3174300579173732, "is_tight": 0.0, "dual_solution_value": 0.0, "scaled_age": 0.3835616438356164}, "17": {"bias": -0.3779644730092272, "objective_cosine_similarity": -0.2063672030981442, "is_tight": 0.0, "dual_solution_value": 0.0, "scaled_age": 0.3835616438356164}, "18": {"bias": -0.5773502691896258, "objective_cosine_similarity": -0.18913866583071423, "is_tight": 0.0, "dual_solution_value": 0.0, "scaled_age": 0.0684931506849315}, "19": {"bias": -0.4082482904638631, "objective_cosine_similarity": -0.5349649327738976, "is_tight": 1.0, "dual_solution_value": -0.00528204241052429, "scaled_age": 0.0}, "20": {"bias": -0.4472135954999579, "objective_cosine_similarity": -0.366265451443123, "is_tight": 0.0, "dual_solution_value": 0.0, "scaled_age": 0.2054794520547945}, "21": {"bias": -0.4472135954999579, "objective_cosine_similarity": -0.23603773537445702, "is_tight": 0.0, "dual_solution_value": 0.0, "scaled_age": 0.3424657534246575}, "22": {"bias": -0.4472135954999579, "objective_cosine_similarity": -0.3418477546802481, "is_tight": 0.0, "dual_solution_value": 0.0, "scaled_age": 0.3835616438356164}, "23": {"bias": -0.3779644730092272, "objective_cosine_similarity": -0.6741328634539376, "is_tight": 0.0, "dual_solution_value": 0.0, "scaled_age": 0.3835616438356164}, "24": {"bias": -0.5, "objective_cosine_similarity": -0.27299814907882386, "is_tight": 0.0, "dual_solution_value": 0.0, "scaled_age": 0.3835616438356164}, "25": {"bias": -0.35355339059327373, "objective_cosine_similarity": -0.244515867122349, "is_tight": 0.0, "dual_solution_value": 0.0, "scaled_age": 0.3835616438356164}, "26": {"bias": -0.4082482904638631, "objective_cosine_similarity": -0.3492132200051831, "is_tight": 0.0, "dual_solution_value": 0.0, "scaled_age": 0.2054794520547945}, "27": {"bias": -0.5, "objective_cosine_similarity": -0.3184978405919611, "is_tight": 0.0, "dual_solution_value": 0.0, "scaled_age": 0.3835616438356164}, "28": {"bias": -0.4472135954999579, "objective_cosine_similarity": -0.47207547074891404, "is_tight": 0.0, "dual_solution_value": 0.0, "scaled_age": 0.3835616438356164}, "29": {"bias": -0.4472135954999579, "objective_cosine_similarity": -0.6267208835804549, "is_tight": 1.0, "dual_solution_value": -0.03007161803798385, "scaled_age": 0.0}, "30": {"bias": -0.5773502691896258, "objective_cosine_similarity": -0.21015407314523804, "is_tight": 0.0, "dual_solution_value": 0.0, "scaled_age": 0.3013698630136986}, "31": {"bias": -0.3333333333333333, "objective_cosine_similarity": -0.38826403424543837, "is_tight": 0.0, "dual_solution_value": 0.0, "scaled_age": 0.3835616438356164}, "32": {"bias": -0.5773502691896258, "objective_cosine_similarity": -0.17863096217345234, "is_tight": 0.0, "dual_solution_value": 0.0, "scaled_age": 0.3835616438356164}, "33": {"bias": -0.5, "objective_cosine_similarity": -0.4367970385261181, "is_tight": 0.0, "dual_solution_value": 0.0, "scaled_age": 0.0273972602739726}, "34": {"bias": -0.4472135954999579, "objective_cosine_similarity": -0.30115159340879, "is_tight": 0.0, "dual_solution_value": 0.0, "scaled_age": 0.3835616438356164}, "35": {"bias": -0.3779644730092272, "objective_cosine_similarity": -0.3301875249570307, "is_tight": 0.0, "dual_solution_value": 0.0, "scaled_age": 0.3835616438356164}, "36": {"bias": -0.4472135954999579, "objective_cosine_similarity": -0.3825439159517062, "is_tight": 0.0, "dual_solution_value": 0.0, "scaled_age": 0.0684931506849315}, "37": {"bias": -0.4082482904638631, "objective_cosine_similarity": -0.4755243846879089, "is_tight": 0.0, "dual_solution_value": 0.0, "scaled_age": 0.3835616438356164}, "38": {"bias": -0.4082482904638631, "objective_cosine_similarity": -0.41608383660192033, "is_tight": 0.0, "dual_solution_value": 0.0, "scaled_age": 0.3835616438356164}, "39": {"bias": -0.4082482904638631, "objective_cosine_similarity": -0.3566432885159317, "is_tight": 0.0, "dual_solution_value": 0.0, "scaled_age": 0.3835616438356164}, "40": {"bias": -0.5773502691896258, "objective_cosine_similarity": -0.36776962800416657, "is_tight": 1.0, "dual_solution_value": -0.006280893332044695, "scaled_age": 0.0}, "41": {"bias": -0.4082482904638631, "objective_cosine_similarity": -0.4829544531986575, "is_tight": 0.0, "dual_solution_value": 0.0, "scaled_age": 0.0821917808219178}, "42": {"bias": -0.7071067811865475, "objective_cosine_similarity": -0.19303884246501235, "is_tight": 0.0, "dual_solution_value": 0.0, "scaled_age": 0.0273972602739726}, "43": {"bias": -0.4082482904638631, "objective_cosine_similarity": -0.2972027404299431, "is_tight": 0.0, "dual_solution_value": 0.0, "scaled_age": 0.3835616438356164}, "44": {"bias": -0.3779644730092272, "objective_cosine_similarity": -0.35770315203678327, "is_tight": 0.0, "dual_solution_value": 0.0, "scaled_age": 0.3835616438356164}, "45": {"bias": -0.4472135954999579, "objective_cosine_similarity": -0.5046323997660805, "is_tight": 0.0, "dual_solution_value": 0.0, "scaled_age": 0.3561643835616438}, "46": {"bias": -0.5773502691896258, "objective_cosine_similarity": -0.22066177680249996, "is_tight": 1.0, "dual_solution_value": -0.011303291638058398, "scaled_age": 0.0}, "47": {"bias": -0.4082482904638631, "objective_cosine_similarity": -0.45323417915566316, "is_tight": 0.0, "dual_solution_value": 0.0, "scaled_age": 0.3835616438356164},