{"0": {"bias": -1.3606182606749224, "objective_cosine_similarity": -0.830648947083831, "is_tight": 0.0, "dual_solution_value": -0.0, "scaled_age": 0.15384615384615385}, "1": {"bias": -1.4735845584048637, "objective_cosine_similarity": -0.8801626911977264, "is_tight": 1.0, "dual_solution_value": -4.4795344670933016e-07, "scaled_age": 0.0}, "2": {"bias": -1.2898232136168524, "objective_cosine_similarity": -0.8560171361163693, "is_tight": 0.0, "dual_solution_value": -0.0, "scaled_age": 0.015384615384615385}, "3": {"bias": -1.4407546957403856, "objective_cosine_similarity": -0.8391099991873092, "is_tight": 1.0, "dual_solution_value": -2.716650720410827e-09, "scaled_age": 0.0}, "4": {"bias": -0.6324555320336759, "objective_cosine_similarity": -0.46562149299226807, "is_tight": 1.0, "dual_solution_value": -0.007827638896789904, "scaled_age": 0.0}, "5": {"bias": -0.9045340337332909, "objective_cosine_similarity": -0.416118650848668, "is_tight": 0.0, "dual_solution_value": -0.0, "scaled_age": 0.15384615384615385}, "6": {"bias": -1.5634719199411433, "objective_cosine_similarity": -0.7954657474902223, "is_tight": 0.0, "dual_solution_value": -0.0, "scaled_age": 0.015384615384615385}, "7": {"bias": -1.0, "objective_cosine_similarity": -0.5377349463548611, "is_tight": 0.0, "dual_solution_value": -0.0, "scaled_age": 0.015384615384615385}, "8": {"bias": -1.1547005383792517, "objective_cosine_similarity": -0.7781522187205943, "is_tight": 0.0, "dual_solution_value": -0.0, "scaled_age": 0.16923076923076924}, "9": {"bias": -0.4472135954999579, "objective_cosine_similarity": -0.1878446048881153, "is_tight": 0.0, "dual_solution_value": 0.0, "scaled_age": 0.3384615384615385}, "10": {"bias": -0.5773502691896258, "objective_cosine_similarity": -0.13058033807297645, "is_tight": 1.0, "dual_solution_value": -0.013815311362763694, "scaled_age": 0.0}, "11": {"bias": -0.3779644730092272, "objective_cosine_similarity": -0.23551961595179502, "is_tight": 0.0, "dual_solution_value": 0.0, "scaled_age": 0.3384615384615385}, "12": {"bias": -0.5, "objective_cosine_similarity": -0.34618129593660585, "is_tight": 0.0, "dual_solution_value": 0.0, "scaled_age": 0.3384615384615385}, "13": {"bias": -0.5, "objective_cosine_similarity": -0.22847965531815986, "is_tight": 1.0, "dual_solution_value": -0.020824823890831547, "scaled_age": 0.0}, "14": {"bias": -0.4472135954999579, "objective_cosine_similarity": -0.36949653049420483, "is_tight": 1.0, "dual_solution_value": -3.423248817328315e-05, "scaled_age": 0.0}, "15": {"bias": -0.5773502691896258, "objective_cosine_similarity": -0.19720295953878075, "is_tight": 0.0, "dual_solution_value": 0.0, "scaled_age": 0.18461538461538463}, "16": {"bias": -0.5773502691896258, "objective_cosine_similarity": -0.22651691298373464, "is_tight": 0.0, "dual_solution_value": 0.0, "scaled_age": 0.3384615384615385}, "17": {"bias": -0.4472135954999579, "objective_cosine_similarity": -0.19197305774279916, "is_tight": 0.0, "dual_solution_value": 0.0, "scaled_age": 0.3384615384615385}, "18": {"bias": -0.5, "objective_cosine_similarity": -0.23771115654313602, "is_tight": 1.0, "dual_solution_value": -1.373795671852013e-05, "scaled_age": 0.0}, "19": {"bias": -0.4082482904638631, "objective_cosine_similarity": -0.14698103914695135, "is_tight": 0.0, "dual_solution_value": 0.0, "scaled_age": 0.3384615384615385}, "20": {"bias": -0.5773502691896258, "objective_cosine_similarity": -0.3570972510567111, "is_tight": 1.0, "dual_solution_value": -0.08702214624386145, "scaled_age": 0.0}, "21": {"bias": -0.4472135954999579, "objective_cosine_similarity": -0.22500068058026998, "is_tight": 0.0, "dual_solution_value": 0.0, "scaled_age": 0.09230769230769231}, "22": {"bias": -0.4082482904638631, "objective_cosine_similarity": -0.24119965398474066, "is_tight": 0.0, "dual_solution_value": 0.0, "scaled_age": 0.3384615384615385}, "23": {"bias": -0.5773502691896258, "objective_cosine_similarity": -0.1332452429316086, "is_tight": 0.0, "dual_solution_value": 0.0, "scaled_age": 0.3384615384615385}, "24": {"bias": -0.4472135954999579, "objective_cosine_similarity": -0.07637637781165127, "is_tight": 0.0, "dual_solution_value": 0.0, "scaled_age": 0.3384615384615385}, "25": {"bias": -0.4082482904638631, "objective_cosine_similarity": -0.3222276627452395, "is_tight": 0.0, "dual_solution_value": 0.0, "scaled_age": 0.3384615384615385}, "26": {"bias": -0.5, "objective_cosine_similarity": -0.4246490563489032, "is_tight": 0.0, "dual_solution_value": 0.0, "scaled_age": 0.3384615384615385}, "27": {"bias": -0.5, "objective_cosine_similarity": -0.2607899096055764, "is_tight": 0.0, "dual_solution_value": 0.0, "scaled_age": 0.3384615384615385}, "28": {"bias": -0.5773502691896258, "objective_cosine_similarity": -0.20786257897330943, "is_tight": 0.0, "dual_solution_value": 0.0, "scaled_age": 0.2153846153846154}, "29": {"bias": -0.3333333333333333, "objective_cosine_similarity": -0.41080180451143894, "is_tight": 0.0, "dual_solution_value": 0.0, "scaled_age": 0.3384615384615385}, "30": {"bias": -0.5773502691896258, "objective_cosine_similarity": -0.14923467208340163, "is_tight": 0.0, "dual_solution_value": 0.0, "scaled_age": 0.23076923076923078}, "31": {"bias": -0.5, "objective_cosine_similarity": -0.09923863816849368, "is_tight": 0.0, "dual_solution_value": 0.0, "scaled_age": 0.3384615384615385}, "32": {"bias": -0.3779644730092272, "objective_cosine_similarity": -0.47278382165138116, "is_tight": 1.0, "dual_solution_value": -0.0005932743342721679, "scaled_age": 0.0}, "33": {"bias": -0.5, "objective_cosine_similarity": -0.13385676776215427, "is_tight": 0.0, "dual_solution_value": 0.0, "scaled_age": 0.3384615384615385}, "34": {"bias": -0.3779644730092272, "objective_cosine_similarity": -0.4082340009831114, "is_tight": 0.0, "dual_solution_value": 0.0, "scaled_age": 0.3384615384615385}, "35": {"bias": -0.5, "objective_cosine_similarity": -0.2307875306244039, "is_tight": 0.0, "dual_solution_value": 0.0, "scaled_age": 0.07692307692307693}, "36": {"bias": -0.5, "objective_cosine_similarity": -0.27694503674928467, "is_tight": 0.0, "dual_solution_value": 0.0, "scaled_age": 0.2923076923076923}, "37": {"bias": -0.3779644730092272, "objective_cosine_similarity": -0.37159761627949883, "is_tight": 0.0, "dual_solution_value": 0.0, "scaled_age": 0.3384615384615385}, "38": {"bias": -0.4082482904638631, "objective_cosine_similarity": -0.3957181823187152, "is_tight": 1.0, "dual_solution_value": -8.608385010352705e-06, "scaled_age": 0.0}, "39": {"bias": -0.5773502691896258, "objective_cosine_similarity": -0.17854862552835554, "is_tight": 0.0, "dual_solution_value": 0.0, "scaled_age": 0.015384615384615385}, "40": {"bias": -0.5773502691896258, "objective_cosine_similarity": -0.08261205061759734, "is_tight": 0.0, "dual_solution_value": 0.0, "scaled_age": 0.3384615384615385}, "41": {"bias": -0.7071067811865475, "objective_cosine_similarity": -0.12402548521753863, "is_tight": 1.0, "dual_solution_value": -0.018941941221377556, "scaled_age": 0.0}, "42": {"bias": -0.5773502691896258, "objective_cosine_similarity": -0.1332452429316086, "is_tight": 1.0, "dual_solution_value": -7.748559484725516e-05, "scaled_age": 0.0}, "43": {"bias": -0.7071067811865475, "objective_cosine_similarity": -0.2121488562931582, "is_tight": 0.0, "dual_solution_value": 0.0, "scaled_age": 0.2}, "44": {"bias": -0.4472135954999579, "objective_cosine_similarity": -0.2105510955888765, "is_tight": 0.0, "dual_solution_value": 0.0, "scaled_age": 0.2}, "45": {"bias": -0.4472135954999579, "objective_cosine_similarity": -0.3220193226653405, "is_tight": 0.0, "dual_solution_value": 0.0, "scaled_age": 0.015384615384615385}, "46": {"bias": -0.5773502691896258, "objective_cosine_similarity": -0.19720295953878075, "is_tight": 0.0, "dual_solution_value": 0.0, "scaled_age": 0.3384615384615385}, "47": {"bias": -0.5, "objective_cosine_similarity": -0.21463240348069562, "is_tight": 1.0, "dual_solution_value": 0.0, "scaled_age": 0.3384615384615385}, "48": {"bias": -0.5,