{"0": {"bias": -0.5933908290969266, "objective_cosine_similarity": -0.470764249380278, "is_tight": 1.0, "dual_solution_value": -1.1785216715315437e-05, "scaled_age": 0.0}, "1": {"bias": -0.6254738722522784, "objective_cosine_similarity": -0.6046213033698081, "is_tight": 0.0, "dual_solution_value": -0.0, "scaled_age": 0.13513513513513514}, "2": {"bias": -0.5400617248673216, "objective_cosine_similarity": -0.5594701194063982, "is_tight": 0.0, "dual_solution_value": -0.0, "scaled_age": 0.14864864864864866}, "3": {"bias": -0.7161148740394329, "objective_cosine_similarity": -0.5019763440827947, "is_tight": 0.0, "dual_solution_value": -0.0, "scaled_age": 0.08108108108108109}, "4": {"bias": -0.408248290463863, "objective_cosine_similarity": -0.6227250218430338, "is_tight": 1.0, "dual_solution_value": -1.1597111174389963e-05, "scaled_age": 0.0}, "5": {"bias": -1.0929342116295655, "objective_cosine_similarity": -0.073834766377844, "is_tight": 0.0, "dual_solution_value": -0.0, "scaled_age": 0.17567567567567569}, "6": {"bias": -0.375, "objective_cosine_similarity": -0.4180836261086446, "is_tight": 0.0, "dual_solution_value": -0.0, "scaled_age": 0.013513513513513514}, "7": {"bias": -1.0539902457498187, "objective_cosine_similarity": -0.07194682386291766, "is_tight": 0.0, "dual_solution_value": -0.0, "scaled_age": 0.0945945945945946}, "8": {"bias": -0.21693045781865616, "objective_cosine_similarity": -0.6200933315095232, "is_tight": 1.0, "dual_solution_value": -8.281686967078602e-05, "scaled_age": 0.0}, "9": {"bias": -0.1543033499620919, "objective_cosine_similarity": -0.38548327979729136, "is_tight": 0.0, "dual_solution_value": 0.0, "scaled_age": 0.3783783783783784}, "10": {"bias": -0.1643989873053573, "objective_cosine_similarity": -0.3461475491253327, "is_tight": 0.0, "dual_solution_value": 0.0, "scaled_age": 0.3783783783783784}, "11": {"bias": -0.1796053020267749, "objective_cosine_similarity": -0.32622044685540585, "is_tight": 0.0, "dual_solution_value": 0.0, "scaled_age": 0.3783783783783784}, "12": {"bias": -0.15811388300841897, "objective_cosine_similarity": -0.43284740037160213, "is_tight": 0.0, "dual_solution_value": 0.0, "scaled_age": 0.3783783783783784}, "13": {"bias": -0.1796053020267749, "objective_cosine_similarity": -0.31860789009968604, "is_tight": 0.0, "dual_solution_value": 0.0, "scaled_age": 0.3783783783783784}, "14": {"bias": -0.1643989873053573, "objective_cosine_similarity": -0.30987276156157667, "is_tight": 0.0, "dual_solution_value": 0.0, "scaled_age": 0.3783783783783784}, "15": {"bias": -0.14907119849998599, "objective_cosine_similarity": -0.4707186508870905, "is_tight": 0.0, "dual_solution_value": 0.0, "scaled_age": 0.3783783783783784}, "16": {"bias": -0.15249857033260467, "objective_cosine_similarity": -0.41709488972857467, "is_tight": 0.0, "dual_solution_value": 0.0, "scaled_age": 0.3783783783783784}, "17": {"bias": -0.14744195615489714, "objective_cosine_similarity": -0.408778777480777, "is_tight": 1.0, "dual_solution_value": -0.0001595036523774896, "scaled_age": 0.0}, "18": {"bias": -0.1643989873053573, "objective_cosine_similarity": -0.42300091260786654, "is_tight": 0.0, "dual_solution_value": 0.0, "scaled_age": 0.12162162162162163}, "19": {"bias": -0.15617376188860607, "objective_cosine_similarity": -0.4022266688431709, "is_tight": 0.0, "dual_solution_value": 0.0, "scaled_age": 0.3783783783783784}, "20": {"bias": -0.14744195615489714, "objective_cosine_similarity": -0.4558324497087801, "is_tight": 0.0, "dual_solution_value": 0.0, "scaled_age": 0.3783783783783784}, "21": {"bias": -0.1690308509457033, "objective_cosine_similarity": -0.39066830752568893, "is_tight": 0.0, "dual_solution_value": 0.0, "scaled_age": 0.3783783783783784}, "22": {"bias": -0.16222142113076254, "objective_cosine_similarity": -0.35956087759191785, "is_tight": 0.0, "dual_solution_value": 0.0, "scaled_age": 0.2702702702702703}, "23": {"bias": -0.15811388300841897, "objective_cosine_similarity": -0.37312392026568436, "is_tight": 0.0, "dual_solution_value": 0.0, "scaled_age": 0.3783783783783784}, "24": {"bias": -0.17149858514250882, "objective_cosine_similarity": -0.38995801307897476, "is_tight": 0.0, "dual_solution_value": 0.0, "scaled_age": 0.10810810810810811}, "25": {"bias": -0.15617376188860607, "objective_cosine_similarity": -0.3623155037353054, "is_tight": 0.0, "dual_solution_value": 0.0, "scaled_age": 0.3783783783783784}, "26": {"bias": -0.16012815380508713, "objective_cosine_similarity": -0.3455391318645857, "is_tight": 0.0, "dual_solution_value": 0.0, "scaled_age": 0.36486486486486486}, "27": {"bias": -0.14285714285714285, "objective_cosine_similarity": -0.3755873989513366, "is_tight": 0.0, "dual_solution_value": 0.0, "scaled_age": 0.3783783783783784}, "28": {"bias": -0.14285714285714285, "objective_cosine_similarity": -0.4071089587495284, "is_tight": 0.0, "dual_solution_value": 0.0, "scaled_age": 0.3783783783783784}, "29": {"bias": -0.16222142113076254, "objective_cosine_similarity": -0.3615831547437284, "is_tight": 0.0, "dual_solution_value": 0.0, "scaled_age": 0.3783783783783784}, "30": {"bias": -0.16222142113076254, "objective_cosine_similarity": -0.37776137195821285, "is_tight": 1.0, "dual_solution_value": -0.00042081592955481013, "scaled_age": 0.0}, "31": {"bias": -0.1889822365046136, "objective_cosine_similarity": -0.3441942997908152, "is_tight": 0.0, "dual_solution_value": 0.0, "scaled_age": 0.05405405405405406}, "32": {"bias": -0.16012815380508713, "objective_cosine_similarity": -0.3499307326161864, "is_tight": 0.0, "dual_solution_value": 0.0, "scaled_age": 0.1891891891891892}, "33": {"bias": -0.14586499149789456, "objective_cosine_similarity": -0.37240327941779966, "is_tight": 0.0, "dual_solution_value": 0.0, "scaled_age": 0.3783783783783784}, "34": {"bias": -0.14586499149789456, "objective_cosine_similarity": -0.43440988014117354, "is_tight": 0.0, "dual_solution_value": 0.0, "scaled_age": 0.3783783783783784}, "35": {"bias": -0.1543033499620919, "objective_cosine_similarity": -0.3727877226782189, "is_tight": 0.0, "dual_solution_value": 0.0, "scaled_age": 0.3783783783783784}, "36": {"bias": -0.1690308509457033, "objective_cosine_similarity": -0.3150211001892691, "is_tight": 0.0, "dual_solution_value": 0.0, "scaled_age": 0.3783783783783784}, "37": {"bias": -0.17149858514250882, "objective_cosine_similarity": -0.389530427538318, "is_tight": 0.0, "dual_solution_value": 0.0, "scaled_age": 0.3783783783783784}, "38": {"bias": -0.1643989873053573, "objective_cosine_similarity": -0.39102991339913246, "is_tight": 0.0, "dual_solution_value": 0.0, "scaled_age": 0.3783783783783784}, "39": {"bias": -0.15617376188860607, "objective_cosine_similarity": -0.40806732715163896, "is_tight": 0.0, "dual_solution_value": 0.0, "scaled_age": 0.3783783783783784}, "40": {"bias": -0.15075567228888181, "objective_cosine_similarity": -0.40687783867287813, "is_tight": 0.0, "dual_solution_value": 0.0, "scaled_age": 0.3783783783783784}, "41": {"bias": -0.15249857033260467, "objective_cosine_similarity": -0.3657659835176744, "is_tight": 0.0, "dual_solution_value": 0.0, "scaled_age": 0.3783783783783784}, "42": {"bias": -0.17677669529663687, "objective_cosine_similarity": -0.3314403054455635, "is_tight": 0.0, "dual_solution_value": 0.0, "scaled_age": 0.22972972972972974}, "43": {"bias": -0.15617376188860607, "objective_cosine_similarity": -0.3782799697784516, "is_tight": 1.0, "dual_solution_value": -7.745884159933208e-05, "scaled_age": 0.0}, "44": {"bias": -0.14907119849998599, "objective_cosine_similarity": -0.40233157487980686, "is_tight": 0.0, "dual_solution_value": 0.0, "scaled_age": 0.02702702702702703}, "45": {"bias": -0.15249857033260467, "objective_cosine_similarity": -0.4440900922543074, "is_tight": 1.0, "dual_solution_value": -1.007508450662343e-06, "scaled_age": 0.0}, "46": {"bias": -0.1643989873053573, "objective_cosine_similarity": -0.3352856070864679, "is_tight": 0.0, "dual_solution_value": 0.0, "scaled_age": 0.3783783783783784}, "47": {"bias": -0.14285714285714285,