{"0": {"bias": -1.2510864843424487, "objective_cosine_similarity": -0.69126907114082, "is_tight": 0.0, "dual_solution_value": -0.0, "scaled_age": 0.11594202898550725}, "1": {"bias": -1.172170525067662, "objective_cosine_similarity": -0.8294255360647196, "is_tight": 0.0, "dual_solution_value": -0.0, "scaled_age": 0.11594202898550725}, "2": {"bias": -0.6324555320336759, "objective_cosine_similarity": -0.4894102903041792, "is_tight": 0.0, "dual_solution_value": -0.0, "scaled_age": 0.15942028985507245}, "3": {"bias": -1.0, "objective_cosine_similarity": -0.6783940368004486, "is_tight": 1.0, "dual_solution_value": -0.003060153552995419, "scaled_age": 0.0}, "4": {"bias": -1.0206207261596576, "objective_cosine_similarity": -0.6157338856435761, "is_tight": 0.0, "dual_solution_value": -0.0, "scaled_age": 0.057971014492753624}, "5": {"bias": -1.1920791213585393, "objective_cosine_similarity": -0.7710534912371757, "is_tight": 0.0, "dual_solution_value": -0.0, "scaled_age": 0.014492753623188406}, "6": {"bias": -1.4708710135363803, "objective_cosine_similarity": -0.8177934965204003, "is_tight": 1.0, "dual_solution_value": -1.7697920158914233e-05, "scaled_age": 0.0}, "7": {"bias": -1.423529411764706, "objective_cosine_similarity": -0.6947711693312312, "is_tight": 1.0, "dual_solution_value": -7.92890140600605e-07, "scaled_age": 0.0}, "8": {"bias": -0.8660254037844387, "objective_cosine_similarity": -0.6791359190392482, "is_tight": 1.0, "dual_solution_value": -0.0007149305086141089, "scaled_age": 0.0}, "9": {"bias": -1.345141790947929, "objective_cosine_similarity": -0.758919715749779, "is_tight": 0.0, "dual_solution_value": 0.0, "scaled_age": 0.08695652173913043}, "10": {"bias": -1.624008838869321, "objective_cosine_similarity": -0.883726460322825, "is_tight": 1.0, "dual_solution_value": -0.03449094617124692, "scaled_age": 0.0}, "11": {"bias": -1.5657886637623541, "objective_cosine_similarity": -0.8982872640972971, "is_tight": 0.0, "dual_solution_value": 0.0, "scaled_age": 0.07246376811594203}, "12": {"bias": -0.35355339059327373, "objective_cosine_similarity": -0.4151506352228933, "is_tight": 0.0, "dual_solution_value": 0.0, "scaled_age": 0.3188405797101449}, "13": {"bias": -0.5, "objective_cosine_similarity": -0.1804901565799359, "is_tight": 0.0, "dual_solution_value": 0.0, "scaled_age": 0.3188405797101449}, "14": {"bias": -0.5773502691896258, "objective_cosine_similarity": -0.33058468016725306, "is_tight": 1.0, "dual_solution_value": -0.00045572607987626727, "scaled_age": 0.0}, "15": {"bias": -0.5773502691896258, "objective_cosine_similarity": -0.2443451983844914, "is_tight": 1.0, "dual_solution_value": -0.0039038507097352787, "scaled_age": 0.0}, "16": {"bias": -0.5, "objective_cosine_similarity": -0.24065354210658116, "is_tight": 0.0, "dual_solution_value": 0.0, "scaled_age": 0.3188405797101449}, "17": {"bias": -0.4082482904638631, "objective_cosine_similarity": -0.40484291243140214, "is_tight": 0.0, "dual_solution_value": 0.0, "scaled_age": 0.3188405797101449}, "18": {"bias": -0.4472135954999579, "objective_cosine_similarity": -0.2467919011395321, "is_tight": 0.0, "dual_solution_value": 0.0, "scaled_age": 0.3188405797101449}, "19": {"bias": -0.4472135954999579, "objective_cosine_similarity": -0.19483571142594638, "is_tight": 0.0, "dual_solution_value": 0.0, "scaled_age": 0.3188405797101449}, "20": {"bias": -0.5, "objective_cosine_similarity": -0.28422013162587606, "is_tight": 0.0, "dual_solution_value": 0.0, "scaled_age": 0.3188405797101449}, "21": {"bias": -0.4472135954999579, "objective_cosine_similarity": -0.29132577803689125, "is_tight": 0.0, "dual_solution_value": 0.0, "scaled_age": 0.3188405797101449}, "22": {"bias": -0.5773502691896258, "objective_cosine_similarity": -0.12935922267414252, "is_tight": 0.0, "dual_solution_value": 0.0, "scaled_age": 0.2028985507246377}, "23": {"bias": -0.5, "objective_cosine_similarity": -0.31118992513782046, "is_tight": 0.0, "dual_solution_value": 0.0, "scaled_age": 0.2608695652173913}, "24": {"bias": -0.3779644730092272, "objective_cosine_similarity": -0.3261959613411122, "is_tight": 0.0, "dual_solution_value": 0.0, "scaled_age": 0.3188405797101449}, "25": {"bias": -0.5, "objective_cosine_similarity": -0.30496612663506406, "is_tight": 0.0, "dual_solution_value": 0.0, "scaled_age": 0.2753623188405797}, "26": {"bias": -0.7071067811865475, "objective_cosine_similarity": -0.14376241078389945, "is_tight": 1.0, "dual_solution_value": -0.002005278500582041, "scaled_age": 0.0}, "27": {"bias": -0.3779644730092272, "objective_cosine_similarity": -0.31521821264213246, "is_tight": 0.0, "dual_solution_value": 0.0, "scaled_age": 0.3188405797101449}, "28": {"bias": -0.5773502691896258, "objective_cosine_similarity": -0.28746493927587224, "is_tight": 1.0, "dual_solution_value": -0.0067366154045302865, "scaled_age": 0.0}, "29": {"bias": -0.4472135954999579, "objective_cosine_similarity": -0.22266938448679588, "is_tight": 1.0, "dual_solution_value": -3.6483379484858864e-05, "scaled_age": 0.0}, "30": {"bias": -0.5773502691896258, "objective_cosine_similarity": -0.31860697436409174, "is_tight": 1.0, "dual_solution_value": -0.0062814943540292255, "scaled_age": 0.0}, "31": {"bias": -0.5, "objective_cosine_similarity": -0.3381597186497649, "is_tight": 0.0, "dual_solution_value": 0.0, "scaled_age": 0.15942028985507245}, "32": {"bias": -0.4082482904638631, "objective_cosine_similarity": -0.30490261187302253, "is_tight": 0.0, "dual_solution_value": 0.0, "scaled_age": 0.3188405797101449}, "33": {"bias": -0.3779644730092272, "objective_cosine_similarity": -0.2713072178462135, "is_tight": 0.0, "dual_solution_value": 0.0, "scaled_age": 0.3188405797101449}, "34": {"bias": -0.5773502691896258, "objective_cosine_similarity": -0.3904732091830598, "is_tight": 1.0, "dual_solution_value": -0.02665794734257167, "scaled_age": 0.0}, "35": {"bias": -0.5, "objective_cosine_similarity": -0.16596796007350426, "is_tight": 0.0, "dual_solution_value": 0.0, "scaled_age": 0.2608695652173913}, "36": {"bias": -0.5, "objective_cosine_similarity": -0.31948832314149567, "is_tight": 1.0, "dual_solution_value": -0.025849088864746125, "scaled_age": 0.0}, "37": {"bias": -0.4472135954999579, "objective_cosine_similarity": -0.2746255742003816, "is_tight": 0.0, "dual_solution_value": 0.0, "scaled_age": 0.3188405797101449}, "38": {"bias": -0.7071067811865475, "objective_cosine_similarity": -0.1496302642852831, "is_tight": 1.0, "dual_solution_value": -0.005805651843955351, "scaled_age": 0.0}, "39": {"bias": -0.5773502691896258, "objective_cosine_similarity": -0.15571017544109747, "is_tight": 0.0, "dual_solution_value": 0.0, "scaled_age": 0.057971014492753624}, "40": {"bias": -0.4472135954999579, "objective_cosine_similarity": -0.2987480908531178, "is_tight": 0.0, "dual_solution_value": 0.0, "scaled_age": 0.3188405797101449}, "41": {"bias": -0.5773502691896258, "objective_cosine_similarity": -0.321002515524724, "is_tight": 1.0, "dual_solution_value": -0.007291996420416169, "scaled_age": 0.0}, "42": {"bias": -0.4082482904638631, "objective_cosine_similarity": -0.3133721288694954, "is_tight": 0.0, "dual_solution_value": 0.0, "scaled_age": 0.3188405797101449}, "43": {"bias": -0.4472135954999579, "objective_cosine_similarity": -0.21153591526245608, "is_tight": 0.0, "dual_solution_value": 0.0, "scaled_age": 0.3188405797101449}, "44": {"bias": -0.35355339059327373, "objective_cosine_similarity": -0.32859979607748446, "is_tight": 0.0, "dual_solution_value": 0.0, "scaled_age": 0.3188405797101449}, "45": {"bias": -0.4082482904638631, "objective_cosine_similarity": -0.27102454388713115, "is_tight": 0.0, "dual_solution_value": 0.0, "scaled_age": 0.3188405797101449}, "46": {"bias": -0.5, "objective_cosine_similarity": -0.3402343181506837, "is_tight": 1.0, "dual_solution_value": -0.006854807141552144, "scaled_age": 0.0}, "47": {"bias": -0.4472135954999579, "objective_cosine_similarity": -0.34699312415859024, "is_tight": 0.0, "dual_solution_value": 0.0, "scaled_age": 0.3188405797101449},