{"0": {"bias": -0.3965257928590721, "objective_cosine_similarity": -0.7286877317469247, "is_tight": 0.0, "dual_solution_value": -0.0, "scaled_age": 0.08}, "1": {"bias": -0.39605901719066977, "objective_cosine_similarity": -0.6795030451616262, "is_tight": 0.0, "dual_solution_value": -0.0, "scaled_age": 0.13333333333333333}, "2": {"bias": -0.3779644730092272, "objective_cosine_similarity": -0.5914300493106662, "is_tight": 1.0, "dual_solution_value": -2.5367809669004422e-05, "scaled_age": 0.0}, "3": {"bias": -0.39735970711951313, "objective_cosine_similarity": -0.7123296402214399, "is_tight": 1.0, "dual_solution_value": -7.143535700455376e-05, "scaled_age": 0.0}, "4": {"bias": -0.4621523847143265, "objective_cosine_similarity": -0.780066353118482, "is_tight": 1.0, "dual_solution_value": -0.002000546969112311, "scaled_age": 0.0}, "5": {"bias": -0.3790490217894517, "objective_cosine_similarity": -0.7582394787815134, "is_tight": 0.0, "dual_solution_value": -0.0, "scaled_age": 0.04}, "6": {"bias": -0.3841106397986879, "objective_cosine_similarity": -0.569571570402442, "is_tight": 0.0, "dual_solution_value": -0.0, "scaled_age": 0.06666666666666667}, "7": {"bias": -0.4697014571052863, "objective_cosine_similarity": -0.7630141106540821, "is_tight": 0.0, "dual_solution_value": -0.0, "scaled_age": 0.06666666666666667}, "8": {"bias": -0.4617314599742151, "objective_cosine_similarity": -0.7807806463940039, "is_tight": 1.0, "dual_solution_value": -0.00021798427390466024, "scaled_age": 0.0}, "9": {"bias": -0.47204013665658, "objective_cosine_similarity": -0.7718724880620647, "is_tight": 1.0, "dual_solution_value": -0.000218072335371647, "scaled_age": 0.0}, "10": {"bias": -0.27472112789737807, "objective_cosine_similarity": -0.6135141409116228, "is_tight": 1.0, "dual_solution_value": -8.591615965175966e-05, "scaled_age": 0.0}, "11": {"bias": -0.4523389492588624, "objective_cosine_similarity": -0.8525089617314701, "is_tight": 0.0, "dual_solution_value": -0.0, "scaled_age": 0.02666666666666667}, "12": {"bias": -0.4228324131065169, "objective_cosine_similarity": -0.838591469823241, "is_tight": 1.0, "dual_solution_value": -1.0008796599830898e-07, "scaled_age": 0.0}, "13": {"bias": -0.2182178902359924, "objective_cosine_similarity": -0.3502022863909224, "is_tight": 0.0, "dual_solution_value": 0.0, "scaled_age": 0.30666666666666664}, "14": {"bias": -0.1889822365046136, "objective_cosine_similarity": -0.40063774302377436, "is_tight": 0.0, "dual_solution_value": 0.0, "scaled_age": 0.30666666666666664}, "15": {"bias": -0.17677669529663687, "objective_cosine_similarity": -0.41236059432449973, "is_tight": 0.0, "dual_solution_value": 0.0, "scaled_age": 0.30666666666666664}, "16": {"bias": -0.23570226039551587, "objective_cosine_similarity": -0.33236247626233617, "is_tight": 1.0, "dual_solution_value": -0.001802654904012517, "scaled_age": 0.0}, "17": {"bias": -0.22360679774997896, "objective_cosine_similarity": -0.3004832991335077, "is_tight": 0.0, "dual_solution_value": 0.0, "scaled_age": 0.30666666666666664}, "18": {"bias": -0.20851441405707477, "objective_cosine_similarity": -0.40201660971029823, "is_tight": 0.0, "dual_solution_value": 0.0, "scaled_age": 0.30666666666666664}, "19": {"bias": -0.20412414523193154, "objective_cosine_similarity": -0.32420127312837255, "is_tight": 0.0, "dual_solution_value": 0.0, "scaled_age": 0.30666666666666664}, "20": {"bias": -0.20851441405707477, "objective_cosine_similarity": -0.33606975897701863, "is_tight": 0.0, "dual_solution_value": 0.0, "scaled_age": 0.08}, "21": {"bias": -0.20412414523193154, "objective_cosine_similarity": -0.38509472964639735, "is_tight": 0.0, "dual_solution_value": 0.0, "scaled_age": 0.30666666666666664}, "22": {"bias": -0.2182178902359924, "objective_cosine_similarity": -0.28299479080987616, "is_tight": 0.0, "dual_solution_value": 0.0, "scaled_age": 0.30666666666666664}, "23": {"bias": -0.1796053020267749, "objective_cosine_similarity": -0.40209128887326284, "is_tight": 0.0, "dual_solution_value": 0.0, "scaled_age": 0.30666666666666664}, "24": {"bias": -0.22360679774997896, "objective_cosine_similarity": -0.3477329854309657, "is_tight": 0.0, "dual_solution_value": 0.0, "scaled_age": 0.05333333333333334}, "25": {"bias": -0.20851441405707477, "objective_cosine_similarity": -0.3478768370559028, "is_tight": 0.0, "dual_solution_value": 0.0, "scaled_age": 0.18666666666666668}, "26": {"bias": -0.22360679774997896, "objective_cosine_similarity": -0.3412477343705303, "is_tight": 0.0, "dual_solution_value": 0.0, "scaled_age": 0.08}, "27": {"bias": -0.2182178902359924, "objective_cosine_similarity": -0.3423664348881995, "is_tight": 0.0, "dual_solution_value": 0.0, "scaled_age": 0.02666666666666667}, "28": {"bias": -0.22941573387056174, "objective_cosine_similarity": -0.3326863597922014, "is_tight": 1.0, "dual_solution_value": -8.319314487191651e-05, "scaled_age": 0.0}, "29": {"bias": -0.22941573387056174, "objective_cosine_similarity": -0.36563815161923846, "is_tight": 0.0, "dual_solution_value": 0.0, "scaled_age": 0.30666666666666664}, "30": {"bias": -0.19245008972987526, "objective_cosine_similarity": -0.35616022151401144, "is_tight": 0.0, "dual_solution_value": 0.0, "scaled_age": 0.30666666666666664}, "31": {"bias": -0.20412414523193154, "objective_cosine_similarity": -0.3484458900753639, "is_tight": 0.0, "dual_solution_value": 0.0, "scaled_age": 0.30666666666666664}, "32": {"bias": -0.2182178902359924, "objective_cosine_similarity": -0.32518783736299933, "is_tight": 1.0, "dual_solution_value": -0.00029886060797037426, "scaled_age": 0.0}, "33": {"bias": -0.2182178902359924, "objective_cosine_similarity": -0.3550243488541364, "is_tight": 0.0, "dual_solution_value": 0.0, "scaled_age": 0.06666666666666667}, "34": {"bias": -0.20412414523193154, "objective_cosine_similarity": -0.3117970505043305, "is_tight": 0.0, "dual_solution_value": 0.0, "scaled_age": 0.30666666666666664}, "35": {"bias": -0.22360679774997896, "objective_cosine_similarity": -0.34865944986817077, "is_tight": 0.0, "dual_solution_value": 0.0, "scaled_age": 0.16}, "36": {"bias": -0.2182178902359924, "objective_cosine_similarity": -0.3378457513289363, "is_tight": 0.0, "dual_solution_value": 0.0, "scaled_age": 0.10666666666666667}, "37": {"bias": -0.21320071635561041, "objective_cosine_similarity": -0.3035776685856277, "is_tight": 0.0, "dual_solution_value": 0.0, "scaled_age": 0.30666666666666664}, "38": {"bias": -0.1889822365046136, "objective_cosine_similarity": -0.4491840754032024, "is_tight": 0.0, "dual_solution_value": 0.0, "scaled_age": 0.30666666666666664}, "39": {"bias": -0.19611613513818404, "objective_cosine_similarity": -0.38786343600365697, "is_tight": 0.0, "dual_solution_value": 0.0, "scaled_age": 0.30666666666666664}, "40": {"bias": -0.21320071635561041, "objective_cosine_similarity": -0.3383227363771932, "is_tight": 0.0, "dual_solution_value": 0.0, "scaled_age": 0.2}, "41": {"bias": -0.2, "objective_cosine_similarity": -0.33726257854117025, "is_tight": 0.0, "dual_solution_value": 0.0, "scaled_age": 0.30666666666666664}, "42": {"bias": -0.23570226039551587, "objective_cosine_similarity": -0.3727277525175072, "is_tight": 1.0, "dual_solution_value": -5.368350415491291e-05, "scaled_age": 0.0}, "43": {"bias": -0.19611613513818404, "objective_cosine_similarity": -0.3648408158498086, "is_tight": 0.0, "dual_solution_value": 0.0, "scaled_age": 0.30666666666666664}, "44": {"bias": -0.22360679774997896, "objective_cosine_similarity": -0.3798504192540745, "is_tight": 1.0, "dual_solution_value": -7.827587579970104e-05, "scaled_age": 0.0}, "45": {"bias": -0.20412414523193154, "objective_cosine_similarity": -0.360850112699406, "is_tight": 1.0, "dual_solution_value": -0.0001950381960007631, "scaled_age": 0.0}, "46": {"bias": -0.19611613513818404, "objective_cosine_similarity": -0.36646594197831556, "is_tight": 0.0, "dual_solution_value": 0.0, "scaled_age": 0.30666666666666664}, "47": {"bias": -0.18257418583505536, "objective_cosine_similarity": -0.37444524743788526,