{"0": {"bias": -0.8944271909999159, "objective_cosine_similarity": -0.8174238913695991, "is_tight": 0.0, "dual_solution_value": -0.0, "scaled_age": 0.14772727272727273}, "1": {"bias": -1.0327955589886444, "objective_cosine_similarity": -0.7079098555864042, "is_tight": 0.0, "dual_solution_value": -0.0, "scaled_age": 0.06818181818181818}, "2": {"bias": -0.6666666666666666, "objective_cosine_similarity": -0.5004732608726313, "is_tight": 0.0, "dual_solution_value": -0.0, "scaled_age": 0.125}, "3": {"bias": -0.7559289460184544, "objective_cosine_similarity": -0.3454246398538787, "is_tight": 1.0, "dual_solution_value": -0.0, "scaled_age": 0.06818181818181818}, "4": {"bias": -0.9701425001453319, "objective_cosine_similarity": -0.7969031246129139, "is_tight": 1.0, "dual_solution_value": -0.0, "scaled_age": 0.125}, "5": {"bias": -1.257941804066302, "objective_cosine_similarity": -0.8667940939646517, "is_tight": 0.0, "dual_solution_value": -0.0, "scaled_age": 0.125}, "6": {"bias": -1.2780193008453875, "objective_cosine_similarity": -0.7150969419341942, "is_tight": 0.0, "dual_solution_value": -0.0, "scaled_age": 0.1590909090909091}, "7": {"bias": -1.1861392864779443, "objective_cosine_similarity": -0.9299557150010351, "is_tight": 0.0, "dual_solution_value": -0.0, "scaled_age": 0.1590909090909091}, "8": {"bias": -0.8660254037844387, "objective_cosine_similarity": -0.6344301208823776, "is_tight": 1.0, "dual_solution_value": 0.0, "scaled_age": 0.22727272727272727}, "9": {"bias": -0.8944271909999159, "objective_cosine_similarity": -0.7395739969534468, "is_tight": 0.0, "dual_solution_value": -0.0, "scaled_age": 0.1590909090909091}, "10": {"bias": -0.7071067811865475, "objective_cosine_similarity": -0.6539235458277051, "is_tight": 1.0, "dual_solution_value": -0.007693218186208295, "scaled_age": 0.0}, "11": {"bias": -0.8528028654224417, "objective_cosine_similarity": -0.6912385827172226, "is_tight": 0.0, "dual_solution_value": -0.0, "scaled_age": 0.125}, "12": {"bias": -0.8320502943378437, "objective_cosine_similarity": -0.6759263694193747, "is_tight": 1.0, "dual_solution_value": -0.006035056869815846, "scaled_age": 0.0}, "13": {"bias": -1.1908872654121136, "objective_cosine_similarity": -0.9373487068546676, "is_tight": 0.0, "dual_solution_value": -0.0, "scaled_age": 0.125}, "14": {"bias": -0.8980265101338746, "objective_cosine_similarity": -0.879335718019766, "is_tight": 0.0, "dual_solution_value": -0.0, "scaled_age": 0.125}, "15": {"bias": -0.6324555320336759, "objective_cosine_similarity": -0.6261731414156176, "is_tight": 0.0, "dual_solution_value": -0.0, "scaled_age": 0.07954545454545454}, "16": {"bias": -1.1808328404914468, "objective_cosine_similarity": -0.9577069466907545, "is_tight": 0.0, "dual_solution_value": -0.0, "scaled_age": 0.125}, "17": {"bias": -1.1769646985527409, "objective_cosine_similarity": -0.9318248079320467, "is_tight": 0.0, "dual_solution_value": -0.0, "scaled_age": 0.125}, "18": {"bias": -1.2590012196690332, "objective_cosine_similarity": -0.9497979027307645, "is_tight": 0.0, "dual_solution_value": 0.0, "scaled_age": 0.14772727272727273}, "19": {"bias": -1.2059685495282324, "objective_cosine_similarity": -0.9384757743947992, "is_tight": 0.0, "dual_solution_value": 0.0, "scaled_age": 0.14772727272727273}, "20": {"bias": -0.7071067811865475, "objective_cosine_similarity": -0.3692744729379982, "is_tight": 1.0, "dual_solution_value": -0.03077287274483318, "scaled_age": 0.0}, "21": {"bias": -0.7071067811865475, "objective_cosine_similarity": -0.1692508000965825, "is_tight": 1.0, "dual_solution_value": -0.03077287274483318, "scaled_age": 0.0}, "22": {"bias": -0.35355339059327373, "objective_cosine_similarity": -0.4231270002414562, "is_tight": 0.0, "dual_solution_value": 0.0, "scaled_age": 0.22727272727272727}, "23": {"bias": -0.5773502691896258, "objective_cosine_similarity": -0.35176323534072423, "is_tight": 1.0, "dual_solution_value": 0.0, "scaled_age": 0.045454545454545456}, "24": {"bias": -0.3779644730092272, "objective_cosine_similarity": -0.3289758474798845, "is_tight": 0.0, "dual_solution_value": 0.0, "scaled_age": 0.22727272727272727}, "25": {"bias": -0.3779644730092272, "objective_cosine_similarity": -0.18093671611393647, "is_tight": 0.0, "dual_solution_value": 0.0, "scaled_age": 0.22727272727272727}, "26": {"bias": -0.3779644730092272, "objective_cosine_similarity": -0.5428101483418094, "is_tight": 0.0, "dual_solution_value": 0.0, "scaled_age": 0.22727272727272727}, "27": {"bias": -0.4082482904638631, "objective_cosine_similarity": -0.346451164077867, "is_tight": 0.0, "dual_solution_value": 0.0, "scaled_age": 0.22727272727272727}, "28": {"bias": -0.3779644730092272, "objective_cosine_similarity": -0.41944420553685274, "is_tight": 0.0, "dual_solution_value": 0.0, "scaled_age": 0.22727272727272727}, "29": {"bias": -0.4472135954999579, "objective_cosine_similarity": -0.1848934992383617, "is_tight": 0.0, "dual_solution_value": 0.0, "scaled_age": 0.22727272727272727}, "30": {"bias": -0.4082482904638631, "objective_cosine_similarity": -0.37310125362231833, "is_tight": 0.0, "dual_solution_value": 0.0, "scaled_age": 0.22727272727272727}, "31": {"bias": -0.4472135954999579, "objective_cosine_similarity": -0.27247463045653303, "is_tight": 0.0, "dual_solution_value": 0.0, "scaled_age": 0.22727272727272727}, "32": {"bias": -0.5, "objective_cosine_similarity": -0.3263956049169334, "is_tight": 1.0, "dual_solution_value": 0.0, "scaled_age": 0.06818181818181818}, "33": {"bias": -0.5773502691896258, "objective_cosine_similarity": -0.26382242650554316, "is_tight": 1.0, "dual_solution_value": 0.0, "scaled_age": 0.06818181818181818}, "34": {"bias": -0.5773502691896258, "objective_cosine_similarity": -0.2889483718870235, "is_tight": 0.0, "dual_solution_value": 0.0, "scaled_age": 0.22727272727272727}, "35": {"bias": -0.5, "objective_cosine_similarity": -0.26111648393354675, "is_tight": 0.0, "dual_solution_value": 0.0, "scaled_age": 0.045454545454545456}, "36": {"bias": -0.4082482904638631, "objective_cosine_similarity": -0.3642178904408345, "is_tight": 0.0, "dual_solution_value": 0.0, "scaled_age": 0.22727272727272727}, "37": {"bias": -0.3333333333333333, "objective_cosine_similarity": -0.4134344328947824, "is_tight": 0.0, "dual_solution_value": 0.0, "scaled_age": 0.22727272727272727}, "38": {"bias": -0.4472135954999579, "objective_cosine_similarity": -0.28220586725855207, "is_tight": 0.0, "dual_solution_value": 0.0, "scaled_age": 0.22727272727272727}, "39": {"bias": -0.5, "objective_cosine_similarity": -0.5004732608726313, "is_tight": 1.0, "dual_solution_value": 0.0, "scaled_age": 0.06818181818181818}, "40": {"bias": -0.3779644730092272, "objective_cosine_similarity": -0.38654662078886426, "is_tight": 0.0, "dual_solution_value": 0.0, "scaled_age": 0.22727272727272727}, "41": {"bias": -0.4472135954999579, "objective_cosine_similarity": -0.37951823527874246, "is_tight": 0.0, "dual_solution_value": 0.0, "scaled_age": 0.22727272727272727}, "42": {"bias": -0.5, "objective_cosine_similarity": -0.36991501890585793, "is_tight": 0.0, "dual_solution_value": 0.0, "scaled_age": 0.22727272727272727}, "43": {"bias": -0.4472135954999579, "objective_cosine_similarity": -0.6227991553292184, "is_tight": 1.0, "dual_solution_value": -0.019462473604038074, "scaled_age": 0.0}, "44": {"bias": -0.7071067811865475, "objective_cosine_similarity": -0.12309149097933272, "is_tight": 1.0, "dual_solution_value": 0.0, "scaled_age": 0.06818181818181818}, "45": {"bias": -0.4082482904638631, "objective_cosine_similarity": -0.3553345272593508, "is_tight": 0.0, "dual_solution_value": 0.0, "scaled_age": 0.045454545454545456}, "46": {"bias": -0.5773502691896258, "objective_cosine_similarity": -0.251259453814803, "is_tight": 1.0, "dual_solution_value": 0.0, "scaled_age": 0.06818181818181818}, "47": {"bias": -0.4472135954999579, "objective_cosine_similarity": -0.3697869984767234, "is_tight": 0.0, "dual_solution_value": 0.0, "scaled_age": 0.22727272727272727}, "48": {"bias": -0.5,