{"0": {"bias": -1.3176571907901329, "objective_cosine_similarity": -0.9035363593989483, "is_tight": 1.0, "dual_solution_value": -5.438861151994821e-06, "scaled_age": 0.0}, "1": {"bias": -1.2727922061357855, "objective_cosine_similarity": -0.8091321881863208, "is_tight": 0.0, "dual_solution_value": -0.0, "scaled_age": 0.01}, "2": {"bias": -0.6666666666666666, "objective_cosine_similarity": -0.4642857142857143, "is_tight": 0.0, "dual_solution_value": -0.0, "scaled_age": 0.11}, "3": {"bias": -1.4120113078902585, "objective_cosine_similarity": -0.8904780990082114, "is_tight": 0.0, "dual_solution_value": -0.0, "scaled_age": 0.12}, "4": {"bias": -1.118033988749895, "objective_cosine_similarity": -0.7075557957374334, "is_tight": 0.0, "dual_solution_value": -0.0, "scaled_age": 0.01}, "5": {"bias": -1.3310245292923248, "objective_cosine_similarity": -0.8568470407319341, "is_tight": 1.0, "dual_solution_value": -1.2296587712342628e-05, "scaled_age": 0.0}, "6": {"bias": -0.8164965809277261, "objective_cosine_similarity": -0.4753176524686406, "is_tight": 1.0, "dual_solution_value": -0.009478015129380837, "scaled_age": 0.0}, "7": {"bias": -1.3669722523468175, "objective_cosine_similarity": -0.8384910155020211, "is_tight": 0.0, "dual_solution_value": -0.0, "scaled_age": 0.11}, "8": {"bias": -1.4468585801432003, "objective_cosine_similarity": -0.9293671750850139, "is_tight": 0.0, "dual_solution_value": -0.0, "scaled_age": 0.06}, "9": {"bias": -1.431735041517987, "objective_cosine_similarity": -0.9198766530485528, "is_tight": 0.0, "dual_solution_value": -0.0, "scaled_age": 0.14}, "10": {"bias": -1.3741242748232818, "objective_cosine_similarity": -0.8998550965414177, "is_tight": 1.0, "dual_solution_value": -1.9056591495301925e-05, "scaled_age": 0.0}, "11": {"bias": -1.2004900959975617, "objective_cosine_similarity": -0.8599429055002943, "is_tight": 0.0, "dual_solution_value": -0.0, "scaled_age": 0.02}, "12": {"bias": -1.4597329889788344, "objective_cosine_similarity": -0.9162010741885588, "is_tight": 1.0, "dual_solution_value": -5.93372263616217e-07, "scaled_age": 0.0}, "13": {"bias": -1.3482838780492632, "objective_cosine_similarity": -0.928724733389213, "is_tight": 0.0, "dual_solution_value": -0.0, "scaled_age": 0.12}, "14": {"bias": -1.4403862827999163, "objective_cosine_similarity": -0.8707297529106262, "is_tight": 0.0, "dual_solution_value": -0.0, "scaled_age": 0.06}, "15": {"bias": -1.402131954869865, "objective_cosine_similarity": -0.951498266838, "is_tight": 0.0, "dual_solution_value": 0.0, "scaled_age": 0.01}, "16": {"bias": -1.3756587065618984, "objective_cosine_similarity": -0.9191087012913209, "is_tight": 1.0, "dual_solution_value": -0.031048073495604095, "scaled_age": 0.0}, "17": {"bias": -1.4887633608839435, "objective_cosine_similarity": -0.9571134178651963, "is_tight": 1.0, "dual_solution_value": -0.009095838264662849, "scaled_age": 0.0}, "18": {"bias": -1.4938315046956818, "objective_cosine_similarity": -0.9403307089725398, "is_tight": 0.0, "dual_solution_value": 0.0, "scaled_age": 0.11}, "19": {"bias": -1.488849866679737, "objective_cosine_similarity": -0.9556322121676977, "is_tight": 0.0, "dual_solution_value": 0.0, "scaled_age": 0.11}, "20": {"bias": -0.7071067811865475, "objective_cosine_similarity": -0.18687822074215898, "is_tight": 0.0, "dual_solution_value": 0.0, "scaled_age": 0.04}, "21": {"bias": -0.4082482904638631, "objective_cosine_similarity": -0.4519891787278484, "is_tight": 0.0, "dual_solution_value": 0.0, "scaled_age": 0.22}, "22": {"bias": -0.4472135954999579, "objective_cosine_similarity": -0.25555062599997597, "is_tight": 0.0, "dual_solution_value": 0.0, "scaled_age": 0.22}, "23": {"bias": -0.5, "objective_cosine_similarity": -0.3392857142857143, "is_tight": 0.0, "dual_solution_value": 0.0, "scaled_age": 0.22}, "24": {"bias": -0.4472135954999579, "objective_cosine_similarity": -0.42485291572496, "is_tight": 0.0, "dual_solution_value": 0.0, "scaled_age": 0.22}, "25": {"bias": -0.5773502691896258, "objective_cosine_similarity": -0.2886751345948129, "is_tight": 1.0, "dual_solution_value": -0.008536905000178018, "scaled_age": 0.0}, "26": {"bias": -0.4082482904638631, "objective_cosine_similarity": -0.5044782446446308, "is_tight": 1.0, "dual_solution_value": -0.006527490421458514, "scaled_age": 0.0}, "27": {"bias": -0.4472135954999579, "objective_cosine_similarity": -0.4152697672499609, "is_tight": 0.0, "dual_solution_value": 0.0, "scaled_age": 0.22}, "28": {"bias": -0.4472135954999579, "objective_cosine_similarity": -0.329021430974969, "is_tight": 1.0, "dual_solution_value": -0.0011310614828018142, "scaled_age": 0.0}, "29": {"bias": -0.2886751345948129, "objective_cosine_similarity": -0.5670404429540967, "is_tight": 0.0, "dual_solution_value": 0.0, "scaled_age": 0.22}, "30": {"bias": -0.5773502691896258, "objective_cosine_similarity": -0.31341871756008255, "is_tight": 0.0, "dual_solution_value": 0.0, "scaled_age": 0.09}, "31": {"bias": -0.5, "objective_cosine_similarity": -0.2357142857142857, "is_tight": 0.0, "dual_solution_value": 0.0, "scaled_age": 0.03}, "32": {"bias": -0.5773502691896258, "objective_cosine_similarity": -0.2515597601469084, "is_tight": 1.0, "dual_solution_value": -0.020532554508123968, "scaled_age": 0.0}, "33": {"bias": -0.4082482904638631, "objective_cosine_similarity": -0.3091022770654963, "is_tight": 0.0, "dual_solution_value": 0.0, "scaled_age": 0.01}, "34": {"bias": -0.5, "objective_cosine_similarity": -0.2785714285714286, "is_tight": 0.0, "dual_solution_value": 0.0, "scaled_age": 0.18}, "35": {"bias": -0.4472135954999579, "objective_cosine_similarity": -0.37374279052496484, "is_tight": 0.0, "dual_solution_value": 0.0, "scaled_age": 0.22}, "36": {"bias": -0.5, "objective_cosine_similarity": -0.21071428571428572, "is_tight": 0.0, "dual_solution_value": 0.0, "scaled_age": 0.22}, "37": {"bias": -0.5, "objective_cosine_similarity": -0.3392857142857143, "is_tight": 1.0, "dual_solution_value": -0.0023740100185225166, "scaled_age": 0.0}, "38": {"bias": -0.7071067811865475, "objective_cosine_similarity": -0.15657364440559265, "is_tight": 1.0, "dual_solution_value": -0.009994201563021192, "scaled_age": 0.0}, "39": {"bias": -0.5, "objective_cosine_similarity": -0.26071428571428573, "is_tight": 0.0, "dual_solution_value": 0.0, "scaled_age": 0.22}, "40": {"bias": -0.5773502691896258, "objective_cosine_similarity": -0.2804272736063897, "is_tight": 1.0, "dual_solution_value": -0.004216840940342133, "scaled_age": 0.0}, "41": {"bias": -0.5773502691896258, "objective_cosine_similarity": -0.3257905090427174, "is_tight": 0.0, "dual_solution_value": 0.0, "scaled_age": 0.22}, "42": {"bias": -0.4472135954999579, "objective_cosine_similarity": -0.30346636837497143, "is_tight": 0.0, "dual_solution_value": 0.0, "scaled_age": 0.22}, "43": {"bias": -0.4082482904638631, "objective_cosine_similarity": -0.29743804019510023, "is_tight": 0.0, "dual_solution_value": 0.0, "scaled_age": 0.22}, "44": {"bias": -0.4472135954999579, "objective_cosine_similarity": -0.23318994622497805, "is_tight": 0.0, "dual_solution_value": 0.0, "scaled_age": 0.22}, "45": {"bias": -0.4082482904638631, "objective_cosine_similarity": -0.30327015863029827, "is_tight": 0.0, "dual_solution_value": 0.0, "scaled_age": 0.19}, "46": {"bias": -0.5, "objective_cosine_similarity": -0.23214285714285715, "is_tight": 0.0, "dual_solution_value": 0.0, "scaled_age": 0.05}, "47": {"bias": -0.5773502691896258, "objective_cosine_similarity": -0.3505340920079871, "is_tight": 1.0, "dual_solution_value": -0.0011943724717971619, "scaled_age": 0.0}, "48": {"bias": -0.4472135954999579, "objective_cosine_similarity": -0.14374722712498647, "is_tight": 0.0, "dual_solution_value": 0.0, "scaled_age": 0.22}, "49": {"bias": -0.4472135954999579, "objective_cosine_similarity": -0.24916186034997653, "is_tight": 0.0, "dual_solution_value": 0.0, "scaled_age": 0.15}, "50": {"bias": -0.5, "objective_cosine_similarity": -0.21428571428571427, "is_tight": 0.0, "dual_solution_value": 0.0, "scaled_age": 0.22},