{"0": {"bias": -0.8017837257372732, "objective_cosine_similarity": -0.6172000663000508, "is_tight": 0.0, "dual_solution_value": -0.0, "scaled_age": 0.078125}, "1": {"bias": -1.0, "objective_cosine_similarity": -0.4735878755968885, "is_tight": 1.0, "dual_solution_value": -0.005276075997288061, "scaled_age": 0.0}, "2": {"bias": -1.4464665258092257, "objective_cosine_similarity": -0.8893477871024529, "is_tight": 0.0, "dual_solution_value": -0.0, "scaled_age": 0.1875}, "3": {"bias": -1.403121520040228, "objective_cosine_similarity": -0.9150349820146101, "is_tight": 0.0, "dual_solution_value": -0.0, "scaled_age": 0.09375}, "4": {"bias": -1.3897584579446067, "objective_cosine_similarity": -0.8896554021212992, "is_tight": 1.0, "dual_solution_value": -1.1197110048956558e-05, "scaled_age": 0.0}, "5": {"bias": -1.3363062095621219, "objective_cosine_similarity": -0.8912212373846399, "is_tight": 0.0, "dual_solution_value": -0.0, "scaled_age": 0.015625}, "6": {"bias": -1.4171819991669232, "objective_cosine_similarity": -0.8600466234390045, "is_tight": 0.0, "dual_solution_value": -0.0, "scaled_age": 0.203125}, "7": {"bias": -1.4176110789741811, "objective_cosine_similarity": -0.873622124793948, "is_tight": 0.0, "dual_solution_value": 0.0, "scaled_age": 0.21875}, "8": {"bias": -1.4334245902808225, "objective_cosine_similarity": -0.880679441802433, "is_tight": 1.0, "dual_solution_value": -0.004131765442580589, "scaled_age": 0.0}, "9": {"bias": -1.4036280605637048, "objective_cosine_similarity": -0.8255189776272838, "is_tight": 0.0, "dual_solution_value": 0.0, "scaled_age": 0.171875}, "10": {"bias": -1.4603506931240982, "objective_cosine_similarity": -0.9152223463700625, "is_tight": 0.0, "dual_solution_value": 0.0, "scaled_age": 0.109375}, "11": {"bias": -1.4164036204035382, "objective_cosine_similarity": -0.9328780080415678, "is_tight": 0.0, "dual_solution_value": 0.0, "scaled_age": 0.234375}, "12": {"bias": -1.4352466952238374, "objective_cosine_similarity": -0.9137875841877863, "is_tight": 0.0, "dual_solution_value": 0.0, "scaled_age": 0.21875}, "13": {"bias": -1.4294455945051103, "objective_cosine_similarity": -0.918357933760732, "is_tight": 0.0, "dual_solution_value": 0.0, "scaled_age": 0.0625}, "14": {"bias": -1.3412139615549368, "objective_cosine_similarity": -0.9059690627431625, "is_tight": 0.0, "dual_solution_value": 0.0, "scaled_age": 0.171875}, "15": {"bias": -1.4261853525809316, "objective_cosine_similarity": -0.8591618513319252, "is_tight": 0.0, "dual_solution_value": 0.0, "scaled_age": 0.125}, "16": {"bias": -1.2555630904118853, "objective_cosine_similarity": -0.7756854837495797, "is_tight": 0.0, "dual_solution_value": 0.0, "scaled_age": 0.015625}, "17": {"bias": -0.4472135954999579, "objective_cosine_similarity": -0.29039924300933895, "is_tight": 0.0, "dual_solution_value": 0.0, "scaled_age": 0.3125}, "18": {"bias": -0.5, "objective_cosine_similarity": -0.20749984240069858, "is_tight": 0.0, "dual_solution_value": 0.0, "scaled_age": 0.3125}, "19": {"bias": -0.4472135954999579, "objective_cosine_similarity": -0.26638126050480715, "is_tight": 0.0, "dual_solution_value": 0.0, "scaled_age": 0.3125}, "20": {"bias": -0.3779644730092272, "objective_cosine_similarity": -0.28233924689691986, "is_tight": 0.0, "dual_solution_value": 0.0, "scaled_age": 0.125}, "21": {"bias": -0.4472135954999579, "objective_cosine_similarity": -0.12664027138753128, "is_tight": 0.0, "dual_solution_value": 0.0, "scaled_age": 0.3125}, "22": {"bias": -0.5, "objective_cosine_similarity": -0.33688209707407535, "is_tight": 1.0, "dual_solution_value": -0.013941024975444433, "scaled_age": 0.0}, "23": {"bias": -0.5773502691896258, "objective_cosine_similarity": -0.17758601556732798, "is_tight": 0.0, "dual_solution_value": 0.0, "scaled_age": 0.3125}, "24": {"bias": -0.4472135954999579, "objective_cosine_similarity": -0.3493524727931897, "is_tight": 1.0, "dual_solution_value": -0.028516197496853576, "scaled_age": 0.0}, "25": {"bias": -0.4472135954999579, "objective_cosine_similarity": -0.2816654311895092, "is_tight": 0.0, "dual_solution_value": 0.0, "scaled_age": 0.3125}, "26": {"bias": -0.5, "objective_cosine_similarity": -0.22214689009957142, "is_tight": 1.0, "dual_solution_value": -0.00021890673348538972, "scaled_age": 0.0}, "27": {"bias": -0.4472135954999579, "objective_cosine_similarity": -0.2751150723246369, "is_tight": 0.0, "dual_solution_value": 0.0, "scaled_age": 0.3125}, "28": {"bias": -0.5773502691896258, "objective_cosine_similarity": -0.1437601078402179, "is_tight": 1.0, "dual_solution_value": -9.058000998269481e-05, "scaled_age": 0.0}, "29": {"bias": -0.3779644730092272, "objective_cosine_similarity": -0.3543080745373112, "is_tight": 0.0, "dual_solution_value": 0.0, "scaled_age": 0.3125}, "30": {"bias": -0.3779644730092272, "objective_cosine_similarity": -0.4834828933790392, "is_tight": 0.0, "dual_solution_value": 0.0, "scaled_age": 0.3125}, "31": {"bias": -0.5773502691896258, "objective_cosine_similarity": -0.2762449131047324, "is_tight": 0.0, "dual_solution_value": 0.0, "scaled_age": 0.078125}, "32": {"bias": -0.5, "objective_cosine_similarity": -0.4003526371025243, "is_tight": 1.0, "dual_solution_value": -0.018447391585038945, "scaled_age": 0.0}, "33": {"bias": -0.4082482904638631, "objective_cosine_similarity": -0.3328661915430173, "is_tight": 0.0, "dual_solution_value": 0.0, "scaled_age": 0.3125}, "34": {"bias": -0.5, "objective_cosine_similarity": -0.11473520697450391, "is_tight": 0.0, "dual_solution_value": 0.0, "scaled_age": 0.3125}, "35": {"bias": -0.4472135954999579, "objective_cosine_similarity": -0.27074816641472205, "is_tight": 0.0, "dual_solution_value": 0.0, "scaled_age": 0.1875}, "36": {"bias": -0.5, "objective_cosine_similarity": -0.22947041394900783, "is_tight": 1.0, "dual_solution_value": 0.0, "scaled_age": 0.3125}, "37": {"bias": -0.5, "objective_cosine_similarity": -0.3246762239916813, "is_tight": 1.0, "dual_solution_value": -2.828855944159354e-05, "scaled_age": 0.0}, "38": {"bias": -0.5, "objective_cosine_similarity": -0.2880586047444992, "is_tight": 1.0, "dual_solution_value": -0.009578556539437122, "scaled_age": 0.0}, "39": {"bias": -0.4472135954999579, "objective_cosine_similarity": -0.3602697375679769, "is_tight": 1.0, "dual_solution_value": -0.010154209322815976, "scaled_age": 0.0}, "40": {"bias": -0.4082482904638631, "objective_cosine_similarity": -0.27705629116454733, "is_tight": 0.0, "dual_solution_value": 0.0, "scaled_age": 0.3125}, "41": {"bias": -0.5773502691896258, "objective_cosine_similarity": -0.20859309765051223, "is_tight": 0.0, "dual_solution_value": 0.0, "scaled_age": 0.3125}, "42": {"bias": -0.5, "objective_cosine_similarity": -0.34664679553999056, "is_tight": 1.0, "dual_solution_value": -0.007000618660559622, "scaled_age": 0.0}, "43": {"bias": -0.4472135954999579, "objective_cosine_similarity": -0.2991330548291687, "is_tight": 0.0, "dual_solution_value": 0.0, "scaled_age": 0.125}, "44": {"bias": -0.5, "objective_cosine_similarity": -0.23679393779844424, "is_tight": 0.0, "dual_solution_value": 0.0, "scaled_age": 0.3125}, "45": {"bias": -0.5, "objective_cosine_similarity": -0.23435276318196543, "is_tight": 0.0, "dual_solution_value": 0.0, "scaled_age": 0.3125}, "46": {"bias": -0.5, "objective_cosine_similarity": -0.1855292708523893, "is_tight": 0.0, "dual_solution_value": 0.0, "scaled_age": 0.015625}, "47": {"bias": -0.5773502691896258, "objective_cosine_similarity": -0.2396001797336965, "is_tight": 1.0, "dual_solution_value": 0.0, "scaled_age": 0.3125}, "48": {"bias": -0.4082482904638631, "objective_cosine_similarity": -0.3348594022708198, "is_tight": 0.0, "dual_solution_value": 0.0, "scaled_age": 0.3125}, "49": {"bias": -0.5, "objective_cosine_similarity": -0.17576457238647408, "is_tight": 0.0, "dual_solution_value": 0.0, "scaled_age": 0.3125}, "50": {"bias": -0.4082482904638631, "objective_cosine_similarity": -0.20530070496365738, "is_tight": 0.0, "dual_solution_value": 0.0, "scaled_age": 0.3125}, "51": {"bias": -0.5,