{"0": {"bias": -0.8751899489873673, "objective_cosine_similarity": -0.7969432222505607, "is_tight": 0.0, "dual_solution_value": -0.0, "scaled_age": 0.13043478260869565}, "1": {"bias": -0.6324555320336759, "objective_cosine_similarity": -0.7206836794540551, "is_tight": 1.0, "dual_solution_value": -0.0008774980441208327, "scaled_age": 0.0}, "2": {"bias": -1.0489409231555604, "objective_cosine_similarity": -0.9124087087118943, "is_tight": 0.0, "dual_solution_value": -0.0, "scaled_age": 0.11594202898550725}, "3": {"bias": -1.0272157770537065, "objective_cosine_similarity": -0.9062636601393823, "is_tight": 1.0, "dual_solution_value": -1.4636513993747118e-08, "scaled_age": 0.0}, "4": {"bias": -0.6324555320336759, "objective_cosine_similarity": -0.630001627072419, "is_tight": 1.0, "dual_solution_value": -0.0016716878937321853, "scaled_age": 0.0}, "5": {"bias": -0.6666666666666666, "objective_cosine_similarity": -0.5534000197669002, "is_tight": 1.0, "dual_solution_value": -0.00029939427934161915, "scaled_age": 0.0}, "6": {"bias": -0.5773502691896258, "objective_cosine_similarity": -0.39647746615580093, "is_tight": 1.0, "dual_solution_value": -0.00011411564601286254, "scaled_age": 0.0}, "7": {"bias": -0.5, "objective_cosine_similarity": -0.2943081923305788, "is_tight": 0.0, "dual_solution_value": 0.0, "scaled_age": 0.3333333333333333}, "8": {"bias": -0.4472135954999579, "objective_cosine_similarity": -0.29023594203701564, "is_tight": 0.0, "dual_solution_value": 0.0, "scaled_age": 0.3333333333333333}, "9": {"bias": -0.4472135954999579, "objective_cosine_similarity": -0.4724771149439789, "is_tight": 0.0, "dual_solution_value": 0.0, "scaled_age": 0.3333333333333333}, "10": {"bias": -0.4082482904638631, "objective_cosine_similarity": -0.5298959081747846, "is_tight": 0.0, "dual_solution_value": 0.0, "scaled_age": 0.17391304347826086}, "11": {"bias": -0.3779644730092272, "objective_cosine_similarity": -0.4221341036114301, "is_tight": 0.0, "dual_solution_value": 0.0, "scaled_age": 0.3333333333333333}, "12": {"bias": -0.35355339059327373, "objective_cosine_similarity": -0.36818987129086606, "is_tight": 0.0, "dual_solution_value": 0.0, "scaled_age": 0.3333333333333333}, "13": {"bias": -0.5, "objective_cosine_similarity": -0.3244936479542279, "is_tight": 0.0, "dual_solution_value": 0.0, "scaled_age": 0.3333333333333333}, "14": {"bias": -0.5, "objective_cosine_similarity": -0.39241092310743836, "is_tight": 0.0, "dual_solution_value": 0.0, "scaled_age": 0.3333333333333333}, "15": {"bias": -0.4082482904638631, "objective_cosine_similarity": -0.27110953441500607, "is_tight": 0.0, "dual_solution_value": 0.0, "scaled_age": 0.3333333333333333}, "16": {"bias": -0.4472135954999579, "objective_cosine_similarity": -0.34423332660204176, "is_tight": 1.0, "dual_solution_value": -0.00012180634745065374, "scaled_age": 0.0}, "17": {"bias": -0.5, "objective_cosine_similarity": -0.6188018402848067, "is_tight": 1.0, "dual_solution_value": -0.028545308893203548, "scaled_age": 0.0}, "18": {"bias": -0.4082482904638631, "objective_cosine_similarity": -0.35737165900159895, "is_tight": 0.0, "dual_solution_value": 0.0, "scaled_age": 0.3333333333333333}, "19": {"bias": -0.3779644730092272, "objective_cosine_similarity": -0.5134063422301177, "is_tight": 0.0, "dual_solution_value": 0.0, "scaled_age": 0.3333333333333333}, "20": {"bias": -0.3779644730092272, "objective_cosine_similarity": -0.2966347755107347, "is_tight": 0.0, "dual_solution_value": 0.0, "scaled_age": 0.3333333333333333}, "21": {"bias": -0.35355339059327373, "objective_cosine_similarity": -0.40554246692906987, "is_tight": 0.0, "dual_solution_value": 0.0, "scaled_age": 0.3333333333333333}, "22": {"bias": -0.4082482904638631, "objective_cosine_similarity": -0.5237343278471709, "is_tight": 0.0, "dual_solution_value": 0.0, "scaled_age": 0.3333333333333333}, "23": {"bias": -0.4082482904638631, "objective_cosine_similarity": -0.4189874622777367, "is_tight": 0.0, "dual_solution_value": 0.0, "scaled_age": 0.014492753623188406}, "24": {"bias": -0.4472135954999579, "objective_cosine_similarity": -0.3307339804607852, "is_tight": 0.0, "dual_solution_value": 0.0, "scaled_age": 0.3333333333333333}, "25": {"bias": -0.4472135954999579, "objective_cosine_similarity": -0.27673659589575905, "is_tight": 0.0, "dual_solution_value": 0.0, "scaled_age": 0.3333333333333333}, "26": {"bias": -0.35355339059327373, "objective_cosine_similarity": -0.6029776153024329, "is_tight": 0.0, "dual_solution_value": 0.0, "scaled_age": 0.3333333333333333}, "27": {"bias": -0.4472135954999579, "objective_cosine_similarity": -0.4454784226614658, "is_tight": 0.0, "dual_solution_value": 0.0, "scaled_age": 0.3333333333333333}, "28": {"bias": -0.35355339059327373, "objective_cosine_similarity": -0.24545991419391072, "is_tight": 0.0, "dual_solution_value": 0.0, "scaled_age": 0.3333333333333333}, "29": {"bias": -0.3333333333333333, "objective_cosine_similarity": -0.2565763728010174, "is_tight": 0.0, "dual_solution_value": 0.0, "scaled_age": 0.3333333333333333}, "30": {"bias": -0.5, "objective_cosine_similarity": -0.36222546748378925, "is_tight": 0.0, "dual_solution_value": 0.0, "scaled_age": 0.18840579710144928}, "31": {"bias": -0.35355339059327373, "objective_cosine_similarity": -0.2881485949232865, "is_tight": 0.0, "dual_solution_value": 0.0, "scaled_age": 0.3333333333333333}, "32": {"bias": -0.4082482904638631, "objective_cosine_similarity": -0.37585639998444026, "is_tight": 0.0, "dual_solution_value": 0.0, "scaled_age": 0.3333333333333333}, "33": {"bias": -0.5, "objective_cosine_similarity": -0.30940092014240334, "is_tight": 0.0, "dual_solution_value": 0.0, "scaled_age": 0.08695652173913043}, "34": {"bias": -0.30151134457776363, "objective_cosine_similarity": -0.4641641229007218, "is_tight": 0.0, "dual_solution_value": 0.0, "scaled_age": 0.3333333333333333}, "35": {"bias": -0.5773502691896258, "objective_cosine_similarity": -0.47054468510798353, "is_tight": 0.0, "dual_solution_value": 0.0, "scaled_age": 0.3333333333333333}, "36": {"bias": -0.3779644730092272, "objective_cosine_similarity": -0.3308618649927425, "is_tight": 0.0, "dual_solution_value": 0.0, "scaled_age": 0.3333333333333333}, "37": {"bias": -0.4472135954999579, "objective_cosine_similarity": -0.4724771149439789, "is_tight": 0.0, "dual_solution_value": 0.0, "scaled_age": 0.3333333333333333}, "38": {"bias": -0.4082482904638631, "objective_cosine_similarity": -0.24030163277693722, "is_tight": 0.0, "dual_solution_value": 0.0, "scaled_age": 0.3333333333333333}, "39": {"bias": -0.4082482904638631, "objective_cosine_similarity": -0.3142405967083025, "is_tight": 0.0, "dual_solution_value": 0.0, "scaled_age": 0.18840579710144928}, "40": {"bias": -0.5773502691896258, "objective_cosine_similarity": -0.29626887580873035, "is_tight": 1.0, "dual_solution_value": -0.0002394549882337634, "scaled_age": 0.0}, "41": {"bias": -0.5, "objective_cosine_similarity": -0.20375182545963147, "is_tight": 0.0, "dual_solution_value": 0.0, "scaled_age": 0.2898550724637681}, "42": {"bias": -0.31622776601683794, "objective_cosine_similarity": -0.5584105330869168, "is_tight": 0.0, "dual_solution_value": 0.0, "scaled_age": 0.3333333333333333}, "43": {"bias": -0.5, "objective_cosine_similarity": -0.44523547044882433, "is_tight": 0.0, "dual_solution_value": 0.0, "scaled_age": 0.3333333333333333}, "44": {"bias": -0.4472135954999579, "objective_cosine_similarity": -0.48597646108523546, "is_tight": 0.0, "dual_solution_value": 0.0, "scaled_age": 0.3333333333333333}, "45": {"bias": -0.4082482904638631, "objective_cosine_similarity": -0.4005027212948954, "is_tight": 0.0, "dual_solution_value": 0.0, "scaled_age": 0.3333333333333333}, "46": {"bias": -0.4472135954999579, "objective_cosine_similarity": -0.3644823458139266, "is_tight": 0.0, "dual_solution_value": 0.0, "scaled_age": 0.3333333333333333}, "47": {"bias": -0.31622776601683794, "objective_cosine_similarity": -0.29590985514007556, "is_tight": 0.0, "dual_solution_value": 0.0,