{"0": {"bias": -0.7071067811865475, "objective_cosine_similarity": -0.5293723784070129, "is_tight": 0.0, "dual_solution_value": -0.0, "scaled_age": 0.0297029702970297}, "1": {"bias": -0.5163977794943222, "objective_cosine_similarity": -0.6059458311790415, "is_tight": 1.0, "dual_solution_value": -6.224550016067436e-05, "scaled_age": 0.0}, "2": {"bias": -0.9649012813540153, "objective_cosine_similarity": -0.9062345159105635, "is_tight": 0.0, "dual_solution_value": -0.0, "scaled_age": 0.09900990099009901}, "3": {"bias": -0.958269086929226, "objective_cosine_similarity": -0.8100097079684815, "is_tight": 1.0, "dual_solution_value": -2.6788692866902187e-08, "scaled_age": 0.0}, "4": {"bias": -0.944911182523068, "objective_cosine_similarity": -0.7746320233312931, "is_tight": 1.0, "dual_solution_value": -0.0004216895713566344, "scaled_age": 0.0}, "5": {"bias": -0.6, "objective_cosine_similarity": -0.581925939297471, "is_tight": 0.0, "dual_solution_value": -0.0, "scaled_age": 0.019801980198019802}, "6": {"bias": -1.0304687629256322, "objective_cosine_similarity": -0.9381672185288553, "is_tight": 1.0, "dual_solution_value": -0.01007485028454238, "scaled_age": 0.0}, "7": {"bias": -1.0065833221476053, "objective_cosine_similarity": -0.9202116277639514, "is_tight": 1.0, "dual_solution_value": -0.0002699685219325333, "scaled_age": 0.0}, "8": {"bias": -0.8496143042029377, "objective_cosine_similarity": -0.8783656860628899, "is_tight": 1.0, "dual_solution_value": -0.013988434421388024, "scaled_age": 0.0}, "9": {"bias": -1.0018207870468856, "objective_cosine_similarity": -0.9308031343635835, "is_tight": 1.0, "dual_solution_value": -0.005529925961829915, "scaled_age": 0.0}, "10": {"bias": -0.4082482904638631, "objective_cosine_similarity": -0.23843731467540816, "is_tight": 0.0, "dual_solution_value": 0.0, "scaled_age": 0.18811881188118812}, "11": {"bias": -0.35355339059327373, "objective_cosine_similarity": -0.5969518309696104, "is_tight": 0.0, "dual_solution_value": 0.0, "scaled_age": 0.18811881188118812}, "12": {"bias": -0.31622776601683794, "objective_cosine_similarity": -0.38617574952004147, "is_tight": 0.0, "dual_solution_value": 0.0, "scaled_age": 0.18811881188118812}, "13": {"bias": -0.35355339059327373, "objective_cosine_similarity": -0.3454060908754978, "is_tight": 0.0, "dual_solution_value": 0.0, "scaled_age": 0.18811881188118812}, "14": {"bias": -0.35355339059327373, "objective_cosine_similarity": -0.5068458942194805, "is_tight": 0.0, "dual_solution_value": 0.0, "scaled_age": 0.18811881188118812}, "15": {"bias": -0.4082482904638631, "objective_cosine_similarity": -0.24277253857859737, "is_tight": 0.0, "dual_solution_value": 0.0, "scaled_age": 0.18811881188118812}, "16": {"bias": -0.35355339059327373, "objective_cosine_similarity": -0.3791958171567965, "is_tight": 0.0, "dual_solution_value": 0.0, "scaled_age": 0.18811881188118812}, "17": {"bias": -0.35355339059327373, "objective_cosine_similarity": -0.4430208556881385, "is_tight": 0.0, "dual_solution_value": 0.0, "scaled_age": 0.18811881188118812}, "18": {"bias": -0.4472135954999579, "objective_cosine_similarity": -0.16621499465286368, "is_tight": 0.0, "dual_solution_value": 0.0, "scaled_age": 0.18811881188118812}, "19": {"bias": -0.3779644730092272, "objective_cosine_similarity": -0.5418410525892465, "is_tight": 0.0, "dual_solution_value": 0.0, "scaled_age": 0.0891089108910891}, "20": {"bias": -0.5773502691896258, "objective_cosine_similarity": -0.15940424343517043, "is_tight": 0.0, "dual_solution_value": 0.0, "scaled_age": 0.18811881188118812}, "21": {"bias": -0.4082482904638631, "objective_cosine_similarity": -0.47253940544762707, "is_tight": 0.0, "dual_solution_value": 0.0, "scaled_age": 0.18811881188118812}, "22": {"bias": -0.5, "objective_cosine_similarity": -0.31326305126414955, "is_tight": 0.0, "dual_solution_value": 0.0, "scaled_age": 0.1485148514851485}, "23": {"bias": -0.35355339059327373, "objective_cosine_similarity": -0.2440369120316017, "is_tight": 0.0, "dual_solution_value": 0.0, "scaled_age": 0.18811881188118812}, "24": {"bias": -0.4082482904638631, "objective_cosine_similarity": -0.3424826883519499, "is_tight": 0.0, "dual_solution_value": 0.0, "scaled_age": 0.16831683168316833}, "25": {"bias": -0.5, "objective_cosine_similarity": -0.11150040807707018, "is_tight": 0.0, "dual_solution_value": 0.0, "scaled_age": 0.18811881188118812}, "26": {"bias": -0.3333333333333333, "objective_cosine_similarity": -0.4176840683521994, "is_tight": 0.0, "dual_solution_value": 0.0, "scaled_age": 0.18811881188118812}, "27": {"bias": -0.5773502691896258, "objective_cosine_similarity": -0.2452372975925699, "is_tight": 0.0, "dual_solution_value": 0.0, "scaled_age": 0.009900990099009901}, "28": {"bias": -0.35355339059327373, "objective_cosine_similarity": -0.36793257506303023, "is_tight": 0.0, "dual_solution_value": 0.0, "scaled_age": 0.18811881188118812}, "29": {"bias": -0.3333333333333333, "objective_cosine_similarity": -0.4460016323082807, "is_tight": 0.0, "dual_solution_value": 0.0, "scaled_age": 0.18811881188118812}, "30": {"bias": -0.4472135954999579, "objective_cosine_similarity": -0.34667698884740145, "is_tight": 0.0, "dual_solution_value": 0.0, "scaled_age": 0.18811881188118812}, "31": {"bias": -0.35355339059327373, "objective_cosine_similarity": -0.4617929258444155, "is_tight": 0.0, "dual_solution_value": 0.0, "scaled_age": 0.18811881188118812}, "32": {"bias": -0.4082482904638631, "objective_cosine_similarity": -0.42485194251254543, "is_tight": 0.0, "dual_solution_value": 0.0, "scaled_age": 0.18811881188118812}, "33": {"bias": -0.4472135954999579, "objective_cosine_similarity": -0.28493999083348065, "is_tight": 0.0, "dual_solution_value": 0.0, "scaled_age": 0.18811881188118812}, "34": {"bias": -0.5773502691896258, "objective_cosine_similarity": -0.22684450027312716, "is_tight": 0.0, "dual_solution_value": 0.0, "scaled_age": 0.18811881188118812}, "35": {"bias": -0.3779644730092272, "objective_cosine_similarity": -0.38530919295235305, "is_tight": 0.0, "dual_solution_value": 0.0, "scaled_age": 0.18811881188118812}, "36": {"bias": -0.5, "objective_cosine_similarity": -0.16459584049472264, "is_tight": 0.0, "dual_solution_value": 0.0, "scaled_age": 0.18811881188118812}, "37": {"bias": -0.4472135954999579, "objective_cosine_similarity": -0.2754419911390313, "is_tight": 0.0, "dual_solution_value": 0.0, "scaled_age": 0.18811881188118812}, "38": {"bias": -0.5, "objective_cosine_similarity": -0.23361990263767085, "is_tight": 0.0, "dual_solution_value": 0.0, "scaled_age": 0.18811881188118812}, "39": {"bias": -0.3779644730092272, "objective_cosine_similarity": -0.4013637426587011, "is_tight": 0.0, "dual_solution_value": 0.0, "scaled_age": 0.18811881188118812}, "40": {"bias": -0.5773502691896258, "objective_cosine_similarity": -0.23910636515275566, "is_tight": 1.0, "dual_solution_value": -1.888939625146841e-05, "scaled_age": 0.0}, "41": {"bias": -0.3779644730092272, "objective_cosine_similarity": -0.38932283037894005, "is_tight": 0.0, "dual_solution_value": 0.0, "scaled_age": 0.0891089108910891}, "42": {"bias": -0.4082482904638631, "objective_cosine_similarity": -0.20809074735308347, "is_tight": 0.0, "dual_solution_value": 0.0, "scaled_age": 0.18811881188118812}, "43": {"bias": -0.4082482904638631, "objective_cosine_similarity": -0.3251417927391929, "is_tight": 0.0, "dual_solution_value": 0.0, "scaled_age": 0.18811881188118812}, "44": {"bias": -0.4082482904638631, "objective_cosine_similarity": -0.5158916444795194, "is_tight": 0.0, "dual_solution_value": 0.0, "scaled_age": 0.04950495049504951}, "45": {"bias": -0.4472135954999579, "objective_cosine_similarity": -0.26119499159735726, "is_tight": 0.0, "dual_solution_value": 0.0, "scaled_age": 0.18811881188118812}, "46": {"bias": -0.4082482904638631, "objective_cosine_similarity": -0.19074985174032652, "is_tight": 0.0, "dual_solution_value": 0.0, "scaled_age": 0.18811881188118812}, "47": {"bias": -0.4472135954999579, "objective_cosine_similarity": -0.42266098640299626,