{"0": {"bias": -1.0606601717798212, "objective_cosine_similarity": -0.6276983891292051, "is_tight": 0.0, "dual_solution_value": -0.0, "scaled_age": 0.09090909090909091}, "1": {"bias": -0.9733285267845753, "objective_cosine_similarity": -0.7537811097179041, "is_tight": 0.0, "dual_solution_value": -0.0, "scaled_age": 0.10743801652892562}, "2": {"bias": -0.7071067811865475, "objective_cosine_similarity": -0.3724143552728298, "is_tight": 0.0, "dual_solution_value": -0.0, "scaled_age": 0.08264462809917356}, "3": {"bias": -0.8980265101338746, "objective_cosine_similarity": -0.7300469933619466, "is_tight": 0.0, "dual_solution_value": -0.0, "scaled_age": 0.03305785123966942}, "4": {"bias": -0.7071067811865475, "objective_cosine_similarity": -0.6066749981057389, "is_tight": 1.0, "dual_solution_value": -0.003357533205499483, "scaled_age": 0.0}, "5": {"bias": -0.8164965809277261, "objective_cosine_similarity": -0.44563287713371175, "is_tight": 1.0, "dual_solution_value": -0.00587112451738917, "scaled_age": 0.0}, "6": {"bias": -1.091089451179962, "objective_cosine_similarity": -0.7340662550534786, "is_tight": 0.0, "dual_solution_value": -0.0, "scaled_age": 0.008264462809917356}, "7": {"bias": -0.6324555320336759, "objective_cosine_similarity": -0.4889012070387047, "is_tight": 1.0, "dual_solution_value": -0.0011105031812188087, "scaled_age": 0.0}, "8": {"bias": -0.917662935482247, "objective_cosine_similarity": -0.7249630315422616, "is_tight": 0.0, "dual_solution_value": -0.0, "scaled_age": 0.09917355371900827}, "9": {"bias": -1.3757874572555129, "objective_cosine_similarity": -0.9124948934752607, "is_tight": 0.0, "dual_solution_value": -0.0, "scaled_age": 0.10743801652892562}, "10": {"bias": -1.4021704145163774, "objective_cosine_similarity": -0.9043692450062516, "is_tight": 0.0, "dual_solution_value": -0.0, "scaled_age": 0.024793388429752067}, "11": {"bias": -1.4069300106240255, "objective_cosine_similarity": -0.892495425525504, "is_tight": 1.0, "dual_solution_value": -5.5222614655059124e-05, "scaled_age": 0.0}, "12": {"bias": -0.9805806756909202, "objective_cosine_similarity": -0.6705465497470943, "is_tight": 1.0, "dual_solution_value": -2.5374457933228848e-05, "scaled_age": 0.0}, "13": {"bias": -1.1393038422796231, "objective_cosine_similarity": -0.8748294555923894, "is_tight": 1.0, "dual_solution_value": -0.0007582732239279198, "scaled_age": 0.0}, "14": {"bias": -0.9486832980505138, "objective_cosine_similarity": -0.29683287570207073, "is_tight": 1.0, "dual_solution_value": -0.0018078764223883365, "scaled_age": 0.0}, "15": {"bias": -1.3693063937629153, "objective_cosine_similarity": -0.9072875683637007, "is_tight": 0.0, "dual_solution_value": -0.0, "scaled_age": 0.11570247933884298}, "16": {"bias": -1.0, "objective_cosine_similarity": -0.8197417127863609, "is_tight": 0.0, "dual_solution_value": -0.0, "scaled_age": 0.0743801652892562}, "17": {"bias": -1.356014800438723, "objective_cosine_similarity": -0.8911535485664236, "is_tight": 1.0, "dual_solution_value": -0.005772049201088242, "scaled_age": 0.0}, "18": {"bias": -0.5, "objective_cosine_similarity": -0.41836558916816863, "is_tight": 0.0, "dual_solution_value": 0.0, "scaled_age": 0.06611570247933884}, "19": {"bias": -0.4082482904638631, "objective_cosine_similarity": -0.2895746711335792, "is_tight": 0.0, "dual_solution_value": 0.0, "scaled_age": 0.15702479338842976}, "20": {"bias": -0.7071067811865475, "objective_cosine_similarity": -0.2642940585807179, "is_tight": 0.0, "dual_solution_value": 0.0, "scaled_age": 0.17355371900826447}, "21": {"bias": -0.5, "objective_cosine_similarity": -0.20599726979346375, "is_tight": 0.0, "dual_solution_value": 0.0, "scaled_age": 0.17355371900826447}, "22": {"bias": -0.35355339059327373, "objective_cosine_similarity": -0.3348725855880687, "is_tight": 0.0, "dual_solution_value": 0.0, "scaled_age": 0.17355371900826447}, "23": {"bias": -0.4472135954999579, "objective_cosine_similarity": -0.28872095902064926, "is_tight": 1.0, "dual_solution_value": -0.006823774026890846, "scaled_age": 0.0}, "24": {"bias": -0.4472135954999579, "objective_cosine_similarity": -0.36470015876292533, "is_tight": 1.0, "dual_solution_value": -0.00011371281919867634, "scaled_age": 0.0}, "25": {"bias": -0.4472135954999579, "objective_cosine_similarity": -0.32291159890467347, "is_tight": 0.0, "dual_solution_value": 0.0, "scaled_age": 0.0743801652892562}, "26": {"bias": -0.7071067811865475, "objective_cosine_similarity": -0.07808688094430302, "is_tight": 1.0, "dual_solution_value": -0.019276715691935842, "scaled_age": 0.0}, "27": {"bias": -0.5, "objective_cosine_similarity": -0.17626570508100506, "is_tight": 0.0, "dual_solution_value": 0.0, "scaled_age": 0.17355371900826447}, "28": {"bias": -0.5, "objective_cosine_similarity": -0.32067616225580436, "is_tight": 1.0, "dual_solution_value": -0.010168858693702309, "scaled_age": 0.0}, "29": {"bias": -0.5, "objective_cosine_similarity": -0.25908934963714, "is_tight": 0.0, "dual_solution_value": 0.0, "scaled_age": 0.17355371900826447}, "30": {"bias": -0.7071067811865475, "objective_cosine_similarity": -0.03303675732258974, "is_tight": 0.0, "dual_solution_value": 0.0, "scaled_age": 0.03305785123966942}, "31": {"bias": -0.4472135954999579, "objective_cosine_similarity": -0.1310641195554263, "is_tight": 0.0, "dual_solution_value": 0.0, "scaled_age": 0.17355371900826447}, "32": {"bias": -0.7071067811865475, "objective_cosine_similarity": -0.18020049448685313, "is_tight": 0.0, "dual_solution_value": 0.0, "scaled_age": 0.05785123966942149}, "33": {"bias": -0.4082482904638631, "objective_cosine_similarity": -0.2392892492002032, "is_tight": 0.0, "dual_solution_value": 0.0, "scaled_age": 0.17355371900826447}, "34": {"bias": -0.4472135954999579, "objective_cosine_similarity": -0.2089427992912593, "is_tight": 0.0, "dual_solution_value": 0.0, "scaled_age": 0.008264462809917356}, "35": {"bias": -0.3779644730092272, "objective_cosine_similarity": -0.3146493052719571, "is_tight": 0.0, "dual_solution_value": 0.0, "scaled_age": 0.17355371900826447}, "36": {"bias": -0.5, "objective_cosine_similarity": -0.38438665806821587, "is_tight": 1.0, "dual_solution_value": -0.02741578901661811, "scaled_age": 0.0}, "37": {"bias": -0.5773502691896258, "objective_cosine_similarity": -0.3923549003466697, "is_tight": 0.0, "dual_solution_value": 0.0, "scaled_age": 0.01652892561983471}, "38": {"bias": -0.5, "objective_cosine_similarity": -0.2739551319933693, "is_tight": 0.0, "dual_solution_value": 0.0, "scaled_age": 0.008264462809917356}, "39": {"bias": -0.7071067811865475, "objective_cosine_similarity": -0.03904344047215151, "is_tight": 1.0, "dual_solution_value": -0.0028929375065890723, "scaled_age": 0.0}, "40": {"bias": -0.4472135954999579, "objective_cosine_similarity": -0.3381074388531287, "is_tight": 0.0, "dual_solution_value": 0.0, "scaled_age": 0.049586776859504134}, "41": {"bias": -0.5, "objective_cosine_similarity": -0.46296293623685664, "is_tight": 1.0, "dual_solution_value": -0.01405389583809199, "scaled_age": 0.0}, "42": {"bias": -0.35355339059327373, "objective_cosine_similarity": -0.5105680677127505, "is_tight": 1.0, "dual_solution_value": -0.011128704362101258, "scaled_age": 0.0}, "43": {"bias": -0.5, "objective_cosine_similarity": -0.13591572439981112, "is_tight": 0.0, "dual_solution_value": 0.0, "scaled_age": 0.01652892561983471}, "44": {"bias": -0.5773502691896258, "objective_cosine_similarity": -0.1029931613410008, "is_tight": 0.0, "dual_solution_value": 0.0, "scaled_age": 0.17355371900826447}, "45": {"bias": -0.31622776601683794, "objective_cosine_similarity": -0.3344406608588942, "is_tight": 0.0, "dual_solution_value": 0.0, "scaled_age": 0.17355371900826447}, "46": {"bias": -0.4082482904638631, "objective_cosine_similarity": -0.21154556813351297, "is_tight": 0.0, "dual_solution_value": 0.0, "scaled_age": 0.17355371900826447}, "47": {"bias": -0.5773502691896258, "objective_cosine_similarity": -0.22805628582650178, "is_tight": 0.0, "dual_solution_value": 0.0,