{"0": {"bias": -1.3680374435352736, "objective_cosine_similarity": -0.7881776805619081, "is_tight": 1.0, "dual_solution_value": -1.2551548118963822e-08, "scaled_age": 0.0}, "1": {"bias": -0.9701425001453319, "objective_cosine_similarity": -0.6980932397510473, "is_tight": 1.0, "dual_solution_value": -0.0001646890253690001, "scaled_age": 0.0}, "2": {"bias": -0.7559289460184544, "objective_cosine_similarity": -0.3527085473591284, "is_tight": 0.0, "dual_solution_value": -0.0, "scaled_age": 0.04854368932038835}, "3": {"bias": -0.9486832980505138, "objective_cosine_similarity": -0.5988172536369392, "is_tight": 0.0, "dual_solution_value": -0.0, "scaled_age": 0.009708737864077669}, "4": {"bias": -1.161895003862225, "objective_cosine_similarity": -0.8073249150101355, "is_tight": 0.0, "dual_solution_value": -0.0, "scaled_age": 0.019417475728155338}, "5": {"bias": -1.1409652938638413, "objective_cosine_similarity": -0.6913798492750739, "is_tight": 0.0, "dual_solution_value": -0.0, "scaled_age": 0.06796116504854369}, "6": {"bias": -1.1667945228087895, "objective_cosine_similarity": -0.7513200483394711, "is_tight": 1.0, "dual_solution_value": -0.0011038125960912922, "scaled_age": 0.0}, "7": {"bias": -1.3355009153075341, "objective_cosine_similarity": -0.7745642870106837, "is_tight": 0.0, "dual_solution_value": 0.0, "scaled_age": 0.05825242718446602}, "8": {"bias": -1.2789153792830334, "objective_cosine_similarity": -0.8032686993335881, "is_tight": 1.0, "dual_solution_value": -0.008717380155436627, "scaled_age": 0.0}, "9": {"bias": -1.3589479118769974, "objective_cosine_similarity": -0.8093956768502428, "is_tight": 0.0, "dual_solution_value": 0.0, "scaled_age": 0.04854368932038835}, "10": {"bias": -1.2683811519543995, "objective_cosine_similarity": -0.7773554766600694, "is_tight": 1.0, "dual_solution_value": -0.00793683155289684, "scaled_age": 0.0}, "11": {"bias": -0.7071067811865475, "objective_cosine_similarity": -0.16710671143694472, "is_tight": 1.0, "dual_solution_value": -0.00028081393623408644, "scaled_age": 0.0}, "12": {"bias": -0.4082482904638631, "objective_cosine_similarity": -0.48239552415756587, "is_tight": 0.0, "dual_solution_value": 0.0, "scaled_age": 0.20388349514563106}, "13": {"bias": -0.7071067811865475, "objective_cosine_similarity": -0.0771261745093591, "is_tight": 0.0, "dual_solution_value": 0.0, "scaled_age": 0.20388349514563106}, "14": {"bias": -0.4082482904638631, "objective_cosine_similarity": -0.3141755465026198, "is_tight": 0.0, "dual_solution_value": 0.0, "scaled_age": 0.20388349514563106}, "15": {"bias": -0.4472135954999579, "objective_cosine_similarity": -0.26286394145026487, "is_tight": 0.0, "dual_solution_value": 0.0, "scaled_age": 0.04854368932038835}, "16": {"bias": -0.4472135954999579, "objective_cosine_similarity": -0.45526950684169587, "is_tight": 1.0, "dual_solution_value": -7.333851537949583e-05, "scaled_age": 0.0}, "17": {"bias": -0.5, "objective_cosine_similarity": -0.25450339134520944, "is_tight": 0.0, "dual_solution_value": 0.0, "scaled_age": 0.20388349514563106}, "18": {"bias": -0.4472135954999579, "objective_cosine_similarity": -0.3414521301312719, "is_tight": 0.0, "dual_solution_value": 0.0, "scaled_age": 0.13592233009708737}, "19": {"bias": -0.4472135954999579, "objective_cosine_similarity": -0.4579794443824203, "is_tight": 0.0, "dual_solution_value": 0.0, "scaled_age": 0.18446601941747573}, "20": {"bias": -0.5773502691896258, "objective_cosine_similarity": -0.17492571607479684, "is_tight": 0.0, "dual_solution_value": 0.0, "scaled_age": 0.20388349514563106}, "21": {"bias": -0.4472135954999579, "objective_cosine_similarity": -0.2737036916131624, "is_tight": 0.0, "dual_solution_value": 0.0, "scaled_age": 0.20388349514563106}, "22": {"bias": -0.5773502691896258, "objective_cosine_similarity": -0.18542125903928466, "is_tight": 1.0, "dual_solution_value": -0.01000761639121191, "scaled_age": 0.0}, "23": {"bias": -0.5, "objective_cosine_similarity": -0.26965240273480523, "is_tight": 0.0, "dual_solution_value": 0.0, "scaled_age": 0.20388349514563106}, "24": {"bias": -0.7071067811865475, "objective_cosine_similarity": -0.12425883670952301, "is_tight": 0.0, "dual_solution_value": 0.0, "scaled_age": 0.009708737864077669}, "25": {"bias": -0.5, "objective_cosine_similarity": -0.19693714806474538, "is_tight": 0.0, "dual_solution_value": 0.0, "scaled_age": 0.20388349514563106}, "26": {"bias": -0.4082482904638631, "objective_cosine_similarity": -0.3859164193260527, "is_tight": 1.0, "dual_solution_value": -0.015693119917699033, "scaled_age": 0.0}, "27": {"bias": -0.7071067811865475, "objective_cosine_similarity": -0.2656568233100147, "is_tight": 1.0, "dual_solution_value": -0.0771261745093591, "scaled_age": 0.0}, "28": {"bias": -0.7071067811865475, "objective_cosine_similarity": -0.3042199105646943, "is_tight": 1.0, "dual_solution_value": -0.03856308725467955, "scaled_age": 0.0}, "29": {"bias": -0.4472135954999579, "objective_cosine_similarity": -0.25473412882809177, "is_tight": 0.0, "dual_solution_value": 0.0, "scaled_age": 0.20388349514563106}, "30": {"bias": -0.5, "objective_cosine_similarity": -0.31812923918151176, "is_tight": 1.0, "dual_solution_value": -6.47241301251883e-05, "scaled_age": 0.0}, "31": {"bias": -0.4082482904638631, "objective_cosine_similarity": -0.21027497206868256, "is_tight": 0.0, "dual_solution_value": 0.0, "scaled_age": 0.20388349514563106}, "32": {"bias": -0.4082482904638631, "objective_cosine_similarity": -0.34880907131393224, "is_tight": 0.0, "dual_solution_value": 0.0, "scaled_age": 0.20388349514563106}, "33": {"bias": -0.5, "objective_cosine_similarity": -0.2332947753997753, "is_tight": 0.0, "dual_solution_value": 0.0, "scaled_age": 0.10679611650485436}, "34": {"bias": -0.4472135954999579, "objective_cosine_similarity": -0.46339931946386903, "is_tight": 0.0, "dual_solution_value": 0.0, "scaled_age": 0.20388349514563106}, "35": {"bias": -0.5773502691896258, "objective_cosine_similarity": -0.25889005979069935, "is_tight": 1.0, "dual_solution_value": -6.651945221499754e-05, "scaled_age": 0.0}, "36": {"bias": -0.4472135954999579, "objective_cosine_similarity": -0.2303446909615723, "is_tight": 0.0, "dual_solution_value": 0.0, "scaled_age": 0.20388349514563106}, "37": {"bias": -0.35355339059327373, "objective_cosine_similarity": -0.3770612976013112, "is_tight": 0.0, "dual_solution_value": 0.0, "scaled_age": 0.20388349514563106}, "38": {"bias": -0.5773502691896258, "objective_cosine_similarity": -0.21340937361125215, "is_tight": 1.0, "dual_solution_value": -0.0009320928985417276, "scaled_age": 0.0}, "39": {"bias": -0.5773502691896258, "objective_cosine_similarity": -0.3708425180785693, "is_tight": 1.0, "dual_solution_value": -0.0528936674523135, "scaled_age": 0.0}, "40": {"bias": -0.5, "objective_cosine_similarity": -0.27571200729064355, "is_tight": 1.0, "dual_solution_value": -0.018465228965445914, "scaled_age": 0.0}, "41": {"bias": -0.5, "objective_cosine_similarity": -0.22117556628809865, "is_tight": 0.0, "dual_solution_value": 0.0, "scaled_age": 0.20388349514563106}, "42": {"bias": -0.4472135954999579, "objective_cosine_similarity": -0.25473412882809177, "is_tight": 0.0, "dual_solution_value": 0.0, "scaled_age": 0.009708737864077669}, "43": {"bias": -0.5773502691896258, "objective_cosine_similarity": -0.24839451682621153, "is_tight": 0.0, "dual_solution_value": 0.0, "scaled_age": 0.20388349514563106}, "44": {"bias": -0.5, "objective_cosine_similarity": -0.18481793895306875, "is_tight": 1.0, "dual_solution_value": -0.0023544945937403637, "scaled_age": 0.0}, "45": {"bias": -0.5, "objective_cosine_similarity": -0.3060100300698351, "is_tight": 1.0, "dual_solution_value": -0.017406817393151457, "scaled_age": 0.0}, "46": {"bias": -0.4082482904638631, "objective_cosine_similarity": -0.3463352481131242, "is_tight": 0.0, "dual_solution_value": 0.0, "scaled_age": 0.20388349514563106}, "47": {"bias": -0.4472135954999579, "objective_cosine_similarity": -0.3170626922647525, "is_tight": 0.0, "dual_solution_value": 0.0,