{"0": {"bias": -1.0425720702853738, "objective_cosine_similarity": -0.7944264447194104, "is_tight": 0.0, "dual_solution_value": -0.0, "scaled_age": 0.018691588785046728}, "1": {"bias": -1.2, "objective_cosine_similarity": -0.7242209539426138, "is_tight": 0.0, "dual_solution_value": -0.0, "scaled_age": 0.12149532710280374}, "2": {"bias": -1.044465935734187, "objective_cosine_similarity": -0.7541037969627078, "is_tight": 0.0, "dual_solution_value": -0.0, "scaled_age": 0.056074766355140186}, "3": {"bias": -1.2199885626608373, "objective_cosine_similarity": -0.7842783990426199, "is_tight": 1.0, "dual_solution_value": -0.00011833515119082986, "scaled_age": 0.0}, "4": {"bias": -1.0690449676496976, "objective_cosine_similarity": -0.7540379242132629, "is_tight": 1.0, "dual_solution_value": -0.0038369996635056144, "scaled_age": 0.0}, "5": {"bias": -1.0327955589886444, "objective_cosine_similarity": -0.6022782164159308, "is_tight": 0.0, "dual_solution_value": -0.0, "scaled_age": 0.102803738317757}, "6": {"bias": -0.7559289460184544, "objective_cosine_similarity": -0.44921913586365186, "is_tight": 1.0, "dual_solution_value": -0.0033771899949813266, "scaled_age": 0.0}, "7": {"bias": -1.5311837863049615, "objective_cosine_similarity": -0.8792765793839348, "is_tight": 1.0, "dual_solution_value": -3.6937005483854246e-07, "scaled_age": 0.0}, "8": {"bias": -1.4736545903097942, "objective_cosine_similarity": -0.7358620428573068, "is_tight": 1.0, "dual_solution_value": -6.6488075151806125e-09, "scaled_age": 0.0}, "9": {"bias": -1.4145774090256646, "objective_cosine_similarity": -0.8173529469189359, "is_tight": 1.0, "dual_solution_value": -1.1868173478683022e-07, "scaled_age": 0.0}, "10": {"bias": -1.412820934204326, "objective_cosine_similarity": -0.9552712764213529, "is_tight": 0.0, "dual_solution_value": -0.0, "scaled_age": 0.1308411214953271}, "11": {"bias": -1.5, "objective_cosine_similarity": -0.8960197896427022, "is_tight": 1.0, "dual_solution_value": -1.5132961030246089e-05, "scaled_age": 0.0}, "12": {"bias": -1.5705742009780634, "objective_cosine_similarity": -0.9605714536099762, "is_tight": 0.0, "dual_solution_value": 0.0, "scaled_age": 0.028037383177570093}, "13": {"bias": -1.5382657785604081, "objective_cosine_similarity": -0.9361786328576982, "is_tight": 0.0, "dual_solution_value": 0.0, "scaled_age": 0.102803738317757}, "14": {"bias": -1.5072602055561248, "objective_cosine_similarity": -0.9423882757995471, "is_tight": 1.0, "dual_solution_value": -0.0005357537141598475, "scaled_age": 0.0}, "15": {"bias": -0.5773502691896258, "objective_cosine_similarity": -0.1154344314234301, "is_tight": 0.0, "dual_solution_value": 0.0, "scaled_age": 0.19626168224299065}, "16": {"bias": -0.7071067811865475, "objective_cosine_similarity": -0.07068886393392504, "is_tight": 0.0, "dual_solution_value": 0.0, "scaled_age": 0.009345794392523364}, "17": {"bias": -0.5, "objective_cosine_similarity": -0.349892025294361, "is_tight": 0.0, "dual_solution_value": 0.0, "scaled_age": 0.19626168224299065}, "18": {"bias": -0.3779644730092272, "objective_cosine_similarity": -0.3274681551155593, "is_tight": 0.0, "dual_solution_value": 0.0, "scaled_age": 0.19626168224299065}, "19": {"bias": -0.4472135954999579, "objective_cosine_similarity": -0.4172705884497424, "is_tight": 1.0, "dual_solution_value": -0.0062098468833051805, "scaled_age": 0.0}, "20": {"bias": -0.7071067811865475, "objective_cosine_similarity": -0.21206659180177512, "is_tight": 1.0, "dual_solution_value": -0.009615441474295324, "scaled_age": 0.0}, "21": {"bias": -0.5773502691896258, "objective_cosine_similarity": -0.18597769507108183, "is_tight": 0.0, "dual_solution_value": 0.0, "scaled_age": 0.19626168224299065}, "22": {"bias": -0.4472135954999579, "objective_cosine_similarity": -0.34275798336943125, "is_tight": 1.0, "dual_solution_value": -0.00040924360996664544, "scaled_age": 0.0}, "23": {"bias": -0.5, "objective_cosine_similarity": -0.2999074502523094, "is_tight": 1.0, "dual_solution_value": -0.0002417437156416188, "scaled_age": 0.0}, "24": {"bias": -0.4472135954999579, "objective_cosine_similarity": -0.5513932775943025, "is_tight": 0.0, "dual_solution_value": 0.0, "scaled_age": 0.09345794392523364}, "25": {"bias": -0.7071067811865475, "objective_cosine_similarity": -0.0785431821488056, "is_tight": 1.0, "dual_solution_value": -0.0010738189455658405, "scaled_age": 0.0}, "26": {"bias": -0.5, "objective_cosine_similarity": -0.2110459835108844, "is_tight": 0.0, "dual_solution_value": 0.0, "scaled_age": 0.018691588785046728}, "27": {"bias": -0.4082482904638631, "objective_cosine_similarity": -0.22673463678311365, "is_tight": 0.0, "dual_solution_value": 0.0, "scaled_age": 0.19626168224299065}, "28": {"bias": -0.5773502691896258, "objective_cosine_similarity": -0.28217305459060693, "is_tight": 1.0, "dual_solution_value": 0.0, "scaled_age": 0.102803738317757}, "29": {"bias": -0.4472135954999579, "objective_cosine_similarity": -0.2533428572730579, "is_tight": 0.0, "dual_solution_value": 0.0, "scaled_age": 0.19626168224299065}, "30": {"bias": -0.5773502691896258, "objective_cosine_similarity": -0.26934700665467026, "is_tight": 1.0, "dual_solution_value": -0.012826047935936679, "scaled_age": 0.0}, "31": {"bias": -0.5, "objective_cosine_similarity": -0.24992287521025786, "is_tight": 0.0, "dual_solution_value": 0.0, "scaled_age": 0.19626168224299065}, "32": {"bias": -0.4472135954999579, "objective_cosine_similarity": -0.16392773117668452, "is_tight": 0.0, "dual_solution_value": 0.0, "scaled_age": 0.19626168224299065}, "33": {"bias": -0.5773502691896258, "objective_cosine_similarity": -0.41684655791794206, "is_tight": 1.0, "dual_solution_value": -0.038291758360403015, "scaled_age": 0.0}, "34": {"bias": -0.7071067811865475, "objective_cosine_similarity": -0.14137772786785008, "is_tight": 0.0, "dual_solution_value": 0.0, "scaled_age": 0.06542056074766354}, "35": {"bias": -0.7071067811865475, "objective_cosine_similarity": -0.1806493189422529, "is_tight": 0.0, "dual_solution_value": 0.0, "scaled_age": 0.102803738317757}, "36": {"bias": -0.3779644730092272, "objective_cosine_similarity": -0.5751684262927131, "is_tight": 1.0, "dual_solution_value": -0.01950788706635594, "scaled_age": 0.0}, "37": {"bias": -0.7071067811865475, "objective_cosine_similarity": -0.24348386466129737, "is_tight": 1.0, "dual_solution_value": -0.06368127578533522, "scaled_age": 0.0}, "38": {"bias": -0.4082482904638631, "objective_cosine_similarity": -0.46253865903755187, "is_tight": 0.0, "dual_solution_value": 0.0, "scaled_age": 0.08411214953271028}, "39": {"bias": -0.5773502691896258, "objective_cosine_similarity": -0.22445583887889187, "is_tight": 0.0, "dual_solution_value": 0.0, "scaled_age": 0.19626168224299065}, "40": {"bias": -0.5773502691896258, "objective_cosine_similarity": -0.1154344314234301, "is_tight": 0.0, "dual_solution_value": 0.0, "scaled_age": 0.19626168224299065}, "41": {"bias": -0.5773502691896258, "objective_cosine_similarity": -0.17315164713514516, "is_tight": 0.0, "dual_solution_value": 0.0, "scaled_age": 0.018691588785046728}, "42": {"bias": -0.4082482904638631, "objective_cosine_similarity": -0.34917134064599503, "is_tight": 0.0, "dual_solution_value": 0.0, "scaled_age": 0.19626168224299065}, "43": {"bias": -0.5, "objective_cosine_similarity": -0.26658440022427504, "is_tight": 0.0, "dual_solution_value": 0.0, "scaled_age": 0.19626168224299065}, "44": {"bias": -0.4472135954999579, "objective_cosine_similarity": -0.27818039229982827, "is_tight": 0.0, "dual_solution_value": 0.0, "scaled_age": 0.19626168224299065}, "45": {"bias": -0.5, "objective_cosine_similarity": -0.19438445849686722, "is_tight": 0.0, "dual_solution_value": 0.0, "scaled_age": 0.19626168224299065}, "46": {"bias": -0.5, "objective_cosine_similarity": -0.12773835844079845, "is_tight": 0.0, "dual_solution_value": 0.0, "scaled_age": 0.009345794392523364}, "47": {"bias": -0.4472135954999579, "objective_cosine_similarity": -0.3129529413373068, "is_tight": 0.0,