{"0": {"bias": -1.0482848367219184, "objective_cosine_similarity": -0.9354267833778477, "is_tight": 0.0, "dual_solution_value": -0.0, "scaled_age": 0.14285714285714285}, "1": {"bias": -1.1607620001760186, "objective_cosine_similarity": -0.9652486004833293, "is_tight": 0.0, "dual_solution_value": -0.0, "scaled_age": 0.05714285714285714}, "2": {"bias": -1.1909826683508273, "objective_cosine_similarity": -0.94938641912136, "is_tight": 0.0, "dual_solution_value": -0.0, "scaled_age": 0.1}, "3": {"bias": -1.140272575072694, "objective_cosine_similarity": -0.9458667913940209, "is_tight": 0.0, "dual_solution_value": -0.0, "scaled_age": 0.014285714285714285}, "4": {"bias": -0.6666666666666666, "objective_cosine_similarity": -0.785876284016829, "is_tight": 1.0, "dual_solution_value": -0.007350806556349908, "scaled_age": 0.0}, "5": {"bias": -0.6666666666666666, "objective_cosine_similarity": -0.8036697093153232, "is_tight": 1.0, "dual_solution_value": -0.00012519695893546768, "scaled_age": 0.0}, "6": {"bias": -0.8905635565617213, "objective_cosine_similarity": -0.8901417192816131, "is_tight": 0.0, "dual_solution_value": -0.0, "scaled_age": 0.04285714285714286}, "7": {"bias": -1.1867816581938533, "objective_cosine_similarity": -0.9354791475848084, "is_tight": 0.0, "dual_solution_value": -0.0, "scaled_age": 0.02857142857142857}, "8": {"bias": -1.1229798501497543, "objective_cosine_similarity": -0.9160341373920057, "is_tight": 0.0, "dual_solution_value": -0.0, "scaled_age": 0.07142857142857142}, "9": {"bias": -1.0155749804507928, "objective_cosine_similarity": -0.9211612441247576, "is_tight": 0.0, "dual_solution_value": -0.0, "scaled_age": 0.12857142857142856}, "10": {"bias": -1.1330186496306593, "objective_cosine_similarity": -0.8989114288020588, "is_tight": 0.0, "dual_solution_value": -0.0, "scaled_age": 0.14285714285714285}, "11": {"bias": -0.4082482904638631, "objective_cosine_similarity": -0.3995274502783699, "is_tight": 0.0, "dual_solution_value": 0.0, "scaled_age": 0.32857142857142857}, "12": {"bias": -0.4472135954999579, "objective_cosine_similarity": -0.48142643309197103, "is_tight": 0.0, "dual_solution_value": 0.0, "scaled_age": 0.32857142857142857}, "13": {"bias": -0.5, "objective_cosine_similarity": -0.3781102875930026, "is_tight": 0.0, "dual_solution_value": 0.0, "scaled_age": 0.32857142857142857}, "14": {"bias": -0.4082482904638631, "objective_cosine_similarity": -0.32325402795249925, "is_tight": 0.0, "dual_solution_value": 0.0, "scaled_age": 0.32857142857142857}, "15": {"bias": -0.4082482904638631, "objective_cosine_similarity": -0.4540084662254203, "is_tight": 0.0, "dual_solution_value": 0.0, "scaled_age": 0.32857142857142857}, "16": {"bias": -0.4082482904638631, "objective_cosine_similarity": -0.17797131876036476, "is_tight": 0.0, "dual_solution_value": 0.0, "scaled_age": 0.32857142857142857}, "17": {"bias": -0.5773502691896258, "objective_cosine_similarity": -0.5341980220663396, "is_tight": 1.0, "dual_solution_value": -0.06408271293934505, "scaled_age": 0.0}, "18": {"bias": -0.5, "objective_cosine_similarity": -0.1779342529849424, "is_tight": 0.0, "dual_solution_value": 0.0, "scaled_age": 0.32857142857142857}, "19": {"bias": -0.4082482904638631, "objective_cosine_similarity": -0.3886312470889598, "is_tight": 0.0, "dual_solution_value": 0.0, "scaled_age": 0.32857142857142857}, "20": {"bias": -0.5, "objective_cosine_similarity": -0.21352110358193088, "is_tight": 0.0, "dual_solution_value": 0.0, "scaled_age": 0.32857142857142857}, "21": {"bias": -0.5773502691896258, "objective_cosine_similarity": -0.21573381660371407, "is_tight": 1.0, "dual_solution_value": -0.03081911665767344, "scaled_age": 0.0}, "22": {"bias": -0.5, "objective_cosine_similarity": -0.27134973580203714, "is_tight": 0.0, "dual_solution_value": 0.0, "scaled_age": 0.07142857142857142}, "23": {"bias": -0.5, "objective_cosine_similarity": -0.24910795417891934, "is_tight": 0.0, "dual_solution_value": 0.0, "scaled_age": 0.32857142857142857}, "24": {"bias": -0.4082482904638631, "objective_cosine_similarity": -0.5484422272003078, "is_tight": 0.0, "dual_solution_value": 0.0, "scaled_age": 0.04285714285714286}, "25": {"bias": -0.4472135954999579, "objective_cosine_similarity": -0.3859368926439768, "is_tight": 0.0, "dual_solution_value": 0.0, "scaled_age": 0.32857142857142857}, "26": {"bias": -0.5, "objective_cosine_similarity": -0.16014082768644816, "is_tight": 0.0, "dual_solution_value": 0.0, "scaled_age": 0.32857142857142857}, "27": {"bias": -0.5, "objective_cosine_similarity": -0.14679575871257747, "is_tight": 0.0, "dual_solution_value": 0.0, "scaled_age": 0.18571428571428572}, "28": {"bias": -0.3779644730092272, "objective_cosine_similarity": -0.504396196198082, "is_tight": 0.0, "dual_solution_value": 0.0, "scaled_age": 0.15714285714285714}, "29": {"bias": -0.5, "objective_cosine_similarity": -0.3113849427236492, "is_tight": 0.0, "dual_solution_value": 0.0, "scaled_age": 0.32857142857142857}, "30": {"bias": -0.5, "objective_cosine_similarity": -0.4581807014362267, "is_tight": 0.0, "dual_solution_value": 0.0, "scaled_age": 0.11428571428571428}, "31": {"bias": -0.4472135954999579, "objective_cosine_similarity": -0.27851115963998324, "is_tight": 0.0, "dual_solution_value": 0.0, "scaled_age": 0.32857142857142857}, "32": {"bias": -0.4082482904638631, "objective_cosine_similarity": -0.42858399211679676, "is_tight": 0.0, "dual_solution_value": 0.0, "scaled_age": 0.32857142857142857}, "33": {"bias": -0.4082482904638631, "objective_cosine_similarity": -0.2833012829246623, "is_tight": 0.0, "dual_solution_value": 0.0, "scaled_age": 0.32857142857142857}, "34": {"bias": -0.5, "objective_cosine_similarity": -0.20907274725730732, "is_tight": 0.0, "dual_solution_value": 0.0, "scaled_age": 0.32857142857142857}, "35": {"bias": -0.4082482904638631, "objective_cosine_similarity": -0.4939612112532573, "is_tight": 0.0, "dual_solution_value": 0.0, "scaled_age": 0.32857142857142857}, "36": {"bias": -0.4082482904638631, "objective_cosine_similarity": -0.5484422272003078, "is_tight": 0.0, "dual_solution_value": 0.0, "scaled_age": 0.32857142857142857}, "37": {"bias": -0.3779644730092272, "objective_cosine_similarity": -0.41024223957444, "is_tight": 0.0, "dual_solution_value": 0.0, "scaled_age": 0.32857142857142857}, "38": {"bias": -0.4082482904638631, "objective_cosine_similarity": -0.330518163412106, "is_tight": 0.0, "dual_solution_value": 0.0, "scaled_age": 0.32857142857142857}, "39": {"bias": -0.5, "objective_cosine_similarity": -0.2580046668281665, "is_tight": 0.0, "dual_solution_value": 0.0, "scaled_age": 0.32857142857142857}, "40": {"bias": -0.4082482904638631, "objective_cosine_similarity": -0.23608440243721857, "is_tight": 0.0, "dual_solution_value": 0.0, "scaled_age": 0.32857142857142857}, "41": {"bias": -0.4082482904638631, "objective_cosine_similarity": -0.49759327898306066, "is_tight": 0.0, "dual_solution_value": 0.0, "scaled_age": 0.32857142857142857}, "42": {"bias": -0.4472135954999579, "objective_cosine_similarity": -0.4416391245719734, "is_tight": 0.0, "dual_solution_value": 0.0, "scaled_age": 0.32857142857142857}, "43": {"bias": -0.3779644730092272, "objective_cosine_similarity": -0.43041808742236326, "is_tight": 0.0, "dual_solution_value": 0.0, "scaled_age": 0.32857142857142857}, "44": {"bias": -0.5773502691896258, "objective_cosine_similarity": -0.17977818050309508, "is_tight": 0.0, "dual_solution_value": 0.0, "scaled_age": 0.05714285714285714}, "45": {"bias": -0.5773502691896258, "objective_cosine_similarity": -0.42633111376448257, "is_tight": 1.0, "dual_solution_value": -0.0006507844108703545, "scaled_age": 0.0}, "46": {"bias": -0.5, "objective_cosine_similarity": -0.32473001169751986, "is_tight": 0.0, "dual_solution_value": 0.0, "scaled_age": 0.32857142857142857}, "47": {"bias": -0.4472135954999579, "objective_cosine_similarity": -0.33819212241997965, "is_tight": 0.0, "dual_solution_value": 0.0, "scaled_age": 0.32857142857142857}, "48": {"bias": -0.4082482904638631,