{"0": {"bias": -1.0660035817780522, "objective_cosine_similarity": -0.780970320346813, "is_tight": 0.0, "dual_solution_value": -0.0, "scaled_age": 0.10526315789473684}, "1": {"bias": -0.9486832980505138, "objective_cosine_similarity": -0.5627911165537103, "is_tight": 0.0, "dual_solution_value": -0.0, "scaled_age": 0.031578947368421054}, "2": {"bias": -1.3728129459672882, "objective_cosine_similarity": -0.929612415735498, "is_tight": 0.0, "dual_solution_value": -0.0, "scaled_age": 0.021052631578947368}, "3": {"bias": -1.1202240672224077, "objective_cosine_similarity": -0.8806965692144153, "is_tight": 0.0, "dual_solution_value": -0.0, "scaled_age": 0.010526315789473684}, "4": {"bias": -1.3746629688037215, "objective_cosine_similarity": -0.9211269950730391, "is_tight": 0.0, "dual_solution_value": -0.0, "scaled_age": 0.021052631578947368}, "5": {"bias": -1.4985630354769615, "objective_cosine_similarity": -0.961483998263503, "is_tight": 1.0, "dual_solution_value": -1.0592347870867388e-05, "scaled_age": 0.0}, "6": {"bias": -0.75, "objective_cosine_similarity": -0.6587488367012138, "is_tight": 0.0, "dual_solution_value": -0.0, "scaled_age": 0.05263157894736842}, "7": {"bias": -0.6324555320336759, "objective_cosine_similarity": -0.6447509878964837, "is_tight": 0.0, "dual_solution_value": -0.0, "scaled_age": 0.031578947368421054}, "8": {"bias": -1.3571700439097927, "objective_cosine_similarity": -0.9143945585857858, "is_tight": 0.0, "dual_solution_value": -0.0, "scaled_age": 0.07368421052631578}, "9": {"bias": -1.2738998858528527, "objective_cosine_similarity": -0.9516439540255052, "is_tight": 0.0, "dual_solution_value": -0.0, "scaled_age": 0.10526315789473684}, "10": {"bias": -1.091089451179962, "objective_cosine_similarity": -0.6334460659719167, "is_tight": 0.0, "dual_solution_value": -0.0, "scaled_age": 0.09473684210526316}, "11": {"bias": -1.4045204148136883, "objective_cosine_similarity": -0.9560404524619776, "is_tight": 0.0, "dual_solution_value": -0.0, "scaled_age": 0.042105263157894736}, "12": {"bias": -0.9045340337332909, "objective_cosine_similarity": -0.6277702248625543, "is_tight": 1.0, "dual_solution_value": -0.0009027660425836788, "scaled_age": 0.0}, "13": {"bias": -0.7559289460184544, "objective_cosine_similarity": -0.4244967265337448, "is_tight": 1.0, "dual_solution_value": -0.00018982695011783836, "scaled_age": 0.0}, "14": {"bias": -1.223185679325453, "objective_cosine_similarity": -0.889934760637416, "is_tight": 0.0, "dual_solution_value": -0.0, "scaled_age": 0.10526315789473684}, "15": {"bias": -1.4355191348744747, "objective_cosine_similarity": -0.9769152123771728, "is_tight": 1.0, "dual_solution_value": -0.010077225708433472, "scaled_age": 0.0}, "16": {"bias": -1.4300848152558316, "objective_cosine_similarity": -0.9808880094125779, "is_tight": 1.0, "dual_solution_value": -0.03604210936964934, "scaled_age": 0.0}, "17": {"bias": -1.3915212319616377, "objective_cosine_similarity": -0.9391015480137126, "is_tight": 0.0, "dual_solution_value": 0.0, "scaled_age": 0.08421052631578947}, "18": {"bias": -0.5, "objective_cosine_similarity": -0.4233271212899603, "is_tight": 0.0, "dual_solution_value": 0.0, "scaled_age": 0.05263157894736842}, "19": {"bias": -0.4472135954999579, "objective_cosine_similarity": -0.35545353564479903, "is_tight": 0.0, "dual_solution_value": 0.0, "scaled_age": 0.17894736842105263}, "20": {"bias": -0.4082482904638631, "objective_cosine_similarity": -0.3280101906601258, "is_tight": 0.0, "dual_solution_value": 0.0, "scaled_age": 0.17894736842105263}, "21": {"bias": -0.4472135954999579, "objective_cosine_similarity": -0.363180786419686, "is_tight": 0.0, "dual_solution_value": 0.0, "scaled_age": 0.17894736842105263}, "22": {"bias": -0.5, "objective_cosine_similarity": -0.40604846327812516, "is_tight": 0.0, "dual_solution_value": 0.0, "scaled_age": 0.17894736842105263}, "23": {"bias": -0.5773502691896258, "objective_cosine_similarity": -0.13467381103397458, "is_tight": 0.0, "dual_solution_value": 0.0, "scaled_age": 0.17894736842105263}, "24": {"bias": -0.4472135954999579, "objective_cosine_similarity": -0.3245445325452513, "is_tight": 0.0, "dual_solution_value": 0.0, "scaled_age": 0.17894736842105263}, "25": {"bias": -0.5773502691896258, "objective_cosine_similarity": -0.18954091923300126, "is_tight": 0.0, "dual_solution_value": 0.0, "scaled_age": 0.12631578947368421}, "26": {"bias": -0.4082482904638631, "objective_cosine_similarity": -0.25394337341429096, "is_tight": 0.0, "dual_solution_value": 0.0, "scaled_age": 0.17894736842105263}, "27": {"bias": -0.4472135954999579, "objective_cosine_similarity": -0.29363552944570354, "is_tight": 0.0, "dual_solution_value": 0.0, "scaled_age": 0.17894736842105263}, "28": {"bias": -0.7071067811865475, "objective_cosine_similarity": -0.15883213124963438, "is_tight": 0.0, "dual_solution_value": 0.0, "scaled_age": 0.17894736842105263}, "29": {"bias": -0.5, "objective_cosine_similarity": -0.26781919918344427, "is_tight": 0.0, "dual_solution_value": 0.0, "scaled_age": 0.07368421052631578}, "30": {"bias": -0.5773502691896258, "objective_cosine_similarity": -0.17457716245144853, "is_tight": 0.0, "dual_solution_value": 0.0, "scaled_age": 0.021052631578947368}, "31": {"bias": -0.4472135954999579, "objective_cosine_similarity": -0.45204417033088573, "is_tight": 0.0, "dual_solution_value": 0.0, "scaled_age": 0.021052631578947368}, "32": {"bias": -0.5, "objective_cosine_similarity": -0.36717148275149614, "is_tight": 0.0, "dual_solution_value": 0.0, "scaled_age": 0.17894736842105263}, "33": {"bias": -0.4472135954999579, "objective_cosine_similarity": -0.3245445325452513, "is_tight": 0.0, "dual_solution_value": 0.0, "scaled_age": 0.17894736842105263}, "34": {"bias": -0.5773502691896258, "objective_cosine_similarity": -0.23942010850484371, "is_tight": 0.0, "dual_solution_value": 0.0, "scaled_age": 0.17894736842105263}, "35": {"bias": -0.4082482904638631, "objective_cosine_similarity": -0.458508868664692, "is_tight": 0.0, "dual_solution_value": 0.0, "scaled_age": 0.10526315789473684}, "36": {"bias": -0.5, "objective_cosine_similarity": -0.0993522835680519, "is_tight": 0.0, "dual_solution_value": 0.0, "scaled_age": 0.17894736842105263}, "37": {"bias": -0.5773502691896258, "objective_cosine_similarity": -0.2144805138689225, "is_tight": 1.0, "dual_solution_value": -0.004130535781033992, "scaled_age": 0.0}, "38": {"bias": -0.5773502691896258, "objective_cosine_similarity": -0.21946843279610673, "is_tight": 1.0, "dual_solution_value": -1.009275111873747e-05, "scaled_age": 0.0}, "39": {"bias": -0.5, "objective_cosine_similarity": -0.40604846327812516, "is_tight": 0.0, "dual_solution_value": 0.0, "scaled_age": 0.06315789473684211}, "40": {"bias": -0.7071067811865475, "objective_cosine_similarity": -0.09774284999977502, "is_tight": 0.0, "dual_solution_value": 0.0, "scaled_age": 0.17894736842105263}, "41": {"bias": -0.5773502691896258, "objective_cosine_similarity": -0.17956508137863278, "is_tight": 0.0, "dual_solution_value": 0.0, "scaled_age": 0.17894736842105263}, "42": {"bias": -0.5773502691896258, "objective_cosine_similarity": -0.28929929777668617, "is_tight": 1.0, "dual_solution_value": -0.004102672261866256, "scaled_age": 0.0}, "43": {"bias": -0.5773502691896258, "objective_cosine_similarity": -0.2743355409951334, "is_tight": 0.0, "dual_solution_value": 0.0, "scaled_age": 0.031578947368421054}, "44": {"bias": -0.35355339059327373, "objective_cosine_similarity": -0.46733300156142427, "is_tight": 0.0, "dual_solution_value": 0.0, "scaled_age": 0.17894736842105263}, "45": {"bias": -0.7071067811865475, "objective_cosine_similarity": -0.15272320312464846, "is_tight": 0.0, "dual_solution_value": 0.0, "scaled_age": 0.010526315789473684}, "46": {"bias": -0.5773502691896258, "objective_cosine_similarity": -0.27932345992231766, "is_tight": 0.0, "dual_solution_value": 0.0, "scaled_age": 0.17894736842105263}, "47": {"bias": -0.5, "objective_cosine_similarity": -0.3758108117574137, "is_tight": 0.0,