{"0": {"bias": -0.6666666666666666, "objective_cosine_similarity": -0.586676694238298, "is_tight": 0.0, "dual_solution_value": -0.0, "scaled_age": 0.021739130434782608}, "1": {"bias": -0.6324555320336759, "objective_cosine_similarity": -0.4631315580616584, "is_tight": 0.0, "dual_solution_value": -0.0, "scaled_age": 0.11956521739130435}, "2": {"bias": -0.6255432421712244, "objective_cosine_similarity": -0.8143464159979327, "is_tight": 0.0, "dual_solution_value": -0.0, "scaled_age": 0.06521739130434782}, "3": {"bias": -0.9893706598020702, "objective_cosine_similarity": -0.9485223927809672, "is_tight": 1.0, "dual_solution_value": -3.1466162868700684e-07, "scaled_age": 0.0}, "4": {"bias": -0.8660254037844387, "objective_cosine_similarity": -0.821452832157877, "is_tight": 0.0, "dual_solution_value": -0.0, "scaled_age": 0.05434782608695652}, "5": {"bias": -1.0046263978311818, "objective_cosine_similarity": -0.8862395729773868, "is_tight": 0.0, "dual_solution_value": -0.0, "scaled_age": 0.043478260869565216}, "6": {"bias": -0.7276068751089989, "objective_cosine_similarity": -0.7197588986920825, "is_tight": 0.0, "dual_solution_value": -0.0, "scaled_age": 0.07608695652173914}, "7": {"bias": -0.9927191833295314, "objective_cosine_similarity": -0.9788233527169308, "is_tight": 0.0, "dual_solution_value": -0.0, "scaled_age": 0.05434782608695652}, "8": {"bias": -0.9771398364036775, "objective_cosine_similarity": -0.9501846035800952, "is_tight": 0.0, "dual_solution_value": -0.0, "scaled_age": 0.010869565217391304}, "9": {"bias": -0.9398689136100533, "objective_cosine_similarity": -0.9655446087097455, "is_tight": 0.0, "dual_solution_value": -0.0, "scaled_age": 0.14130434782608695}, "10": {"bias": -0.6324555320336759, "objective_cosine_similarity": -0.6784471069850609, "is_tight": 0.0, "dual_solution_value": -0.0, "scaled_age": 0.03260869565217391}, "11": {"bias": -0.8232319499226776, "objective_cosine_similarity": -0.9465526512699113, "is_tight": 1.0, "dual_solution_value": -9.867698404815033e-05, "scaled_age": 0.0}, "12": {"bias": -0.8017837257372732, "objective_cosine_similarity": -0.7622342869163017, "is_tight": 0.0, "dual_solution_value": -0.0, "scaled_age": 0.043478260869565216}, "13": {"bias": -0.990672411709692, "objective_cosine_similarity": -0.9801973726384844, "is_tight": 0.0, "dual_solution_value": -0.0, "scaled_age": 0.08695652173913043}, "14": {"bias": -0.8801045186177473, "objective_cosine_similarity": -0.9716648446456434, "is_tight": 1.0, "dual_solution_value": -3.486041561529617e-07, "scaled_age": 0.0}, "15": {"bias": -0.9667364890456636, "objective_cosine_similarity": -0.9314700562656271, "is_tight": 0.0, "dual_solution_value": -0.0, "scaled_age": 0.021739130434782608}, "16": {"bias": -0.982980758075977, "objective_cosine_similarity": -0.9910536672447072, "is_tight": 1.0, "dual_solution_value": -0.003485174609119721, "scaled_age": 0.0}, "17": {"bias": -0.9846309703664203, "objective_cosine_similarity": -0.9899131829475536, "is_tight": 1.0, "dual_solution_value": -0.0033653678297854233, "scaled_age": 0.0}, "18": {"bias": -0.9347642764857593, "objective_cosine_similarity": -0.9688561726795324, "is_tight": 1.0, "dual_solution_value": -0.003632186816358808, "scaled_age": 0.0}, "19": {"bias": -0.4082482904638631, "objective_cosine_similarity": -0.3618870058240844, "is_tight": 0.0, "dual_solution_value": 0.0, "scaled_age": 0.14130434782608695}, "20": {"bias": -0.5, "objective_cosine_similarity": -0.41752538458565003, "is_tight": 0.0, "dual_solution_value": 0.0, "scaled_age": 0.06521739130434782}, "21": {"bias": -0.30151134457776363, "objective_cosine_similarity": -0.5500365198292597, "is_tight": 0.0, "dual_solution_value": 0.0, "scaled_age": 0.22826086956521738}, "22": {"bias": -0.3779644730092272, "objective_cosine_similarity": -0.34475363380477536, "is_tight": 0.0, "dual_solution_value": 0.0, "scaled_age": 0.22826086956521738}, "23": {"bias": -0.3779644730092272, "objective_cosine_similarity": -0.5147026082155801, "is_tight": 0.0, "dual_solution_value": 0.0, "scaled_age": 0.22826086956521738}, "24": {"bias": -0.4082482904638631, "objective_cosine_similarity": -0.41957913718734424, "is_tight": 0.0, "dual_solution_value": 0.0, "scaled_age": 0.22826086956521738}, "25": {"bias": -0.4082482904638631, "objective_cosine_similarity": -0.27797117838661556, "is_tight": 0.0, "dual_solution_value": 0.0, "scaled_age": 0.22826086956521738}, "26": {"bias": -0.4472135954999579, "objective_cosine_similarity": -0.33897411319169307, "is_tight": 0.0, "dual_solution_value": 0.0, "scaled_age": 0.22826086956521738}, "27": {"bias": -0.3333333333333333, "objective_cosine_similarity": -0.6894521735209196, "is_tight": 0.0, "dual_solution_value": 0.0, "scaled_age": 0.22826086956521738}, "28": {"bias": -0.4082482904638631, "objective_cosine_similarity": -0.45629231169123685, "is_tight": 0.0, "dual_solution_value": 0.0, "scaled_age": 0.22826086956521738}, "29": {"bias": -0.30151134457776363, "objective_cosine_similarity": -0.36023518552198, "is_tight": 0.0, "dual_solution_value": 0.0, "scaled_age": 0.22826086956521738}, "30": {"bias": -0.4472135954999579, "objective_cosine_similarity": -0.10341583114322839, "is_tight": 0.0, "dual_solution_value": 0.0, "scaled_age": 0.22826086956521738}, "31": {"bias": -0.4472135954999579, "objective_cosine_similarity": -0.5400604515257482, "is_tight": 1.0, "dual_solution_value": -0.005209853353295711, "scaled_age": 0.0}, "32": {"bias": -0.5, "objective_cosine_similarity": -0.2633621656617177, "is_tight": 0.0, "dual_solution_value": 0.0, "scaled_age": 0.22826086956521738}, "33": {"bias": -0.5773502691896258, "objective_cosine_similarity": -0.22251543986217887, "is_tight": 1.0, "dual_solution_value": -0.008399399837708823, "scaled_age": 0.0}, "34": {"bias": -0.5, "objective_cosine_similarity": -0.44964272186146925, "is_tight": 0.0, "dual_solution_value": 0.0, "scaled_age": 0.22826086956521738}, "35": {"bias": -0.3779644730092272, "objective_cosine_similarity": -0.43215596350176066, "is_tight": 0.0, "dual_solution_value": 0.0, "scaled_age": 0.22826086956521738}, "36": {"bias": -0.4472135954999579, "objective_cosine_similarity": -0.43089929643011826, "is_tight": 0.0, "dual_solution_value": 0.0, "scaled_age": 0.22826086956521738}, "37": {"bias": -0.35355339059327373, "objective_cosine_similarity": -0.5177968231756295, "is_tight": 0.0, "dual_solution_value": 0.0, "scaled_age": 0.22826086956521738}, "38": {"bias": -0.4472135954999579, "objective_cosine_similarity": -0.3677007329537009, "is_tight": 0.0, "dual_solution_value": 0.0, "scaled_age": 0.14130434782608695}, "39": {"bias": -0.4082482904638631, "objective_cosine_similarity": -0.3566422666092426, "is_tight": 0.0, "dual_solution_value": 0.0, "scaled_age": 0.22826086956521738}, "40": {"bias": -0.35355339059327373, "objective_cosine_similarity": -0.35882411430591865, "is_tight": 0.0, "dual_solution_value": 0.0, "scaled_age": 0.22826086956521738}, "41": {"bias": -0.4472135954999579, "objective_cosine_similarity": -0.24704892995326783, "is_tight": 0.0, "dual_solution_value": 0.0, "scaled_age": 0.22826086956521738}, "42": {"bias": -0.4472135954999579, "objective_cosine_similarity": -0.5802777191925593, "is_tight": 1.0, "dual_solution_value": -0.01593673981358308, "scaled_age": 0.0}, "43": {"bias": -0.4082482904638631, "objective_cosine_similarity": -0.6031450097068073, "is_tight": 0.0, "dual_solution_value": 0.0, "scaled_age": 0.14130434782608695}, "44": {"bias": -0.5773502691896258, "objective_cosine_similarity": -0.30410443447831115, "is_tight": 0.0, "dual_solution_value": 0.0, "scaled_age": 0.22826086956521738}, "45": {"bias": -0.4472135954999579, "objective_cosine_similarity": -0.3677007329537009, "is_tight": 1.0, "dual_solution_value": -0.00015413723651124485, "scaled_age": 0.0}, "46": {"bias": -0.4082482904638631, "objective_cosine_similarity": -0.6293687057810163, "is_tight": 0.0, "dual_solution_value": 0.0, "scaled_age": 0.08695652173913043}, "47": {"bias": -0.5,