{"0": {"bias": -0.48771311000413237, "objective_cosine_similarity": -0.54929953630709, "is_tight": 0.0, "dual_solution_value": -0.0, "scaled_age": 0.14084507042253522}, "1": {"bias": -0.508000508000762, "objective_cosine_similarity": -0.37885112257924647, "is_tight": 1.0, "dual_solution_value": -0.0, "scaled_age": 0.07042253521126761}, "2": {"bias": -0.46977617561176277, "objective_cosine_similarity": -0.6410275221103251, "is_tight": 0.0, "dual_solution_value": -0.0, "scaled_age": 0.18309859154929578}, "3": {"bias": -0.4338609156373123, "objective_cosine_similarity": -0.5096625832253118, "is_tight": 0.0, "dual_solution_value": -0.0, "scaled_age": 0.07042253521126761}, "4": {"bias": -0.4161068087944348, "objective_cosine_similarity": -0.6082386327708436, "is_tight": 1.0, "dual_solution_value": -0.0, "scaled_age": 0.07042253521126761}, "5": {"bias": -0.3872983346207417, "objective_cosine_similarity": -0.43152586289028155, "is_tight": 1.0, "dual_solution_value": -0.0, "scaled_age": 0.07042253521126761}, "6": {"bias": -0.4745789978762495, "objective_cosine_similarity": -0.48137412802582796, "is_tight": 0.0, "dual_solution_value": -0.0, "scaled_age": 0.14084507042253522}, "7": {"bias": -0.35355339059327373, "objective_cosine_similarity": -0.32073910244703235, "is_tight": 1.0, "dual_solution_value": -0.0002125507637157272, "scaled_age": 0.0}, "8": {"bias": -0.9640767946795575, "objective_cosine_similarity": -0.08247363831932143, "is_tight": 0.0, "dual_solution_value": -0.0, "scaled_age": 0.08450704225352113}, "9": {"bias": -0.3380617018914066, "objective_cosine_similarity": -0.33493524011619746, "is_tight": 1.0, "dual_solution_value": -0.0004064748059662591, "scaled_age": 0.0}, "10": {"bias": -0.2491364395612199, "objective_cosine_similarity": -0.7196282102867952, "is_tight": 0.0, "dual_solution_value": -0.0, "scaled_age": 0.09859154929577464}, "11": {"bias": -0.2795530723408051, "objective_cosine_similarity": -0.8193788147269838, "is_tight": 1.0, "dual_solution_value": -0.0, "scaled_age": 0.18309859154929578}, "12": {"bias": -0.16222142113076254, "objective_cosine_similarity": -0.43457130591237936, "is_tight": 1.0, "dual_solution_value": -0.0007801998310814711, "scaled_age": 0.0}, "13": {"bias": -0.15811388300841897, "objective_cosine_similarity": -0.42908093898182165, "is_tight": 1.0, "dual_solution_value": 0.0, "scaled_age": 0.30985915492957744}, "14": {"bias": -0.14744195615489714, "objective_cosine_similarity": -0.475463865245884, "is_tight": 1.0, "dual_solution_value": 0.0, "scaled_age": 0.09859154929577464}, "15": {"bias": -0.14907119849998599, "objective_cosine_similarity": -0.45419046492118104, "is_tight": 0.0, "dual_solution_value": 0.0, "scaled_age": 0.14084507042253522}, "16": {"bias": -0.17677669529663687, "objective_cosine_similarity": -0.3577229353335689, "is_tight": 1.0, "dual_solution_value": 0.0, "scaled_age": 0.07042253521126761}, "17": {"bias": -0.15811388300841897, "objective_cosine_similarity": -0.3245197885874921, "is_tight": 0.0, "dual_solution_value": 0.0, "scaled_age": 0.30985915492957744}, "18": {"bias": -0.18569533817705186, "objective_cosine_similarity": -0.31481670756017494, "is_tight": 0.0, "dual_solution_value": 0.0, "scaled_age": 0.30985915492957744}, "19": {"bias": -0.18569533817705186, "objective_cosine_similarity": -0.30275989748340226, "is_tight": 0.0, "dual_solution_value": 0.0, "scaled_age": 0.30985915492957744}, "20": {"bias": -0.14002800840280097, "objective_cosine_similarity": -0.41232660295068746, "is_tight": 0.0, "dual_solution_value": 0.0, "scaled_age": 0.30985915492957744}, "21": {"bias": -0.15811388300841897, "objective_cosine_similarity": -0.37280802895141885, "is_tight": 0.0, "dual_solution_value": 0.0, "scaled_age": 0.30985915492957744}, "22": {"bias": -0.15617376188860607, "objective_cosine_similarity": -0.36767018873898144, "is_tight": 0.0, "dual_solution_value": 0.0, "scaled_age": 0.30985915492957744}, "23": {"bias": -0.15811388300841897, "objective_cosine_similarity": -0.33744734899988194, "is_tight": 0.0, "dual_solution_value": 0.0, "scaled_age": 0.30985915492957744}, "24": {"bias": -0.13736056394868904, "objective_cosine_similarity": -0.4330443847192902, "is_tight": 0.0, "dual_solution_value": 0.0, "scaled_age": 0.30985915492957744}, "25": {"bias": -0.14907119849998599, "objective_cosine_similarity": -0.4213898117717824, "is_tight": 0.0, "dual_solution_value": 0.0, "scaled_age": 0.30985915492957744}, "26": {"bias": -0.1643989873053573, "objective_cosine_similarity": -0.43585837033042396, "is_tight": 1.0, "dual_solution_value": 0.0, "scaled_age": 0.30985915492957744}, "27": {"bias": -0.17677669529663687, "objective_cosine_similarity": -0.34879580325750836, "is_tight": 1.0, "dual_solution_value": 0.0, "scaled_age": 0.07042253521126761}, "28": {"bias": -0.17407765595569785, "objective_cosine_similarity": -0.37884299720289716, "is_tight": 0.0, "dual_solution_value": 0.0, "scaled_age": 0.30985915492957744}, "29": {"bias": -0.15075567228888181, "objective_cosine_similarity": -0.479805544211893, "is_tight": 0.0, "dual_solution_value": 0.0, "scaled_age": 0.30985915492957744}, "30": {"bias": -0.15075567228888181, "objective_cosine_similarity": -0.40367470606720274, "is_tight": 0.0, "dual_solution_value": 0.0, "scaled_age": 0.30985915492957744}, "31": {"bias": -0.1690308509457033, "objective_cosine_similarity": -0.41440106468260113, "is_tight": 1.0, "dual_solution_value": -0.0007113309104409533, "scaled_age": 0.0}, "32": {"bias": -0.15811388300841897, "objective_cosine_similarity": -0.40892915363309634, "is_tight": 0.0, "dual_solution_value": 0.0, "scaled_age": 0.07042253521126761}, "33": {"bias": -0.1690308509457033, "objective_cosine_similarity": -0.3672499871905151, "is_tight": 0.0, "dual_solution_value": 0.0, "scaled_age": 0.30985915492957744}, "34": {"bias": -0.17149858514250882, "objective_cosine_similarity": -0.40333605934791567, "is_tight": 0.0, "dual_solution_value": 0.0, "scaled_age": 0.30985915492957744}, "35": {"bias": -0.1690308509457033, "objective_cosine_similarity": -0.35119423235484787, "is_tight": 1.0, "dual_solution_value": 0.0, "scaled_age": 0.07042253521126761}, "36": {"bias": -0.17149858514250882, "objective_cosine_similarity": -0.2996151811004711, "is_tight": 0.0, "dual_solution_value": 0.0, "scaled_age": 0.30985915492957744}, "37": {"bias": -0.13736056394868904, "objective_cosine_similarity": -0.4318882784290404, "is_tight": 0.0, "dual_solution_value": 0.0, "scaled_age": 0.30985915492957744}, "38": {"bias": -0.16666666666666666, "objective_cosine_similarity": -0.3577046855600533, "is_tight": 0.0, "dual_solution_value": 0.0, "scaled_age": 0.30985915492957744}, "39": {"bias": -0.1543033499620919, "objective_cosine_similarity": -0.3985174023106075, "is_tight": 0.0, "dual_solution_value": 0.0, "scaled_age": 0.1267605633802817}, "40": {"bias": -0.17149858514250882, "objective_cosine_similarity": -0.367250266717095, "is_tight": 1.0, "dual_solution_value": 0.0, "scaled_age": 0.07042253521126761}, "41": {"bias": -0.1543033499620919, "objective_cosine_similarity": -0.4367364827929097, "is_tight": 0.0, "dual_solution_value": 0.0, "scaled_age": 0.09859154929577464}, "42": {"bias": -0.14586499149789456, "objective_cosine_similarity": -0.40846816890071247, "is_tight": 0.0, "dual_solution_value": 0.0, "scaled_age": 0.30985915492957744}, "43": {"bias": -0.15075567228888181, "objective_cosine_similarity": -0.43757105543162433, "is_tight": 0.0, "dual_solution_value": 0.0, "scaled_age": 0.30985915492957744}, "44": {"bias": -0.15617376188860607, "objective_cosine_similarity": -0.3885135957614671, "is_tight": 0.0, "dual_solution_value": 0.0, "scaled_age": 0.29577464788732394}, "45": {"bias": -0.14285714285714285, "objective_cosine_similarity": -0.4429869791401572, "is_tight": 0.0, "dual_solution_value": 0.0, "scaled_age": 0.30985915492957744}, "46": {"bias": -0.15811388300841897, "objective_cosine_similarity": -0.37546958550691084, "is_tight": 0.0, "dual_solution_value": 0.0,