{"0": {"bias": -0.7559289460184544, "objective_cosine_similarity": -0.5827905420293122, "is_tight": 1.0, "dual_solution_value": -0.0003705121437793281, "scaled_age": 0.0}, "1": {"bias": -0.8164965809277261, "objective_cosine_similarity": -0.7796571632236977, "is_tight": 1.0, "dual_solution_value": -0.0006232145658750811, "scaled_age": 0.0}, "2": {"bias": -1.0156667501540164, "objective_cosine_similarity": -0.9552184403762276, "is_tight": 0.0, "dual_solution_value": -0.0, "scaled_age": 0.0423728813559322}, "3": {"bias": -0.9615239476408232, "objective_cosine_similarity": -0.9094891429753434, "is_tight": 1.0, "dual_solution_value": -0.00016451066928599312, "scaled_age": 0.0}, "4": {"bias": -0.8893748117365002, "objective_cosine_similarity": -0.8670873430064662, "is_tight": 0.0, "dual_solution_value": -0.0, "scaled_age": 0.05084745762711865}, "5": {"bias": -0.9343634552493165, "objective_cosine_similarity": -0.9555190653594399, "is_tight": 0.0, "dual_solution_value": -0.0, "scaled_age": 0.11864406779661017}, "6": {"bias": -0.9256245108615757, "objective_cosine_similarity": -0.9378581697200332, "is_tight": 0.0, "dual_solution_value": -0.0, "scaled_age": 0.11016949152542373}, "7": {"bias": -0.848528137423857, "objective_cosine_similarity": -0.9570422243641736, "is_tight": 1.0, "dual_solution_value": -0.00025768510007896433, "scaled_age": 0.0}, "8": {"bias": -0.9191450300180578, "objective_cosine_similarity": -0.9137339687031831, "is_tight": 0.0, "dual_solution_value": -0.0, "scaled_age": 0.025423728813559324}, "9": {"bias": -0.4082482904638631, "objective_cosine_similarity": -0.6006857299770969, "is_tight": 0.0, "dual_solution_value": 0.0, "scaled_age": 0.2627118644067797}, "10": {"bias": -0.35355339059327373, "objective_cosine_similarity": -0.45251065708953847, "is_tight": 0.0, "dual_solution_value": 0.0, "scaled_age": 0.2627118644067797}, "11": {"bias": -0.3779644730092272, "objective_cosine_similarity": -0.384717939509546, "is_tight": 0.0, "dual_solution_value": 0.0, "scaled_age": 0.2627118644067797}, "12": {"bias": -0.35355339059327373, "objective_cosine_similarity": -0.31711376756668447, "is_tight": 0.0, "dual_solution_value": 0.0, "scaled_age": 0.2627118644067797}, "13": {"bias": -0.35355339059327373, "objective_cosine_similarity": -0.49170449353036466, "is_tight": 0.0, "dual_solution_value": 0.0, "scaled_age": 0.2627118644067797}, "14": {"bias": -0.3779644730092272, "objective_cosine_similarity": -0.44185426715947856, "is_tight": 0.0, "dual_solution_value": 0.0, "scaled_age": 0.1440677966101695}, "15": {"bias": -0.4472135954999579, "objective_cosine_similarity": -0.608441531202579, "is_tight": 1.0, "dual_solution_value": -0.04766511175494085, "scaled_age": 0.0}, "16": {"bias": -0.4082482904638631, "objective_cosine_similarity": -0.27154286423622187, "is_tight": 0.0, "dual_solution_value": 0.0, "scaled_age": 0.2627118644067797}, "17": {"bias": -0.4082482904638631, "objective_cosine_similarity": -0.4937142986113125, "is_tight": 0.0, "dual_solution_value": 0.0, "scaled_age": 0.11864406779661017}, "18": {"bias": -0.3779644730092272, "objective_cosine_similarity": -0.3580543199395775, "is_tight": 0.0, "dual_solution_value": 0.0, "scaled_age": 0.2627118644067797}, "19": {"bias": -0.5, "objective_cosine_similarity": -0.5643624514797738, "is_tight": 1.0, "dual_solution_value": -0.04933515219062541, "scaled_age": 0.0}, "20": {"bias": -0.35355339059327373, "objective_cosine_similarity": -0.5023937216505899, "is_tight": 0.0, "dual_solution_value": 0.0, "scaled_age": 0.2627118644067797}, "21": {"bias": -0.4472135954999579, "objective_cosine_similarity": -0.3064742527538917, "is_tight": 0.0, "dual_solution_value": 0.0, "scaled_age": 0.2627118644067797}, "22": {"bias": -0.5773502691896258, "objective_cosine_similarity": -0.13964349140672766, "is_tight": 1.0, "dual_solution_value": -0.0004799977833474604, "scaled_age": 0.1694915254237288}, "23": {"bias": -0.4082482904638631, "objective_cosine_similarity": -0.15634286122691562, "is_tight": 0.0, "dual_solution_value": 0.0, "scaled_age": 0.2627118644067797}, "24": {"bias": -0.35355339059327373, "objective_cosine_similarity": -0.3563076040075106, "is_tight": 0.0, "dual_solution_value": 0.0, "scaled_age": 0.2627118644067797}, "25": {"bias": -0.2886751345948129, "objective_cosine_similarity": -0.5236630927752287, "is_tight": 0.0, "dual_solution_value": 0.0, "scaled_age": 0.2627118644067797}, "26": {"bias": -0.35355339059327373, "objective_cosine_similarity": -0.48101526541013934, "is_tight": 0.0, "dual_solution_value": 0.0, "scaled_age": 0.2627118644067797}, "27": {"bias": -0.4082482904638631, "objective_cosine_similarity": -0.4361142971066594, "is_tight": 0.0, "dual_solution_value": 0.0, "scaled_age": 0.03389830508474576}, "28": {"bias": -0.4472135954999579, "objective_cosine_similarity": -0.36506491872154745, "is_tight": 0.0, "dual_solution_value": 0.0, "scaled_age": 0.2627118644067797}, "29": {"bias": -0.3779644730092272, "objective_cosine_similarity": -0.27806346122967185, "is_tight": 0.0, "dual_solution_value": 0.0, "scaled_age": 0.2627118644067797}, "30": {"bias": -0.4082482904638631, "objective_cosine_similarity": -0.35794286649320156, "is_tight": 0.0, "dual_solution_value": 0.0, "scaled_age": 0.2627118644067797}, "31": {"bias": -0.31622776601683794, "objective_cosine_similarity": -0.4270462205750265, "is_tight": 0.0, "dual_solution_value": 0.0, "scaled_age": 0.2627118644067797}, "32": {"bias": -0.3333333333333333, "objective_cosine_similarity": -0.5240508478026471, "is_tight": 0.0, "dual_solution_value": 0.0, "scaled_age": 0.2627118644067797}, "33": {"bias": -0.35355339059327373, "objective_cosine_similarity": -0.3598706800475857, "is_tight": 0.0, "dual_solution_value": 0.0, "scaled_age": 0.2627118644067797}, "34": {"bias": -0.31622776601683794, "objective_cosine_similarity": -0.417485484293496, "is_tight": 0.0, "dual_solution_value": 0.0, "scaled_age": 0.2627118644067797}, "35": {"bias": -0.5773502691896258, "objective_cosine_similarity": -0.1978282794928642, "is_tight": 0.0, "dual_solution_value": 0.0, "scaled_age": 0.2627118644067797}, "36": {"bias": -0.4082482904638631, "objective_cosine_similarity": -0.28388572170150467, "is_tight": 0.0, "dual_solution_value": 0.0, "scaled_age": 0.2627118644067797}, "37": {"bias": -0.4472135954999579, "objective_cosine_similarity": -0.310981227059096, "is_tight": 1.0, "dual_solution_value": -1.6803719055304775e-05, "scaled_age": 0.07627118644067797}, "38": {"bias": -0.4472135954999579, "objective_cosine_similarity": -0.36055794441634315, "is_tight": 0.0, "dual_solution_value": 0.0, "scaled_age": 0.2627118644067797}, "39": {"bias": -0.4082482904638631, "objective_cosine_similarity": -0.5595428717594875, "is_tight": 1.0, "dual_solution_value": -0.000224220004387905, "scaled_age": 0.05084745762711865}, "40": {"bias": -0.35355339059327373, "objective_cosine_similarity": -0.5629660143318668, "is_tight": 0.0, "dual_solution_value": 0.0, "scaled_age": 0.2627118644067797}, "41": {"bias": -0.5, "objective_cosine_similarity": -0.39807708631162614, "is_tight": 1.0, "dual_solution_value": -0.013582294630333438, "scaled_age": 0.0}, "42": {"bias": -0.3779644730092272, "objective_cosine_similarity": -0.42661791311949654, "is_tight": 0.0, "dual_solution_value": 0.0, "scaled_age": 0.2627118644067797}, "43": {"bias": -0.3779644730092272, "objective_cosine_similarity": -0.5675541879893302, "is_tight": 0.0, "dual_solution_value": 0.0, "scaled_age": 0.025423728813559324}, "44": {"bias": -0.35355339059327373, "objective_cosine_similarity": -0.3491814519273604, "is_tight": 0.0, "dual_solution_value": 0.0, "scaled_age": 0.2627118644067797}, "45": {"bias": -0.4082482904638631, "objective_cosine_similarity": -0.4484571545719422, "is_tight": 1.0, "dual_solution_value": -0.009374327422227852, "scaled_age": 0.0}, "46": {"bias": -0.4472135954999579, "objective_cosine_similarity": -0.5363299423193104, "is_tight": 1.0, "dual_solution_value": -0.0021224272892077095, "scaled_age": 0.0},