{"0": {"bias": -1.049490556950723, "objective_cosine_similarity": -0.8238614471256667, "is_tight": 0.0, "dual_solution_value": -0.0, "scaled_age": 0.08450704225352113}, "1": {"bias": -0.7559289460184544, "objective_cosine_similarity": -0.6082351267930286, "is_tight": 1.0, "dual_solution_value": -0.00397831084975863, "scaled_age": 0.0}, "2": {"bias": -1.1201534726595643, "objective_cosine_similarity": -0.8703102958122296, "is_tight": 0.0, "dual_solution_value": -0.0, "scaled_age": 0.11267605633802817}, "3": {"bias": -1.0879324286435093, "objective_cosine_similarity": -0.8584297610243729, "is_tight": 0.0, "dual_solution_value": -0.0, "scaled_age": 0.014084507042253521}, "4": {"bias": -0.9486832980505138, "objective_cosine_similarity": -0.6122851682515015, "is_tight": 1.0, "dual_solution_value": -0.004993303353059112, "scaled_age": 0.0}, "5": {"bias": -1.1191540388197287, "objective_cosine_similarity": -0.9208767893301241, "is_tight": 1.0, "dual_solution_value": -1.066685011206555e-09, "scaled_age": 0.0}, "6": {"bias": -1.170738814009927, "objective_cosine_similarity": -0.8546082771092728, "is_tight": 0.0, "dual_solution_value": -0.0, "scaled_age": 0.014084507042253521}, "7": {"bias": -1.040151860415922, "objective_cosine_similarity": -0.8361854388966954, "is_tight": 1.0, "dual_solution_value": -1.6938332952379128e-07, "scaled_age": 0.0}, "8": {"bias": -1.1364933629406204, "objective_cosine_similarity": -0.879444168360489, "is_tight": 1.0, "dual_solution_value": -0.006467202336148365, "scaled_age": 0.0}, "9": {"bias": -1.1915654275235164, "objective_cosine_similarity": -0.934978398408651, "is_tight": 1.0, "dual_solution_value": -0.0015465826038792542, "scaled_age": 0.0}, "10": {"bias": -1.2028716796795988, "objective_cosine_similarity": -0.9133851248487226, "is_tight": 0.0, "dual_solution_value": 0.0, "scaled_age": 0.014084507042253521}, "11": {"bias": -0.5, "objective_cosine_similarity": -0.31415420447514525, "is_tight": 1.0, "dual_solution_value": -0.013096228274755654, "scaled_age": 0.0}, "12": {"bias": -0.4082482904638631, "objective_cosine_similarity": -0.3402628408055445, "is_tight": 0.0, "dual_solution_value": 0.0, "scaled_age": 0.30985915492957744}, "13": {"bias": -0.35355339059327373, "objective_cosine_similarity": -0.4080132887558702, "is_tight": 0.0, "dual_solution_value": 0.0, "scaled_age": 0.30985915492957744}, "14": {"bias": -0.4472135954999579, "objective_cosine_similarity": -0.2666519370041338, "is_tight": 0.0, "dual_solution_value": 0.0, "scaled_age": 0.30985915492957744}, "15": {"bias": -0.4082482904638631, "objective_cosine_similarity": -0.28791471145084535, "is_tight": 0.0, "dual_solution_value": 0.0, "scaled_age": 0.30985915492957744}, "16": {"bias": -0.4472135954999579, "objective_cosine_similarity": -0.40427874319981577, "is_tight": 0.0, "dual_solution_value": 0.0, "scaled_age": 0.30985915492957744}, "17": {"bias": -0.5, "objective_cosine_similarity": -0.33979944565678977, "is_tight": 0.0, "dual_solution_value": 0.0, "scaled_age": 0.028169014084507043}, "18": {"bias": -0.4472135954999579, "objective_cosine_similarity": -0.35840314113458843, "is_tight": 1.0, "dual_solution_value": -0.022087611962858085, "scaled_age": 0.0}, "19": {"bias": -0.4472135954999579, "objective_cosine_similarity": -0.3784737170381254, "is_tight": 0.0, "dual_solution_value": 0.0, "scaled_age": 0.23943661971830985}, "20": {"bias": -0.3779644730092272, "objective_cosine_similarity": -0.4289148105273548, "is_tight": 1.0, "dual_solution_value": -0.016724001486165284, "scaled_age": 0.0}, "21": {"bias": -0.4082482904638631, "objective_cosine_similarity": -0.4554287253858826, "is_tight": 0.0, "dual_solution_value": 0.0, "scaled_age": 0.16901408450704225}, "22": {"bias": -0.7071067811865475, "objective_cosine_similarity": -0.2312075302949931, "is_tight": 0.0, "dual_solution_value": 0.0, "scaled_age": 0.09859154929577464}, "23": {"bias": -0.4472135954999579, "objective_cosine_similarity": -0.2637847118750571, "is_tight": 1.0, "dual_solution_value": -0.00017472023764505168, "scaled_age": 0.0}, "24": {"bias": -0.5773502691896258, "objective_cosine_similarity": -0.3294398835173312, "is_tight": 1.0, "dual_solution_value": -0.04365549415063248, "scaled_age": 0.0}, "25": {"bias": -0.4082482904638631, "objective_cosine_similarity": -0.3140887761281949, "is_tight": 0.0, "dual_solution_value": 0.0, "scaled_age": 0.30985915492957744}, "26": {"bias": -0.7071067811865475, "objective_cosine_similarity": -0.23574101128116945, "is_tight": 1.0, "dual_solution_value": -1.4832797584015639e-05, "scaled_age": 0.0}, "27": {"bias": -0.3333333333333333, "objective_cosine_similarity": -0.33766234222498603, "is_tight": 0.0, "dual_solution_value": 0.0, "scaled_age": 0.30985915492957744}, "28": {"bias": -0.35355339059327373, "objective_cosine_similarity": -0.43294743417984005, "is_tight": 0.0, "dual_solution_value": 0.0, "scaled_age": 0.30985915492957744}, "29": {"bias": -0.5, "objective_cosine_similarity": -0.23721848093021172, "is_tight": 0.0, "dual_solution_value": 0.0, "scaled_age": 0.30985915492957744}, "30": {"bias": -0.3779644730092272, "objective_cosine_similarity": -0.3780266126681771, "is_tight": 0.0, "dual_solution_value": 0.0, "scaled_age": 0.28169014084507044}, "31": {"bias": -0.4472135954999579, "objective_cosine_similarity": -0.4128804185870459, "is_tight": 0.0, "dual_solution_value": 0.0, "scaled_age": 0.07042253521126761}, "32": {"bias": -0.3779644730092272, "objective_cosine_similarity": -0.23263176164195515, "is_tight": 0.0, "dual_solution_value": 0.0, "scaled_age": 0.30985915492957744}, "33": {"bias": -0.4082482904638631, "objective_cosine_similarity": -0.3010017437895201, "is_tight": 0.0, "dual_solution_value": 0.0, "scaled_age": 0.30985915492957744}, "34": {"bias": -0.4472135954999579, "objective_cosine_similarity": -0.33546534010197476, "is_tight": 0.0, "dual_solution_value": 0.0, "scaled_age": 0.30985915492957744}, "35": {"bias": -0.4082482904638631, "objective_cosine_similarity": -0.3140887761281949, "is_tight": 0.0, "dual_solution_value": 0.0, "scaled_age": 0.30985915492957744}, "36": {"bias": -0.5, "objective_cosine_similarity": -0.2660693772595618, "is_tight": 0.0, "dual_solution_value": 0.0, "scaled_age": 0.04225352112676056}, "37": {"bias": -0.4472135954999579, "objective_cosine_similarity": -0.32686366471474465, "is_tight": 0.0, "dual_solution_value": 0.0, "scaled_age": 0.30985915492957744}, "38": {"bias": -0.4472135954999579, "objective_cosine_similarity": -0.32686366471474465, "is_tight": 1.0, "dual_solution_value": -0.0089248364381008, "scaled_age": 0.0}, "39": {"bias": -0.4472135954999579, "objective_cosine_similarity": -0.45015434526504305, "is_tight": 1.0, "dual_solution_value": -0.002504475254062802, "scaled_age": 0.0}, "40": {"bias": -0.7071067811865475, "objective_cosine_similarity": -0.21307360635028777, "is_tight": 0.0, "dual_solution_value": 0.0, "scaled_age": 0.30985915492957744}, "41": {"bias": -0.3779644730092272, "objective_cosine_similarity": -0.40952883039052523, "is_tight": 0.0, "dual_solution_value": 0.0, "scaled_age": 0.11267605633802817}, "42": {"bias": -0.5, "objective_cosine_similarity": -0.2211902051916839, "is_tight": 0.0, "dual_solution_value": 0.0, "scaled_age": 0.30985915492957744}, "43": {"bias": -0.3779644730092272, "objective_cosine_similarity": -0.4071055828734215, "is_tight": 0.0, "dual_solution_value": 0.0, "scaled_age": 0.30985915492957744}, "44": {"bias": -0.4082482904638631, "objective_cosine_similarity": -0.4973072288696419, "is_tight": 0.0, "dual_solution_value": 0.0, "scaled_age": 0.11267605633802817}, "45": {"bias": -0.3779644730092272, "objective_cosine_similarity": -0.24959449426168107, "is_tight": 0.0, "dual_solution_value": 0.0, "scaled_age": 0.30985915492957744}, "46": {"bias": -0.4082482904638631, "objective_cosine_similarity": -0.4109328154343883, "is_tight": 1.0, "dual_solution_value": -4.787647117986196e-05, "scaled_age": 0.0}, "47": {"bias": -0.5, "objective_cosine_similarity": -0.3333881353613786,