{"0": {"bias": -0.753778361444409, "objective_cosine_similarity": -0.8421762041245716, "is_tight": 0.0, "dual_solution_value": -0.0, "scaled_age": 0.09210526315789473}, "1": {"bias": -0.9284766908852594, "objective_cosine_similarity": -0.9522053528380031, "is_tight": 0.0, "dual_solution_value": -0.0, "scaled_age": 0.11842105263157894}, "2": {"bias": -0.8542421961772492, "objective_cosine_similarity": -0.944727150919854, "is_tight": 0.0, "dual_solution_value": -0.0, "scaled_age": 0.09210526315789473}, "3": {"bias": -0.7844645405527362, "objective_cosine_similarity": -0.876869840354739, "is_tight": 1.0, "dual_solution_value": -0.00014676557126963352, "scaled_age": 0.0}, "4": {"bias": -0.6882472016116852, "objective_cosine_similarity": -0.8344746368518551, "is_tight": 0.0, "dual_solution_value": -0.0, "scaled_age": 0.05263157894736842}, "5": {"bias": -0.7844645405527362, "objective_cosine_similarity": -0.8257701993084255, "is_tight": 0.0, "dual_solution_value": -0.0, "scaled_age": 0.02631578947368421}, "6": {"bias": -0.5547001962252291, "objective_cosine_similarity": -0.7717988016729974, "is_tight": 0.0, "dual_solution_value": -0.0, "scaled_age": 0.07894736842105263}, "7": {"bias": -0.7559289460184544, "objective_cosine_similarity": -0.843003287104408, "is_tight": 0.0, "dual_solution_value": -0.0, "scaled_age": 0.11842105263157894}, "8": {"bias": -0.6030226891555273, "objective_cosine_similarity": -0.47765217547363764, "is_tight": 1.0, "dual_solution_value": -0.0039553813288728465, "scaled_age": 0.0}, "9": {"bias": -1.0098635578082362, "objective_cosine_similarity": -0.960366603777624, "is_tight": 0.0, "dual_solution_value": 0.0, "scaled_age": 0.07894736842105263}, "10": {"bias": -0.9747386344055289, "objective_cosine_similarity": -0.9433582153613508, "is_tight": 1.0, "dual_solution_value": -0.014916514943570627, "scaled_age": 0.0}, "11": {"bias": -0.8607541677697059, "objective_cosine_similarity": -0.9732321355718285, "is_tight": 1.0, "dual_solution_value": -0.02065469739141383, "scaled_age": 0.0}, "12": {"bias": -0.4082482904638631, "objective_cosine_similarity": -0.4339993322322217, "is_tight": 1.0, "dual_solution_value": -0.013867255320269452, "scaled_age": 0.0}, "13": {"bias": -0.4082482904638631, "objective_cosine_similarity": -0.4084699597479734, "is_tight": 1.0, "dual_solution_value": -0.00022040011778849095, "scaled_age": 0.0}, "14": {"bias": -0.35355339059327373, "objective_cosine_similarity": -0.4053332270906325, "is_tight": 0.0, "dual_solution_value": 0.0, "scaled_age": 0.039473684210526314}, "15": {"bias": -0.35355339059327373, "objective_cosine_similarity": -0.34269081926753475, "is_tight": 0.0, "dual_solution_value": 0.0, "scaled_age": 0.3684210526315789}, "16": {"bias": -0.4472135954999579, "objective_cosine_similarity": -0.3682193472991288, "is_tight": 0.0, "dual_solution_value": 0.0, "scaled_age": 0.23684210526315788}, "17": {"bias": -0.3779644730092272, "objective_cosine_similarity": -0.4096838404619553, "is_tight": 0.0, "dual_solution_value": 0.0, "scaled_age": 0.11842105263157894}, "18": {"bias": -0.4472135954999579, "objective_cosine_similarity": -0.30296528575244774, "is_tight": 0.0, "dual_solution_value": 0.0, "scaled_age": 0.3684210526315789}, "19": {"bias": -0.3333333333333333, "objective_cosine_similarity": -0.43078933716346207, "is_tight": 0.0, "dual_solution_value": 0.0, "scaled_age": 0.3684210526315789}, "20": {"bias": -0.3779644730092272, "objective_cosine_similarity": -0.393926769674957, "is_tight": 1.0, "dual_solution_value": -0.00017405375109667013, "scaled_age": 0.0}, "21": {"bias": -0.3333333333333333, "objective_cosine_similarity": -0.4203670144901525, "is_tight": 0.0, "dual_solution_value": 0.0, "scaled_age": 0.25}, "22": {"bias": -0.5, "objective_cosine_similarity": -0.16675716277295305, "is_tight": 0.0, "dual_solution_value": 0.0, "scaled_age": 0.3026315789473684}, "23": {"bias": -0.31622776601683794, "objective_cosine_similarity": -0.5767698677452814, "is_tight": 0.0, "dual_solution_value": 0.0, "scaled_age": 0.3684210526315789}, "24": {"bias": -0.35355339059327373, "objective_cosine_similarity": -0.5121938051417992, "is_tight": 0.0, "dual_solution_value": 0.0, "scaled_age": 0.3684210526315789}, "25": {"bias": -0.3779644730092272, "objective_cosine_similarity": -0.4175623758554544, "is_tight": 0.0, "dual_solution_value": 0.0, "scaled_age": 0.3684210526315789}, "26": {"bias": -0.4472135954999579, "objective_cosine_similarity": -0.29830428135625625, "is_tight": 1.0, "dual_solution_value": -0.00748010545671929, "scaled_age": 0.0}, "27": {"bias": -0.5773502691896258, "objective_cosine_similarity": -0.24069323204065673, "is_tight": 1.0, "dual_solution_value": -0.0196334758510471, "scaled_age": 0.0}, "28": {"bias": -0.35355339059327373, "objective_cosine_similarity": -0.604314993116943, "is_tight": 1.0, "dual_solution_value": -0.000492659945360892, "scaled_age": 0.0}, "29": {"bias": -0.5, "objective_cosine_similarity": -0.23971342148612002, "is_tight": 0.0, "dual_solution_value": 0.0, "scaled_age": 0.10526315789473684}, "30": {"bias": -0.3333333333333333, "objective_cosine_similarity": -0.48290095053000986, "is_tight": 0.0, "dual_solution_value": 0.0, "scaled_age": 0.3684210526315789}, "31": {"bias": -0.3779644730092272, "objective_cosine_similarity": -0.40180530506845613, "is_tight": 0.0, "dual_solution_value": 0.0, "scaled_age": 0.3684210526315789}, "32": {"bias": -0.3333333333333333, "objective_cosine_similarity": -0.5106938109921687, "is_tight": 0.0, "dual_solution_value": 0.0, "scaled_age": 0.3684210526315789}, "33": {"bias": -0.35355339059327373, "objective_cosine_similarity": -0.2726787164064255, "is_tight": 0.0, "dual_solution_value": 0.0, "scaled_age": 0.3684210526315789}, "34": {"bias": -0.4472135954999579, "objective_cosine_similarity": -0.26101624618672425, "is_tight": 0.0, "dual_solution_value": 0.0, "scaled_age": 0.06578947368421052}, "35": {"bias": -0.4082482904638631, "objective_cosine_similarity": -0.34039163312331117, "is_tight": 0.0, "dual_solution_value": 0.0, "scaled_age": 0.3026315789473684}, "36": {"bias": -0.3779644730092272, "objective_cosine_similarity": -0.531801139061192, "is_tight": 1.0, "dual_solution_value": -1.2910550902869325e-05, "scaled_age": 0.0}, "37": {"bias": -0.3333333333333333, "objective_cosine_similarity": -0.43773755227900174, "is_tight": 0.0, "dual_solution_value": 0.0, "scaled_age": 0.3684210526315789}, "38": {"bias": -0.4082482904638631, "objective_cosine_similarity": -0.28933288815481445, "is_tight": 0.0, "dual_solution_value": 0.0, "scaled_age": 0.3684210526315789}, "39": {"bias": -0.4472135954999579, "objective_cosine_similarity": -0.3449143253181713, "is_tight": 0.0, "dual_solution_value": 0.0, "scaled_age": 0.2894736842105263}, "40": {"bias": -0.4082482904638631, "objective_cosine_similarity": -0.37868569184968365, "is_tight": 0.0, "dual_solution_value": 0.0, "scaled_age": 0.3684210526315789}, "41": {"bias": -0.3333333333333333, "objective_cosine_similarity": -0.44815987495231135, "is_tight": 0.0, "dual_solution_value": 0.0, "scaled_age": 0.3684210526315789}, "42": {"bias": -0.4472135954999579, "objective_cosine_similarity": -0.26567725058291575, "is_tight": 0.0, "dual_solution_value": 0.0, "scaled_age": 0.3684210526315789}, "43": {"bias": -0.4472135954999579, "objective_cosine_similarity": -0.3915243692800863, "is_tight": 1.0, "dual_solution_value": -8.493968406620922e-05, "scaled_age": 0.0}, "44": {"bias": -0.4472135954999579, "objective_cosine_similarity": -0.2237282110171922, "is_tight": 0.0, "dual_solution_value": 0.0, "scaled_age": 0.3684210526315789}, "45": {"bias": -0.3779644730092272, "objective_cosine_similarity": -0.3348377542237135, "is_tight": 0.0, "dual_solution_value": 0.0, "scaled_age": 0.3684210526315789}, "46": {"bias": -0.5, "objective_cosine_similarity": -0.19281296945622697, "is_tight": 0.0, "dual_solution_value": 0.0, "scaled_age": 0.25}, "47": {"bias": -0.4082482904638631, "objective_cosine_similarity": -0.29784267898289724, "is_tight": 0.0,