{"0": {"bias": -1.1925695879998879, "objective_cosine_similarity": -0.816880810918777, "is_tight": 0.0, "dual_solution_value": -0.0, "scaled_age": 0.010101010101010102}, "1": {"bias": -1.1666666666666667, "objective_cosine_similarity": -0.8530319497011041, "is_tight": 0.0, "dual_solution_value": -0.0, "scaled_age": 0.06060606060606061}, "2": {"bias": -0.8164965809277261, "objective_cosine_similarity": -0.25740131295656693, "is_tight": 1.0, "dual_solution_value": -7.851824737329429e-05, "scaled_age": 0.0}, "3": {"bias": -1.0, "objective_cosine_similarity": -0.7301768047713254, "is_tight": 1.0, "dual_solution_value": -0.0010198790262589252, "scaled_age": 0.0}, "4": {"bias": -1.2075181312623677, "objective_cosine_similarity": -0.7329488521186636, "is_tight": 0.0, "dual_solution_value": -0.0, "scaled_age": 0.050505050505050504}, "5": {"bias": -1.0, "objective_cosine_similarity": -0.5254182298883612, "is_tight": 0.0, "dual_solution_value": -0.0, "scaled_age": 0.050505050505050504}, "6": {"bias": -0.7559289460184544, "objective_cosine_similarity": -0.5379437054236147, "is_tight": 1.0, "dual_solution_value": -0.00665168234073913, "scaled_age": 0.0}, "7": {"bias": -1.2, "objective_cosine_similarity": -0.851177532419145, "is_tight": 1.0, "dual_solution_value": -0.00017890679502233477, "scaled_age": 0.0}, "8": {"bias": -0.8164965809277261, "objective_cosine_similarity": -0.46937886480315144, "is_tight": 1.0, "dual_solution_value": -0.0018258800695640745, "scaled_age": 0.0}, "9": {"bias": -1.3303802104754787, "objective_cosine_similarity": -0.9134363899497643, "is_tight": 0.0, "dual_solution_value": -0.0, "scaled_age": 0.0707070707070707}, "10": {"bias": -1.264723711468521, "objective_cosine_similarity": -0.8103751107548945, "is_tight": 0.0, "dual_solution_value": -0.0, "scaled_age": 0.050505050505050504}, "11": {"bias": -1.2273850673629925, "objective_cosine_similarity": -0.9111578407855792, "is_tight": 0.0, "dual_solution_value": -0.0, "scaled_age": 0.020202020202020204}, "12": {"bias": -1.383167577919806, "objective_cosine_similarity": -0.9292459747748488, "is_tight": 1.0, "dual_solution_value": -0.0012531582394499654, "scaled_age": 0.0}, "13": {"bias": -1.4025034885146548, "objective_cosine_similarity": -0.8878662905622103, "is_tight": 1.0, "dual_solution_value": -0.0001233696680948262, "scaled_age": 0.0}, "14": {"bias": -1.3650304008933816, "objective_cosine_similarity": -0.8996244078560679, "is_tight": 0.0, "dual_solution_value": 0.0, "scaled_age": 0.010101010101010102}, "15": {"bias": -1.4739973084457672, "objective_cosine_similarity": -0.9342499884095945, "is_tight": 1.0, "dual_solution_value": -0.005712251095911862, "scaled_age": 0.0}, "16": {"bias": -0.5, "objective_cosine_similarity": -0.41956191004320603, "is_tight": 1.0, "dual_solution_value": -0.0003532608652855588, "scaled_age": 0.0}, "17": {"bias": -0.4082482904638631, "objective_cosine_similarity": -0.26307928309531475, "is_tight": 0.0, "dual_solution_value": 0.0, "scaled_age": 0.25252525252525254}, "18": {"bias": -0.4472135954999579, "objective_cosine_similarity": -0.5618647202004785, "is_tight": 1.0, "dual_solution_value": -0.0103831775405659, "scaled_age": 0.0}, "19": {"bias": -0.4472135954999579, "objective_cosine_similarity": -0.3109952325832907, "is_tight": 0.0, "dual_solution_value": 0.0, "scaled_age": 0.25252525252525254}, "20": {"bias": -0.7071067811865475, "objective_cosine_similarity": -0.09178897246558755, "is_tight": 1.0, "dual_solution_value": -0.006058377843309789, "scaled_age": 0.0}, "21": {"bias": -0.4472135954999579, "objective_cosine_similarity": -0.2550160907182984, "is_tight": 0.0, "dual_solution_value": 0.0, "scaled_age": 0.25252525252525254}, "22": {"bias": -0.7071067811865475, "objective_cosine_similarity": -0.15079616905060814, "is_tight": 0.0, "dual_solution_value": 0.0, "scaled_age": 0.25252525252525254}, "23": {"bias": -0.5773502691896258, "objective_cosine_similarity": -0.3559905653788518, "is_tight": 1.0, "dual_solution_value": -0.01468111035861844, "scaled_age": 0.0}, "24": {"bias": -0.5773502691896258, "objective_cosine_similarity": -0.3024581495324079, "is_tight": 1.0, "dual_solution_value": -0.002624171515463636, "scaled_age": 0.0}, "25": {"bias": -0.5773502691896258, "objective_cosine_similarity": -0.1900400762548758, "is_tight": 1.0, "dual_solution_value": -0.008615816907969767, "scaled_age": 0.0}, "26": {"bias": -0.5, "objective_cosine_similarity": -0.24802831146200577, "is_tight": 0.0, "dual_solution_value": 0.0, "scaled_age": 0.25252525252525254}, "27": {"bias": -0.5, "objective_cosine_similarity": -0.2178940306301733, "is_tight": 0.0, "dual_solution_value": 0.0, "scaled_age": 0.25252525252525254}, "28": {"bias": -0.5773502691896258, "objective_cosine_similarity": -0.3693736693404628, "is_tight": 0.0, "dual_solution_value": 0.0, "scaled_age": 0.25252525252525254}, "29": {"bias": -0.4472135954999579, "objective_cosine_similarity": -0.3545345651449514, "is_tight": 0.0, "dual_solution_value": 0.0, "scaled_age": 0.09090909090909091}, "30": {"bias": -0.7071067811865475, "objective_cosine_similarity": -0.22291607598785548, "is_tight": 1.0, "dual_solution_value": -0.06523372241881849, "scaled_age": 0.0}, "31": {"bias": -0.5, "objective_cosine_similarity": -0.2804806138962869, "is_tight": 0.0, "dual_solution_value": 0.0, "scaled_age": 0.13131313131313133}, "32": {"bias": -0.4472135954999579, "objective_cosine_similarity": -0.3503879620438409, "is_tight": 0.0, "dual_solution_value": 0.0, "scaled_age": 0.25252525252525254}, "33": {"bias": -0.7071067811865475, "objective_cosine_similarity": -0.14096163628643804, "is_tight": 0.0, "dual_solution_value": 0.0, "scaled_age": 0.1111111111111111}, "34": {"bias": -0.4472135954999579, "objective_cosine_similarity": -0.23428307521274566, "is_tight": 0.0, "dual_solution_value": 0.0, "scaled_age": 0.25252525252525254}, "35": {"bias": -0.5773502691896258, "objective_cosine_similarity": -0.06959214060037705, "is_tight": 0.0, "dual_solution_value": 0.0, "scaled_age": 0.15151515151515152}, "36": {"bias": -0.5773502691896258, "objective_cosine_similarity": -0.179333593085587, "is_tight": 0.0, "dual_solution_value": 0.0, "scaled_age": 0.25252525252525254}, "37": {"bias": -0.5773502691896258, "objective_cosine_similarity": -0.3506373237942074, "is_tight": 1.0, "dual_solution_value": -0.045245483546201525, "scaled_age": 0.0}, "38": {"bias": -0.5, "objective_cosine_similarity": -0.6142757246488928, "is_tight": 1.0, "dual_solution_value": -0.08256805518377551, "scaled_age": 0.0}, "39": {"bias": -0.4472135954999579, "objective_cosine_similarity": -0.3192884387855118, "is_tight": 0.0, "dual_solution_value": 0.0, "scaled_age": 0.25252525252525254}, "40": {"bias": -0.7071067811865475, "objective_cosine_similarity": -0.2556978518684225, "is_tight": 1.0, "dual_solution_value": -8.424146589558801e-05, "scaled_age": 0.0}, "41": {"bias": -0.5, "objective_cosine_similarity": -0.2897527003060815, "is_tight": 0.0, "dual_solution_value": 0.0, "scaled_age": 0.25252525252525254}, "42": {"bias": -0.4472135954999579, "objective_cosine_similarity": -0.3089219310327354, "is_tight": 0.0, "dual_solution_value": 0.0, "scaled_age": 0.25252525252525254}, "43": {"bias": -0.5, "objective_cosine_similarity": -0.3175689595354653, "is_tight": 0.0, "dual_solution_value": 0.0, "scaled_age": 0.1717171717171717}, "44": {"bias": -0.4472135954999579, "objective_cosine_similarity": -0.4913724674815993, "is_tight": 0.0, "dual_solution_value": 0.0, "scaled_age": 0.25252525252525254}, "45": {"bias": -0.7071067811865475, "objective_cosine_similarity": -0.09178897246558755, "is_tight": 1.0, "dual_solution_value": -0.009834532764170095, "scaled_age": 0.0}, "46": {"bias": -0.5773502691896258, "objective_cosine_similarity": -0.179333593085587, "is_tight": 0.0, "dual_solution_value": 0.0, "scaled_age": 0.25252525252525254}, "47": {"bias": -0.5773502691896258, "objective_cosine_similarity": -0.05888565743108827, "is_tight": 0.0, "dual_solution_value": 0.0,