{"0": {"bias": -1.2339053944782488, "objective_cosine_similarity": -0.8162296507839041, "is_tight": 1.0, "dual_solution_value": -5.222827905447463e-06, "scaled_age": 0.0}, "1": {"bias": -1.2309149097933272, "objective_cosine_similarity": -0.8128731992025215, "is_tight": 0.0, "dual_solution_value": -0.0, "scaled_age": 0.046875}, "2": {"bias": -1.12089707663561, "objective_cosine_similarity": -0.6980193624338663, "is_tight": 1.0, "dual_solution_value": -0.0001269672556922979, "scaled_age": 0.0}, "3": {"bias": -0.944911182523068, "objective_cosine_similarity": -0.7629904574948969, "is_tight": 1.0, "dual_solution_value": -0.000193909566927929, "scaled_age": 0.0}, "4": {"bias": -1.1669199319831565, "objective_cosine_similarity": -0.909626245889639, "is_tight": 0.0, "dual_solution_value": -0.0, "scaled_age": 0.140625}, "5": {"bias": -1.1925695879998879, "objective_cosine_similarity": -0.8462515125692761, "is_tight": 0.0, "dual_solution_value": -0.0, "scaled_age": 0.125}, "6": {"bias": -1.3402511485251238, "objective_cosine_similarity": -0.90622942762274, "is_tight": 1.0, "dual_solution_value": -2.648682733402636e-07, "scaled_age": 0.0}, "7": {"bias": -1.472642081021448, "objective_cosine_similarity": -0.9010528656575113, "is_tight": 0.0, "dual_solution_value": -0.0, "scaled_age": 0.109375}, "8": {"bias": -1.3928466737574405, "objective_cosine_similarity": -0.9105906934890703, "is_tight": 0.0, "dual_solution_value": -0.0, "scaled_age": 0.109375}, "9": {"bias": -1.0327955589886444, "objective_cosine_similarity": -0.6260594735296997, "is_tight": 1.0, "dual_solution_value": -2.0111296461210094e-05, "scaled_age": 0.0}, "10": {"bias": -1.35463328190482, "objective_cosine_similarity": -0.9355617366245358, "is_tight": 0.0, "dual_solution_value": 0.0, "scaled_age": 0.046875}, "11": {"bias": -1.3979879571405374, "objective_cosine_similarity": -0.9602864522979391, "is_tight": 0.0, "dual_solution_value": 0.0, "scaled_age": 0.0625}, "12": {"bias": -1.3854471888954862, "objective_cosine_similarity": -0.9468192110214988, "is_tight": 0.0, "dual_solution_value": 0.0, "scaled_age": 0.046875}, "13": {"bias": -1.4265182528154614, "objective_cosine_similarity": -0.9467120931188757, "is_tight": 0.0, "dual_solution_value": 0.0, "scaled_age": 0.171875}, "14": {"bias": -1.3877837094832857, "objective_cosine_similarity": -0.9132963581130551, "is_tight": 0.0, "dual_solution_value": 0.0, "scaled_age": 0.046875}, "15": {"bias": -0.4082482904638631, "objective_cosine_similarity": -0.35498315352851695, "is_tight": 0.0, "dual_solution_value": 0.0, "scaled_age": 0.34375}, "16": {"bias": -0.5, "objective_cosine_similarity": -0.40220439343628844, "is_tight": 0.0, "dual_solution_value": 0.0, "scaled_age": 0.09375}, "17": {"bias": -0.5773502691896258, "objective_cosine_similarity": -0.21230885926371776, "is_tight": 1.0, "dual_solution_value": -0.001611027684583962, "scaled_age": 0.0}, "18": {"bias": -0.5773502691896258, "objective_cosine_similarity": -0.18577025185575305, "is_tight": 0.0, "dual_solution_value": 0.0, "scaled_age": 0.015625}, "19": {"bias": -0.35355339059327373, "objective_cosine_similarity": -0.3940991577159529, "is_tight": 0.0, "dual_solution_value": 0.0, "scaled_age": 0.34375}, "20": {"bias": -0.4472135954999579, "objective_cosine_similarity": -0.322055231504097, "is_tight": 0.0, "dual_solution_value": 0.0, "scaled_age": 0.34375}, "21": {"bias": -0.4472135954999579, "objective_cosine_similarity": -0.2997854548575371, "is_tight": 0.0, "dual_solution_value": 0.0, "scaled_age": 0.34375}, "22": {"bias": -0.35355339059327373, "objective_cosine_similarity": -0.269504235001631, "is_tight": 0.0, "dual_solution_value": 0.0, "scaled_age": 0.34375}, "23": {"bias": -0.5773502691896258, "objective_cosine_similarity": -0.15480854321312754, "is_tight": 1.0, "dual_solution_value": -0.00663465185199118, "scaled_age": 0.0}, "24": {"bias": -0.4082482904638631, "objective_cosine_similarity": -0.46288552178167847, "is_tight": 0.0, "dual_solution_value": 0.0, "scaled_age": 0.046875}, "25": {"bias": -0.35355339059327373, "objective_cosine_similarity": -0.35617896384637665, "is_tight": 0.0, "dual_solution_value": 0.0, "scaled_age": 0.34375}, "26": {"bias": -0.4472135954999579, "objective_cosine_similarity": -0.3152029925359247, "is_tight": 0.0, "dual_solution_value": 0.0, "scaled_age": 0.34375}, "27": {"bias": -0.5, "objective_cosine_similarity": -0.12640709507997638, "is_tight": 0.0, "dual_solution_value": 0.0, "scaled_age": 0.34375}, "28": {"bias": -0.7071067811865475, "objective_cosine_similarity": -0.12730350799072018, "is_tight": 0.0, "dual_solution_value": 0.0, "scaled_age": 0.34375}, "29": {"bias": -0.7071067811865475, "objective_cosine_similarity": -0.27627569819262676, "is_tight": 1.0, "dual_solution_value": -0.05280736669940049, "scaled_age": 0.0}, "30": {"bias": -0.3779644730092272, "objective_cosine_similarity": -0.4401311177959178, "is_tight": 0.0, "dual_solution_value": 0.0, "scaled_age": 0.34375}, "31": {"bias": -0.5773502691896258, "objective_cosine_similarity": -0.13048148642249321, "is_tight": 0.0, "dual_solution_value": 0.0, "scaled_age": 0.34375}, "32": {"bias": -0.5773502691896258, "objective_cosine_similarity": -0.3582712000075237, "is_tight": 1.0, "dual_solution_value": -0.022295311076877853, "scaled_age": 0.0}, "33": {"bias": -0.4472135954999579, "objective_cosine_similarity": -0.23297612491785738, "is_tight": 0.0, "dual_solution_value": 0.0, "scaled_age": 0.34375}, "34": {"bias": -0.4082482904638631, "objective_cosine_similarity": -0.5082357924967754, "is_tight": 1.0, "dual_solution_value": -0.03885501787939391, "scaled_age": 0.0}, "35": {"bias": -0.4082482904638631, "objective_cosine_similarity": -0.3002500681827104, "is_tight": 0.0, "dual_solution_value": 0.0, "scaled_age": 0.34375}, "36": {"bias": -0.5, "objective_cosine_similarity": -0.32367877376539406, "is_tight": 1.0, "dual_solution_value": -0.00504616751545606, "scaled_age": 0.0}, "37": {"bias": -0.5, "objective_cosine_similarity": -0.15705123934178883, "is_tight": 0.0, "dual_solution_value": 0.0, "scaled_age": 0.34375}, "38": {"bias": -0.5, "objective_cosine_similarity": -0.12640709507997638, "is_tight": 0.0, "dual_solution_value": 0.0, "scaled_age": 0.34375}, "39": {"bias": -0.7071067811865475, "objective_cosine_similarity": -0.06500604663355923, "is_tight": 0.0, "dual_solution_value": 0.0, "scaled_age": 0.34375}, "40": {"bias": -0.4472135954999579, "objective_cosine_similarity": -0.4008559796380782, "is_tight": 1.0, "dual_solution_value": -0.0005454185029338776, "scaled_age": 0.0}, "41": {"bias": -0.4472135954999579, "objective_cosine_similarity": -0.28094179769506333, "is_tight": 0.0, "dual_solution_value": 0.0, "scaled_age": 0.328125}, "42": {"bias": -0.5, "objective_cosine_similarity": -0.35049239999447995, "is_tight": 1.0, "dual_solution_value": -0.021736017749540884, "scaled_age": 0.0}, "43": {"bias": -0.4082482904638631, "objective_cosine_similarity": -0.42066285594348485, "is_tight": 0.0, "dual_solution_value": 0.0, "scaled_age": 0.34375}, "44": {"bias": -0.5773502691896258, "objective_cosine_similarity": -0.20346265679439618, "is_tight": 0.0, "dual_solution_value": 0.0, "scaled_age": 0.25}, "45": {"bias": -0.5773502691896258, "objective_cosine_similarity": -0.258751422227656, "is_tight": 1.0, "dual_solution_value": -4.65585526180636e-05, "scaled_age": 0.0}, "46": {"bias": -0.5773502691896258, "objective_cosine_similarity": -0.24105901728901288, "is_tight": 0.0, "dual_solution_value": 0.0, "scaled_age": 0.34375}, "47": {"bias": -0.4472135954999579, "objective_cosine_similarity": -0.2158455274974267, "is_tight": 0.0, "dual_solution_value": 0.0, "scaled_age": 0.34375}, "48": {"bias": -0.5773502691896258, "objective_cosine_similarity": -0.20788575802905698, "is_tight": 1.0, "dual_solution_value": -2.1873115672469127e-05, "scaled_age": 0.0}, "49": {"bias": -0.4472135954999579, "objective_cosine_similarity": -0.30149851459958016, "is_tight": 0.0, "dual_solution_value": 0.0, "scaled_age": 0.15625},