{"0": {"bias": -0.7977240352174656, "objective_cosine_similarity": -0.9004494866777293, "is_tight": 0.0, "dual_solution_value": -0.0, "scaled_age": 0.08108108108108109}, "1": {"bias": -0.8006407690254357, "objective_cosine_similarity": -0.8148341539477046, "is_tight": 1.0, "dual_solution_value": -1.6269130868314882e-05, "scaled_age": 0.0}, "2": {"bias": -0.7875615306482168, "objective_cosine_similarity": -0.9250423535762179, "is_tight": 1.0, "dual_solution_value": -4.3166882852980636e-06, "scaled_age": 0.0}, "3": {"bias": -0.8017837257372732, "objective_cosine_similarity": -0.6917773000131435, "is_tight": 1.0, "dual_solution_value": -0.002513501439237374, "scaled_age": 0.0}, "4": {"bias": -0.811365731835691, "objective_cosine_similarity": -0.9343702653078152, "is_tight": 0.0, "dual_solution_value": -0.0, "scaled_age": 0.07207207207207207}, "5": {"bias": -0.8043996665398437, "objective_cosine_similarity": -0.9481684855227939, "is_tight": 1.0, "dual_solution_value": -0.0008131329581606702, "scaled_age": 0.0}, "6": {"bias": -0.7986208584745025, "objective_cosine_similarity": -0.9421972238514096, "is_tight": 0.0, "dual_solution_value": -0.0, "scaled_age": 0.009009009009009009}, "7": {"bias": -0.35355339059327373, "objective_cosine_similarity": -0.3513213105430923, "is_tight": 0.0, "dual_solution_value": 0.0, "scaled_age": 0.1891891891891892}, "8": {"bias": -0.35355339059327373, "objective_cosine_similarity": -0.42781869267747524, "is_tight": 0.0, "dual_solution_value": 0.0, "scaled_age": 0.1891891891891892}, "9": {"bias": -0.4472135954999579, "objective_cosine_similarity": -0.3583792038295156, "is_tight": 0.0, "dual_solution_value": 0.0, "scaled_age": 0.1891891891891892}, "10": {"bias": -0.4472135954999579, "objective_cosine_similarity": -0.30462232325508826, "is_tight": 0.0, "dual_solution_value": 0.0, "scaled_age": 0.1891891891891892}, "11": {"bias": -0.4472135954999579, "objective_cosine_similarity": -0.37988195605928654, "is_tight": 1.0, "dual_solution_value": -0.02259605878767519, "scaled_age": 0.0}, "12": {"bias": -0.35355339059327373, "objective_cosine_similarity": -0.40515280167469514, "is_tight": 0.0, "dual_solution_value": 0.0, "scaled_age": 0.1891891891891892}, "13": {"bias": -0.35355339059327373, "objective_cosine_similarity": -0.45331782005560295, "is_tight": 0.0, "dual_solution_value": 0.0, "scaled_age": 0.1891891891891892}, "14": {"bias": -0.35355339059327373, "objective_cosine_similarity": -0.37682043792121994, "is_tight": 0.0, "dual_solution_value": 0.0, "scaled_age": 0.1891891891891892}, "15": {"bias": -0.30151134457776363, "objective_cosine_similarity": -0.5774699117363941, "is_tight": 0.0, "dual_solution_value": 0.0, "scaled_age": 0.1891891891891892}, "16": {"bias": -0.4472135954999579, "objective_cosine_similarity": -0.3153736993699737, "is_tight": 0.0, "dual_solution_value": 0.0, "scaled_age": 0.1891891891891892}, "17": {"bias": -0.4082482904638631, "objective_cosine_similarity": -0.399127827292274, "is_tight": 0.0, "dual_solution_value": 0.0, "scaled_age": 0.05405405405405406}, "18": {"bias": -0.4472135954999579, "objective_cosine_similarity": -0.2867033630636125, "is_tight": 0.0, "dual_solution_value": 0.0, "scaled_age": 0.09009009009009009}, "19": {"bias": -0.35355339059327373, "objective_cosine_similarity": -0.5779802205708937, "is_tight": 1.0, "dual_solution_value": -3.611926888582336e-05, "scaled_age": 0.0}, "20": {"bias": -0.4472135954999579, "objective_cosine_similarity": -0.3117899073316786, "is_tight": 0.0, "dual_solution_value": 0.0, "scaled_age": 0.1891891891891892}, "21": {"bias": -0.4472135954999579, "objective_cosine_similarity": -0.2795357789870222, "is_tight": 0.0, "dual_solution_value": 0.0, "scaled_age": 0.036036036036036036}, "22": {"bias": -0.4472135954999579, "objective_cosine_similarity": -0.2042761461828239, "is_tight": 0.0, "dual_solution_value": 0.0, "scaled_age": 0.1891891891891892}, "23": {"bias": -0.35355339059327373, "objective_cosine_similarity": -0.38815338342261, "is_tight": 0.0, "dual_solution_value": 0.0, "scaled_age": 0.1891891891891892}, "24": {"bias": -0.3333333333333333, "objective_cosine_similarity": -0.30184569849270215, "is_tight": 0.0, "dual_solution_value": 0.0, "scaled_age": 0.1891891891891892}, "25": {"bias": -0.3779644730092272, "objective_cosine_similarity": -0.3028857089227334, "is_tight": 0.0, "dual_solution_value": 0.0, "scaled_age": 0.1891891891891892}, "26": {"bias": -0.4082482904638631, "objective_cosine_similarity": -0.3042531798211597, "is_tight": 0.0, "dual_solution_value": 0.0, "scaled_age": 0.1891891891891892}, "27": {"bias": -0.4472135954999579, "objective_cosine_similarity": -0.19352477006793842, "is_tight": 0.0, "dual_solution_value": 0.0, "scaled_age": 0.02702702702702703}, "28": {"bias": -0.4472135954999579, "objective_cosine_similarity": -0.2616168187955464, "is_tight": 0.0, "dual_solution_value": 0.0, "scaled_age": 0.06306306306306306}, "29": {"bias": -0.5773502691896258, "objective_cosine_similarity": -0.12029304629842826, "is_tight": 0.0, "dual_solution_value": 0.0, "scaled_age": 0.13513513513513514}, "30": {"bias": -0.4082482904638631, "objective_cosine_similarity": -0.320610877661007, "is_tight": 0.0, "dual_solution_value": 0.0, "scaled_age": 0.17117117117117117}, "31": {"bias": -0.35355339059327373, "objective_cosine_similarity": -0.5241487294392909, "is_tight": 0.0, "dual_solution_value": 0.0, "scaled_age": 0.1891891891891892}, "32": {"bias": -0.3779644730092272, "objective_cosine_similarity": -0.5179345622578742, "is_tight": 0.0, "dual_solution_value": 0.0, "scaled_age": 0.1891891891891892}, "33": {"bias": -0.4082482904638631, "objective_cosine_similarity": -0.42530014383602965, "is_tight": 0.0, "dual_solution_value": 0.0, "scaled_age": 0.1891891891891892}, "34": {"bias": -0.5, "objective_cosine_similarity": -0.24441487975294024, "is_tight": 1.0, "dual_solution_value": -0.0008404782551304498, "scaled_age": 0.0}, "35": {"bias": -0.5773502691896258, "objective_cosine_similarity": -0.19431953632823026, "is_tight": 0.0, "dual_solution_value": 0.0, "scaled_age": 0.1891891891891892}, "36": {"bias": -0.4082482904638631, "objective_cosine_similarity": -0.35332627334070155, "is_tight": 0.0, "dual_solution_value": 0.0, "scaled_age": 0.1891891891891892}, "37": {"bias": -0.3333333333333333, "objective_cosine_similarity": -0.37396812202635665, "is_tight": 0.0, "dual_solution_value": 0.0, "scaled_age": 0.1891891891891892}, "38": {"bias": -0.3779644730092272, "objective_cosine_similarity": -0.43009770667028147, "is_tight": 0.0, "dual_solution_value": 0.0, "scaled_age": 0.1891891891891892}, "39": {"bias": -0.3779644730092272, "objective_cosine_similarity": -0.42101113540259943, "is_tight": 0.0, "dual_solution_value": 0.0, "scaled_age": 0.1891891891891892}, "40": {"bias": -0.4082482904638631, "objective_cosine_similarity": -0.4612870790836937, "is_tight": 0.0, "dual_solution_value": 0.0, "scaled_age": 0.1891891891891892}, "41": {"bias": -0.3779644730092272, "objective_cosine_similarity": -0.5512519902393748, "is_tight": 0.0, "dual_solution_value": 0.0, "scaled_age": 0.10810810810810811}, "42": {"bias": -0.5, "objective_cosine_similarity": -0.208353667986113, "is_tight": 0.0, "dual_solution_value": 0.0, "scaled_age": 0.1891891891891892}, "43": {"bias": -0.4472135954999579, "objective_cosine_similarity": -0.17202201783816748, "is_tight": 0.0, "dual_solution_value": 0.0, "scaled_age": 0.1891891891891892}, "44": {"bias": -0.5, "objective_cosine_similarity": -0.2484216810603655, "is_tight": 0.0, "dual_solution_value": 0.0, "scaled_age": 0.13513513513513514}, "45": {"bias": -0.4472135954999579, "objective_cosine_similarity": -0.3117899073316786, "is_tight": 0.0, "dual_solution_value": 0.0, "scaled_age": 0.1891891891891892}, "46": {"bias": -0.4472135954999579, "objective_cosine_similarity": -0.33687645159974466, "is_tight": 0.0, "dual_solution_value": 0.0, "scaled_age": 0.1891891891891892}, "47": {"bias": -0.3779644730092272, "objective_cosine_similarity": -0.5300499906147834,