{"0": {"bias": -0.8728715609439696, "objective_cosine_similarity": -0.5931814921784787, "is_tight": 0.0, "dual_solution_value": -0.0, "scaled_age": 0.11290322580645161}, "1": {"bias": -1.2199885626608373, "objective_cosine_similarity": -0.7610983414487835, "is_tight": 1.0, "dual_solution_value": -8.758925249782593e-05, "scaled_age": 0.0}, "2": {"bias": -0.6030226891555273, "objective_cosine_similarity": -0.3613281563635799, "is_tight": 0.0, "dual_solution_value": -0.0, "scaled_age": 0.1935483870967742}, "3": {"bias": -1.0, "objective_cosine_similarity": -0.637558052402824, "is_tight": 0.0, "dual_solution_value": -0.0, "scaled_age": 0.016129032258064516}, "4": {"bias": -1.2199885626608373, "objective_cosine_similarity": -0.7755848398951001, "is_tight": 1.0, "dual_solution_value": -0.0007685792476840753, "scaled_age": 0.0}, "5": {"bias": -0.7559289460184544, "objective_cosine_similarity": -0.4584725809284924, "is_tight": 1.0, "dual_solution_value": -0.001050888290328759, "scaled_age": 0.0}, "6": {"bias": -0.7071067811865475, "objective_cosine_similarity": -0.4185278097717379, "is_tight": 0.0, "dual_solution_value": -0.0, "scaled_age": 0.12903225806451613}, "7": {"bias": -0.8017837257372732, "objective_cosine_similarity": -0.5644014548686842, "is_tight": 1.0, "dual_solution_value": -0.0004566993574929321, "scaled_age": 0.0}, "8": {"bias": -1.3335385720528332, "objective_cosine_similarity": -0.8303345887645994, "is_tight": 0.0, "dual_solution_value": -0.0, "scaled_age": 0.11290322580645161}, "9": {"bias": -0.8164965809277261, "objective_cosine_similarity": -0.49520698572122873, "is_tight": 1.0, "dual_solution_value": -0.0018115243397211903, "scaled_age": 0.0}, "10": {"bias": -1.3366792973585722, "objective_cosine_similarity": -0.8110351546933592, "is_tight": 1.0, "dual_solution_value": -5.780386690500205e-07, "scaled_age": 0.0}, "11": {"bias": -1.408164233315639, "objective_cosine_similarity": -0.8709954602931678, "is_tight": 0.0, "dual_solution_value": 0.0, "scaled_age": 0.16129032258064516}, "12": {"bias": -0.5, "objective_cosine_similarity": -0.19729590160316618, "is_tight": 0.0, "dual_solution_value": 0.0, "scaled_age": 0.04838709677419355}, "13": {"bias": -0.5, "objective_cosine_similarity": -0.34709464170927384, "is_tight": 1.0, "dual_solution_value": -0.00913288593036722, "scaled_age": 0.0}, "14": {"bias": -0.5, "objective_cosine_similarity": -0.2265249240628945, "is_tight": 0.0, "dual_solution_value": 0.0, "scaled_age": 0.3548387096774194}, "15": {"bias": -0.5773502691896258, "objective_cosine_similarity": -0.16031614786010076, "is_tight": 0.0, "dual_solution_value": 0.0, "scaled_age": 0.3548387096774194}, "16": {"bias": -0.4082482904638631, "objective_cosine_similarity": -0.19092317521782312, "is_tight": 0.0, "dual_solution_value": 0.0, "scaled_age": 0.06451612903225806}, "17": {"bias": -0.4082482904638631, "objective_cosine_similarity": -0.220754921345608, "is_tight": 0.0, "dual_solution_value": 0.0, "scaled_age": 0.3548387096774194}, "18": {"bias": -0.4472135954999579, "objective_cosine_similarity": -0.27777184482723766, "is_tight": 0.0, "dual_solution_value": 0.0, "scaled_age": 0.3548387096774194}, "19": {"bias": -0.4082482904638631, "objective_cosine_similarity": -0.220754921345608, "is_tight": 0.0, "dual_solution_value": 0.0, "scaled_age": 0.3548387096774194}, "20": {"bias": -0.5773502691896258, "objective_cosine_similarity": -0.5146992115508499, "is_tight": 1.0, "dual_solution_value": -0.09779070652919875, "scaled_age": 0.0}, "21": {"bias": -0.5773502691896258, "objective_cosine_similarity": -0.2151611458122405, "is_tight": 1.0, "dual_solution_value": -0.025886149576406864, "scaled_age": 0.0}, "22": {"bias": -0.5773502691896258, "objective_cosine_similarity": -0.3375076797054753, "is_tight": 0.0, "dual_solution_value": 0.0, "scaled_age": 0.22580645161290322}, "23": {"bias": -0.4472135954999579, "objective_cosine_similarity": -0.3823447746445507, "is_tight": 0.0, "dual_solution_value": 0.0, "scaled_age": 0.3548387096774194}, "24": {"bias": -0.5, "objective_cosine_similarity": -0.24844669090769075, "is_tight": 0.0, "dual_solution_value": 0.0, "scaled_age": 0.3548387096774194}, "25": {"bias": -0.5, "objective_cosine_similarity": -0.16441325133597182, "is_tight": 0.0, "dual_solution_value": 0.0, "scaled_age": 0.3548387096774194}, "26": {"bias": -0.7071067811865475, "objective_cosine_similarity": -0.22734843987600578, "is_tight": 1.0, "dual_solution_value": -0.08302868758467206, "scaled_age": 0.0}, "27": {"bias": -0.5, "objective_cosine_similarity": -0.12056971764637933, "is_tight": 0.0, "dual_solution_value": 0.0, "scaled_age": 0.3548387096774194}, "28": {"bias": -0.4472135954999579, "objective_cosine_similarity": -0.22221747586179014, "is_tight": 0.0, "dual_solution_value": 0.0, "scaled_age": 0.06451612903225806}, "29": {"bias": -0.5, "objective_cosine_similarity": -0.12422334545384538, "is_tight": 0.0, "dual_solution_value": 0.0, "scaled_age": 0.3548387096774194}, "30": {"bias": -0.3779644730092272, "objective_cosine_similarity": -0.3148546640111333, "is_tight": 0.0, "dual_solution_value": 0.0, "scaled_age": 0.3548387096774194}, "31": {"bias": -0.4472135954999579, "objective_cosine_similarity": -0.29737926916798385, "is_tight": 0.0, "dual_solution_value": 0.0, "scaled_age": 0.3548387096774194}, "32": {"bias": -0.4082482904638631, "objective_cosine_similarity": -0.37886317582286777, "is_tight": 0.0, "dual_solution_value": 0.0, "scaled_age": 0.3548387096774194}, "33": {"bias": -0.5, "objective_cosine_similarity": -0.32882650267194363, "is_tight": 1.0, "dual_solution_value": -0.0004064554922395347, "scaled_age": 0.0}, "34": {"bias": -0.5773502691896258, "objective_cosine_similarity": -0.2911003737459725, "is_tight": 0.0, "dual_solution_value": 0.0, "scaled_age": 0.3548387096774194}, "35": {"bias": -0.5, "objective_cosine_similarity": -0.29594385240474924, "is_tight": 0.0, "dual_solution_value": 0.0, "scaled_age": 0.03225806451612903}, "36": {"bias": -0.5, "objective_cosine_similarity": -0.19729590160316618, "is_tight": 0.0, "dual_solution_value": 0.0, "scaled_age": 0.3548387096774194}, "37": {"bias": -0.5773502691896258, "objective_cosine_similarity": -0.19828576182696675, "is_tight": 1.0, "dual_solution_value": -3.4781689045856815e-05, "scaled_age": 0.0}, "38": {"bias": -0.5, "objective_cosine_similarity": -0.3251728748644776, "is_tight": 1.0, "dual_solution_value": -0.0014247874011765228, "scaled_age": 0.0}, "39": {"bias": -0.5, "objective_cosine_similarity": -0.2265249240628945, "is_tight": 0.0, "dual_solution_value": 0.0, "scaled_age": 0.3548387096774194}, "40": {"bias": -0.4472135954999579, "objective_cosine_similarity": -0.24182490020253633, "is_tight": 0.0, "dual_solution_value": 0.0, "scaled_age": 0.3548387096774194}, "41": {"bias": -0.5773502691896258, "objective_cosine_similarity": -0.21094229981592205, "is_tight": 1.0, "dual_solution_value": -0.000536542089240822, "scaled_age": 0.0}, "42": {"bias": -0.3779644730092272, "objective_cosine_similarity": -0.2596170036583029, "is_tight": 0.0, "dual_solution_value": 0.0, "scaled_age": 0.3548387096774194}, "43": {"bias": -0.5, "objective_cosine_similarity": -0.3069047358271474, "is_tight": 1.0, "dual_solution_value": -0.00040992438486378194, "scaled_age": 0.0}, "44": {"bias": -0.5, "objective_cosine_similarity": -0.36170915293913797, "is_tight": 0.0, "dual_solution_value": 0.0, "scaled_age": 0.16129032258064516}, "45": {"bias": -0.4472135954999579, "objective_cosine_similarity": -0.20587795557783498, "is_tight": 0.0, "dual_solution_value": 0.0, "scaled_age": 0.3548387096774194}, "46": {"bias": -0.5773502691896258, "objective_cosine_similarity": -0.19828576182696675, "is_tight": 0.0, "dual_solution_value": 0.0, "scaled_age": 0.3548387096774194}, "47": {"bias": -0.5, "objective_cosine_similarity": -0.3799772919764682, "is_tight": 0.0, "dual_solution_value": 0.0, "scaled_age": 0.14516129032258066}, "48": {"bias": -0.5, "objective_cosine_similarity": -0.3178656192495455, "is_tight": 1.0,