{"0": {"bias": -0.7071067811865475, "objective_cosine_similarity": -0.6178662042920493, "is_tight": 1.0, "dual_solution_value": -0.0005214018730337262, "scaled_age": 0.0}, "1": {"bias": -0.7071067811865475, "objective_cosine_similarity": -0.4096350525693145, "is_tight": 0.0, "dual_solution_value": -0.0, "scaled_age": 0.10309278350515463}, "2": {"bias": -0.6030226891555273, "objective_cosine_similarity": -0.7365208374330979, "is_tight": 0.0, "dual_solution_value": -0.0, "scaled_age": 0.020618556701030927}, "3": {"bias": -0.7745966692414834, "objective_cosine_similarity": -0.6481694805069701, "is_tight": 1.0, "dual_solution_value": -0.007119011769055308, "scaled_age": 0.0}, "4": {"bias": -1.0766745030531413, "objective_cosine_similarity": -0.8708744395296242, "is_tight": 0.0, "dual_solution_value": -0.0, "scaled_age": 0.1134020618556701}, "5": {"bias": -1.0082328062081518, "objective_cosine_similarity": -0.777451844619187, "is_tight": 0.0, "dual_solution_value": -0.0, "scaled_age": 0.030927835051546393}, "6": {"bias": -0.9983813861789819, "objective_cosine_similarity": -0.7529283414420538, "is_tight": 0.0, "dual_solution_value": -0.0, "scaled_age": 0.010309278350515464}, "7": {"bias": -0.9649012813540153, "objective_cosine_similarity": -0.8426081166479626, "is_tight": 0.0, "dual_solution_value": -0.0, "scaled_age": 0.12371134020618557}, "8": {"bias": -0.9370425713316364, "objective_cosine_similarity": -0.8082276819364319, "is_tight": 1.0, "dual_solution_value": -0.0001713331038541627, "scaled_age": 0.0}, "9": {"bias": -1.0313320348308381, "objective_cosine_similarity": -0.8297446531175298, "is_tight": 1.0, "dual_solution_value": -0.008243366401776099, "scaled_age": 0.0}, "10": {"bias": -1.0383537320172995, "objective_cosine_similarity": -0.8266344919045985, "is_tight": 0.0, "dual_solution_value": 0.0, "scaled_age": 0.07216494845360824}, "11": {"bias": -0.9300281349385626, "objective_cosine_similarity": -0.8322103168186542, "is_tight": 0.0, "dual_solution_value": 0.0, "scaled_age": 0.07216494845360824}, "12": {"bias": -0.3333333333333333, "objective_cosine_similarity": -0.4441387760079876, "is_tight": 0.0, "dual_solution_value": 0.0, "scaled_age": 0.23711340206185566}, "13": {"bias": -0.4472135954999579, "objective_cosine_similarity": -0.7685920001666935, "is_tight": 1.0, "dual_solution_value": -0.09906240225630075, "scaled_age": 0.0}, "14": {"bias": -0.3779644730092272, "objective_cosine_similarity": -0.6240335654190566, "is_tight": 0.0, "dual_solution_value": 0.0, "scaled_age": 0.23711340206185566}, "15": {"bias": -0.5, "objective_cosine_similarity": -0.3862076313112936, "is_tight": 0.0, "dual_solution_value": 0.0, "scaled_age": 0.16494845360824742}, "16": {"bias": -0.5, "objective_cosine_similarity": -0.4682767529649435, "is_tight": 1.0, "dual_solution_value": -0.01395282982726281, "scaled_age": 0.0}, "17": {"bias": -0.3779644730092272, "objective_cosine_similarity": -0.3612825905057696, "is_tight": 0.0, "dual_solution_value": 0.0, "scaled_age": 0.12371134020618557}, "18": {"bias": -0.3779644730092272, "objective_cosine_similarity": -0.3977757814659484, "is_tight": 0.0, "dual_solution_value": 0.0, "scaled_age": 0.23711340206185566}, "19": {"bias": -0.3779644730092272, "objective_cosine_similarity": -0.350334633217716, "is_tight": 0.0, "dual_solution_value": 0.0, "scaled_age": 0.23711340206185566}, "20": {"bias": -0.5, "objective_cosine_similarity": -0.2993109142662525, "is_tight": 0.0, "dual_solution_value": 0.0, "scaled_age": 0.18556701030927836}, "21": {"bias": -0.5, "objective_cosine_similarity": -0.3765524405285112, "is_tight": 0.0, "dual_solution_value": 0.0, "scaled_age": 0.23711340206185566}, "22": {"bias": -0.4082482904638631, "objective_cosine_similarity": -0.18131889603397353, "is_tight": 0.0, "dual_solution_value": 0.0, "scaled_age": 0.23711340206185566}, "23": {"bias": -0.5773502691896258, "objective_cosine_similarity": -0.2954446308683786, "is_tight": 0.0, "dual_solution_value": 0.0, "scaled_age": 0.020618556701030927}, "24": {"bias": -0.5, "objective_cosine_similarity": -0.36206965435433774, "is_tight": 0.0, "dual_solution_value": 0.0, "scaled_age": 0.23711340206185566}, "25": {"bias": -0.3779644730092272, "objective_cosine_similarity": -0.3649319096017875, "is_tight": 0.0, "dual_solution_value": 0.0, "scaled_age": 0.23711340206185566}, "26": {"bias": -0.4082482904638631, "objective_cosine_similarity": -0.33898750128090704, "is_tight": 0.0, "dual_solution_value": 0.0, "scaled_age": 0.23711340206185566}, "27": {"bias": -0.5, "objective_cosine_similarity": -0.43931118061659646, "is_tight": 1.0, "dual_solution_value": -0.011984068187949776, "scaled_age": 0.0}, "28": {"bias": -0.4472135954999579, "objective_cosine_similarity": -0.24612215735675017, "is_tight": 0.0, "dual_solution_value": 0.0, "scaled_age": 0.23711340206185566}, "29": {"bias": -0.5773502691896258, "objective_cosine_similarity": -0.11148853995033155, "is_tight": 0.0, "dual_solution_value": 0.0, "scaled_age": 0.13402061855670103}, "30": {"bias": -0.3779644730092272, "objective_cosine_similarity": -0.38682782417789474, "is_tight": 0.0, "dual_solution_value": 0.0, "scaled_age": 0.23711340206185566}, "31": {"bias": -0.4082482904638631, "objective_cosine_similarity": -0.5005978216590139, "is_tight": 0.0, "dual_solution_value": 0.0, "scaled_age": 0.16494845360824742}, "32": {"bias": -0.5, "objective_cosine_similarity": -0.2220693880039938, "is_tight": 0.0, "dual_solution_value": 0.0, "scaled_age": 0.23711340206185566}, "33": {"bias": -0.4082482904638631, "objective_cosine_similarity": -0.45329724008493383, "is_tight": 0.0, "dual_solution_value": 0.0, "scaled_age": 0.23711340206185566}, "34": {"bias": -0.5, "objective_cosine_similarity": -0.20275900643842912, "is_tight": 0.0, "dual_solution_value": 0.0, "scaled_age": 0.23711340206185566}, "35": {"bias": -0.4472135954999579, "objective_cosine_similarity": -0.36270633715731604, "is_tight": 0.0, "dual_solution_value": 0.0, "scaled_age": 0.14432989690721648}, "36": {"bias": -0.4472135954999579, "objective_cosine_similarity": -0.32384494389046076, "is_tight": 0.0, "dual_solution_value": 0.0, "scaled_age": 0.23711340206185566}, "37": {"bias": -0.4082482904638631, "objective_cosine_similarity": -0.6030824150695206, "is_tight": 0.0, "dual_solution_value": 0.0, "scaled_age": 0.23711340206185566}, "38": {"bias": -0.4472135954999579, "objective_cosine_similarity": -0.4102035955945836, "is_tight": 0.0, "dual_solution_value": 0.0, "scaled_age": 0.13402061855670103}, "39": {"bias": -0.4472135954999579, "objective_cosine_similarity": -0.48792638212829414, "is_tight": 0.0, "dual_solution_value": 0.0, "scaled_age": 0.23711340206185566}, "40": {"bias": -0.4472135954999579, "objective_cosine_similarity": -0.2590759551123686, "is_tight": 0.0, "dual_solution_value": 0.0, "scaled_age": 0.010309278350515464}, "41": {"bias": -0.4472135954999579, "objective_cosine_similarity": -0.4015677304241713, "is_tight": 0.0, "dual_solution_value": 0.0, "scaled_age": 0.1958762886597938}, "42": {"bias": -0.35355339059327373, "objective_cosine_similarity": -0.4130486780073921, "is_tight": 0.0, "dual_solution_value": 0.0, "scaled_age": 0.23711340206185566}, "43": {"bias": -0.4472135954999579, "objective_cosine_similarity": -0.4015677304241713, "is_tight": 0.0, "dual_solution_value": 0.0, "scaled_age": 0.23711340206185566}, "44": {"bias": -0.3779644730092272, "objective_cosine_similarity": -0.4342689724261271, "is_tight": 0.0, "dual_solution_value": 0.0, "scaled_age": 0.23711340206185566}, "45": {"bias": -0.4472135954999579, "objective_cosine_similarity": -0.33679874164607915, "is_tight": 0.0, "dual_solution_value": 0.0, "scaled_age": 0.23711340206185566}, "46": {"bias": -0.35355339059327373, "objective_cosine_similarity": -0.37208517275046066, "is_tight": 0.0, "dual_solution_value": 0.0, "scaled_age": 0.23711340206185566}, "47": {"bias": -0.5, "objective_cosine_similarity": -0.15448305252451744, "is_tight": 1.0, "dual_solution_value": -4.352163673120851e-05,