{"0": {"bias": -0.8528028654224417, "objective_cosine_similarity": -0.8653686252106149, "is_tight": 0.0, "dual_solution_value": -0.0, "scaled_age": 0.1}, "1": {"bias": -0.6565321642986127, "objective_cosine_similarity": -0.9305431120384536, "is_tight": 0.0, "dual_solution_value": -0.0, "scaled_age": 0.18333333333333332}, "2": {"bias": -0.8232319499226776, "objective_cosine_similarity": -0.9532192656798845, "is_tight": 1.0, "dual_solution_value": -0.0009020144422296205, "scaled_age": 0.0}, "3": {"bias": -0.6324555320336759, "objective_cosine_similarity": -0.7026225830606465, "is_tight": 0.0, "dual_solution_value": -0.0, "scaled_age": 0.05}, "4": {"bias": -0.7378647873726218, "objective_cosine_similarity": -0.9574954808375477, "is_tight": 1.0, "dual_solution_value": -0.0001060762334468517, "scaled_age": 0.0}, "5": {"bias": -0.7745966692414834, "objective_cosine_similarity": -0.716173770716081, "is_tight": 1.0, "dual_solution_value": -8.218029894672316e-06, "scaled_age": 0.0}, "6": {"bias": -0.8742075249179598, "objective_cosine_similarity": -0.9179613701736358, "is_tight": 0.0, "dual_solution_value": -0.0, "scaled_age": 0.15}, "7": {"bias": -0.9016696346674322, "objective_cosine_similarity": -0.9336146280447641, "is_tight": 0.0, "dual_solution_value": -0.0, "scaled_age": 0.11666666666666667}, "8": {"bias": -0.845626276130704, "objective_cosine_similarity": -0.9444961437029481, "is_tight": 0.0, "dual_solution_value": -0.0, "scaled_age": 0.03333333333333333}, "9": {"bias": -0.5773502691896258, "objective_cosine_similarity": -0.565944467874799, "is_tight": 0.0, "dual_solution_value": -0.0, "scaled_age": 0.05}, "10": {"bias": -0.6964572001056112, "objective_cosine_similarity": -0.8911953217529053, "is_tight": 0.0, "dual_solution_value": -0.0, "scaled_age": 0.15}, "11": {"bias": -0.8760296393210847, "objective_cosine_similarity": -0.9314910812516947, "is_tight": 0.0, "dual_solution_value": 0.0, "scaled_age": 0.18333333333333332}, "12": {"bias": -0.4082482904638631, "objective_cosine_similarity": -0.16303758818896696, "is_tight": 0.0, "dual_solution_value": 0.0, "scaled_age": 0.2}, "13": {"bias": -0.35355339059327373, "objective_cosine_similarity": -0.5647787725735646, "is_tight": 0.0, "dual_solution_value": 0.0, "scaled_age": 0.2}, "14": {"bias": -0.5, "objective_cosine_similarity": -0.31222604905727713, "is_tight": 0.0, "dual_solution_value": 0.0, "scaled_age": 0.08333333333333333}, "15": {"bias": -0.5773502691896258, "objective_cosine_similarity": -0.21380124341936851, "is_tight": 0.0, "dual_solution_value": 0.0, "scaled_age": 0.16666666666666666}, "16": {"bias": -0.35355339059327373, "objective_cosine_similarity": -0.356837497216934, "is_tight": 0.0, "dual_solution_value": 0.0, "scaled_age": 0.2}, "17": {"bias": -0.30151134457776363, "objective_cosine_similarity": -0.4444269362856482, "is_tight": 0.0, "dual_solution_value": 0.0, "scaled_age": 0.2}, "18": {"bias": -0.4082482904638631, "objective_cosine_similarity": -0.3646113335862352, "is_tight": 1.0, "dual_solution_value": -6.973845890315685e-05, "scaled_age": 0.0}, "19": {"bias": -0.4472135954999579, "objective_cosine_similarity": -0.39941170425444406, "is_tight": 0.0, "dual_solution_value": 0.0, "scaled_age": 0.2}, "20": {"bias": -0.35355339059327373, "objective_cosine_similarity": -0.31832985363237276, "is_tight": 0.0, "dual_solution_value": 0.0, "scaled_age": 0.2}, "21": {"bias": -0.4472135954999579, "objective_cosine_similarity": -0.4481204486757177, "is_tight": 0.0, "dual_solution_value": 0.0, "scaled_age": 0.2}, "22": {"bias": -0.4082482904638631, "objective_cosine_similarity": -0.5572921196277416, "is_tight": 1.0, "dual_solution_value": -0.00010917206461460253, "scaled_age": 0.0}, "23": {"bias": -0.4472135954999579, "objective_cosine_similarity": -0.4221424516510384, "is_tight": 1.0, "dual_solution_value": -0.001084325881244201, "scaled_age": 0.0}, "24": {"bias": -0.3333333333333333, "objective_cosine_similarity": -0.3146464060267134, "is_tight": 0.0, "dual_solution_value": 0.0, "scaled_age": 0.2}, "25": {"bias": -0.5773502691896258, "objective_cosine_similarity": -0.17607161222771525, "is_tight": 0.0, "dual_solution_value": 0.0, "scaled_age": 0.016666666666666666}, "26": {"bias": -0.35355339059327373, "objective_cosine_similarity": -0.7701528716912244, "is_tight": 1.0, "dual_solution_value": -0.020866749065801347, "scaled_age": 0.0}, "27": {"bias": -0.3779644730092272, "objective_cosine_similarity": -0.5269299531535787, "is_tight": 0.0, "dual_solution_value": 0.0, "scaled_age": 0.11666666666666667}, "28": {"bias": -0.4082482904638631, "objective_cosine_similarity": -0.37053997315674314, "is_tight": 0.0, "dual_solution_value": 0.0, "scaled_age": 0.2}, "29": {"bias": -0.3779644730092272, "objective_cosine_similarity": -0.26346497657678936, "is_tight": 0.0, "dual_solution_value": 0.0, "scaled_age": 0.2}, "30": {"bias": -0.5773502691896258, "objective_cosine_similarity": -0.1676872497406812, "is_tight": 0.0, "dual_solution_value": 0.0, "scaled_age": 0.18333333333333332}, "31": {"bias": -0.3779644730092272, "objective_cosine_similarity": -0.22778742766534912, "is_tight": 0.0, "dual_solution_value": 0.0, "scaled_age": 0.2}, "32": {"bias": -0.3779644730092272, "objective_cosine_similarity": -0.4391082942946489, "is_tight": 0.0, "dual_solution_value": 0.0, "scaled_age": 0.2}, "33": {"bias": -0.4082482904638631, "objective_cosine_similarity": -0.5217202822046944, "is_tight": 0.0, "dual_solution_value": 0.0, "scaled_age": 0.08333333333333333}, "34": {"bias": -0.4082482904638631, "objective_cosine_similarity": -0.20157374539726827, "is_tight": 0.0, "dual_solution_value": 0.0, "scaled_age": 0.2}, "35": {"bias": -0.35355339059327373, "objective_cosine_similarity": -0.3850764358456122, "is_tight": 0.0, "dual_solution_value": 0.0, "scaled_age": 0.2}, "36": {"bias": -0.4082482904638631, "objective_cosine_similarity": -0.28753901916963265, "is_tight": 0.0, "dual_solution_value": 0.0, "scaled_age": 0.2}, "37": {"bias": -0.35355339059327373, "objective_cosine_similarity": -0.39277796456252445, "is_tight": 0.0, "dual_solution_value": 0.0, "scaled_age": 0.2}, "38": {"bias": -0.35355339059327373, "objective_cosine_similarity": -0.22847868526839657, "is_tight": 0.0, "dual_solution_value": 0.0, "scaled_age": 0.2}, "39": {"bias": -0.35355339059327373, "objective_cosine_similarity": -0.49546501412135435, "is_tight": 0.0, "dual_solution_value": 0.0, "scaled_age": 0.2}, "40": {"bias": -0.31622776601683794, "objective_cosine_similarity": -0.43626892412262364, "is_tight": 0.0, "dual_solution_value": 0.0, "scaled_age": 0.2}, "41": {"bias": -0.35355339059327373, "objective_cosine_similarity": -0.44155431310296867, "is_tight": 0.0, "dual_solution_value": 0.0, "scaled_age": 0.2}, "42": {"bias": -0.4082482904638631, "objective_cosine_similarity": -0.38832589186826677, "is_tight": 0.0, "dual_solution_value": 0.0, "scaled_age": 0.2}, "43": {"bias": -0.31622776601683794, "objective_cosine_similarity": -0.2893151812602662, "is_tight": 0.0, "dual_solution_value": 0.0, "scaled_age": 0.2}, "44": {"bias": -0.3779644730092272, "objective_cosine_similarity": -0.3732420501504516, "is_tight": 0.0, "dual_solution_value": 0.0, "scaled_age": 0.2}, "45": {"bias": -0.30151134457776363, "objective_cosine_similarity": -0.394073145474959, "is_tight": 0.0, "dual_solution_value": 0.0, "scaled_age": 0.2}, "46": {"bias": -0.4082482904638631, "objective_cosine_similarity": -0.2786460598138708, "is_tight": 0.0, "dual_solution_value": 0.0, "scaled_age": 0.2}, "47": {"bias": -0.3333333333333333, "objective_cosine_similarity": -0.3436906896599485, "is_tight": 1.0, "dual_solution_value": -1.5594100394234294e-05, "scaled_age": 0.0}, "48": {"bias": -0.4472135954999579, "objective_cosine_similarity": -0.3149832139242364, "is_tight": 1.0, "dual_solution_value": -6.086472205144407e-05, "scaled_age": 0.0}, "49": {"bias": -0.5773502691896258, "objective_cosine_similarity": -0.2976448682897091, "is_tight": 0.0, "dual_solution_value": 0.0,