{"0": {"bias": -1.3719886811400706, "objective_cosine_similarity": -0.5058753211728584, "is_tight": 1.0, "dual_solution_value": -0.001299981124452696, "scaled_age": 0.0}, "1": {"bias": -1.4209447453949955, "objective_cosine_similarity": -0.842666600513371, "is_tight": 0.0, "dual_solution_value": -0.0, "scaled_age": 0.07352941176470588}, "2": {"bias": -1.407052941362897, "objective_cosine_similarity": -0.7879581130658913, "is_tight": 0.0, "dual_solution_value": -0.0, "scaled_age": 0.19117647058823528}, "3": {"bias": -0.9486832980505138, "objective_cosine_similarity": -0.582115821221414, "is_tight": 1.0, "dual_solution_value": -0.000209787053390005, "scaled_age": 0.0}, "4": {"bias": -1.2719974560076321, "objective_cosine_similarity": -0.8333981784277122, "is_tight": 0.0, "dual_solution_value": -0.0, "scaled_age": 0.16176470588235295}, "5": {"bias": -1.4, "objective_cosine_similarity": -0.6853142937800311, "is_tight": 0.0, "dual_solution_value": -0.0, "scaled_age": 0.058823529411764705}, "6": {"bias": -0.9428090415820635, "objective_cosine_similarity": -0.6874178591740536, "is_tight": 0.0, "dual_solution_value": -0.0, "scaled_age": 0.058823529411764705}, "7": {"bias": -1.606033962331186, "objective_cosine_similarity": -0.8036616688432621, "is_tight": 0.0, "dual_solution_value": -0.0, "scaled_age": 0.19117647058823528}, "8": {"bias": -1.4002800840280096, "objective_cosine_similarity": -0.7717428520538986, "is_tight": 0.0, "dual_solution_value": -0.0, "scaled_age": 0.19117647058823528}, "9": {"bias": -0.8320502943378437, "objective_cosine_similarity": -0.5966661068586819, "is_tight": 1.0, "dual_solution_value": -0.0029543737176699575, "scaled_age": 0.0}, "10": {"bias": -0.7071067811865475, "objective_cosine_similarity": -0.38814278360207966, "is_tight": 1.0, "dual_solution_value": -4.505209899407148e-05, "scaled_age": 0.0}, "11": {"bias": -0.7559289460184544, "objective_cosine_similarity": -0.6789961465189344, "is_tight": 1.0, "dual_solution_value": -0.000342554599427353, "scaled_age": 0.0}, "12": {"bias": -1.545366589109795, "objective_cosine_similarity": -0.7446771792369559, "is_tight": 0.0, "dual_solution_value": -0.0, "scaled_age": 0.17647058823529413}, "13": {"bias": -0.9045340337332909, "objective_cosine_similarity": -0.6854232525254924, "is_tight": 1.0, "dual_solution_value": -6.871234042697954e-05, "scaled_age": 0.0}, "14": {"bias": -0.7071067811865475, "objective_cosine_similarity": -0.031365073422390276, "is_tight": 0.0, "dual_solution_value": 0.0, "scaled_age": 0.3382352941176471}, "15": {"bias": -0.7071067811865475, "objective_cosine_similarity": -0.1725079038231465, "is_tight": 1.0, "dual_solution_value": -0.01766049583506217, "scaled_age": 0.0}, "16": {"bias": -0.7071067811865475, "objective_cosine_similarity": -0.15682536711195139, "is_tight": 0.0, "dual_solution_value": 0.0, "scaled_age": 0.19117647058823528}, "17": {"bias": -0.4082482904638631, "objective_cosine_similarity": -0.22183076139872523, "is_tight": 0.0, "dual_solution_value": 0.0, "scaled_age": 0.3382352941176471}, "18": {"bias": -0.5773502691896258, "objective_cosine_similarity": -0.339325546531556, "is_tight": 0.0, "dual_solution_value": 0.0, "scaled_age": 0.3382352941176471}, "19": {"bias": -0.5773502691896258, "objective_cosine_similarity": -0.16005922006205472, "is_tight": 0.0, "dual_solution_value": 0.0, "scaled_age": 0.23529411764705882}, "20": {"bias": -0.5, "objective_cosine_similarity": -0.09425843846489101, "is_tight": 0.0, "dual_solution_value": 0.0, "scaled_age": 0.3382352941176471}, "21": {"bias": -0.7071067811865475, "objective_cosine_similarity": -0.09409522026717083, "is_tight": 0.0, "dual_solution_value": 0.0, "scaled_age": 0.3235294117647059}, "22": {"bias": -0.7071067811865475, "objective_cosine_similarity": -0.05488887848918299, "is_tight": 0.0, "dual_solution_value": 0.0, "scaled_age": 0.3382352941176471}, "23": {"bias": -0.4472135954999579, "objective_cosine_similarity": -0.37194401622437157, "is_tight": 0.0, "dual_solution_value": 0.0, "scaled_age": 0.3382352941176471}, "24": {"bias": -0.5, "objective_cosine_similarity": -0.2051507190118216, "is_tight": 0.0, "dual_solution_value": 0.0, "scaled_age": 0.3382352941176471}, "25": {"bias": -0.4082482904638631, "objective_cosine_similarity": -0.3169010877124646, "is_tight": 0.0, "dual_solution_value": 0.0, "scaled_age": 0.3382352941176471}, "26": {"bias": -0.4472135954999579, "objective_cosine_similarity": -0.5306401298134368, "is_tight": 1.0, "dual_solution_value": -0.016732141050977964, "scaled_age": 0.0}, "27": {"bias": -0.7071067811865475, "objective_cosine_similarity": -0.08625395191157326, "is_tight": 0.0, "dual_solution_value": 0.0, "scaled_age": 0.04411764705882353}, "28": {"bias": -0.7071067811865475, "objective_cosine_similarity": -0.11761902533396354, "is_tight": 0.0, "dual_solution_value": 0.0, "scaled_age": 0.07352941176470588}, "29": {"bias": -0.5, "objective_cosine_similarity": -0.1996061049844751, "is_tight": 0.0, "dual_solution_value": 0.0, "scaled_age": 0.3382352941176471}, "30": {"bias": -0.4472135954999579, "objective_cosine_similarity": -0.16861462068838176, "is_tight": 0.0, "dual_solution_value": 0.0, "scaled_age": 0.3382352941176471}, "31": {"bias": -0.5773502691896258, "objective_cosine_similarity": -0.2881065961116985, "is_tight": 0.0, "dual_solution_value": 0.0, "scaled_age": 0.29411764705882354}, "32": {"bias": -0.5773502691896258, "objective_cosine_similarity": -0.2240829080868766, "is_tight": 1.0, "dual_solution_value": -0.019539814615796392, "scaled_age": 0.0}, "33": {"bias": -0.7071067811865475, "objective_cosine_similarity": -0.039206341777987846, "is_tight": 0.0, "dual_solution_value": 0.0, "scaled_age": 0.11764705882352941}, "34": {"bias": -0.5773502691896258, "objective_cosine_similarity": -0.2176805392843944, "is_tight": 0.0, "dual_solution_value": 0.0, "scaled_age": 0.014705882352941176}, "35": {"bias": -0.4472135954999579, "objective_cosine_similarity": -0.34218849492642184, "is_tight": 1.0, "dual_solution_value": -0.005232605412342744, "scaled_age": 0.0}, "36": {"bias": -0.5773502691896258, "objective_cosine_similarity": -0.2753018585067341, "is_tight": 0.0, "dual_solution_value": 0.0, "scaled_age": 0.3382352941176471}, "37": {"bias": -0.4082482904638631, "objective_cosine_similarity": -0.1765591774398017, "is_tight": 0.0, "dual_solution_value": 0.0, "scaled_age": 0.3382352941176471}, "38": {"bias": -0.5, "objective_cosine_similarity": -0.3271322276134453, "is_tight": 0.0, "dual_solution_value": 0.0, "scaled_age": 0.3382352941176471}, "39": {"bias": -0.5, "objective_cosine_similarity": -0.14415996471100978, "is_tight": 0.0, "dual_solution_value": 0.0, "scaled_age": 0.3382352941176471}, "40": {"bias": -0.4082482904638631, "objective_cosine_similarity": -0.42555288921388107, "is_tight": 0.0, "dual_solution_value": 0.0, "scaled_age": 0.14705882352941177}, "41": {"bias": -0.5, "objective_cosine_similarity": -0.43247989413302934, "is_tight": 0.0, "dual_solution_value": 0.0, "scaled_age": 0.058823529411764705}, "42": {"bias": -0.5773502691896258, "objective_cosine_similarity": -0.2176805392843944, "is_tight": 0.0, "dual_solution_value": 0.0, "scaled_age": 0.3382352941176471}, "43": {"bias": -0.7071067811865475, "objective_cosine_similarity": -0.1725079038231465, "is_tight": 0.0, "dual_solution_value": 0.0, "scaled_age": 0.3382352941176471}, "44": {"bias": -0.4472135954999579, "objective_cosine_similarity": -0.26284043813188923, "is_tight": 0.0, "dual_solution_value": 0.0, "scaled_age": 0.3382352941176471}, "45": {"bias": -0.7071067811865475, "objective_cosine_similarity": -0.09409522026717083, "is_tight": 0.0, "dual_solution_value": 0.0, "scaled_age": 0.014705882352941176}, "46": {"bias": -0.7071067811865475, "objective_cosine_similarity": -0.23523805066792708, "is_tight": 1.0, "dual_solution_value": -0.042003061915793324, "scaled_age": 0.0}, "47": {"bias": -0.5, "objective_cosine_similarity": -0.18297226290243548, "is_tight": 0.0, "dual_solution_value": 0.0,