{"0": {"bias": -1.0, "objective_cosine_similarity": -0.9065727570182814, "is_tight": 0.0, "dual_solution_value": -0.0, "scaled_age": 0.0958904109589041}, "1": {"bias": -0.7559289460184544, "objective_cosine_similarity": -0.6209389643486593, "is_tight": 0.0, "dual_solution_value": -0.0, "scaled_age": 0.0547945205479452}, "2": {"bias": -1.3233863197688538, "objective_cosine_similarity": -0.8612050160982299, "is_tight": 0.0, "dual_solution_value": -0.0, "scaled_age": 0.0410958904109589}, "3": {"bias": -1.3053365772016565, "objective_cosine_similarity": -0.8005988685472517, "is_tight": 1.0, "dual_solution_value": -1.2871784629744885e-07, "scaled_age": 0.0}, "4": {"bias": -1.3230139997345733, "objective_cosine_similarity": -0.8515563373868945, "is_tight": 1.0, "dual_solution_value": -5.583599356251147e-09, "scaled_age": 0.0}, "5": {"bias": -1.26326697982658, "objective_cosine_similarity": -0.7028160286393824, "is_tight": 0.0, "dual_solution_value": -0.0, "scaled_age": 0.0136986301369863}, "6": {"bias": -1.3241124416573986, "objective_cosine_similarity": -0.9511089539361481, "is_tight": 1.0, "dual_solution_value": -0.0002153968007198405, "scaled_age": 0.0}, "7": {"bias": -1.3257148008827144, "objective_cosine_similarity": -0.9356020074920057, "is_tight": 0.0, "dual_solution_value": 0.0, "scaled_age": 0.0958904109589041}, "8": {"bias": -1.446743194492821, "objective_cosine_similarity": -0.9028723042633778, "is_tight": 1.0, "dual_solution_value": -0.0006323660834697655, "scaled_age": 0.0}, "9": {"bias": -0.5773502691896258, "objective_cosine_similarity": -0.05012398032381818, "is_tight": 0.0, "dual_solution_value": 0.0, "scaled_age": 0.1780821917808219}, "10": {"bias": -0.4082482904638631, "objective_cosine_similarity": -0.15540395108160587, "is_tight": 0.0, "dual_solution_value": 0.0, "scaled_age": 0.3150684931506849}, "11": {"bias": -0.5773502691896258, "objective_cosine_similarity": -0.08096950667693706, "is_tight": 0.0, "dual_solution_value": 0.0, "scaled_age": 0.3150684931506849}, "12": {"bias": -0.4472135954999579, "objective_cosine_similarity": -0.35241941911836266, "is_tight": 1.0, "dual_solution_value": -0.0016609268672775242, "scaled_age": 0.0}, "13": {"bias": -0.4472135954999579, "objective_cosine_similarity": -0.10453118363680249, "is_tight": 0.0, "dual_solution_value": 0.0, "scaled_age": 0.3150684931506849}, "14": {"bias": -0.5773502691896258, "objective_cosine_similarity": -0.06940243429451748, "is_tight": 0.0, "dual_solution_value": 0.0, "scaled_age": 0.0410958904109589}, "15": {"bias": -0.5773502691896258, "objective_cosine_similarity": -0.18121746732457342, "is_tight": 1.0, "dual_solution_value": -0.0035809472959183668, "scaled_age": 0.0}, "16": {"bias": -0.5, "objective_cosine_similarity": -0.2671300941490332, "is_tight": 0.0, "dual_solution_value": 0.0, "scaled_age": 0.2465753424657534}, "17": {"bias": -0.5773502691896258, "objective_cosine_similarity": -0.40099184259054543, "is_tight": 0.0, "dual_solution_value": 0.0, "scaled_age": 0.0273972602739726}, "18": {"bias": -0.4472135954999579, "objective_cosine_similarity": -0.250874840728326, "is_tight": 0.0, "dual_solution_value": 0.0, "scaled_age": 0.3150684931506849}, "19": {"bias": -0.4082482904638631, "objective_cosine_similarity": -0.35443006387032916, "is_tight": 0.0, "dual_solution_value": 0.0, "scaled_age": 0.3150684931506849}, "20": {"bias": -0.7071067811865475, "objective_cosine_similarity": -0.018888950103178224, "is_tight": 0.0, "dual_solution_value": 0.0, "scaled_age": 0.0273972602739726}, "21": {"bias": -0.4082482904638631, "objective_cosine_similarity": -0.2671857404560943, "is_tight": 0.0, "dual_solution_value": 0.0, "scaled_age": 0.3150684931506849}, "22": {"bias": -0.4472135954999579, "objective_cosine_similarity": -0.4151381293004442, "is_tight": 1.0, "dual_solution_value": -0.01489248188340929, "scaled_age": 0.0}, "23": {"bias": -0.4082482904638631, "objective_cosine_similarity": -0.47711739367159695, "is_tight": 1.0, "dual_solution_value": -0.007876438952548425, "scaled_age": 0.0}, "24": {"bias": -0.5, "objective_cosine_similarity": -0.21370407531922656, "is_tight": 0.0, "dual_solution_value": 0.0, "scaled_age": 0.3150684931506849}, "25": {"bias": -0.4472135954999579, "objective_cosine_similarity": -0.501749681456652, "is_tight": 0.0, "dual_solution_value": 0.0, "scaled_age": 0.0684931506849315}, "26": {"bias": -0.7071067811865475, "objective_cosine_similarity": -0.17000055092860403, "is_tight": 1.0, "dual_solution_value": -0.05627696497253316, "scaled_age": 0.0}, "27": {"bias": -0.3779644730092272, "objective_cosine_similarity": -0.29784877151683653, "is_tight": 0.0, "dual_solution_value": 0.0, "scaled_age": 0.3150684931506849}, "28": {"bias": -0.4472135954999579, "objective_cosine_similarity": -0.21503557776713655, "is_tight": 0.0, "dual_solution_value": 0.0, "scaled_age": 0.3150684931506849}, "29": {"bias": -0.4082482904638631, "objective_cosine_similarity": -0.23719550428245104, "is_tight": 0.0, "dual_solution_value": 0.0, "scaled_age": 0.3150684931506849}, "30": {"bias": -0.5773502691896258, "objective_cosine_similarity": -0.1349491777948951, "is_tight": 1.0, "dual_solution_value": -5.290391067514861e-05, "scaled_age": 0.0}, "31": {"bias": -0.5773502691896258, "objective_cosine_similarity": -0.192784539706993, "is_tight": 0.0, "dual_solution_value": 0.0, "scaled_age": 0.0547945205479452}, "32": {"bias": -0.4472135954999579, "objective_cosine_similarity": -0.16127668332535242, "is_tight": 0.0, "dual_solution_value": 0.0, "scaled_age": 0.3150684931506849}, "33": {"bias": -0.4082482904638631, "objective_cosine_similarity": -0.43894800217786917, "is_tight": 0.0, "dual_solution_value": 0.0, "scaled_age": 0.2054794520547945}, "34": {"bias": -0.4472135954999579, "objective_cosine_similarity": -0.15829007807858664, "is_tight": 0.0, "dual_solution_value": 0.0, "scaled_age": 0.0410958904109589}, "35": {"bias": -0.3779644730092272, "objective_cosine_similarity": -0.2372693603608698, "is_tight": 0.0, "dual_solution_value": 0.0, "scaled_age": 0.3150684931506849}, "36": {"bias": -0.5, "objective_cosine_similarity": -0.05008689265294373, "is_tight": 0.0, "dual_solution_value": 0.0, "scaled_age": 0.3150684931506849}, "37": {"bias": -0.4082482904638631, "objective_cosine_similarity": -0.32443982769668595, "is_tight": 0.0, "dual_solution_value": 0.0, "scaled_age": 0.3150684931506849}, "38": {"bias": -0.4082482904638631, "objective_cosine_similarity": -0.29172320641634786, "is_tight": 0.0, "dual_solution_value": 0.0, "scaled_age": 0.3150684931506849}, "39": {"bias": -0.4082482904638631, "objective_cosine_similarity": -0.16903587661508007, "is_tight": 0.0, "dual_solution_value": 0.0, "scaled_age": 0.3150684931506849}, "40": {"bias": -0.4472135954999579, "objective_cosine_similarity": -0.37631226109248894, "is_tight": 0.0, "dual_solution_value": 0.0, "scaled_age": 0.136986301369863}, "41": {"bias": -0.5, "objective_cosine_similarity": -0.25043446326471863, "is_tight": 1.0, "dual_solution_value": -0.00042570586365211534, "scaled_age": 0.0}, "42": {"bias": -0.4472135954999579, "objective_cosine_similarity": -0.3733256558457232, "is_tight": 0.0, "dual_solution_value": 0.0, "scaled_age": 0.273972602739726}, "43": {"bias": -0.4472135954999579, "objective_cosine_similarity": -0.41812473454720994, "is_tight": 1.0, "dual_solution_value": -0.04398707256981956, "scaled_age": 0.0}, "44": {"bias": -0.4082482904638631, "objective_cosine_similarity": -0.25900658513600977, "is_tight": 0.0, "dual_solution_value": 0.0, "scaled_age": 0.0821917808219178}, "45": {"bias": -0.5, "objective_cosine_similarity": -0.19033019208118615, "is_tight": 0.0, "dual_solution_value": 0.0, "scaled_age": 0.3150684931506849}, "46": {"bias": -0.4472135954999579, "objective_cosine_similarity": -0.48980326046958883, "is_tight": 1.0, "dual_solution_value": -0.0020160171762861052, "scaled_age": 0.0}, "47": {"bias": -0.4082482904638631, "objective_cosine_similarity": -0.35443006387032916, "is_tight": 0.0,