{"0": {"bias": -0.4879500364742666, "objective_cosine_similarity": -0.5614866189008073, "is_tight": 1.0, "dual_solution_value": -6.374619072911452e-06, "scaled_age": 0.0}, "1": {"bias": -0.4975185951049946, "objective_cosine_similarity": -0.6687183487577699, "is_tight": 0.0, "dual_solution_value": -0.0, "scaled_age": 0.1111111111111111}, "2": {"bias": -0.5345224838248488, "objective_cosine_similarity": -0.4153571112134565, "is_tight": 0.0, "dual_solution_value": -0.0, "scaled_age": 0.012345679012345678}, "3": {"bias": -0.8484058519412337, "objective_cosine_similarity": -0.2354214003135512, "is_tight": 0.0, "dual_solution_value": -0.0, "scaled_age": 0.13580246913580246}, "4": {"bias": -0.827206542545928, "objective_cosine_similarity": -0.2316406200615926, "is_tight": 1.0, "dual_solution_value": -0.00020942603473793169, "scaled_age": 0.0}, "5": {"bias": -0.48507125007266594, "objective_cosine_similarity": -0.271208806583921, "is_tight": 1.0, "dual_solution_value": -1.5804292168164676e-06, "scaled_age": 0.0}, "6": {"bias": -0.8408408629758297, "objective_cosine_similarity": -0.23111445401111572, "is_tight": 1.0, "dual_solution_value": -0.002417180269001691, "scaled_age": 0.0}, "7": {"bias": -0.8091435392386822, "objective_cosine_similarity": -0.22478352504233753, "is_tight": 0.0, "dual_solution_value": -0.0, "scaled_age": 0.06172839506172839}, "8": {"bias": -0.8875519793797882, "objective_cosine_similarity": -0.22524020188369384, "is_tight": 1.0, "dual_solution_value": -1.2991300525620832e-09, "scaled_age": 0.0}, "9": {"bias": -0.40111576227892537, "objective_cosine_similarity": -0.8446567440893133, "is_tight": 1.0, "dual_solution_value": -1.7262906642404733e-07, "scaled_age": 0.0}, "10": {"bias": -0.22941573387056174, "objective_cosine_similarity": -0.3447628846749754, "is_tight": 0.0, "dual_solution_value": 0.0, "scaled_age": 0.32098765432098764}, "11": {"bias": -0.24253562503633297, "objective_cosine_similarity": -0.3599515880370905, "is_tight": 0.0, "dual_solution_value": 0.0, "scaled_age": 0.08641975308641975}, "12": {"bias": -0.2182178902359924, "objective_cosine_similarity": -0.40981680136555343, "is_tight": 0.0, "dual_solution_value": 0.0, "scaled_age": 0.32098765432098764}, "13": {"bias": -0.20851441405707477, "objective_cosine_similarity": -0.446868143905491, "is_tight": 0.0, "dual_solution_value": 0.0, "scaled_age": 0.024691358024691357}, "14": {"bias": -0.21320071635561041, "objective_cosine_similarity": -0.44855324368381805, "is_tight": 0.0, "dual_solution_value": 0.0, "scaled_age": 0.20987654320987653}, "15": {"bias": -0.22941573387056174, "objective_cosine_similarity": -0.3914450640905932, "is_tight": 0.0, "dual_solution_value": 0.0, "scaled_age": 0.32098765432098764}, "16": {"bias": -0.25, "objective_cosine_similarity": -0.4083659167885286, "is_tight": 1.0, "dual_solution_value": -0.0007929185723293825, "scaled_age": 0.0}, "17": {"bias": -0.25, "objective_cosine_similarity": -0.3089579850445782, "is_tight": 0.0, "dual_solution_value": 0.0, "scaled_age": 0.32098765432098764}, "18": {"bias": -0.2182178902359924, "objective_cosine_similarity": -0.4057430757058561, "is_tight": 0.0, "dual_solution_value": 0.0, "scaled_age": 0.06172839506172839}, "19": {"bias": -0.23570226039551587, "objective_cosine_similarity": -0.3352896478972527, "is_tight": 0.0, "dual_solution_value": 0.0, "scaled_age": 0.18518518518518517}, "20": {"bias": -0.20851441405707477, "objective_cosine_similarity": -0.5169345776188955, "is_tight": 1.0, "dual_solution_value": -0.002869603759222075, "scaled_age": 0.0}, "21": {"bias": -0.2581988897471611, "objective_cosine_similarity": -0.33644278480052575, "is_tight": 1.0, "dual_solution_value": -0.00016745327989339413, "scaled_age": 0.0}, "22": {"bias": -0.20851441405707477, "objective_cosine_similarity": -0.34371478316075654, "is_tight": 0.0, "dual_solution_value": 0.0, "scaled_age": 0.32098765432098764}, "23": {"bias": -0.25, "objective_cosine_similarity": -0.37196301220623695, "is_tight": 1.0, "dual_solution_value": -0.0003148206843327214, "scaled_age": 0.0}, "24": {"bias": -0.2182178902359924, "objective_cosine_similarity": -0.4485171951326783, "is_tight": 1.0, "dual_solution_value": -0.0005704263692466808, "scaled_age": 0.0}, "25": {"bias": -0.25, "objective_cosine_similarity": -0.3752299395405452, "is_tight": 0.0, "dual_solution_value": 0.0, "scaled_age": 0.024691358024691357}, "26": {"bias": -0.23570226039551587, "objective_cosine_similarity": -0.44265273725017873, "is_tight": 1.0, "dual_solution_value": -0.0013118229028704202, "scaled_age": 0.0}, "27": {"bias": -0.20851441405707477, "objective_cosine_similarity": -0.4071638314678951, "is_tight": 0.0, "dual_solution_value": 0.0, "scaled_age": 0.32098765432098764}, "28": {"bias": -0.2182178902359924, "objective_cosine_similarity": -0.35278464212979055, "is_tight": 0.0, "dual_solution_value": 0.0, "scaled_age": 0.32098765432098764}, "29": {"bias": -0.20412414523193154, "objective_cosine_similarity": -0.4466048311945062, "is_tight": 0.0, "dual_solution_value": 0.0, "scaled_age": 0.32098765432098764}, "30": {"bias": -0.24253562503633297, "objective_cosine_similarity": -0.3142218894311205, "is_tight": 0.0, "dual_solution_value": 0.0, "scaled_age": 0.32098765432098764}, "31": {"bias": -0.2182178902359924, "objective_cosine_similarity": -0.37152378016439835, "is_tight": 0.0, "dual_solution_value": 0.0, "scaled_age": 0.32098765432098764}, "32": {"bias": -0.2182178902359924, "objective_cosine_similarity": -0.442813979209102, "is_tight": 0.0, "dual_solution_value": 0.0, "scaled_age": 0.32098765432098764}, "33": {"bias": -0.2182178902359924, "objective_cosine_similarity": -0.4114462916294324, "is_tight": 0.0, "dual_solution_value": 0.0, "scaled_age": 0.32098765432098764}, "34": {"bias": -0.20851441405707477, "objective_cosine_similarity": -0.4188415704201292, "is_tight": 0.0, "dual_solution_value": 0.0, "scaled_age": 0.32098765432098764}, "35": {"bias": -0.2182178902359924, "objective_cosine_similarity": -0.3214169545501209, "is_tight": 0.0, "dual_solution_value": 0.0, "scaled_age": 0.32098765432098764}, "36": {"bias": -0.2773500981126146, "objective_cosine_similarity": -0.30030166724820484, "is_tight": 0.0, "dual_solution_value": 0.0, "scaled_age": 0.06172839506172839}, "37": {"bias": -0.2672612419124244, "objective_cosine_similarity": -0.31432430037775083, "is_tight": 0.0, "dual_solution_value": 0.0, "scaled_age": 0.07407407407407407}, "38": {"bias": -0.24253562503633297, "objective_cosine_similarity": -0.3305215839837434, "is_tight": 0.0, "dual_solution_value": 0.0, "scaled_age": 0.32098765432098764}, "39": {"bias": -0.21320071635561041, "objective_cosine_similarity": -0.37253401604973707, "is_tight": 0.0, "dual_solution_value": 0.0, "scaled_age": 0.32098765432098764}, "40": {"bias": -0.22360679774997896, "objective_cosine_similarity": -0.429120777244755, "is_tight": 0.0, "dual_solution_value": 0.0, "scaled_age": 0.32098765432098764}, "41": {"bias": -0.22941573387056174, "objective_cosine_similarity": -0.36189395968988103, "is_tight": 0.0, "dual_solution_value": 0.0, "scaled_age": 0.32098765432098764}, "42": {"bias": -0.2182178902359924, "objective_cosine_similarity": -0.3755975058240957, "is_tight": 0.0, "dual_solution_value": 0.0, "scaled_age": 0.32098765432098764}, "43": {"bias": -0.24253562503633297, "objective_cosine_similarity": -0.346368509243238, "is_tight": 0.0, "dual_solution_value": 0.0, "scaled_age": 0.2839506172839506}, "44": {"bias": -0.24253562503633297, "objective_cosine_similarity": -0.3359548155012844, "is_tight": 0.0, "dual_solution_value": 0.0, "scaled_age": 0.19753086419753085}, "45": {"bias": -0.1690308509457033, "objective_cosine_similarity": -0.5465316175065689, "is_tight": 0.0, "dual_solution_value": 0.0, "scaled_age": 0.32098765432098764}, "46": {"bias": -0.24253562503633297, "objective_cosine_similarity": -0.46680514121539657, "is_tight": 1.0, "dual_solution_value": -0.00404593060016562, "scaled_age": 0.0}, "47": {"bias": -0.20851441405707477,