{"0": {"bias": -1.1766968108291043, "objective_cosine_similarity": -0.7839018319562032, "is_tight": 1.0, "dual_solution_value": -0.0004337496472969237, "scaled_age": 0.0}, "1": {"bias": -1.3787216696764988, "objective_cosine_similarity": -0.7445591483432383, "is_tight": 1.0, "dual_solution_value": -4.55378055980609e-11, "scaled_age": 0.0}, "2": {"bias": -1.4093700532930526, "objective_cosine_similarity": -0.8451056913190194, "is_tight": 0.0, "dual_solution_value": -0.0, "scaled_age": 0.018867924528301886}, "3": {"bias": -0.7559289460184544, "objective_cosine_similarity": -0.41202911260745306, "is_tight": 1.0, "dual_solution_value": -0.00014727014730983416, "scaled_age": 0.0}, "4": {"bias": -0.7071067811865475, "objective_cosine_similarity": -0.40406719850396483, "is_tight": 1.0, "dual_solution_value": -0.000726507079413599, "scaled_age": 0.0}, "5": {"bias": -1.4696862759369203, "objective_cosine_similarity": -0.8674368625559915, "is_tight": 1.0, "dual_solution_value": -0.0005676723954181465, "scaled_age": 0.0}, "6": {"bias": -1.497420662421072, "objective_cosine_similarity": -0.8852474982931632, "is_tight": 1.0, "dual_solution_value": -0.0007943561230158073, "scaled_age": 0.0}, "7": {"bias": -1.4799989010848984, "objective_cosine_similarity": -0.890712968788015, "is_tight": 0.0, "dual_solution_value": 0.0, "scaled_age": 0.08490566037735849}, "8": {"bias": -1.53558293347315, "objective_cosine_similarity": -0.8524017074275347, "is_tight": 0.0, "dual_solution_value": 0.0, "scaled_age": 0.009433962264150943}, "9": {"bias": -1.4664654949198792, "objective_cosine_similarity": -0.8845334587945838, "is_tight": 1.0, "dual_solution_value": -8.65917276469091e-05, "scaled_age": 0.0}, "10": {"bias": -0.3779644730092272, "objective_cosine_similarity": -0.37437053779924495, "is_tight": 0.0, "dual_solution_value": 0.0, "scaled_age": 0.2169811320754717}, "11": {"bias": -0.4082482904638631, "objective_cosine_similarity": -0.2249138538229173, "is_tight": 0.0, "dual_solution_value": 0.0, "scaled_age": 0.2169811320754717}, "12": {"bias": -0.5, "objective_cosine_similarity": -0.45128895427743043, "is_tight": 1.0, "dual_solution_value": -0.03260094726191435, "scaled_age": 0.0}, "13": {"bias": -0.4082482904638631, "objective_cosine_similarity": -0.27755326641977024, "is_tight": 0.0, "dual_solution_value": 0.0, "scaled_age": 0.2169811320754717}, "14": {"bias": -0.5, "objective_cosine_similarity": -0.1787573130579432, "is_tight": 0.0, "dual_solution_value": 0.0, "scaled_age": 0.2169811320754717}, "15": {"bias": -0.3779644730092272, "objective_cosine_similarity": -0.15284950951566806, "is_tight": 0.0, "dual_solution_value": 0.0, "scaled_age": 0.2169811320754717}, "16": {"bias": -0.5773502691896258, "objective_cosine_similarity": -0.13535158401785932, "is_tight": 0.0, "dual_solution_value": 0.0, "scaled_age": 0.009433962264150943}, "17": {"bias": -0.5773502691896258, "objective_cosine_similarity": -0.20641116562723547, "is_tight": 1.0, "dual_solution_value": -0.005339912489297607, "scaled_age": 0.0}, "18": {"bias": -0.4082482904638631, "objective_cosine_similarity": -0.2177357521051646, "is_tight": 0.0, "dual_solution_value": 0.0, "scaled_age": 0.2169811320754717}, "19": {"bias": -0.7071067811865475, "objective_cosine_similarity": -0.12018408981143569, "is_tight": 0.0, "dual_solution_value": 0.0, "scaled_age": 0.2169811320754717}, "20": {"bias": -0.3333333333333333, "objective_cosine_similarity": -0.4024481583599596, "is_tight": 0.0, "dual_solution_value": 0.0, "scaled_age": 0.2169811320754717}, "21": {"bias": -0.5, "objective_cosine_similarity": -0.29890567101492144, "is_tight": 1.0, "dual_solution_value": -0.031208002997060013, "scaled_age": 0.0}, "22": {"bias": -0.4472135954999579, "objective_cosine_similarity": -0.4298558332428497, "is_tight": 1.0, "dual_solution_value": -0.03282637913745842, "scaled_age": 0.0}, "23": {"bias": -0.5773502691896258, "objective_cosine_similarity": -0.20302737602678897, "is_tight": 0.0, "dual_solution_value": 0.0, "scaled_age": 0.009433962264150943}, "24": {"bias": -0.5, "objective_cosine_similarity": -0.4249149244819962, "is_tight": 1.0, "dual_solution_value": -0.047853089702592284, "scaled_age": 0.0}, "25": {"bias": -0.5, "objective_cosine_similarity": -0.22271402938366697, "is_tight": 0.0, "dual_solution_value": 0.0, "scaled_age": 0.2169811320754717}, "26": {"bias": -0.4472135954999579, "objective_cosine_similarity": -0.23327542169886356, "is_tight": 0.0, "dual_solution_value": 0.0, "scaled_age": 0.2169811320754717}, "27": {"bias": -0.5773502691896258, "objective_cosine_similarity": -0.23348148243080732, "is_tight": 0.0, "dual_solution_value": 0.0, "scaled_age": 0.009433962264150943}, "28": {"bias": -0.4472135954999579, "objective_cosine_similarity": -0.23327542169886356, "is_tight": 0.0, "dual_solution_value": 0.0, "scaled_age": 0.2169811320754717}, "29": {"bias": -0.7071067811865475, "objective_cosine_similarity": -0.008288557918030048, "is_tight": 1.0, "dual_solution_value": -0.002161006995912881, "scaled_age": 0.0}, "30": {"bias": -0.4082482904638631, "objective_cosine_similarity": -0.33019267901662325, "is_tight": 0.0, "dual_solution_value": 0.0, "scaled_age": 0.04716981132075472}, "31": {"bias": -0.5, "objective_cosine_similarity": -0.19047910407813623, "is_tight": 0.0, "dual_solution_value": 0.0, "scaled_age": 0.05660377358490566}, "32": {"bias": -0.4472135954999579, "objective_cosine_similarity": -0.3276340192399769, "is_tight": 0.0, "dual_solution_value": 0.0, "scaled_age": 0.2169811320754717}, "33": {"bias": -0.5, "objective_cosine_similarity": -0.37509731264617596, "is_tight": 1.0, "dual_solution_value": -0.036268089694568476, "scaled_age": 0.0}, "34": {"bias": -0.4082482904638631, "objective_cosine_similarity": -0.33737078073437593, "is_tight": 0.0, "dual_solution_value": 0.0, "scaled_age": 0.2169811320754717}, "35": {"bias": -0.5, "objective_cosine_similarity": -0.3076970142800662, "is_tight": 0.0, "dual_solution_value": 0.0, "scaled_age": 0.2169811320754717}, "36": {"bias": -0.4472135954999579, "objective_cosine_similarity": -0.24638078246846262, "is_tight": 0.0, "dual_solution_value": 0.0, "scaled_age": 0.2169811320754717}, "37": {"bias": -0.5, "objective_cosine_similarity": -0.14945283550746072, "is_tight": 0.0, "dual_solution_value": 0.0, "scaled_age": 0.11320754716981132}, "38": {"bias": -0.7071067811865475, "objective_cosine_similarity": -0.09531841605734555, "is_tight": 1.0, "dual_solution_value": -0.00024001451081737276, "scaled_age": 0.0}, "39": {"bias": -0.35355339059327373, "objective_cosine_similarity": -0.2051418084712437, "is_tight": 0.0, "dual_solution_value": 0.0, "scaled_age": 0.2169811320754717}, "40": {"bias": -0.4472135954999579, "objective_cosine_similarity": -0.2883179369311797, "is_tight": 0.0, "dual_solution_value": 0.0, "scaled_age": 0.08490566037735849}, "41": {"bias": -0.3779644730092272, "objective_cosine_similarity": -0.25253397224327767, "is_tight": 0.0, "dual_solution_value": 0.0, "scaled_age": 0.2169811320754717}, "42": {"bias": -0.5, "objective_cosine_similarity": -0.20513134285337747, "is_tight": 0.0, "dual_solution_value": 0.0, "scaled_age": 0.04716981132075472}, "43": {"bias": -0.4472135954999579, "objective_cosine_similarity": -0.26734935969982115, "is_tight": 1.0, "dual_solution_value": -1.0707857063689796e-06, "scaled_age": 0.0}, "44": {"bias": -0.7071067811865475, "objective_cosine_similarity": -0.10775125293439063, "is_tight": 1.0, "dual_solution_value": -0.00658759086368162, "scaled_age": 0.0}, "45": {"bias": -0.7071067811865475, "objective_cosine_similarity": -0.058019905426210334, "is_tight": 0.0, "dual_solution_value": 0.0, "scaled_age": 0.0660377358490566}, "46": {"bias": -0.35355339059327373, "objective_cosine_similarity": -0.2818109692130216, "is_tight": 0.0, "dual_solution_value": 0.0, "scaled_age": 0.2169811320754717}, "47": {"bias": -0.5773502691896258, "objective_cosine_similarity": -0.2977734848392905, "is_tight": 1.0, "dual_solution_value": -0.008086209941418579,