{"0": {"bias": -0.8164965809277261, "objective_cosine_similarity": -0.82404629342764, "is_tight": 0.0, "dual_solution_value": -0.0, "scaled_age": 0.11382113821138211}, "1": {"bias": -0.8781140799175228, "objective_cosine_similarity": -0.8905296828302832, "is_tight": 0.0, "dual_solution_value": -0.0, "scaled_age": 0.04065040650406504}, "2": {"bias": -1.0758839083362866, "objective_cosine_similarity": -0.9593242415532423, "is_tight": 1.0, "dual_solution_value": -7.588500690809433e-09, "scaled_age": 0.0}, "3": {"bias": -1.0439234740853596, "objective_cosine_similarity": -0.9262459373573326, "is_tight": 0.0, "dual_solution_value": -0.0, "scaled_age": 0.0975609756097561}, "4": {"bias": -1.0113834226656275, "objective_cosine_similarity": -0.9292474741565472, "is_tight": 0.0, "dual_solution_value": -0.0, "scaled_age": 0.08943089430894309}, "5": {"bias": -1.0114227926269492, "objective_cosine_similarity": -0.954106855420226, "is_tight": 0.0, "dual_solution_value": -0.0, "scaled_age": 0.08943089430894309}, "6": {"bias": -0.9801960588196068, "objective_cosine_similarity": -0.8134867677448472, "is_tight": 1.0, "dual_solution_value": -1.6644454251130588e-06, "scaled_age": 0.0}, "7": {"bias": -0.8219949365267865, "objective_cosine_similarity": -0.8971581137617364, "is_tight": 0.0, "dual_solution_value": -0.0, "scaled_age": 0.0975609756097561}, "8": {"bias": -0.9504383556317606, "objective_cosine_similarity": -0.8684722203864703, "is_tight": 1.0, "dual_solution_value": -3.304256889960952e-08, "scaled_age": 0.0}, "9": {"bias": -0.9692980468143138, "objective_cosine_similarity": -0.8928856788830569, "is_tight": 0.0, "dual_solution_value": -0.0, "scaled_age": 0.10569105691056911}, "10": {"bias": -0.9668737267825713, "objective_cosine_similarity": -0.9613868404952028, "is_tight": 0.0, "dual_solution_value": -0.0, "scaled_age": 0.008130081300813009}, "11": {"bias": -0.6030226891555273, "objective_cosine_similarity": -0.45349862118259693, "is_tight": 0.0, "dual_solution_value": -0.0, "scaled_age": 0.016260162601626018}, "12": {"bias": -1.0232797512290381, "objective_cosine_similarity": -0.9231904433433344, "is_tight": 0.0, "dual_solution_value": -0.0, "scaled_age": 0.056910569105691054}, "13": {"bias": -1.1137997253450436, "objective_cosine_similarity": -0.9472647616599909, "is_tight": 1.0, "dual_solution_value": -3.1197620877549517e-07, "scaled_age": 0.0}, "14": {"bias": -1.0524696231684352, "objective_cosine_similarity": -0.9552945716716795, "is_tight": 1.0, "dual_solution_value": -0.0014744968723108445, "scaled_age": 0.0}, "15": {"bias": -0.9135002783911397, "objective_cosine_similarity": -0.8896753076324573, "is_tight": 0.0, "dual_solution_value": -0.0, "scaled_age": 0.08943089430894309}, "16": {"bias": -1.0495279983036667, "objective_cosine_similarity": -0.9664197092261978, "is_tight": 1.0, "dual_solution_value": -0.007745309676450331, "scaled_age": 0.0}, "17": {"bias": -1.0577831202085346, "objective_cosine_similarity": -0.97502028716022, "is_tight": 0.0, "dual_solution_value": 0.0, "scaled_age": 0.016260162601626018}, "18": {"bias": -1.0349020297404603, "objective_cosine_similarity": -0.9624773994451553, "is_tight": 0.0, "dual_solution_value": 0.0, "scaled_age": 0.08943089430894309}, "19": {"bias": -1.0134775523726223, "objective_cosine_similarity": -0.9627823266314862, "is_tight": 1.0, "dual_solution_value": -0.002495950476426972, "scaled_age": 0.0}, "20": {"bias": -1.0321486029391116, "objective_cosine_similarity": -0.937574781102155, "is_tight": 0.0, "dual_solution_value": 0.0, "scaled_age": 0.008130081300813009}, "21": {"bias": -1.0575611983609123, "objective_cosine_similarity": -0.9697309970964754, "is_tight": 1.0, "dual_solution_value": -0.008640985851939148, "scaled_age": 0.0}, "22": {"bias": -0.4082482904638631, "objective_cosine_similarity": -0.23055034802269153, "is_tight": 0.0, "dual_solution_value": 0.0, "scaled_age": 0.14634146341463414}, "23": {"bias": -0.4472135954999579, "objective_cosine_similarity": -0.27756072305047746, "is_tight": 0.0, "dual_solution_value": 0.0, "scaled_age": 0.14634146341463414}, "24": {"bias": -0.5773502691896258, "objective_cosine_similarity": -0.33250381371587456, "is_tight": 1.0, "dual_solution_value": -0.0035932473380253195, "scaled_age": 0.0}, "25": {"bias": -0.3779644730092272, "objective_cosine_similarity": -0.4628232081164681, "is_tight": 0.0, "dual_solution_value": 0.0, "scaled_age": 0.10569105691056911}, "26": {"bias": -0.4082482904638631, "objective_cosine_similarity": -0.31272670969414595, "is_tight": 0.0, "dual_solution_value": 0.0, "scaled_age": 0.04878048780487805}, "27": {"bias": -0.4472135954999579, "objective_cosine_similarity": -0.3325727582496712, "is_tight": 0.0, "dual_solution_value": 0.0, "scaled_age": 0.06504065040650407}, "28": {"bias": -0.5, "objective_cosine_similarity": -0.21806433459792396, "is_tight": 1.0, "dual_solution_value": -0.006166304034629033, "scaled_age": 0.0}, "29": {"bias": -0.4082482904638631, "objective_cosine_similarity": -0.3994684247917923, "is_tight": 0.0, "dual_solution_value": 0.0, "scaled_age": 0.14634146341463414}, "30": {"bias": -0.4082482904638631, "objective_cosine_similarity": -0.3926203946525044, "is_tight": 1.0, "dual_solution_value": -5.665458195361395e-06, "scaled_age": 0.0}, "31": {"bias": -0.3779644730092272, "objective_cosine_similarity": -0.3888560287371239, "is_tight": 0.0, "dual_solution_value": 0.0, "scaled_age": 0.14634146341463414}, "32": {"bias": -0.4472135954999579, "objective_cosine_similarity": -0.42259245221198827, "is_tight": 0.0, "dual_solution_value": 0.0, "scaled_age": 0.14634146341463414}, "33": {"bias": -0.3333333333333333, "objective_cosine_similarity": -0.34853017581035706, "is_tight": 0.0, "dual_solution_value": 0.0, "scaled_age": 0.14634146341463414}, "34": {"bias": -0.3779644730092272, "objective_cosine_similarity": -0.41210285654206064, "is_tight": 0.0, "dual_solution_value": 0.0, "scaled_age": 0.008130081300813009}, "35": {"bias": -0.5773502691896258, "objective_cosine_similarity": -0.2130606961674536, "is_tight": 1.0, "dual_solution_value": -0.00804715922909952, "scaled_age": 0.0}, "36": {"bias": -0.35355339059327373, "objective_cosine_similarity": -0.3736257881898012, "is_tight": 0.0, "dual_solution_value": 0.0, "scaled_age": 0.12195121951219512}, "37": {"bias": -0.35355339059327373, "objective_cosine_similarity": -0.32618124365776296, "is_tight": 0.0, "dual_solution_value": 0.0, "scaled_age": 0.14634146341463414}, "38": {"bias": -0.3333333333333333, "objective_cosine_similarity": -0.3000714347885962, "is_tight": 0.0, "dual_solution_value": 0.0, "scaled_age": 0.14634146341463414}, "39": {"bias": -0.3779644730092272, "objective_cosine_similarity": -0.36560920093218713, "is_tight": 0.0, "dual_solution_value": 0.0, "scaled_age": 0.016260162601626018}, "40": {"bias": -0.30151134457776363, "objective_cosine_similarity": -0.4855301223070183, "is_tight": 1.0, "dual_solution_value": -2.7274748855278836e-06, "scaled_age": 0.0}, "41": {"bias": -0.3779644730092272, "objective_cosine_similarity": -0.36560920093218713, "is_tight": 0.0, "dual_solution_value": 0.0, "scaled_age": 0.14634146341463414}, "42": {"bias": -0.5, "objective_cosine_similarity": -0.17892458223419402, "is_tight": 0.0, "dual_solution_value": 0.0, "scaled_age": 0.14634146341463414}, "43": {"bias": -0.35355339059327373, "objective_cosine_similarity": -0.4467694610100268, "is_tight": 0.0, "dual_solution_value": 0.0, "scaled_age": 0.14634146341463414}, "44": {"bias": -0.35355339059327373, "objective_cosine_similarity": -0.6780616156037133, "is_tight": 1.0, "dual_solution_value": -0.026432708814109425, "scaled_age": 0.0}, "45": {"bias": -0.3333333333333333, "objective_cosine_similarity": -0.3895337259056932, "is_tight": 0.0, "dual_solution_value": 0.0, "scaled_age": 0.14634146341463414}, "46": {"bias": -0.5, "objective_cosine_similarity": -0.38860182703989016, "is_tight": 0.0, "dual_solution_value": 0.0, "scaled_age": 0.14634146341463414}, "47": {"bias": -0.5773502691896258,