{"0": {"bias": -1.1406468642034677, "objective_cosine_similarity": -0.9080142887499623, "is_tight": 0.0, "dual_solution_value": -0.0, "scaled_age": 0.07142857142857142}, "1": {"bias": -1.2362450755382013, "objective_cosine_similarity": -0.8592346616670237, "is_tight": 0.0, "dual_solution_value": -0.0, "scaled_age": 0.030612244897959183}, "2": {"bias": -0.7559289460184544, "objective_cosine_similarity": -0.4419543771675811, "is_tight": 1.0, "dual_solution_value": -0.006307995194304764, "scaled_age": 0.0}, "3": {"bias": -1.2142857142857142, "objective_cosine_similarity": -0.9171668394233781, "is_tight": 1.0, "dual_solution_value": -9.438360352625738e-05, "scaled_age": 0.0}, "4": {"bias": -1.2495160353435426, "objective_cosine_similarity": -0.9370063637276959, "is_tight": 0.0, "dual_solution_value": -0.0, "scaled_age": 0.1326530612244898}, "5": {"bias": -1.1441551070947107, "objective_cosine_similarity": -0.8495759876582235, "is_tight": 0.0, "dual_solution_value": -0.0, "scaled_age": 0.1326530612244898}, "6": {"bias": -1.1920791213585393, "objective_cosine_similarity": -0.9147103225340533, "is_tight": 0.0, "dual_solution_value": -0.0, "scaled_age": 0.12244897959183673}, "7": {"bias": -1.2, "objective_cosine_similarity": -0.8853281822794099, "is_tight": 0.0, "dual_solution_value": -0.0, "scaled_age": 0.01020408163265306}, "8": {"bias": -1.257941804066302, "objective_cosine_similarity": -0.932223420317432, "is_tight": 0.0, "dual_solution_value": -0.0, "scaled_age": 0.01020408163265306}, "9": {"bias": -1.2730071753931151, "objective_cosine_similarity": -0.9194964060231516, "is_tight": 1.0, "dual_solution_value": -0.012849852669535174, "scaled_age": 0.0}, "10": {"bias": -0.5773502691896258, "objective_cosine_similarity": -0.360389840810057, "is_tight": 1.0, "dual_solution_value": -0.033007144688652575, "scaled_age": 0.0}, "11": {"bias": -0.4472135954999579, "objective_cosine_similarity": -0.5386546131525576, "is_tight": 1.0, "dual_solution_value": -0.012646617051949697, "scaled_age": 0.0}, "12": {"bias": -0.4472135954999579, "objective_cosine_similarity": -0.17299856188841264, "is_tight": 0.0, "dual_solution_value": 0.0, "scaled_age": 0.2755102040816326}, "13": {"bias": -0.5, "objective_cosine_similarity": -0.16704305326026603, "is_tight": 1.0, "dual_solution_value": -8.454868125570341e-05, "scaled_age": 0.0}, "14": {"bias": -0.4472135954999579, "objective_cosine_similarity": -0.29095212681233035, "is_tight": 0.0, "dual_solution_value": 0.0, "scaled_age": 0.17346938775510204}, "15": {"bias": -0.4472135954999579, "objective_cosine_similarity": -0.3322358745357015, "is_tight": 0.0, "dual_solution_value": 0.0, "scaled_age": 0.2755102040816326}, "16": {"bias": -0.4472135954999579, "objective_cosine_similarity": -0.1965892748731962, "is_tight": 0.0, "dual_solution_value": 0.0, "scaled_age": 0.1326530612244898}, "17": {"bias": -0.5, "objective_cosine_similarity": -0.23737697042248332, "is_tight": 1.0, "dual_solution_value": -0.000339363899695266, "scaled_age": 0.0}, "18": {"bias": -0.5, "objective_cosine_similarity": -0.34507578107712855, "is_tight": 1.0, "dual_solution_value": -0.00011067021068867783, "scaled_age": 0.0}, "19": {"bias": -0.4472135954999579, "objective_cosine_similarity": -0.21821409510924775, "is_tight": 0.0, "dual_solution_value": 0.0, "scaled_age": 0.11224489795918367}, "20": {"bias": -0.5773502691896258, "objective_cosine_similarity": -0.26140953241856246, "is_tight": 1.0, "dual_solution_value": -0.013236272816449663, "scaled_age": 0.0}, "21": {"bias": -0.5, "objective_cosine_similarity": -0.37145100001296, "is_tight": 0.0, "dual_solution_value": 0.0, "scaled_age": 0.2755102040816326}, "22": {"bias": -0.5, "objective_cosine_similarity": -0.2439707751564412, "is_tight": 0.0, "dual_solution_value": 0.0, "scaled_age": 0.12244897959183673}, "23": {"bias": -0.5, "objective_cosine_similarity": -0.18902240237345894, "is_tight": 0.0, "dual_solution_value": 0.0, "scaled_age": 0.10204081632653061}, "24": {"bias": -0.5773502691896258, "objective_cosine_similarity": -0.11674600476945508, "is_tight": 0.0, "dual_solution_value": 0.0, "scaled_age": 0.2755102040816326}, "25": {"bias": -0.4472135954999579, "objective_cosine_similarity": -0.17693034738587657, "is_tight": 0.0, "dual_solution_value": 0.0, "scaled_age": 0.061224489795918366}, "26": {"bias": -0.5, "objective_cosine_similarity": -0.3472737159884478, "is_tight": 0.0, "dual_solution_value": 0.0, "scaled_age": 0.2755102040816326}, "27": {"bias": -0.4082482904638631, "objective_cosine_similarity": -0.375072725100522, "is_tight": 0.0, "dual_solution_value": 0.0, "scaled_age": 0.07142857142857142}, "28": {"bias": -0.5773502691896258, "objective_cosine_similarity": -0.14212557102368445, "is_tight": 1.0, "dual_solution_value": -0.00016438162363729617, "scaled_age": 0.0}, "29": {"bias": -0.4082482904638631, "objective_cosine_similarity": -0.5024897752542878, "is_tight": 1.0, "dual_solution_value": -0.02002850046184696, "scaled_age": 0.0}, "30": {"bias": -0.5, "objective_cosine_similarity": -0.1076988106546452, "is_tight": 0.0, "dual_solution_value": 0.0, "scaled_age": 0.2755102040816326}, "31": {"bias": -0.4472135954999579, "objective_cosine_similarity": -0.2732590920737427, "is_tight": 0.0, "dual_solution_value": 0.0, "scaled_age": 0.2755102040816326}, "32": {"bias": -0.5773502691896258, "objective_cosine_similarity": -0.21826426978637256, "is_tight": 1.0, "dual_solution_value": -0.00036483006323277244, "scaled_age": 0.0}, "33": {"bias": -0.4472135954999579, "objective_cosine_similarity": -0.257531950083887, "is_tight": 0.0, "dual_solution_value": 0.0, "scaled_age": 0.11224489795918367}, "34": {"bias": -0.5, "objective_cosine_similarity": -0.16264718343762746, "is_tight": 0.0, "dual_solution_value": 0.0, "scaled_age": 0.2755102040816326}, "35": {"bias": -0.3779644730092272, "objective_cosine_similarity": -0.35555728087918176, "is_tight": 0.0, "dual_solution_value": 0.0, "scaled_age": 0.2755102040816326}, "36": {"bias": -0.4472135954999579, "objective_cosine_similarity": -0.2870203413148664, "is_tight": 0.0, "dual_solution_value": 0.0, "scaled_age": 0.2755102040816326}, "37": {"bias": -0.5773502691896258, "objective_cosine_similarity": -0.15735331077622208, "is_tight": 0.0, "dual_solution_value": 0.0, "scaled_age": 0.01020408163265306}, "38": {"bias": -0.5, "objective_cosine_similarity": -0.25496044971303766, "is_tight": 0.0, "dual_solution_value": 0.0, "scaled_age": 0.2755102040816326}, "39": {"bias": -0.5773502691896258, "objective_cosine_similarity": -0.17511900715418263, "is_tight": 0.0, "dual_solution_value": 0.0, "scaled_age": 0.2755102040816326}, "40": {"bias": -0.4472135954999579, "objective_cosine_similarity": -0.38924676424892846, "is_tight": 0.0, "dual_solution_value": 0.0, "scaled_age": 0.2755102040816326}, "41": {"bias": -0.5, "objective_cosine_similarity": -0.27913773373754985, "is_tight": 0.0, "dual_solution_value": 0.0, "scaled_age": 0.2755102040816326}, "42": {"bias": -0.5, "objective_cosine_similarity": -0.28573153847150773, "is_tight": 0.0, "dual_solution_value": 0.0, "scaled_age": 0.20408163265306123}, "43": {"bias": -0.5773502691896258, "objective_cosine_similarity": -0.08375256863895691, "is_tight": 0.0, "dual_solution_value": 0.0, "scaled_age": 0.2755102040816326}, "44": {"bias": -0.5, "objective_cosine_similarity": -0.3230964319639356, "is_tight": 1.0, "dual_solution_value": -0.015026370968966682, "scaled_age": 0.0}, "45": {"bias": -0.5773502691896258, "objective_cosine_similarity": -0.17004309390333675, "is_tight": 1.0, "dual_solution_value": -0.02035035972387146, "scaled_age": 0.0}, "46": {"bias": -0.5, "objective_cosine_similarity": -0.28573153847150773, "is_tight": 0.0, "dual_solution_value": 0.0, "scaled_age": 0.2755102040816326}, "47": {"bias": -0.4472135954999579, "objective_cosine_similarity": -0.24573659359149522, "is_tight": 0.0, "dual_solution_value": 0.0, "scaled_age": 0.08163265306122448}, "48": {"bias": -0.4082482904638631,