{"0": {"bias": -0.8488746876271654, "objective_cosine_similarity": -0.9103815218524666, "is_tight": 0.0, "dual_solution_value": -0.0, "scaled_age": 0.075}, "1": {"bias": -0.6454972243679028, "objective_cosine_similarity": -0.8088336640785704, "is_tight": 1.0, "dual_solution_value": -0.0002455466164761274, "scaled_age": 0.0}, "2": {"bias": -0.5, "objective_cosine_similarity": -0.6278998618620456, "is_tight": 0.0, "dual_solution_value": -0.0, "scaled_age": 0.1}, "3": {"bias": -0.7442084075352507, "objective_cosine_similarity": -0.9071898492037258, "is_tight": 1.0, "dual_solution_value": -0.00032896787460187616, "scaled_age": 0.0}, "4": {"bias": -0.48507125007266594, "objective_cosine_similarity": -0.6459692416085516, "is_tight": 0.0, "dual_solution_value": -0.0, "scaled_age": 0.05}, "5": {"bias": -0.6324555320336759, "objective_cosine_similarity": -0.837876904505315, "is_tight": 0.0, "dual_solution_value": -0.0, "scaled_age": 0.0375}, "6": {"bias": -0.6666666666666666, "objective_cosine_similarity": -0.7865998269480571, "is_tight": 1.0, "dual_solution_value": -0.00012649473881820496, "scaled_age": 0.0}, "7": {"bias": -0.6859943405700353, "objective_cosine_similarity": -0.82123794414109, "is_tight": 1.0, "dual_solution_value": -0.002129137487404568, "scaled_age": 0.0}, "8": {"bias": -0.8201727173561385, "objective_cosine_similarity": -0.9350219374880747, "is_tight": 1.0, "dual_solution_value": -0.03232815160071622, "scaled_age": 0.0}, "9": {"bias": -0.8344621827099528, "objective_cosine_similarity": -0.9525013623368871, "is_tight": 1.0, "dual_solution_value": -0.009460157082042137, "scaled_age": 0.0}, "10": {"bias": -0.846531679538631, "objective_cosine_similarity": -0.9444059798839312, "is_tight": 1.0, "dual_solution_value": -0.025039392424885662, "scaled_age": 0.0}, "11": {"bias": -0.35355339059327373, "objective_cosine_similarity": -0.49278260739674323, "is_tight": 1.0, "dual_solution_value": -5.426969639810843e-05, "scaled_age": 0.0}, "12": {"bias": -0.3779644730092272, "objective_cosine_similarity": -0.37554541776198536, "is_tight": 0.0, "dual_solution_value": 0.0, "scaled_age": 0.3125}, "13": {"bias": -0.30151134457776363, "objective_cosine_similarity": -0.47433754293548974, "is_tight": 0.0, "dual_solution_value": 0.0, "scaled_age": 0.3125}, "14": {"bias": -0.3779644730092272, "objective_cosine_similarity": -0.4277045035622611, "is_tight": 0.0, "dual_solution_value": 0.0, "scaled_age": 0.3125}, "15": {"bias": -0.3779644730092272, "objective_cosine_similarity": -0.2764431547414614, "is_tight": 0.0, "dual_solution_value": 0.0, "scaled_age": 0.1875}, "16": {"bias": -0.31622776601683794, "objective_cosine_similarity": -0.5105812386829264, "is_tight": 0.0, "dual_solution_value": 0.0, "scaled_age": 0.2875}, "17": {"bias": -0.4472135954999579, "objective_cosine_similarity": -0.38263586812988226, "is_tight": 0.0, "dual_solution_value": 0.0, "scaled_age": 0.0375}, "18": {"bias": -0.2773500981126146, "objective_cosine_similarity": -0.5358402716687245, "is_tight": 0.0, "dual_solution_value": 0.0, "scaled_age": 0.3125}, "19": {"bias": -0.30151134457776363, "objective_cosine_similarity": -0.5034635324139847, "is_tight": 0.0, "dual_solution_value": 0.0, "scaled_age": 0.3125}, "20": {"bias": -0.30151134457776363, "objective_cosine_similarity": -0.3994421414193598, "is_tight": 0.0, "dual_solution_value": 0.0, "scaled_age": 0.3125}, "21": {"bias": -0.4082482904638631, "objective_cosine_similarity": -0.2816912584479955, "is_tight": 0.0, "dual_solution_value": 0.0, "scaled_age": 0.3125}, "22": {"bias": -0.3333333333333333, "objective_cosine_similarity": -0.4093999099320297, "is_tight": 0.0, "dual_solution_value": 0.0, "scaled_age": 0.3125}, "23": {"bias": -0.3333333333333333, "objective_cosine_similarity": -0.4507999008240327, "is_tight": 0.0, "dual_solution_value": 0.0, "scaled_age": 0.3125}, "24": {"bias": -0.3779644730092272, "objective_cosine_similarity": -0.3390340577017923, "is_tight": 0.0, "dual_solution_value": 0.0, "scaled_age": 0.1875}, "25": {"bias": -0.5, "objective_cosine_similarity": -0.43469990436603156, "is_tight": 1.0, "dual_solution_value": -0.05812263502652102, "scaled_age": 0.0}, "26": {"bias": -0.2672612419124244, "objective_cosine_similarity": -0.5384778317400426, "is_tight": 0.0, "dual_solution_value": 0.0, "scaled_age": 0.3125}, "27": {"bias": -0.31622776601683794, "objective_cosine_similarity": -0.3709350879320405, "is_tight": 0.0, "dual_solution_value": 0.0, "scaled_age": 0.3125}, "28": {"bias": -0.35355339059327373, "objective_cosine_similarity": -0.390322857343955, "is_tight": 0.0, "dual_solution_value": 0.0, "scaled_age": 0.1875}, "29": {"bias": -0.30151134457776363, "objective_cosine_similarity": -0.3703161519408648, "is_tight": 0.0, "dual_solution_value": 0.0, "scaled_age": 0.3125}, "30": {"bias": -0.4082482904638631, "objective_cosine_similarity": -0.4169030625030333, "is_tight": 0.0, "dual_solution_value": 0.0, "scaled_age": 0.0375}, "31": {"bias": -0.3333333333333333, "objective_cosine_similarity": -0.5059998886800368, "is_tight": 0.0, "dual_solution_value": 0.0, "scaled_age": 0.2875}, "32": {"bias": -0.31622776601683794, "objective_cosine_similarity": -0.3752990301430057, "is_tight": 0.0, "dual_solution_value": 0.0, "scaled_age": 0.3125}, "33": {"bias": -0.31622776601683794, "objective_cosine_similarity": -0.4800336432061701, "is_tight": 0.0, "dual_solution_value": 0.0, "scaled_age": 0.3125}, "34": {"bias": -0.4082482904638631, "objective_cosine_similarity": -0.33239568496863464, "is_tight": 0.0, "dual_solution_value": 0.0, "scaled_age": 0.0125}, "35": {"bias": -0.4082482904638631, "objective_cosine_similarity": -0.309860384292795, "is_tight": 0.0, "dual_solution_value": 0.0, "scaled_age": 0.0875}, "36": {"bias": -0.5, "objective_cosine_similarity": -0.234599948388017, "is_tight": 1.0, "dual_solution_value": -0.0004576354460083818, "scaled_age": 0.0}, "37": {"bias": -0.25, "objective_cosine_similarity": -0.48989989222203556, "is_tight": 0.0, "dual_solution_value": 0.0, "scaled_age": 0.3125}, "38": {"bias": -0.31622776601683794, "objective_cosine_similarity": -0.46257787436230935, "is_tight": 0.0, "dual_solution_value": 0.0, "scaled_age": 0.3125}, "39": {"bias": -0.35355339059327373, "objective_cosine_similarity": -0.36104864304315837, "is_tight": 0.0, "dual_solution_value": 0.0, "scaled_age": 0.3125}, "40": {"bias": -0.31622776601683794, "objective_cosine_similarity": -0.45821393215134415, "is_tight": 0.0, "dual_solution_value": 0.0, "scaled_age": 0.3125}, "41": {"bias": -0.3333333333333333, "objective_cosine_similarity": -0.469199896776034, "is_tight": 0.0, "dual_solution_value": 0.0, "scaled_age": 0.3125}, "42": {"bias": -0.35355339059327373, "objective_cosine_similarity": -0.3708067144767573, "is_tight": 0.0, "dual_solution_value": 0.0, "scaled_age": 0.3125}, "43": {"bias": -0.4082482904638631, "objective_cosine_similarity": -0.3831001114892738, "is_tight": 0.0, "dual_solution_value": 0.0, "scaled_age": 0.25}, "44": {"bias": -0.3779644730092272, "objective_cosine_similarity": -0.29209088048154414, "is_tight": 0.0, "dual_solution_value": 0.0, "scaled_age": 0.3125}, "45": {"bias": -0.4472135954999579, "objective_cosine_similarity": -0.22834721162589747, "is_tight": 1.0, "dual_solution_value": -0.0002864281595277455, "scaled_age": 0.0}, "46": {"bias": -0.4082482904638631, "objective_cosine_similarity": -0.36056481081343417, "is_tight": 0.0, "dual_solution_value": 0.0, "scaled_age": 0.0625}, "47": {"bias": -0.30151134457776363, "objective_cosine_similarity": -0.6033240677688246, "is_tight": 1.0, "dual_solution_value": -2.5534820086400572e-05, "scaled_age": 0.0}, "48": {"bias": -0.3779644730092272, "objective_cosine_similarity": -0.4277045035622611, "is_tight": 0.0, "dual_solution_value": 0.0, "scaled_age": 0.0625}, "49": {"bias": -0.31622776601683794, "objective_cosine_similarity": -0.5629485452145085, "is_tight": 1.0, "dual_solution_value": -5.833595360022892e-06, "scaled_age": 0.0}, "50": {"bias": -0.35355339059327373,