{"0": {"bias": -0.9185586535436918, "objective_cosine_similarity": -0.9586232408315665, "is_tight": 0.0, "dual_solution_value": -0.0, "scaled_age": 0.03125}, "1": {"bias": -0.893819357296686, "objective_cosine_similarity": -0.9373447420251747, "is_tight": 0.0, "dual_solution_value": -0.0, "scaled_age": 0.125}, "2": {"bias": -1.1067971810589328, "objective_cosine_similarity": -0.9516200465628978, "is_tight": 1.0, "dual_solution_value": -0.00043879344462046516, "scaled_age": 0.0}, "3": {"bias": -0.9838699100999074, "objective_cosine_similarity": -0.9217478678983745, "is_tight": 1.0, "dual_solution_value": -2.6693740453165773e-06, "scaled_age": 0.0}, "4": {"bias": -0.5345224838248488, "objective_cosine_similarity": -0.5734873705149922, "is_tight": 1.0, "dual_solution_value": -8.437564952858609e-05, "scaled_age": 0.0}, "5": {"bias": -0.6708203932499369, "objective_cosine_similarity": -0.7365565154439065, "is_tight": 0.0, "dual_solution_value": -0.0, "scaled_age": 0.015625}, "6": {"bias": -0.9855274566525744, "objective_cosine_similarity": -0.9232358948153718, "is_tight": 0.0, "dual_solution_value": -0.0, "scaled_age": 0.03125}, "7": {"bias": -1.0253123485407187, "objective_cosine_similarity": -0.9291490607351626, "is_tight": 1.0, "dual_solution_value": -3.0255054760256795e-07, "scaled_age": 0.0}, "8": {"bias": -1.0474280447220299, "objective_cosine_similarity": -0.9341359366748934, "is_tight": 1.0, "dual_solution_value": -4.5088735479430326e-07, "scaled_age": 0.0}, "9": {"bias": -0.8703882797784892, "objective_cosine_similarity": -0.8863256629923117, "is_tight": 1.0, "dual_solution_value": -5.377927626044223e-05, "scaled_age": 0.0}, "10": {"bias": -1.078661757738529, "objective_cosine_similarity": -0.9038907836116848, "is_tight": 0.0, "dual_solution_value": -0.0, "scaled_age": 0.046875}, "11": {"bias": -1.0384253697736037, "objective_cosine_similarity": -0.9123190053137332, "is_tight": 0.0, "dual_solution_value": -0.0, "scaled_age": 0.046875}, "12": {"bias": -1.0999438818457405, "objective_cosine_similarity": -0.876221432975899, "is_tight": 0.0, "dual_solution_value": -0.0, "scaled_age": 0.046875}, "13": {"bias": -0.9595808291063732, "objective_cosine_similarity": -0.9472490534365491, "is_tight": 1.0, "dual_solution_value": -0.02988567893698311, "scaled_age": 0.0}, "14": {"bias": -0.9373897091135831, "objective_cosine_similarity": -0.9615612624831827, "is_tight": 1.0, "dual_solution_value": -0.010786195857159314, "scaled_age": 0.0}, "15": {"bias": -1.0162743222070663, "objective_cosine_similarity": -0.9534970131922542, "is_tight": 1.0, "dual_solution_value": -3.958706085925001e-05, "scaled_age": 0.0}, "16": {"bias": -0.9396985057233462, "objective_cosine_similarity": -0.9524389296514527, "is_tight": 1.0, "dual_solution_value": -0.004771121915546854, "scaled_age": 0.0}, "17": {"bias": -0.5, "objective_cosine_similarity": -0.3152810266651359, "is_tight": 0.0, "dual_solution_value": 0.0, "scaled_age": 0.21875}, "18": {"bias": -0.4082482904638631, "objective_cosine_similarity": -0.3919020864321434, "is_tight": 0.0, "dual_solution_value": 0.0, "scaled_age": 0.0625}, "19": {"bias": -0.4082482904638631, "objective_cosine_similarity": -0.32658507202678616, "is_tight": 0.0, "dual_solution_value": 0.0, "scaled_age": 0.109375}, "20": {"bias": -0.3779644730092272, "objective_cosine_similarity": -0.37705948871311634, "is_tight": 0.0, "dual_solution_value": 0.0, "scaled_age": 0.21875}, "21": {"bias": -0.3779644730092272, "objective_cosine_similarity": -0.34860216881023964, "is_tight": 0.0, "dual_solution_value": 0.0, "scaled_age": 0.09375}, "22": {"bias": -0.4472135954999579, "objective_cosine_similarity": -0.24832476806394566, "is_tight": 0.0, "dual_solution_value": 0.0, "scaled_age": 0.21875}, "23": {"bias": -0.4082482904638631, "objective_cosine_similarity": -0.3573224905704837, "is_tight": 0.0, "dual_solution_value": 0.0, "scaled_age": 0.21875}, "24": {"bias": -0.3779644730092272, "objective_cosine_similarity": -0.32014484890736294, "is_tight": 0.0, "dual_solution_value": 0.0, "scaled_age": 0.03125}, "25": {"bias": -0.4082482904638631, "objective_cosine_similarity": -0.21516192980588264, "is_tight": 0.0, "dual_solution_value": 0.0, "scaled_age": 0.21875}, "26": {"bias": -0.4082482904638631, "objective_cosine_similarity": -0.3573224905704837, "is_tight": 0.0, "dual_solution_value": 0.0, "scaled_age": 0.21875}, "27": {"bias": -0.30151134457776363, "objective_cosine_similarity": -0.4057819491510983, "is_tight": 0.0, "dual_solution_value": 0.0, "scaled_age": 0.21875}, "28": {"bias": -0.4472135954999579, "objective_cosine_similarity": -0.5639918461113341, "is_tight": 1.0, "dual_solution_value": -0.01810878594360475, "scaled_age": 0.0}, "29": {"bias": -0.4082482904638631, "objective_cosine_similarity": -0.5878531296482151, "is_tight": 0.0, "dual_solution_value": 0.0, "scaled_age": 0.140625}, "30": {"bias": -0.5, "objective_cosine_similarity": -0.2964582788045308, "is_tight": 0.0, "dual_solution_value": 0.0, "scaled_age": 0.21875}, "31": {"bias": -0.5773502691896258, "objective_cosine_similarity": -0.1304078225305059, "is_tight": 0.0, "dual_solution_value": 0.0, "scaled_age": 0.0625}, "32": {"bias": -0.5, "objective_cosine_similarity": -0.2399900352227154, "is_tight": 0.0, "dual_solution_value": 0.0, "scaled_age": 0.21875}, "33": {"bias": -0.5, "objective_cosine_similarity": -0.28234121790907696, "is_tight": 1.0, "dual_solution_value": -0.0005656151399490482, "scaled_age": 0.0}, "34": {"bias": -0.30151134457776363, "objective_cosine_similarity": -0.38308086108670114, "is_tight": 0.0, "dual_solution_value": 0.0, "scaled_age": 0.21875}, "35": {"bias": -0.5773502691896258, "objective_cosine_similarity": -0.15757611889102796, "is_tight": 0.0, "dual_solution_value": 0.0, "scaled_age": 0.03125}, "36": {"bias": -0.35355339059327373, "objective_cosine_similarity": -0.5490248219279367, "is_tight": 0.0, "dual_solution_value": 0.0, "scaled_age": 0.21875}, "37": {"bias": -0.30151134457776363, "objective_cosine_similarity": -0.4171324931832968, "is_tight": 0.0, "dual_solution_value": 0.0, "scaled_age": 0.21875}, "38": {"bias": -0.4472135954999579, "objective_cosine_similarity": -0.2862048174296323, "is_tight": 0.0, "dual_solution_value": 0.0, "scaled_age": 0.21875}, "39": {"bias": -0.4082482904638631, "objective_cosine_similarity": -0.41879732765787875, "is_tight": 0.0, "dual_solution_value": 0.0, "scaled_age": 0.21875}, "40": {"bias": -0.5773502691896258, "objective_cosine_similarity": -0.2553819857889074, "is_tight": 1.0, "dual_solution_value": -0.014734816752683347, "scaled_age": 0.0}, "41": {"bias": -0.7071067811865475, "objective_cosine_similarity": -0.11313238754878696, "is_tight": 1.0, "dual_solution_value": -0.013309692652798466, "scaled_age": 0.0}, "42": {"bias": -0.4082482904638631, "objective_cosine_similarity": -0.4687456327913872, "is_tight": 0.0, "dual_solution_value": 0.0, "scaled_age": 0.21875}, "43": {"bias": -0.4082482904638631, "objective_cosine_similarity": -0.2996898308010508, "is_tight": 0.0, "dual_solution_value": 0.0, "scaled_age": 0.21875}, "44": {"bias": -0.35355339059327373, "objective_cosine_similarity": -0.39263593325755475, "is_tight": 0.0, "dual_solution_value": 0.0, "scaled_age": 0.21875}, "45": {"bias": -0.31622776601683794, "objective_cosine_similarity": -0.48213431600684736, "is_tight": 0.0, "dual_solution_value": 0.0, "scaled_age": 0.21875}, "46": {"bias": -0.3333333333333333, "objective_cosine_similarity": -0.38586633114240515, "is_tight": 0.0, "dual_solution_value": 0.0, "scaled_age": 0.21875}, "47": {"bias": -0.5, "objective_cosine_similarity": -0.4564516356196744, "is_tight": 1.0, "dual_solution_value": -0.00784067946298529, "scaled_age": 0.0}, "48": {"bias": -0.5, "objective_cosine_similarity": -0.6023279315393641, "is_tight": 1.0, "dual_solution_value": -0.04610157087078265, "scaled_age": 0.0}, "49": {"bias": -0.4472135954999579, "objective_cosine_similarity": -0.4461428036403091, "is_tight": 0.0, "dual_solution_value": 0.0,