{"0": {"bias": -0.7559289460184544, "objective_cosine_similarity": -0.5584411630681513, "is_tight": 0.0, "dual_solution_value": -0.0, "scaled_age": 0.1111111111111111}, "1": {"bias": -1.0714392482918802, "objective_cosine_similarity": -0.8582252841118887, "is_tight": 0.0, "dual_solution_value": -0.0, "scaled_age": 0.015873015873015872}, "2": {"bias": -1.0552897060221726, "objective_cosine_similarity": -0.8133799430400823, "is_tight": 0.0, "dual_solution_value": -0.0, "scaled_age": 0.047619047619047616}, "3": {"bias": -1.0613372610104648, "objective_cosine_similarity": -0.8718431237421228, "is_tight": 0.0, "dual_solution_value": -0.0, "scaled_age": 0.015873015873015872}, "4": {"bias": -1.0776318121606494, "objective_cosine_similarity": -0.7558464071639904, "is_tight": 0.0, "dual_solution_value": -0.0, "scaled_age": 0.23809523809523808}, "5": {"bias": -0.6324555320336759, "objective_cosine_similarity": -0.5695950080524681, "is_tight": 0.0, "dual_solution_value": -0.0, "scaled_age": 0.12698412698412698}, "6": {"bias": -0.75, "objective_cosine_similarity": -0.6723438853176388, "is_tight": 0.0, "dual_solution_value": -0.0, "scaled_age": 0.1111111111111111}, "7": {"bias": -1.2199885626608373, "objective_cosine_similarity": -0.8215176710190469, "is_tight": 0.0, "dual_solution_value": -0.0, "scaled_age": 0.12698412698412698}, "8": {"bias": -0.7071067811865475, "objective_cosine_similarity": -0.48128828998750434, "is_tight": 0.0, "dual_solution_value": -0.0, "scaled_age": 0.031746031746031744}, "9": {"bias": -1.0425720702853738, "objective_cosine_similarity": -0.7528904347155688, "is_tight": 0.0, "dual_solution_value": -0.0, "scaled_age": 0.047619047619047616}, "10": {"bias": -1.2323814488549691, "objective_cosine_similarity": -0.9073534164740543, "is_tight": 0.0, "dual_solution_value": 0.0, "scaled_age": 0.09523809523809523}, "11": {"bias": -1.2787462000918701, "objective_cosine_similarity": -0.901558462255017, "is_tight": 0.0, "dual_solution_value": 0.0, "scaled_age": 0.14285714285714285}, "12": {"bias": -0.5773502691896258, "objective_cosine_similarity": -0.25399296207821354, "is_tight": 0.0, "dual_solution_value": 0.0, "scaled_age": 0.3333333333333333}, "13": {"bias": -0.5, "objective_cosine_similarity": -0.26561733740943755, "is_tight": 0.0, "dual_solution_value": 0.0, "scaled_age": 0.3333333333333333}, "14": {"bias": -0.3779644730092272, "objective_cosine_similarity": -0.2352982428657941, "is_tight": 0.0, "dual_solution_value": 0.0, "scaled_age": 0.3333333333333333}, "15": {"bias": -0.5, "objective_cosine_similarity": -0.161860564983876, "is_tight": 0.0, "dual_solution_value": 0.0, "scaled_age": 0.3333333333333333}, "16": {"bias": -0.4472135954999579, "objective_cosine_similarity": -0.5976505375903127, "is_tight": 1.0, "dual_solution_value": -0.007251756977063022, "scaled_age": 0.0}, "17": {"bias": -0.4472135954999579, "objective_cosine_similarity": -0.4417417016971877, "is_tight": 0.0, "dual_solution_value": 0.0, "scaled_age": 0.3333333333333333}, "18": {"bias": -0.5, "objective_cosine_similarity": -0.22411462843921293, "is_tight": 1.0, "dual_solution_value": -0.00017944476040387375, "scaled_age": 0.0}, "19": {"bias": -0.3779644730092272, "objective_cosine_similarity": -0.3482413994413753, "is_tight": 0.0, "dual_solution_value": 0.0, "scaled_age": 0.3333333333333333}, "20": {"bias": -0.4472135954999579, "objective_cosine_similarity": -0.4417417016971877, "is_tight": 0.0, "dual_solution_value": 0.0, "scaled_age": 0.031746031746031744}, "21": {"bias": -0.3779644730092272, "objective_cosine_similarity": -0.37020256877551605, "is_tight": 0.0, "dual_solution_value": 0.0, "scaled_age": 0.3333333333333333}, "22": {"bias": -0.4472135954999579, "objective_cosine_similarity": -0.30068132636531264, "is_tight": 0.0, "dual_solution_value": 0.0, "scaled_age": 0.3333333333333333}, "23": {"bias": -0.5773502691896258, "objective_cosine_similarity": -0.17731584145082832, "is_tight": 0.0, "dual_solution_value": 0.0, "scaled_age": 0.3333333333333333}, "24": {"bias": -0.5773502691896258, "objective_cosine_similarity": -0.23003136188215564, "is_tight": 0.0, "dual_solution_value": 0.0, "scaled_age": 0.19047619047619047}, "25": {"bias": -0.5773502691896258, "objective_cosine_similarity": -0.4121395233721955, "is_tight": 1.0, "dual_solution_value": -0.004657432027242262, "scaled_age": 0.0}, "26": {"bias": -0.4472135954999579, "objective_cosine_similarity": -0.4231811259956252, "is_tight": 1.0, "dual_solution_value": -0.0007549652492908982, "scaled_age": 0.0}, "27": {"bias": -0.3779644730092272, "objective_cosine_similarity": -0.3858891182999023, "is_tight": 0.0, "dual_solution_value": 0.0, "scaled_age": 0.3333333333333333}, "28": {"bias": -0.4472135954999579, "objective_cosine_similarity": -0.17818152673500007, "is_tight": 0.0, "dual_solution_value": 0.0, "scaled_age": 0.3333333333333333}, "29": {"bias": -0.4082482904638631, "objective_cosine_similarity": -0.43375129565986387, "is_tight": 0.0, "dual_solution_value": 0.0, "scaled_age": 0.3333333333333333}, "30": {"bias": -0.5, "objective_cosine_similarity": -0.19091246126303324, "is_tight": 0.0, "dual_solution_value": 0.0, "scaled_age": 0.3333333333333333}, "31": {"bias": -0.5, "objective_cosine_similarity": -0.40672654790820123, "is_tight": 0.0, "dual_solution_value": 0.0, "scaled_age": 0.09523809523809523}, "32": {"bias": -0.5, "objective_cosine_similarity": -0.41502708970224617, "is_tight": 0.0, "dual_solution_value": 0.0, "scaled_age": 0.3333333333333333}, "33": {"bias": -0.4082482904638631, "objective_cosine_similarity": -0.2982040157661564, "is_tight": 0.0, "dual_solution_value": 0.0, "scaled_age": 0.3333333333333333}, "34": {"bias": -0.4472135954999579, "objective_cosine_similarity": -0.2041663327171876, "is_tight": 0.0, "dual_solution_value": 0.0, "scaled_age": 0.3333333333333333}, "35": {"bias": -0.5773502691896258, "objective_cosine_similarity": -0.5175705642348502, "is_tight": 1.0, "dual_solution_value": -0.05435366118371551, "scaled_age": 0.0}, "36": {"bias": -0.5, "objective_cosine_similarity": -0.28636869189454983, "is_tight": 0.0, "dual_solution_value": 0.0, "scaled_age": 0.3333333333333333}, "37": {"bias": -0.5773502691896258, "objective_cosine_similarity": -0.30670848250954086, "is_tight": 1.0, "dual_solution_value": -0.0014497421839106362, "scaled_age": 0.0}, "38": {"bias": -0.35355339059327373, "objective_cosine_similarity": -0.41672522669649764, "is_tight": 0.0, "dual_solution_value": 0.0, "scaled_age": 0.3333333333333333}, "39": {"bias": -0.3333333333333333, "objective_cosine_similarity": -0.3043531991149805, "is_tight": 0.0, "dual_solution_value": 0.0, "scaled_age": 0.3333333333333333}, "40": {"bias": -0.5, "objective_cosine_similarity": -0.4108768188052237, "is_tight": 0.0, "dual_solution_value": 0.0, "scaled_age": 0.06349206349206349}, "41": {"bias": -0.4472135954999579, "objective_cosine_similarity": -0.36749939889093763, "is_tight": 0.0, "dual_solution_value": 0.0, "scaled_age": 0.3333333333333333}, "42": {"bias": -0.5, "objective_cosine_similarity": -0.18676219036601077, "is_tight": 0.0, "dual_solution_value": 0.0, "scaled_age": 0.30158730158730157}, "43": {"bias": -0.4082482904638631, "objective_cosine_similarity": -0.18298882785650508, "is_tight": 0.0, "dual_solution_value": 0.0, "scaled_age": 0.3333333333333333}, "44": {"bias": -0.4472135954999579, "objective_cosine_similarity": -0.2524238295412501, "is_tight": 0.0, "dual_solution_value": 0.0, "scaled_age": 0.3333333333333333}, "45": {"bias": -0.5773502691896258, "objective_cosine_similarity": -0.2587852821174251, "is_tight": 0.0, "dual_solution_value": 0.0, "scaled_age": 0.3333333333333333}, "46": {"bias": -0.3779644730092272, "objective_cosine_similarity": -0.4894203451608517, "is_tight": 0.0, "dual_solution_value": 0.0, "scaled_age": 0.12698412698412698}, "47": {"bias": -0.5, "objective_cosine_similarity": -0.2490162538213477, "is_tight": 0.0, "dual_solution_value": 0.0, "scaled_age": 0.15873015873015872}, "48": {"bias": -0.5773502691896258,