{"0": {"bias": -1.0536089137432665, "objective_cosine_similarity": -0.9419752209250717, "is_tight": 0.0, "dual_solution_value": -0.0, "scaled_age": 0.13541666666666666}, "1": {"bias": -0.6666666666666666, "objective_cosine_similarity": -0.5990179586663547, "is_tight": 0.0, "dual_solution_value": -0.0, "scaled_age": 0.020833333333333332}, "2": {"bias": -1.0833065779977689, "objective_cosine_similarity": -0.9406921813769127, "is_tight": 0.0, "dual_solution_value": -0.0, "scaled_age": 0.14583333333333334}, "3": {"bias": -0.7071067811865475, "objective_cosine_similarity": -0.5334833067371834, "is_tight": 0.0, "dual_solution_value": -0.0, "scaled_age": 0.14583333333333334}, "4": {"bias": -0.6882472016116852, "objective_cosine_similarity": -0.7601816605750793, "is_tight": 0.0, "dual_solution_value": -0.0, "scaled_age": 0.125}, "5": {"bias": -0.8660254037844387, "objective_cosine_similarity": -0.7726749520820273, "is_tight": 0.0, "dual_solution_value": -0.0, "scaled_age": 0.020833333333333332}, "6": {"bias": -0.8017837257372732, "objective_cosine_similarity": -0.6768543127769505, "is_tight": 1.0, "dual_solution_value": -3.071630309125802e-06, "scaled_age": 0.0}, "7": {"bias": -1.0590454277143924, "objective_cosine_similarity": -0.9791847201003537, "is_tight": 0.0, "dual_solution_value": -0.0, "scaled_age": 0.13541666666666666}, "8": {"bias": -1.0730332959425644, "objective_cosine_similarity": -0.9703036883208217, "is_tight": 0.0, "dual_solution_value": -0.0, "scaled_age": 0.14583333333333334}, "9": {"bias": -1.1056237127315225, "objective_cosine_similarity": -0.9659208023427298, "is_tight": 1.0, "dual_solution_value": -0.0038832343731622773, "scaled_age": 0.0}, "10": {"bias": -1.1308256754210386, "objective_cosine_similarity": -0.9802543809645693, "is_tight": 1.0, "dual_solution_value": -0.029538580669291808, "scaled_age": 0.0}, "11": {"bias": -1.109919421452159, "objective_cosine_similarity": -0.9621254046584925, "is_tight": 0.0, "dual_solution_value": 0.0, "scaled_age": 0.10416666666666667}, "12": {"bias": -1.1436665462425863, "objective_cosine_similarity": -0.972771949426482, "is_tight": 1.0, "dual_solution_value": -0.000987057043334153, "scaled_age": 0.0}, "13": {"bias": -1.1210874081421376, "objective_cosine_similarity": -0.9791947141641251, "is_tight": 0.0, "dual_solution_value": 0.0, "scaled_age": 0.13541666666666666}, "14": {"bias": -1.114407088596641, "objective_cosine_similarity": -0.9763835368075676, "is_tight": 1.0, "dual_solution_value": -0.014945856403989047, "scaled_age": 0.0}, "15": {"bias": -0.4082482904638631, "objective_cosine_similarity": -0.24454805758269224, "is_tight": 0.0, "dual_solution_value": 0.0, "scaled_age": 0.22916666666666666}, "16": {"bias": -0.3779644730092272, "objective_cosine_similarity": -0.37256931543229027, "is_tight": 0.0, "dual_solution_value": 0.0, "scaled_age": 0.22916666666666666}, "17": {"bias": -0.5, "objective_cosine_similarity": -0.254013944497758, "is_tight": 0.0, "dual_solution_value": 0.0, "scaled_age": 0.17708333333333334}, "18": {"bias": -0.5, "objective_cosine_similarity": -0.39429030190696757, "is_tight": 0.0, "dual_solution_value": 0.0, "scaled_age": 0.11458333333333333}, "19": {"bias": -0.4082482904638631, "objective_cosine_similarity": -0.4302807595442306, "is_tight": 1.0, "dual_solution_value": -3.9494411686757416e-05, "scaled_age": 0.0}, "20": {"bias": -0.5773502691896258, "objective_cosine_similarity": -0.18386599426314532, "is_tight": 0.0, "dual_solution_value": 0.0, "scaled_age": 0.22916666666666666}, "21": {"bias": -0.5, "objective_cosine_similarity": -0.3374215083626934, "is_tight": 0.0, "dual_solution_value": 0.0, "scaled_age": 0.22916666666666666}, "22": {"bias": -0.3779644730092272, "objective_cosine_similarity": -0.3209827948339732, "is_tight": 0.0, "dual_solution_value": 0.0, "scaled_age": 0.22916666666666666}, "23": {"bias": -0.5, "objective_cosine_similarity": -0.3374215083626934, "is_tight": 0.0, "dual_solution_value": 0.0, "scaled_age": 0.0625}, "24": {"bias": -0.5, "objective_cosine_similarity": -0.3374215083626934, "is_tight": 0.0, "dual_solution_value": 0.0, "scaled_age": 0.22916666666666666}, "25": {"bias": -0.4082482904638631, "objective_cosine_similarity": -0.625300096603846, "is_tight": 1.0, "dual_solution_value": -9.017279506402192e-05, "scaled_age": 0.0}, "26": {"bias": -0.5773502691896258, "objective_cosine_similarity": -0.33270989438092957, "is_tight": 0.0, "dual_solution_value": 0.0, "scaled_age": 0.22916666666666666}, "27": {"bias": -0.4472135954999579, "objective_cosine_similarity": -0.2238059791675809, "is_tight": 0.0, "dual_solution_value": 0.0, "scaled_age": 0.22916666666666666}, "28": {"bias": -0.4472135954999579, "objective_cosine_similarity": -0.48491295486309194, "is_tight": 0.0, "dual_solution_value": 0.0, "scaled_age": 0.010416666666666666}, "29": {"bias": -0.4082482904638631, "objective_cosine_similarity": -0.2816945979749999, "is_tight": 0.0, "dual_solution_value": 0.0, "scaled_age": 0.1875}, "30": {"bias": -0.5, "objective_cosine_similarity": -0.21610141546824185, "is_tight": 0.0, "dual_solution_value": 0.0, "scaled_age": 0.22916666666666666}, "31": {"bias": -0.4472135954999579, "objective_cosine_similarity": -0.33231796906701405, "is_tight": 0.0, "dual_solution_value": 0.0, "scaled_age": 0.22916666666666666}, "32": {"bias": -0.5, "objective_cosine_similarity": -0.09857257547674189, "is_tight": 0.0, "dual_solution_value": 0.0, "scaled_age": 0.22916666666666666}, "33": {"bias": -0.4472135954999579, "objective_cosine_similarity": -0.6917639356088864, "is_tight": 1.0, "dual_solution_value": -0.03797995860459411, "scaled_age": 0.0}, "34": {"bias": -0.4472135954999579, "objective_cosine_similarity": -0.4713489561256628, "is_tight": 0.0, "dual_solution_value": 0.0, "scaled_age": 0.1875}, "35": {"bias": -0.4472135954999579, "objective_cosine_similarity": -0.3458819678044432, "is_tight": 0.0, "dual_solution_value": 0.0, "scaled_age": 0.010416666666666666}, "36": {"bias": -0.4472135954999579, "objective_cosine_similarity": -0.5391689498128085, "is_tight": 1.0, "dual_solution_value": -0.00018133116581777687, "scaled_age": 0.0}, "37": {"bias": -0.5773502691896258, "objective_cosine_similarity": -0.3852430355989711, "is_tight": 1.0, "dual_solution_value": -0.026854031002607977, "scaled_age": 0.0}, "38": {"bias": -0.3779644730092272, "objective_cosine_similarity": -0.524462959416224, "is_tight": 0.0, "dual_solution_value": 0.0, "scaled_age": 0.22916666666666666}, "39": {"bias": -0.4082482904638631, "objective_cosine_similarity": -0.4024208542499999, "is_tight": 0.0, "dual_solution_value": 0.0, "scaled_age": 0.22916666666666666}, "40": {"bias": -0.5, "objective_cosine_similarity": -0.6217654760840643, "is_tight": 1.0, "dual_solution_value": -0.0367119134273981, "scaled_age": 0.0}, "41": {"bias": -0.4082482904638631, "objective_cosine_similarity": -0.5138604754269229, "is_tight": 0.0, "dual_solution_value": 0.0, "scaled_age": 0.09375}, "42": {"bias": -0.3779644730092272, "objective_cosine_similarity": -0.6591610965340521, "is_tight": 0.0, "dual_solution_value": 0.0, "scaled_age": 0.22916666666666666}, "43": {"bias": -0.5, "objective_cosine_similarity": -0.272970209012516, "is_tight": 0.0, "dual_solution_value": 0.0, "scaled_age": 0.10416666666666667}, "44": {"bias": -0.35355339059327373, "objective_cosine_similarity": -0.3779957097987078, "is_tight": 0.0, "dual_solution_value": 0.0, "scaled_age": 0.22916666666666666}, "45": {"bias": -0.35355339059327373, "objective_cosine_similarity": -0.6380353115751238, "is_tight": 0.0, "dual_solution_value": 0.0, "scaled_age": 0.22916666666666666}, "46": {"bias": -0.5, "objective_cosine_similarity": -0.4511590954512418, "is_tight": 1.0, "dual_solution_value": -0.005636694962772226, "scaled_age": 0.0}, "47": {"bias": -0.3779644730092272, "objective_cosine_similarity": -0.4069603291645017, "is_tight": 0.0, "dual_solution_value": 0.0, "scaled_age": 0.22916666666666666}, "48": {"bias": -0.4472135954999579,