{"0": {"bias": -1.1441551070947107, "objective_cosine_similarity": -0.8686173391270218, "is_tight": 0.0, "dual_solution_value": -0.0, "scaled_age": 0.09848484848484848}, "1": {"bias": -0.917662935482247, "objective_cosine_similarity": -0.8203012336045077, "is_tight": 0.0, "dual_solution_value": -0.0, "scaled_age": 0.09090909090909091}, "2": {"bias": -1.1022750317027832, "objective_cosine_similarity": -0.9197661108478369, "is_tight": 0.0, "dual_solution_value": -0.0, "scaled_age": 0.09090909090909091}, "3": {"bias": -1.1528005103487782, "objective_cosine_similarity": -0.9290237913667914, "is_tight": 0.0, "dual_solution_value": -0.0, "scaled_age": 0.015151515151515152}, "4": {"bias": -1.1937162704322686, "objective_cosine_similarity": -0.9291893091809845, "is_tight": 0.0, "dual_solution_value": -0.0, "scaled_age": 0.08333333333333333}, "5": {"bias": -1.0947974973864747, "objective_cosine_similarity": -0.906343487810999, "is_tight": 0.0, "dual_solution_value": -0.0, "scaled_age": 0.08333333333333333}, "6": {"bias": -1.1018379294353935, "objective_cosine_similarity": -0.8829846863472773, "is_tight": 0.0, "dual_solution_value": -0.0, "scaled_age": 0.09848484848484848}, "7": {"bias": -1.0995465780839715, "objective_cosine_similarity": -0.9043099140416567, "is_tight": 0.0, "dual_solution_value": -0.0, "scaled_age": 0.09090909090909091}, "8": {"bias": -1.1120768749710654, "objective_cosine_similarity": -0.9128880629965521, "is_tight": 0.0, "dual_solution_value": -0.0, "scaled_age": 0.10606060606060606}, "9": {"bias": -1.0986827681986333, "objective_cosine_similarity": -0.9139099963211871, "is_tight": 0.0, "dual_solution_value": -0.0, "scaled_age": 0.05303030303030303}, "10": {"bias": -1.0840742295863186, "objective_cosine_similarity": -0.8970461291791253, "is_tight": 1.0, "dual_solution_value": -2.3049531598258395e-08, "scaled_age": 0.0}, "11": {"bias": -0.8343411082861772, "objective_cosine_similarity": -0.8088943210017792, "is_tight": 1.0, "dual_solution_value": -1.9967071553028876e-05, "scaled_age": 0.0}, "12": {"bias": -1.1659976680069961, "objective_cosine_similarity": -0.8643518794963565, "is_tight": 0.0, "dual_solution_value": -0.0, "scaled_age": 0.06060606060606061}, "13": {"bias": -1.1854525504853834, "objective_cosine_similarity": -0.9482653657368518, "is_tight": 0.0, "dual_solution_value": -0.0, "scaled_age": 0.10606060606060606}, "14": {"bias": -1.1627361296797178, "objective_cosine_similarity": -0.9342816879040212, "is_tight": 0.0, "dual_solution_value": -0.0, "scaled_age": 0.08333333333333333}, "15": {"bias": -1.1906641901520483, "objective_cosine_similarity": -0.874371166251223, "is_tight": 0.0, "dual_solution_value": -0.0, "scaled_age": 0.007575757575757576}, "16": {"bias": -1.1444030726651713, "objective_cosine_similarity": -0.9499574207137319, "is_tight": 0.0, "dual_solution_value": -0.0, "scaled_age": 0.06818181818181818}, "17": {"bias": -1.1249607651664308, "objective_cosine_similarity": -0.9434957705842119, "is_tight": 0.0, "dual_solution_value": -0.0, "scaled_age": 0.05303030303030303}, "18": {"bias": -1.1015821104517882, "objective_cosine_similarity": -0.9265706989250134, "is_tight": 1.0, "dual_solution_value": -1.6717277511078945e-05, "scaled_age": 0.0}, "19": {"bias": -1.0, "objective_cosine_similarity": -0.8919696728976908, "is_tight": 0.0, "dual_solution_value": -0.0, "scaled_age": 0.05303030303030303}, "20": {"bias": -1.2001961719970715, "objective_cosine_similarity": -0.9487903598674922, "is_tight": 0.0, "dual_solution_value": 0.0, "scaled_age": 0.09090909090909091}, "21": {"bias": -1.0550518972241183, "objective_cosine_similarity": -0.9084554172001003, "is_tight": 0.0, "dual_solution_value": 0.0, "scaled_age": 0.08333333333333333}, "22": {"bias": -1.1908515217312368, "objective_cosine_similarity": -0.9517530324624822, "is_tight": 0.0, "dual_solution_value": 0.0, "scaled_age": 0.08333333333333333}, "23": {"bias": -0.3779644730092272, "objective_cosine_similarity": -0.47278575400336803, "is_tight": 0.0, "dual_solution_value": 0.0, "scaled_age": 0.1590909090909091}, "24": {"bias": -0.5, "objective_cosine_similarity": -0.18291075180999639, "is_tight": 0.0, "dual_solution_value": 0.0, "scaled_age": 0.1590909090909091}, "25": {"bias": -0.3779644730092272, "objective_cosine_similarity": -0.33451822217219435, "is_tight": 0.0, "dual_solution_value": 0.0, "scaled_age": 0.1590909090909091}, "26": {"bias": -0.4082482904638631, "objective_cosine_similarity": -0.351685750101551, "is_tight": 0.0, "dual_solution_value": 0.0, "scaled_age": 0.1590909090909091}, "27": {"bias": -0.5, "objective_cosine_similarity": -0.3894228909503149, "is_tight": 0.0, "dual_solution_value": 0.0, "scaled_age": 0.05303030303030303}, "28": {"bias": -0.5773502691896258, "objective_cosine_similarity": -0.38834861885968774, "is_tight": 0.0, "dual_solution_value": 0.0, "scaled_age": 0.1590909090909091}, "29": {"bias": -0.4472135954999579, "objective_cosine_similarity": -0.5066333417654643, "is_tight": 1.0, "dual_solution_value": -0.0008585043369069043, "scaled_age": 0.0}, "30": {"bias": -0.5773502691896258, "objective_cosine_similarity": -0.03406566832102524, "is_tight": 0.0, "dual_solution_value": 0.0, "scaled_age": 0.1590909090909091}, "31": {"bias": -0.5, "objective_cosine_similarity": -0.413024278280637, "is_tight": 1.0, "dual_solution_value": -0.0070155864142510274, "scaled_age": 0.0}, "32": {"bias": -0.5773502691896258, "objective_cosine_similarity": -0.2657122129039969, "is_tight": 1.0, "dual_solution_value": -0.02725253465682019, "scaled_age": 0.0}, "33": {"bias": -0.5, "objective_cosine_similarity": -0.2537149138009627, "is_tight": 0.0, "dual_solution_value": 0.0, "scaled_age": 0.1590909090909091}, "34": {"bias": -0.35355339059327373, "objective_cosine_similarity": -0.5090053813137715, "is_tight": 0.0, "dual_solution_value": 0.0, "scaled_age": 0.1590909090909091}, "35": {"bias": -0.4082482904638631, "objective_cosine_similarity": -0.45285562341843555, "is_tight": 0.0, "dual_solution_value": 0.0, "scaled_age": 0.1590909090909091}, "36": {"bias": -0.4082482904638631, "objective_cosine_similarity": -0.39022665422226893, "is_tight": 0.0, "dual_solution_value": 0.0, "scaled_age": 0.1590909090909091}, "37": {"bias": -0.4082482904638631, "objective_cosine_similarity": -0.351685750101551, "is_tight": 0.0, "dual_solution_value": 0.0, "scaled_age": 0.10606060606060606}, "38": {"bias": -0.4472135954999579, "objective_cosine_similarity": -0.41163959018443974, "is_tight": 0.0, "dual_solution_value": 0.0, "scaled_age": 0.1590909090909091}, "39": {"bias": -0.35355339059327373, "objective_cosine_similarity": -0.3588070720736422, "is_tight": 0.0, "dual_solution_value": 0.0, "scaled_age": 0.1590909090909091}, "40": {"bias": -0.5773502691896258, "objective_cosine_similarity": -0.23845967824717668, "is_tight": 1.0, "dual_solution_value": -0.010147095874781308, "scaled_age": 0.0}, "41": {"bias": -0.5, "objective_cosine_similarity": -0.34222011628967064, "is_tight": 0.0, "dual_solution_value": 0.0, "scaled_age": 0.07575757575757576}, "42": {"bias": -0.4082482904638631, "objective_cosine_similarity": -0.573295948795679, "is_tight": 0.0, "dual_solution_value": 0.0, "scaled_age": 0.05303030303030303}, "43": {"bias": -0.4472135954999579, "objective_cosine_similarity": -0.36942014503731774, "is_tight": 1.0, "dual_solution_value": -0.006477980143194584, "scaled_age": 0.0}, "44": {"bias": -0.3333333333333333, "objective_cosine_similarity": -0.5231640858221401, "is_tight": 0.0, "dual_solution_value": 0.0, "scaled_age": 0.1590909090909091}, "45": {"bias": -0.7071067811865475, "objective_cosine_similarity": -0.28370791745357754, "is_tight": 0.0, "dual_solution_value": 0.0, "scaled_age": 0.14393939393939395}, "46": {"bias": -0.4472135954999579, "objective_cosine_similarity": -0.3219232692468054, "is_tight": 0.0, "dual_solution_value": 0.0, "scaled_age": 0.03787878787878788}, "47": {"bias": -0.3779644730092272, "objective_cosine_similarity": -0.5619906132492865, "is_tight": 1.0,