{"0": {"bias": -0.9477360354098452, "objective_cosine_similarity": -0.933459725240061, "is_tight": 0.0, "dual_solution_value": -0.0, "scaled_age": 0.06666666666666667}, "1": {"bias": -0.8980265101338746, "objective_cosine_similarity": -0.8895700604851678, "is_tight": 0.0, "dual_solution_value": -0.0, "scaled_age": 0.0380952380952381}, "2": {"bias": -0.5163977794943222, "objective_cosine_similarity": -0.6929434715725582, "is_tight": 0.0, "dual_solution_value": -0.0, "scaled_age": 0.009523809523809525}, "3": {"bias": -1.0408905497243635, "objective_cosine_similarity": -0.9389135006571161, "is_tight": 1.0, "dual_solution_value": -2.6928025200086582e-08, "scaled_age": 0.0}, "4": {"bias": -0.9486832980505138, "objective_cosine_similarity": -0.8684156830419082, "is_tight": 1.0, "dual_solution_value": -1.3576931952505393e-06, "scaled_age": 0.0}, "5": {"bias": -0.5773502691896258, "objective_cosine_similarity": -0.746421802375865, "is_tight": 1.0, "dual_solution_value": -0.008879111977397979, "scaled_age": 0.0}, "6": {"bias": -0.9183336214098012, "objective_cosine_similarity": -0.9002738080135493, "is_tight": 1.0, "dual_solution_value": -1.2411167934518886e-06, "scaled_age": 0.0}, "7": {"bias": -0.6963106238227914, "objective_cosine_similarity": -0.7232790539691809, "is_tight": 1.0, "dual_solution_value": -2.0690388610733027e-05, "scaled_age": 0.0}, "8": {"bias": -0.9108416185710135, "objective_cosine_similarity": -0.9608013263320816, "is_tight": 1.0, "dual_solution_value": -0.009028540366883019, "scaled_age": 0.0}, "9": {"bias": -0.9723938353385086, "objective_cosine_similarity": -0.9311178004110966, "is_tight": 1.0, "dual_solution_value": -0.0009992724908483755, "scaled_age": 0.0}, "10": {"bias": -0.5773502691896258, "objective_cosine_similarity": -0.13384115077084474, "is_tight": 0.0, "dual_solution_value": 0.0, "scaled_age": 0.17142857142857143}, "11": {"bias": -0.3779644730092272, "objective_cosine_similarity": -0.36058835649610477, "is_tight": 0.0, "dual_solution_value": 0.0, "scaled_age": 0.22857142857142856}, "12": {"bias": -0.5773502691896258, "objective_cosine_similarity": -0.1595798336113918, "is_tight": 0.0, "dual_solution_value": 0.0, "scaled_age": 0.22857142857142856}, "13": {"bias": -0.3779644730092272, "objective_cosine_similarity": -0.5021277113824263, "is_tight": 0.0, "dual_solution_value": 0.0, "scaled_age": 0.12380952380952381}, "14": {"bias": -0.4472135954999579, "objective_cosine_similarity": -0.41867905797796423, "is_tight": 1.0, "dual_solution_value": -0.001577125937552091, "scaled_age": 0.0}, "15": {"bias": -0.3779644730092272, "objective_cosine_similarity": -0.3740682950567068, "is_tight": 0.0, "dual_solution_value": 0.0, "scaled_age": 0.18095238095238095}, "16": {"bias": -0.4472135954999579, "objective_cosine_similarity": -0.6579242339653724, "is_tight": 1.0, "dual_solution_value": -0.06282475239241743, "scaled_age": 0.0}, "17": {"bias": -0.4082482904638631, "objective_cosine_similarity": -0.5350799169556034, "is_tight": 0.0, "dual_solution_value": 0.0, "scaled_age": 0.22857142857142856}, "18": {"bias": -0.4082482904638631, "objective_cosine_similarity": -0.24751996158490497, "is_tight": 0.0, "dual_solution_value": 0.0, "scaled_age": 0.22857142857142856}, "19": {"bias": -0.3333333333333333, "objective_cosine_similarity": -0.40122635759755876, "is_tight": 0.0, "dual_solution_value": 0.0, "scaled_age": 0.22857142857142856}, "20": {"bias": -0.4472135954999579, "objective_cosine_similarity": -0.2591822739863588, "is_tight": 0.0, "dual_solution_value": 0.0, "scaled_age": 0.22857142857142856}, "21": {"bias": -0.4472135954999579, "objective_cosine_similarity": -0.5223519675725078, "is_tight": 0.0, "dual_solution_value": 0.0, "scaled_age": 0.22857142857142856}, "22": {"bias": -0.35355339059327373, "objective_cosine_similarity": -0.40665082548881776, "is_tight": 0.0, "dual_solution_value": 0.0, "scaled_age": 0.22857142857142856}, "23": {"bias": -0.3333333333333333, "objective_cosine_similarity": -0.38339407503766726, "is_tight": 0.0, "dual_solution_value": 0.0, "scaled_age": 0.22857142857142856}, "24": {"bias": -0.3333333333333333, "objective_cosine_similarity": -0.463639346557179, "is_tight": 0.0, "dual_solution_value": 0.0, "scaled_age": 0.22857142857142856}, "25": {"bias": -0.4082482904638631, "objective_cosine_similarity": -0.2147599666692558, "is_tight": 0.0, "dual_solution_value": 0.0, "scaled_age": 0.22857142857142856}, "26": {"bias": -0.3779644730092272, "objective_cosine_similarity": -0.4583179110604696, "is_tight": 0.0, "dual_solution_value": 0.0, "scaled_age": 0.22857142857142856}, "27": {"bias": -0.5773502691896258, "objective_cosine_similarity": -0.13384115077084474, "is_tight": 0.0, "dual_solution_value": 0.0, "scaled_age": 0.22857142857142856}, "28": {"bias": -0.4082482904638631, "objective_cosine_similarity": -0.31303995141620333, "is_tight": 0.0, "dual_solution_value": 0.0, "scaled_age": 0.22857142857142856}, "29": {"bias": -0.4082482904638631, "objective_cosine_similarity": -0.5459999152608198, "is_tight": 0.0, "dual_solution_value": 0.0, "scaled_age": 0.0380952380952381}, "30": {"bias": -0.4082482904638631, "objective_cosine_similarity": -0.4986799226048821, "is_tight": 0.0, "dual_solution_value": 0.0, "scaled_age": 0.22857142857142856}, "31": {"bias": -0.4472135954999579, "objective_cosine_similarity": -0.2910816307846799, "is_tight": 0.0, "dual_solution_value": 0.0, "scaled_age": 0.22857142857142856}, "32": {"bias": -0.5773502691896258, "objective_cosine_similarity": -0.28827324781412716, "is_tight": 0.0, "dual_solution_value": 0.0, "scaled_age": 0.22857142857142856}, "33": {"bias": -0.4082482904638631, "objective_cosine_similarity": -0.3639999435072132, "is_tight": 0.0, "dual_solution_value": 0.0, "scaled_age": 0.22857142857142856}, "34": {"bias": -0.4472135954999579, "objective_cosine_similarity": -0.43064131677733464, "is_tight": 1.0, "dual_solution_value": -0.00611060078219575, "scaled_age": 0.0}, "35": {"bias": -0.4082482904638631, "objective_cosine_similarity": -0.3093999519811312, "is_tight": 0.0, "dual_solution_value": 0.0, "scaled_age": 0.22857142857142856}, "36": {"bias": -0.5, "objective_cosine_similarity": -0.2719423090383454, "is_tight": 0.0, "dual_solution_value": 0.0, "scaled_age": 0.0380952380952381}, "37": {"bias": -0.3779644730092272, "objective_cosine_similarity": -0.4482079571400181, "is_tight": 0.0, "dual_solution_value": 0.0, "scaled_age": 0.047619047619047616}, "38": {"bias": -0.4082482904638631, "objective_cosine_similarity": -0.4367999322086558, "is_tight": 0.0, "dual_solution_value": 0.0, "scaled_age": 0.22857142857142856}, "39": {"bias": -0.7071067811865475, "objective_cosine_similarity": -0.16392126298774048, "is_tight": 0.0, "dual_solution_value": 0.0, "scaled_age": 0.01904761904761905}, "40": {"bias": -0.4472135954999579, "objective_cosine_similarity": -0.43064131677733464, "is_tight": 0.0, "dual_solution_value": 0.0, "scaled_age": 0.22857142857142856}, "41": {"bias": -0.31622776601683794, "objective_cosine_similarity": -0.6625898880352222, "is_tight": 0.0, "dual_solution_value": 0.0, "scaled_age": 0.22857142857142856}, "42": {"bias": -0.35355339059327373, "objective_cosine_similarity": -0.24272956250107727, "is_tight": 0.0, "dual_solution_value": 0.0, "scaled_age": 0.22857142857142856}, "43": {"bias": -0.4082482904638631, "objective_cosine_similarity": -0.4804799254295214, "is_tight": 0.0, "dual_solution_value": 0.0, "scaled_age": 0.11428571428571428}, "44": {"bias": -0.4082482904638631, "objective_cosine_similarity": -0.40403993729300663, "is_tight": 0.0, "dual_solution_value": 0.0, "scaled_age": 0.22857142857142856}, "45": {"bias": -0.4472135954999579, "objective_cosine_similarity": -0.4226664775777544, "is_tight": 1.0, "dual_solution_value": -0.00039153045234659216, "scaled_age": 0.0}, "46": {"bias": -0.4082482904638631, "objective_cosine_similarity": -0.3894799395527181, "is_tight": 0.0, "dual_solution_value": 0.0, "scaled_age": 0.22857142857142856},