{"0": {"bias": -0.8363145133966761, "objective_cosine_similarity": -0.3385407047476227, "is_tight": 1.0, "dual_solution_value": -6.846637304241352e-05, "scaled_age": 0.0}, "1": {"bias": -0.6468462273531509, "objective_cosine_similarity": -0.4567329806000941, "is_tight": 0.0, "dual_solution_value": -0.0, "scaled_age": 0.05970149253731343}, "2": {"bias": -0.4923659639173309, "objective_cosine_similarity": -0.3632376675761127, "is_tight": 1.0, "dual_solution_value": -2.3798978205818855e-05, "scaled_age": 0.0}, "3": {"bias": -0.5773502691896258, "objective_cosine_similarity": -0.28809641446919143, "is_tight": 0.0, "dual_solution_value": -0.0, "scaled_age": 0.014925373134328358}, "4": {"bias": -0.4743416490252569, "objective_cosine_similarity": -0.3717774088599176, "is_tight": 0.0, "dual_solution_value": -0.0, "scaled_age": 0.22388059701492538}, "5": {"bias": -0.7042028396309279, "objective_cosine_similarity": -0.4327465696568333, "is_tight": 0.0, "dual_solution_value": -0.0, "scaled_age": 0.11940298507462686}, "6": {"bias": -0.3922322702763681, "objective_cosine_similarity": -0.22131123285954818, "is_tight": 0.0, "dual_solution_value": -0.0, "scaled_age": 0.04477611940298507}, "7": {"bias": -0.6, "objective_cosine_similarity": -0.14990749305318105, "is_tight": 0.0, "dual_solution_value": -0.0, "scaled_age": 0.208955223880597}, "8": {"bias": -0.9865854551683044, "objective_cosine_similarity": -0.19559512002575083, "is_tight": 1.0, "dual_solution_value": -0.00013124222208085384, "scaled_age": 0.0}, "9": {"bias": -0.8680479907550964, "objective_cosine_similarity": -0.19505612564866914, "is_tight": 0.0, "dual_solution_value": -0.0, "scaled_age": 0.22388059701492538}, "10": {"bias": -0.825488343412996, "objective_cosine_similarity": -0.1844172374130267, "is_tight": 0.0, "dual_solution_value": -0.0, "scaled_age": 0.22388059701492538}, "11": {"bias": -0.8090398349558905, "objective_cosine_similarity": -0.1942744081929876, "is_tight": 0.0, "dual_solution_value": -0.0, "scaled_age": 0.04477611940298507}, "12": {"bias": -0.3913968438320653, "objective_cosine_similarity": -0.7873814624339538, "is_tight": 0.0, "dual_solution_value": -0.0, "scaled_age": 0.014925373134328358}, "13": {"bias": -0.3938853444095077, "objective_cosine_similarity": -0.7840409551990296, "is_tight": 0.0, "dual_solution_value": -0.0, "scaled_age": 0.014925373134328358}, "14": {"bias": -0.24253562503633297, "objective_cosine_similarity": -0.2679712443530118, "is_tight": 0.0, "dual_solution_value": 0.0, "scaled_age": 0.19402985074626866}, "15": {"bias": -0.20851441405707477, "objective_cosine_similarity": -0.3455731523485034, "is_tight": 0.0, "dual_solution_value": 0.0, "scaled_age": 0.3283582089552239}, "16": {"bias": -0.20851441405707477, "objective_cosine_similarity": -0.3192355000338352, "is_tight": 0.0, "dual_solution_value": 0.0, "scaled_age": 0.3283582089552239}, "17": {"bias": -0.20412414523193154, "objective_cosine_similarity": -0.3246972292621321, "is_tight": 1.0, "dual_solution_value": -8.0049422744789e-05, "scaled_age": 0.0}, "18": {"bias": -0.22941573387056174, "objective_cosine_similarity": -0.29773808881430286, "is_tight": 0.0, "dual_solution_value": 0.0, "scaled_age": 0.3283582089552239}, "19": {"bias": -0.20851441405707477, "objective_cosine_similarity": -0.3918811124622057, "is_tight": 1.0, "dual_solution_value": -2.917975616464663e-05, "scaled_age": 0.0}, "20": {"bias": -0.24253562503633297, "objective_cosine_similarity": -0.33496405544126473, "is_tight": 1.0, "dual_solution_value": -1.2782625101547026e-05, "scaled_age": 0.0}, "21": {"bias": -0.24253562503633297, "objective_cosine_similarity": -0.3517964200363031, "is_tight": 1.0, "dual_solution_value": -0.00028996085384963685, "scaled_age": 0.0}, "22": {"bias": -0.23570226039551587, "objective_cosine_similarity": -0.2993535601020072, "is_tight": 1.0, "dual_solution_value": -0.0022660521421670847, "scaled_age": 0.0}, "23": {"bias": -0.20851441405707477, "objective_cosine_similarity": -0.3432577543428183, "is_tight": 0.0, "dual_solution_value": 0.0, "scaled_age": 0.014925373134328358}, "24": {"bias": -0.19245008972987526, "objective_cosine_similarity": -0.27914766167853966, "is_tight": 0.0, "dual_solution_value": 0.0, "scaled_age": 0.3283582089552239}, "25": {"bias": -0.2672612419124244, "objective_cosine_similarity": -0.3375801955230359, "is_tight": 1.0, "dual_solution_value": -0.004369395585618173, "scaled_age": 0.0}, "26": {"bias": -0.23570226039551587, "objective_cosine_similarity": -0.25322366723382905, "is_tight": 0.0, "dual_solution_value": 0.0, "scaled_age": 0.3283582089552239}, "27": {"bias": -0.21320071635561041, "objective_cosine_similarity": -0.37997346499369694, "is_tight": 1.0, "dual_solution_value": -5.1067951905929795e-06, "scaled_age": 0.0}, "28": {"bias": -0.20851441405707477, "objective_cosine_similarity": -0.35107222261200555, "is_tight": 0.0, "dual_solution_value": 0.0, "scaled_age": 0.3283582089552239}, "29": {"bias": -0.20412414523193154, "objective_cosine_similarity": -0.30571405791783646, "is_tight": 0.0, "dual_solution_value": 0.0, "scaled_age": 0.3283582089552239}, "30": {"bias": -0.2182178902359924, "objective_cosine_similarity": -0.2880517085024527, "is_tight": 0.0, "dual_solution_value": 0.0, "scaled_age": 0.3283582089552239}, "31": {"bias": -0.19245008972987526, "objective_cosine_similarity": -0.4127111361658792, "is_tight": 1.0, "dual_solution_value": -0.0010657075897739158, "scaled_age": 0.0}, "32": {"bias": -0.19245008972987526, "objective_cosine_similarity": -0.40523158159458816, "is_tight": 0.0, "dual_solution_value": 0.0, "scaled_age": 0.3283582089552239}, "33": {"bias": -0.19245008972987526, "objective_cosine_similarity": -0.4741503344300554, "is_tight": 1.0, "dual_solution_value": -0.0018160859007714113, "scaled_age": 0.0}, "34": {"bias": -0.2, "objective_cosine_similarity": -0.3617212286079535, "is_tight": 0.0, "dual_solution_value": 0.0, "scaled_age": 0.3283582089552239}, "35": {"bias": -0.20412414523193154, "objective_cosine_similarity": -0.3252638910933051, "is_tight": 0.0, "dual_solution_value": 0.0, "scaled_age": 0.3283582089552239}, "36": {"bias": -0.22941573387056174, "objective_cosine_similarity": -0.26716818878631027, "is_tight": 0.0, "dual_solution_value": 0.0, "scaled_age": 0.3283582089552239}, "37": {"bias": -0.18257418583505536, "objective_cosine_similarity": -0.3895048108004092, "is_tight": 0.0, "dual_solution_value": 0.0, "scaled_age": 0.3283582089552239}, "38": {"bias": -0.19611613513818404, "objective_cosine_similarity": -0.33319181921289914, "is_tight": 0.0, "dual_solution_value": 0.0, "scaled_age": 0.3283582089552239}, "39": {"bias": -0.2, "objective_cosine_similarity": -0.3847625655031647, "is_tight": 0.0, "dual_solution_value": 0.0, "scaled_age": 0.14925373134328357}, "40": {"bias": -0.23570226039551587, "objective_cosine_similarity": -0.22247040532171025, "is_tight": 0.0, "dual_solution_value": 0.0, "scaled_age": 0.3283582089552239}, "41": {"bias": -0.19245008972987526, "objective_cosine_similarity": -0.307997372167805, "is_tight": 0.0, "dual_solution_value": 0.0, "scaled_age": 0.3283582089552239}, "42": {"bias": -0.19245008972987526, "objective_cosine_similarity": -0.3755804902583988, "is_tight": 0.0, "dual_solution_value": 0.0, "scaled_age": 0.07462686567164178}, "43": {"bias": -0.20851441405707477, "objective_cosine_similarity": -0.3513616473627162, "is_tight": 1.0, "dual_solution_value": -4.1993174533598574e-07, "scaled_age": 0.0}, "44": {"bias": -0.20851441405707477, "objective_cosine_similarity": -0.3614915136375886, "is_tight": 0.0, "dual_solution_value": 0.0, "scaled_age": 0.3283582089552239}, "45": {"bias": -0.23570226039551587, "objective_cosine_similarity": -0.3209462759126438, "is_tight": 0.0, "dual_solution_value": 0.0, "scaled_age": 0.3283582089552239}, "46": {"bias": -0.20412414523193154, "objective_cosine_similarity": -0.26151443508634203, "is_tight": 0.0, "dual_solution_value": 0.0, "scaled_age": 0.3283582089552239},