{"0": {"bias": -0.8944271909999159, "objective_cosine_similarity": -0.24464086223903486, "is_tight": 1.0, "dual_solution_value": -0.0008432296159988138, "scaled_age": 0.0}, "1": {"bias": -1.0, "objective_cosine_similarity": -0.7026210525558264, "is_tight": 1.0, "dual_solution_value": -0.0007578212766576882, "scaled_age": 0.0}, "2": {"bias": -1.1141720290623112, "objective_cosine_similarity": -0.8546103246994767, "is_tight": 1.0, "dual_solution_value": -0.0020765791823220423, "scaled_age": 0.0}, "3": {"bias": -0.8320502943378437, "objective_cosine_similarity": -0.6618502383815678, "is_tight": 0.0, "dual_solution_value": -0.0, "scaled_age": 0.10714285714285714}, "4": {"bias": -1.037622123331683, "objective_cosine_similarity": -0.8130559350679049, "is_tight": 1.0, "dual_solution_value": -3.6971539370397135e-08, "scaled_age": 0.0}, "5": {"bias": -0.6666666666666666, "objective_cosine_similarity": -0.6302778412207414, "is_tight": 1.0, "dual_solution_value": -2.7070597531559788e-05, "scaled_age": 0.0}, "6": {"bias": -0.3779644730092272, "objective_cosine_similarity": -0.3176301761418545, "is_tight": 0.0, "dual_solution_value": 0.0, "scaled_age": 0.4166666666666667}, "7": {"bias": -0.5773502691896258, "objective_cosine_similarity": -0.11671978079211077, "is_tight": 0.0, "dual_solution_value": 0.0, "scaled_age": 0.17857142857142858}, "8": {"bias": -0.4472135954999579, "objective_cosine_similarity": -0.19677634571400632, "is_tight": 0.0, "dual_solution_value": 0.0, "scaled_age": 0.4166666666666667}, "9": {"bias": -0.4472135954999579, "objective_cosine_similarity": -0.41659856975487825, "is_tight": 1.0, "dual_solution_value": -0.012674532974424314, "scaled_age": 0.0}, "10": {"bias": -0.5, "objective_cosine_similarity": -0.2536967411202984, "is_tight": 0.0, "dual_solution_value": 0.0, "scaled_age": 0.34523809523809523}, "11": {"bias": -0.4472135954999579, "objective_cosine_similarity": -0.15954838841676186, "is_tight": 0.0, "dual_solution_value": 0.0, "scaled_age": 0.4166666666666667}, "12": {"bias": -0.35355339059327373, "objective_cosine_similarity": -0.38821265644587666, "is_tight": 0.0, "dual_solution_value": 0.0, "scaled_age": 0.4166666666666667}, "13": {"bias": -0.5773502691896258, "objective_cosine_similarity": -0.34558209607075935, "is_tight": 0.0, "dual_solution_value": 0.0, "scaled_age": 0.4166666666666667}, "14": {"bias": -0.5773502691896258, "objective_cosine_similarity": -0.14189463547276213, "is_tight": 0.0, "dual_solution_value": 0.0, "scaled_age": 0.2976190476190476}, "15": {"bias": -0.4082482904638631, "objective_cosine_similarity": -0.3058588797230976, "is_tight": 0.0, "dual_solution_value": 0.0, "scaled_age": 0.4166666666666667}, "16": {"bias": -0.5773502691896258, "objective_cosine_similarity": -0.10527666502817835, "is_tight": 0.0, "dual_solution_value": 0.0, "scaled_age": 0.4166666666666667}, "17": {"bias": -0.4472135954999579, "objective_cosine_similarity": -0.17904874700103277, "is_tight": 0.0, "dual_solution_value": 0.0, "scaled_age": 0.4166666666666667}, "18": {"bias": -0.5, "objective_cosine_similarity": -0.17639851531020748, "is_tight": 0.0, "dual_solution_value": 0.0, "scaled_age": 0.07142857142857142}, "19": {"bias": -0.4082482904638631, "objective_cosine_similarity": -0.24112684168646317, "is_tight": 0.0, "dual_solution_value": 0.0, "scaled_age": 0.4166666666666667}, "20": {"bias": -0.7071067811865475, "objective_cosine_similarity": -0.1821936654800143, "is_tight": 0.0, "dual_solution_value": 0.0, "scaled_age": 0.39285714285714285}, "21": {"bias": -0.5, "objective_cosine_similarity": -0.14468642267017018, "is_tight": 0.0, "dual_solution_value": 0.0, "scaled_age": 0.11904761904761904}, "22": {"bias": -0.4472135954999579, "objective_cosine_similarity": -0.19677634571400632, "is_tight": 0.0, "dual_solution_value": 0.0, "scaled_age": 0.4166666666666667}, "23": {"bias": -0.7071067811865475, "objective_cosine_similarity": -0.29711582370586953, "is_tight": 1.0, "dual_solution_value": -0.01962085628246308, "scaled_age": 0.0}, "24": {"bias": -0.5773502691896258, "objective_cosine_similarity": -0.21284195320914318, "is_tight": 0.0, "dual_solution_value": 0.0, "scaled_age": 0.4166666666666667}, "25": {"bias": -0.5773502691896258, "objective_cosine_similarity": -0.4211066601127134, "is_tight": 1.0, "dual_solution_value": -0.04769653405190062, "scaled_age": 0.0}, "26": {"bias": -0.5773502691896258, "objective_cosine_similarity": -0.2586144162648729, "is_tight": 1.0, "dual_solution_value": -0.022734829769949394, "scaled_age": 0.0}, "27": {"bias": -0.5, "objective_cosine_similarity": -0.2636067700703101, "is_tight": 1.0, "dual_solution_value": -0.0026607054747026927, "scaled_age": 0.0}, "28": {"bias": -0.4082482904638631, "objective_cosine_similarity": -0.27511116165569627, "is_tight": 0.0, "dual_solution_value": 0.0, "scaled_age": 0.4166666666666667}, "29": {"bias": -0.5773502691896258, "objective_cosine_similarity": -0.12358565025047023, "is_tight": 0.0, "dual_solution_value": 0.0, "scaled_age": 0.16666666666666666}, "30": {"bias": -0.5, "objective_cosine_similarity": -0.18234453268021447, "is_tight": 0.0, "dual_solution_value": 0.0, "scaled_age": 0.4166666666666667}, "31": {"bias": -0.3779644730092272, "objective_cosine_similarity": -0.26968599861100856, "is_tight": 0.0, "dual_solution_value": 0.0, "scaled_age": 0.4166666666666667}, "32": {"bias": -0.4472135954999579, "objective_cosine_similarity": -0.35632473413076815, "is_tight": 0.0, "dual_solution_value": 0.0, "scaled_age": 0.2261904761904762}, "33": {"bias": -0.5, "objective_cosine_similarity": -0.23189467743027276, "is_tight": 0.0, "dual_solution_value": 0.0, "scaled_age": 0.14285714285714285}, "34": {"bias": -0.5773502691896258, "objective_cosine_similarity": -0.14189463547276213, "is_tight": 0.0, "dual_solution_value": 0.0, "scaled_age": 0.4166666666666667}, "35": {"bias": -0.5, "objective_cosine_similarity": -0.24378671217028675, "is_tight": 0.0, "dual_solution_value": 0.0, "scaled_age": 0.4166666666666667}, "36": {"bias": -0.7071067811865475, "objective_cosine_similarity": -0.14295195291508817, "is_tight": 1.0, "dual_solution_value": -0.01657896099382665, "scaled_age": 0.0}, "37": {"bias": -0.4472135954999579, "objective_cosine_similarity": -0.34568817490298404, "is_tight": 0.0, "dual_solution_value": 0.0, "scaled_age": 0.4166666666666667}, "38": {"bias": -0.35355339059327373, "objective_cosine_similarity": -0.17378472707324444, "is_tight": 0.0, "dual_solution_value": 0.0, "scaled_age": 0.4166666666666667}, "39": {"bias": -0.3779644730092272, "objective_cosine_similarity": -0.21724705443664577, "is_tight": 0.0, "dual_solution_value": 0.0, "scaled_age": 0.4166666666666667}, "40": {"bias": -0.4082482904638631, "objective_cosine_similarity": -0.25892815214653764, "is_tight": 0.0, "dual_solution_value": 0.0, "scaled_age": 0.4166666666666667}, "41": {"bias": -0.3779644730092272, "objective_cosine_similarity": -0.5198946751001109, "is_tight": 0.0, "dual_solution_value": 0.0, "scaled_age": 0.4166666666666667}, "42": {"bias": -0.4082482904638631, "objective_cosine_similarity": -0.20066931791356668, "is_tight": 0.0, "dual_solution_value": 0.0, "scaled_age": 0.4166666666666667}, "43": {"bias": -0.5, "objective_cosine_similarity": -0.17243450373020283, "is_tight": 0.0, "dual_solution_value": 0.0, "scaled_age": 0.13095238095238096}, "44": {"bias": -0.3779644730092272, "objective_cosine_similarity": -0.3281179649767271, "is_tight": 0.0, "dual_solution_value": 0.0, "scaled_age": 0.4166666666666667}, "45": {"bias": -0.5773502691896258, "objective_cosine_similarity": -0.5034970936130269, "is_tight": 1.0, "dual_solution_value": -0.05294479828381887, "scaled_age": 0.0}, "46": {"bias": -0.5, "objective_cosine_similarity": -0.3607250537804243, "is_tight": 0.0, "dual_solution_value": 0.0, "scaled_age": 0.4166666666666667}, "47": {"bias": -0.4082482904638631, "objective_cosine_similarity": -0.5874432451824573, "is_tight": 1.0, "dual_solution_value": -0.009941927824029528, "scaled_age": 0.0},