{"0": {"bias": -1.1338934190276817, "objective_cosine_similarity": -0.7445105310380391, "is_tight": 0.0, "dual_solution_value": -0.0, "scaled_age": 0.02857142857142857}, "1": {"bias": -1.1607348488012053, "objective_cosine_similarity": -0.9269018352006065, "is_tight": 0.0, "dual_solution_value": -0.0, "scaled_age": 0.08571428571428572}, "2": {"bias": -1.028991510855053, "objective_cosine_similarity": -0.8660653892591597, "is_tight": 0.0, "dual_solution_value": -0.0, "scaled_age": 0.1}, "3": {"bias": -0.7559289460184544, "objective_cosine_similarity": -0.43532100015717434, "is_tight": 0.0, "dual_solution_value": -0.0, "scaled_age": 0.02857142857142857}, "4": {"bias": -0.6030226891555273, "objective_cosine_similarity": -0.546721382728755, "is_tight": 1.0, "dual_solution_value": -3.246426975613387e-05, "scaled_age": 0.0}, "5": {"bias": -0.7745966692414834, "objective_cosine_similarity": -0.6862635163075163, "is_tight": 1.0, "dual_solution_value": -0.006652594111070541, "scaled_age": 0.0}, "6": {"bias": -0.6324555320336759, "objective_cosine_similarity": -0.5061664059280749, "is_tight": 1.0, "dual_solution_value": -2.76810183499508e-05, "scaled_age": 0.0}, "7": {"bias": -0.9045340337332909, "objective_cosine_similarity": -0.591242667967253, "is_tight": 0.0, "dual_solution_value": -0.0, "scaled_age": 0.02857142857142857}, "8": {"bias": -0.9045340337332909, "objective_cosine_similarity": -0.6820660898537888, "is_tight": 1.0, "dual_solution_value": -0.0028720628646733805, "scaled_age": 0.0}, "9": {"bias": -1.165543034828717, "objective_cosine_similarity": -0.8909278808639547, "is_tight": 0.0, "dual_solution_value": -0.0, "scaled_age": 0.12857142857142856}, "10": {"bias": -1.1764890398652916, "objective_cosine_similarity": -0.9212462085918901, "is_tight": 1.0, "dual_solution_value": -0.00046554522561557943, "scaled_age": 0.0}, "11": {"bias": -1.0607696162215674, "objective_cosine_similarity": -0.8567862645533514, "is_tight": 1.0, "dual_solution_value": -0.007666176255285888, "scaled_age": 0.0}, "12": {"bias": -0.3779644730092272, "objective_cosine_similarity": -0.3103057385735755, "is_tight": 0.0, "dual_solution_value": 0.0, "scaled_age": 0.3}, "13": {"bias": -0.4082482904638631, "objective_cosine_similarity": -0.32311208378383655, "is_tight": 0.0, "dual_solution_value": 0.0, "scaled_age": 0.05714285714285714}, "14": {"bias": -0.4082482904638631, "objective_cosine_similarity": -0.2194268628681278, "is_tight": 0.0, "dual_solution_value": 0.0, "scaled_age": 0.3}, "15": {"bias": -0.4472135954999579, "objective_cosine_similarity": -0.12414718677421795, "is_tight": 0.0, "dual_solution_value": 0.0, "scaled_age": 0.3}, "16": {"bias": -0.4472135954999579, "objective_cosine_similarity": -0.4252701504393423, "is_tight": 1.0, "dual_solution_value": -0.02845021831958092, "scaled_age": 0.0}, "17": {"bias": -0.5773502691896258, "objective_cosine_similarity": -0.2148344622118299, "is_tight": 1.0, "dual_solution_value": -0.00954124880059107, "scaled_age": 0.0}, "18": {"bias": -0.4082482904638631, "objective_cosine_similarity": -0.26282997860028495, "is_tight": 0.0, "dual_solution_value": 0.0, "scaled_age": 0.3}, "19": {"bias": -0.4472135954999579, "objective_cosine_similarity": -0.3882901373576604, "is_tight": 1.0, "dual_solution_value": -0.01870328816973668, "scaled_age": 0.0}, "20": {"bias": -0.3779644730092272, "objective_cosine_similarity": -0.31700298472983973, "is_tight": 0.0, "dual_solution_value": 0.0, "scaled_age": 0.3}, "21": {"bias": -0.4472135954999579, "objective_cosine_similarity": -0.4780987405560308, "is_tight": 0.0, "dual_solution_value": 0.0, "scaled_age": 0.17142857142857143}, "22": {"bias": -0.5, "objective_cosine_similarity": -0.34552533206993785, "is_tight": 0.0, "dual_solution_value": 0.0, "scaled_age": 0.18571428571428572}, "23": {"bias": -0.5, "objective_cosine_similarity": -0.4104959073309518, "is_tight": 0.0, "dual_solution_value": 0.0, "scaled_age": 0.02857142857142857}, "24": {"bias": -0.4472135954999579, "objective_cosine_similarity": -0.19810721293758182, "is_tight": 0.0, "dual_solution_value": 0.0, "scaled_age": 0.3}, "25": {"bias": -0.4082482904638631, "objective_cosine_similarity": -0.38098290476004604, "is_tight": 0.0, "dual_solution_value": 0.0, "scaled_age": 0.18571428571428572}, "26": {"bias": -0.3779644730092272, "objective_cosine_similarity": -0.47773689248018103, "is_tight": 0.0, "dual_solution_value": 0.0, "scaled_age": 0.3}, "27": {"bias": -0.4472135954999579, "objective_cosine_similarity": -0.3328201177351375, "is_tight": 1.0, "dual_solution_value": -0.0001285592495755159, "scaled_age": 0.0}, "28": {"bias": -0.4472135954999579, "objective_cosine_similarity": -0.29848153415928996, "is_tight": 0.0, "dual_solution_value": 0.0, "scaled_age": 0.07142857142857142}, "29": {"bias": -0.35355339059327373, "objective_cosine_similarity": -0.2672938725507137, "is_tight": 0.0, "dual_solution_value": 0.0, "scaled_age": 0.3}, "30": {"bias": -0.4472135954999579, "objective_cosine_similarity": -0.40942157340433577, "is_tight": 0.0, "dual_solution_value": 0.0, "scaled_age": 0.15714285714285714}, "31": {"bias": -0.4082482904638631, "objective_cosine_similarity": -0.3568700626866254, "is_tight": 0.0, "dual_solution_value": 0.0, "scaled_age": 0.3}, "32": {"bias": -0.3779644730092272, "objective_cosine_similarity": -0.3884402770633248, "is_tight": 0.0, "dual_solution_value": 0.0, "scaled_age": 0.3}, "33": {"bias": -0.5, "objective_cosine_similarity": -0.3839170356332643, "is_tight": 0.0, "dual_solution_value": 0.0, "scaled_age": 0.3}, "34": {"bias": -0.4472135954999579, "objective_cosine_similarity": -0.348668694770144, "is_tight": 0.0, "dual_solution_value": 0.0, "scaled_age": 0.3}, "35": {"bias": -0.35355339059327373, "objective_cosine_similarity": -0.6222935470321302, "is_tight": 0.0, "dual_solution_value": 0.0, "scaled_age": 0.3}, "36": {"bias": -0.4082482904638631, "objective_cosine_similarity": -0.27488639963699524, "is_tight": 0.0, "dual_solution_value": 0.0, "scaled_age": 0.3}, "37": {"bias": -0.5, "objective_cosine_similarity": -0.26283550901046554, "is_tight": 0.0, "dual_solution_value": 0.0, "scaled_age": 0.3}, "38": {"bias": -0.4082482904638631, "objective_cosine_similarity": -0.3182895153691524, "is_tight": 0.0, "dual_solution_value": 0.0, "scaled_age": 0.3}, "39": {"bias": -0.4472135954999579, "objective_cosine_similarity": -0.35395155378181287, "is_tight": 0.0, "dual_solution_value": 0.0, "scaled_age": 0.15714285714285714}, "40": {"bias": -0.5773502691896258, "objective_cosine_similarity": -0.39897828696482696, "is_tight": 1.0, "dual_solution_value": -0.04258659805103163, "scaled_age": 0.0}, "41": {"bias": -0.4082482904638631, "objective_cosine_similarity": -0.42679730469954524, "is_tight": 0.0, "dual_solution_value": 0.0, "scaled_age": 0.014285714285714285}, "42": {"bias": -0.5, "objective_cosine_similarity": -0.3632445798683962, "is_tight": 0.0, "dual_solution_value": 0.0, "scaled_age": 0.21428571428571427}, "43": {"bias": -0.3779644730092272, "objective_cosine_similarity": -0.4509479078551242, "is_tight": 0.0, "dual_solution_value": 0.0, "scaled_age": 0.3}, "44": {"bias": -0.5, "objective_cosine_similarity": -0.3602913719019865, "is_tight": 0.0, "dual_solution_value": 0.0, "scaled_age": 0.3}, "45": {"bias": -0.3779644730092272, "objective_cosine_similarity": -0.383975446292482, "is_tight": 0.0, "dual_solution_value": 0.0, "scaled_age": 0.3}, "46": {"bias": -0.3779644730092272, "objective_cosine_similarity": -0.3996023539904318, "is_tight": 0.0, "dual_solution_value": 0.0, "scaled_age": 0.3}, "47": {"bias": -0.4472135954999579, "objective_cosine_similarity": -0.4279115799451767, "is_tight": 0.0, "dual_solution_value": 0.0, "scaled_age": 0.3}, "48": {"bias": -0.5, "objective_cosine_similarity": -0.301227212573792, "is_tight": 0.0, "dual_solution_value": 0.0, "scaled_age": 0.3}, "49": {"bias": -0.3779644730092272, "objective_cosine_similarity": -0.4040671847612746, "is_tight": 0.0, "dual_solution_value": 0.0, "scaled_age": 0.3},