{"0": {"bias": -1.179535649239177, "objective_cosine_similarity": -0.936046522602689, "is_tight": 1.0, "dual_solution_value": -0.00033360464716263103, "scaled_age": 0.0}, "1": {"bias": -1.0606601717798212, "objective_cosine_similarity": -0.7826655625402816, "is_tight": 0.0, "dual_solution_value": -0.0, "scaled_age": 0.175}, "2": {"bias": -1.2080525335287795, "objective_cosine_similarity": -0.957512974013194, "is_tight": 0.0, "dual_solution_value": -0.0, "scaled_age": 0.075}, "3": {"bias": -0.6324555320336759, "objective_cosine_similarity": -0.5396763793135365, "is_tight": 0.0, "dual_solution_value": -0.0, "scaled_age": 0.0}, "4": {"bias": -0.8660254037844387, "objective_cosine_similarity": -0.7150533655475766, "is_tight": 1.0, "dual_solution_value": -0.0013061935978668827, "scaled_age": 0.0}, "5": {"bias": -1.2, "objective_cosine_similarity": -0.9615508949779545, "is_tight": 0.0, "dual_solution_value": -0.0, "scaled_age": 0.1}, "6": {"bias": -1.170035878603409, "objective_cosine_similarity": -0.9306471889748923, "is_tight": 0.0, "dual_solution_value": -0.0, "scaled_age": 0.0}, "7": {"bias": -0.8980265101338746, "objective_cosine_similarity": -0.8512375710813671, "is_tight": 0.0, "dual_solution_value": -0.0, "scaled_age": 0.0125}, "8": {"bias": -1.090368546277221, "objective_cosine_similarity": -0.9130473081601966, "is_tight": 1.0, "dual_solution_value": -8.93137234509601e-06, "scaled_age": 0.15}, "9": {"bias": -0.5, "objective_cosine_similarity": -0.2925611242326434, "is_tight": 0.0, "dual_solution_value": 0.0, "scaled_age": 0.35}, "10": {"bias": -0.5773502691896258, "objective_cosine_similarity": -0.12949785360310442, "is_tight": 0.0, "dual_solution_value": 0.0, "scaled_age": 0.35}, "11": {"bias": -0.30151134457776363, "objective_cosine_similarity": -0.4116489903799768, "is_tight": 0.0, "dual_solution_value": 0.0, "scaled_age": 0.35}, "12": {"bias": -0.4472135954999579, "objective_cosine_similarity": -0.2398684058312489, "is_tight": 0.0, "dual_solution_value": 0.0, "scaled_age": 0.25}, "13": {"bias": -0.3779644730092272, "objective_cosine_similarity": -0.4349389971647406, "is_tight": 1.0, "dual_solution_value": -0.000255824918649639, "scaled_age": 0.35}, "14": {"bias": -0.4472135954999579, "objective_cosine_similarity": -0.46229183669295243, "is_tight": 0.0, "dual_solution_value": 0.0, "scaled_age": 0.3125}, "15": {"bias": -0.4472135954999579, "objective_cosine_similarity": -0.3401770119061348, "is_tight": 0.0, "dual_solution_value": 0.0, "scaled_age": 0.35}, "16": {"bias": -0.3779644730092272, "objective_cosine_similarity": -0.4865419290317437, "is_tight": 0.0, "dual_solution_value": 0.0, "scaled_age": 0.35}, "17": {"bias": -0.5, "objective_cosine_similarity": -0.1901647307512182, "is_tight": 0.0, "dual_solution_value": 0.0, "scaled_age": 0.35}, "18": {"bias": -0.4472135954999579, "objective_cosine_similarity": -0.31400954945181675, "is_tight": 0.0, "dual_solution_value": 0.0, "scaled_age": 0.35}, "19": {"bias": -0.4472135954999579, "objective_cosine_similarity": -0.2529521370584079, "is_tight": 0.0, "dual_solution_value": 0.0, "scaled_age": 0.35}, "20": {"bias": -0.5, "objective_cosine_similarity": -0.1901647307512182, "is_tight": 0.0, "dual_solution_value": 0.0, "scaled_age": 0.35}, "21": {"bias": -0.5, "objective_cosine_similarity": -0.3998335364512793, "is_tight": 1.0, "dual_solution_value": -0.0036361604221640436, "scaled_age": 0.0}, "22": {"bias": -0.5, "objective_cosine_similarity": -0.3461973303419613, "is_tight": 0.0, "dual_solution_value": 0.0, "scaled_age": 0.0}, "23": {"bias": -0.4472135954999579, "objective_cosine_similarity": -0.27475835577033964, "is_tight": 0.0, "dual_solution_value": 0.0, "scaled_age": 0.35}, "24": {"bias": -0.5, "objective_cosine_similarity": -0.2096688057000611, "is_tight": 0.0, "dual_solution_value": 0.0, "scaled_age": 0.35}, "25": {"bias": -0.4472135954999579, "objective_cosine_similarity": -0.19625596840738546, "is_tight": 0.0, "dual_solution_value": 0.0, "scaled_age": 0.35}, "26": {"bias": -0.4082482904638631, "objective_cosine_similarity": -0.5892253888658684, "is_tight": 0.0, "dual_solution_value": 0.0, "scaled_age": 0.1625}, "27": {"bias": -0.4472135954999579, "objective_cosine_similarity": -0.3881506930723846, "is_tight": 0.0, "dual_solution_value": 0.0, "scaled_age": 0.35}, "28": {"bias": -0.4082482904638631, "objective_cosine_similarity": -0.3543314838450155, "is_tight": 0.0, "dual_solution_value": 0.0, "scaled_age": 0.35}, "29": {"bias": -0.4472135954999579, "objective_cosine_similarity": -0.2398684058312489, "is_tight": 1.0, "dual_solution_value": -0.0001535931163874961, "scaled_age": 0.0375}, "30": {"bias": -0.4472135954999579, "objective_cosine_similarity": -0.3009258182246577, "is_tight": 1.0, "dual_solution_value": 0.0, "scaled_age": 0.35}, "31": {"bias": -0.4082482904638631, "objective_cosine_similarity": -0.5414503573362034, "is_tight": 0.0, "dual_solution_value": 0.0, "scaled_age": 0.35}, "32": {"bias": -0.5, "objective_cosine_similarity": -0.20479278696285036, "is_tight": 0.0, "dual_solution_value": 0.0, "scaled_age": 0.2125}, "33": {"bias": -0.5773502691896258, "objective_cosine_similarity": -0.25899570720620885, "is_tight": 1.0, "dual_solution_value": -0.029023006975272825, "scaled_age": 0.0}, "34": {"bias": -0.5, "objective_cosine_similarity": -0.3559493678163828, "is_tight": 0.0, "dual_solution_value": 0.0, "scaled_age": 0.2}, "35": {"bias": -0.4472135954999579, "objective_cosine_similarity": -0.36198323061806653, "is_tight": 0.0, "dual_solution_value": 0.0, "scaled_age": 0.35}, "36": {"bias": -0.35355339059327373, "objective_cosine_similarity": -0.5344192167125271, "is_tight": 0.0, "dual_solution_value": 0.0, "scaled_age": 0.35}, "37": {"bias": -0.5, "objective_cosine_similarity": -0.1901647307512182, "is_tight": 0.0, "dual_solution_value": 0.0, "scaled_age": 0.2375}, "38": {"bias": -0.3779644730092272, "objective_cosine_similarity": -0.3391049808403062, "is_tight": 0.0, "dual_solution_value": 0.0, "scaled_age": 0.35}, "39": {"bias": -0.5, "objective_cosine_similarity": -0.18528871201400748, "is_tight": 0.0, "dual_solution_value": 0.0, "scaled_age": 0.35}, "40": {"bias": -0.5773502691896258, "objective_cosine_similarity": -0.25899570720620885, "is_tight": 1.0, "dual_solution_value": -0.0030951487384754672, "scaled_age": 0.3}, "41": {"bias": -0.4472135954999579, "objective_cosine_similarity": -0.5146267616015886, "is_tight": 0.0, "dual_solution_value": 0.0, "scaled_age": 0.35}, "42": {"bias": -0.5, "objective_cosine_similarity": -0.4144615926629115, "is_tight": 1.0, "dual_solution_value": -0.007309865580516266, "scaled_age": 0.0}, "43": {"bias": -0.5, "objective_cosine_similarity": -0.30718918044427557, "is_tight": 0.0, "dual_solution_value": 0.0, "scaled_age": 0.35}, "44": {"bias": -0.4082482904638631, "objective_cosine_similarity": -0.23091265239338088, "is_tight": 0.0, "dual_solution_value": 0.0, "scaled_age": 0.35}, "45": {"bias": -0.5, "objective_cosine_similarity": -0.33156927413032916, "is_tight": 0.0, "dual_solution_value": 0.0, "scaled_age": 0.2625}, "46": {"bias": -0.3779644730092272, "objective_cosine_similarity": -0.48285600532695777, "is_tight": 0.0, "dual_solution_value": 0.0, "scaled_age": 0.275}, "47": {"bias": -0.5773502691896258, "objective_cosine_similarity": -0.3772328778873042, "is_tight": 1.0, "dual_solution_value": -0.025339288590142287, "scaled_age": 0.0}, "48": {"bias": -0.5773502691896258, "objective_cosine_similarity": -0.27025639012821795, "is_tight": 0.0, "dual_solution_value": 0.0, "scaled_age": 0.0}, "49": {"bias": -0.3333333333333333, "objective_cosine_similarity": -0.4420923655071056, "is_tight": 0.0, "dual_solution_value": 0.0, "scaled_age": 0.35}, "50": {"bias": -0.5, "objective_cosine_similarity": -0.21942084317448254, "is_tight": 0.0, "dual_solution_value": 0.0, "scaled_age": 0.35}, "51": {"bias": -0.4472135954999579, "objective_cosine_similarity": -0.33145452442136214, "is_tight": 0.0, "dual_solution_value": 0.0, "scaled_age": 0.35},