{"0": {"bias": -1.0405319634289438, "objective_cosine_similarity": -0.9501208284302417, "is_tight": 1.0, "dual_solution_value": -1.7818344930729432e-19, "scaled_age": 0.0}, "1": {"bias": -0.9630868246861536, "objective_cosine_similarity": -0.9358531307126258, "is_tight": 1.0, "dual_solution_value": 1.2369115397436826e-19, "scaled_age": 0.0}, "2": {"bias": -1.0943513103291655, "objective_cosine_similarity": -0.9570652056051997, "is_tight": 0.0, "dual_solution_value": -0.0, "scaled_age": 0.1875}, "3": {"bias": -1.0474458731327636, "objective_cosine_similarity": -0.9612807869706337, "is_tight": 0.0, "dual_solution_value": -0.0, "scaled_age": 0.1875}, "4": {"bias": -0.8017837257372732, "objective_cosine_similarity": -0.6678096695978564, "is_tight": 0.0, "dual_solution_value": -0.0, "scaled_age": 0.1875}, "5": {"bias": -0.949157995752499, "objective_cosine_similarity": -0.9416429360779592, "is_tight": 0.0, "dual_solution_value": -0.0, "scaled_age": 0.1875}, "6": {"bias": -0.9899494936611665, "objective_cosine_similarity": -0.9266190242126955, "is_tight": 0.0, "dual_solution_value": -0.0, "scaled_age": 0.1875}, "7": {"bias": -0.917662935482247, "objective_cosine_similarity": -0.7982960884593722, "is_tight": 0.0, "dual_solution_value": -0.0, "scaled_age": 0.1875}, "8": {"bias": -1.025755289064345, "objective_cosine_similarity": -0.9354774407820816, "is_tight": 0.0, "dual_solution_value": -0.0, "scaled_age": 0.1875}, "9": {"bias": -1.0176007879499522, "objective_cosine_similarity": -0.9759202676959248, "is_tight": 1.0, "dual_solution_value": -0.0006975841799113114, "scaled_age": 0.0}, "10": {"bias": -0.9742671815943341, "objective_cosine_similarity": -0.9668602570267233, "is_tight": 1.0, "dual_solution_value": -0.0, "scaled_age": 0.0}, "11": {"bias": -0.9709968710446497, "objective_cosine_similarity": -0.9145893502367847, "is_tight": 0.0, "dual_solution_value": -0.0, "scaled_age": 0.1875}, "12": {"bias": -0.9785622411872871, "objective_cosine_similarity": -0.9606162686559676, "is_tight": 0.0, "dual_solution_value": -0.0, "scaled_age": 0.1875}, "13": {"bias": -1.0384115478620988, "objective_cosine_similarity": -0.9588624094881945, "is_tight": 0.0, "dual_solution_value": -0.0, "scaled_age": 0.1875}, "14": {"bias": -0.6666666666666666, "objective_cosine_similarity": -0.6354756623965879, "is_tight": 0.0, "dual_solution_value": -0.0, "scaled_age": 0.125}, "15": {"bias": -1.0214658608739533, "objective_cosine_similarity": -0.9601118183700021, "is_tight": 0.0, "dual_solution_value": -0.0, "scaled_age": 0.1875}, "16": {"bias": -1.0327955589886444, "objective_cosine_similarity": -0.7072924762962185, "is_tight": 0.0, "dual_solution_value": -0.0, "scaled_age": 0.1875}, "17": {"bias": -0.9707253433941511, "objective_cosine_similarity": -0.911191445336282, "is_tight": 1.0, "dual_solution_value": -0.0025667364657360053, "scaled_age": 0.0}, "18": {"bias": -0.6324555320336759, "objective_cosine_similarity": -0.6848079827794942, "is_tight": 0.0, "dual_solution_value": -0.0, "scaled_age": 0.125}, "19": {"bias": -0.787434857791375, "objective_cosine_similarity": -0.8643095534084214, "is_tight": 0.0, "dual_solution_value": -0.0, "scaled_age": 0.1875}, "20": {"bias": -0.8755950357709131, "objective_cosine_similarity": -0.8230026809026123, "is_tight": 0.0, "dual_solution_value": -0.0, "scaled_age": 0.1875}, "21": {"bias": -1.033805987565183, "objective_cosine_similarity": -0.9702027076678766, "is_tight": 0.0, "dual_solution_value": 0.0, "scaled_age": 0.125}, "22": {"bias": -0.7071067811865475, "objective_cosine_similarity": -0.11779055392534264, "is_tight": 1.0, "dual_solution_value": -0.013087839325038072, "scaled_age": 0.0}, "23": {"bias": -0.4472135954999579, "objective_cosine_similarity": -0.2317693387376701, "is_tight": 0.0, "dual_solution_value": 0.0, "scaled_age": 0.1875}, "24": {"bias": -0.4472135954999579, "objective_cosine_similarity": -0.6208107287616164, "is_tight": 1.0, "dual_solution_value": -0.024832429150464654, "scaled_age": 0.0}, "25": {"bias": -0.4472135954999579, "objective_cosine_similarity": -0.3062666261890641, "is_tight": 0.0, "dual_solution_value": 0.0, "scaled_age": 0.1875}, "26": {"bias": -0.5, "objective_cosine_similarity": -0.24987149832098846, "is_tight": 0.0, "dual_solution_value": 0.0, "scaled_age": 0.1875}, "27": {"bias": -0.5, "objective_cosine_similarity": -0.19434449869410214, "is_tight": 0.0, "dual_solution_value": 0.0, "scaled_age": 0.1875}, "28": {"bias": -0.3779644730092272, "objective_cosine_similarity": -0.47571061810655196, "is_tight": 0.0, "dual_solution_value": 0.0, "scaled_age": 0.1875}, "29": {"bias": -0.4472135954999579, "objective_cosine_similarity": -0.4138738191744109, "is_tight": 0.0, "dual_solution_value": 0.0, "scaled_age": 0.1875}, "30": {"bias": -0.35355339059327373, "objective_cosine_similarity": -0.35991558143854696, "is_tight": 0.0, "dual_solution_value": 0.0, "scaled_age": 0.1875}, "31": {"bias": -0.4082482904638631, "objective_cosine_similarity": -0.2946944347394308, "is_tight": 0.0, "dual_solution_value": 0.0, "scaled_age": 0.1875}, "32": {"bias": -0.4472135954999579, "objective_cosine_similarity": -0.38076391364045803, "is_tight": 1.0, "dual_solution_value": -0.00827747638348822, "scaled_age": 0.0}, "33": {"bias": -0.4472135954999579, "objective_cosine_similarity": -0.2234918623541819, "is_tight": 0.0, "dual_solution_value": 0.0, "scaled_age": 0.1875}, "34": {"bias": -0.3779644730092272, "objective_cosine_similarity": -0.37077445234775375, "is_tight": 0.0, "dual_solution_value": 0.0, "scaled_age": 0.1875}, "35": {"bias": -0.3779644730092272, "objective_cosine_similarity": -0.44772764057087244, "is_tight": 0.0, "dual_solution_value": 0.0, "scaled_age": 0.1875}, "36": {"bias": -0.35355339059327373, "objective_cosine_similarity": -0.49079397468892766, "is_tight": 0.0, "dual_solution_value": 0.0, "scaled_age": 0.1875}, "37": {"bias": -0.3779644730092272, "objective_cosine_similarity": -0.4407318961869526, "is_tight": 0.0, "dual_solution_value": 0.0, "scaled_age": 0.1875}, "38": {"bias": -0.4082482904638631, "objective_cosine_similarity": -0.41559471565817163, "is_tight": 0.0, "dual_solution_value": 0.0, "scaled_age": 0.1875}, "39": {"bias": -0.3779644730092272, "objective_cosine_similarity": -0.40575317426735313, "is_tight": 0.0, "dual_solution_value": 0.0, "scaled_age": 0.1875}, "40": {"bias": -0.4472135954999579, "objective_cosine_similarity": -0.4055963427909227, "is_tight": 0.0, "dual_solution_value": 0.0, "scaled_age": 0.125}, "41": {"bias": -0.4472135954999579, "objective_cosine_similarity": -0.21521438597069367, "is_tight": 0.0, "dual_solution_value": 0.0, "scaled_age": 0.1875}, "42": {"bias": -0.3333333333333333, "objective_cosine_similarity": -0.4935733300167673, "is_tight": 0.0, "dual_solution_value": 0.0, "scaled_age": 0.1875}, "43": {"bias": -0.4472135954999579, "objective_cosine_similarity": -0.2317693387376701, "is_tight": 0.0, "dual_solution_value": 0.0, "scaled_age": 0.1875}, "44": {"bias": -0.3779644730092272, "objective_cosine_similarity": -0.2588425422050356, "is_tight": 0.0, "dual_solution_value": 0.0, "scaled_age": 0.1875}, "45": {"bias": -0.4082482904638631, "objective_cosine_similarity": -0.3400320400839586, "is_tight": 0.0, "dual_solution_value": 0.0, "scaled_age": 0.1875}, "46": {"bias": -0.4082482904638631, "objective_cosine_similarity": -0.5138261939046486, "is_tight": 0.0, "dual_solution_value": 0.0, "scaled_age": 0.1875}, "47": {"bias": -0.4472135954999579, "objective_cosine_similarity": -0.3559314844899934, "is_tight": 1.0, "dual_solution_value": -0.0, "scaled_age": 0.0}, "48": {"bias": -0.3779644730092272, "objective_cosine_similarity": -0.46171912933871223, "is_tight": 0.0, "dual_solution_value": 0.0, "scaled_age": 0.1875}, "49": {"bias": -0.4472135954999579, "objective_cosine_similarity": -0.25660176788813477, "is_tight": 0.0, "dual_solution_value": 0.0, "scaled_age": 0.1875}, "50": {"bias": -0.4082482904638631, "objective_cosine_similarity": -0.476044856117542, "is_tight": 0.0,