{"0": {"bias": -0.7071067811865475, "objective_cosine_similarity": -0.6845804349707487, "is_tight": 0.0, "dual_solution_value": -0.0, "scaled_age": 0.049019607843137254}, "1": {"bias": -0.7559289460184544, "objective_cosine_similarity": -0.5314605167425253, "is_tight": 0.0, "dual_solution_value": -0.0, "scaled_age": 0.029411764705882353}, "2": {"bias": -1.1470786693528088, "objective_cosine_similarity": -0.7985283460442778, "is_tight": 1.0, "dual_solution_value": -9.21970240455192e-05, "scaled_age": 0.0}, "3": {"bias": -0.7559289460184544, "objective_cosine_similarity": -0.6795724640314257, "is_tight": 1.0, "dual_solution_value": -0.010599053645773696, "scaled_age": 0.0}, "4": {"bias": -1.1547005383792515, "objective_cosine_similarity": -0.9759576872634841, "is_tight": 0.0, "dual_solution_value": -0.0, "scaled_age": 0.09803921568627451}, "5": {"bias": -1.1676807187196188, "objective_cosine_similarity": -0.9728296097065432, "is_tight": 0.0, "dual_solution_value": -0.0, "scaled_age": 0.00980392156862745}, "6": {"bias": -1.091089451179962, "objective_cosine_similarity": -0.9683029989828484, "is_tight": 0.0, "dual_solution_value": -0.0, "scaled_age": 0.08823529411764706}, "7": {"bias": -1.2344688902474308, "objective_cosine_similarity": -0.9811246815492235, "is_tight": 0.0, "dual_solution_value": 0.0, "scaled_age": 0.08823529411764706}, "8": {"bias": -1.2184412521806847, "objective_cosine_similarity": -0.9857397702266878, "is_tight": 0.0, "dual_solution_value": 0.0, "scaled_age": 0.049019607843137254}, "9": {"bias": -1.3223930351780442, "objective_cosine_similarity": -0.9806345403568852, "is_tight": 1.0, "dual_solution_value": -0.019436149597970104, "scaled_age": 0.0}, "10": {"bias": -1.2045667255865173, "objective_cosine_similarity": -0.9270173929938499, "is_tight": 0.0, "dual_solution_value": 0.0, "scaled_age": 0.058823529411764705}, "11": {"bias": -0.5, "objective_cosine_similarity": -0.39186737872393795, "is_tight": 0.0, "dual_solution_value": 0.0, "scaled_age": 0.00980392156862745}, "12": {"bias": -0.5, "objective_cosine_similarity": -0.39186737872393795, "is_tight": 0.0, "dual_solution_value": 0.0, "scaled_age": 0.19607843137254902}, "13": {"bias": -0.4472135954999579, "objective_cosine_similarity": -0.34018810824371226, "is_tight": 0.0, "dual_solution_value": 0.0, "scaled_age": 0.19607843137254902}, "14": {"bias": -0.3779644730092272, "objective_cosine_similarity": -0.46176077684186617, "is_tight": 0.0, "dual_solution_value": 0.0, "scaled_age": 0.19607843137254902}, "15": {"bias": -0.5773502691896258, "objective_cosine_similarity": -0.3060958200962746, "is_tight": 0.0, "dual_solution_value": 0.0, "scaled_age": 0.18627450980392157}, "16": {"bias": -0.35355339059327373, "objective_cosine_similarity": -0.4971357920620913, "is_tight": 0.0, "dual_solution_value": 0.0, "scaled_age": 0.19607843137254902}, "17": {"bias": -0.5, "objective_cosine_similarity": -0.2881377784734838, "is_tight": 0.0, "dual_solution_value": 0.0, "scaled_age": 0.19607843137254902}, "18": {"bias": -0.4472135954999579, "objective_cosine_similarity": -0.42265795266643036, "is_tight": 0.0, "dual_solution_value": 0.0, "scaled_age": 0.19607843137254902}, "19": {"bias": -0.5773502691896258, "objective_cosine_similarity": -0.2927873061790453, "is_tight": 0.0, "dual_solution_value": 0.0, "scaled_age": 0.19607843137254902}, "20": {"bias": -0.5, "objective_cosine_similarity": -0.4725459566965134, "is_tight": 0.0, "dual_solution_value": 0.0, "scaled_age": 0.0392156862745098}, "21": {"bias": -0.4472135954999579, "objective_cosine_similarity": -0.34018810824371226, "is_tight": 0.0, "dual_solution_value": 0.0, "scaled_age": 0.19607843137254902}, "22": {"bias": -0.3779644730092272, "objective_cosine_similarity": -0.4443358418667014, "is_tight": 0.0, "dual_solution_value": 0.0, "scaled_age": 0.19607843137254902}, "23": {"bias": -0.5, "objective_cosine_similarity": -0.41491840100181665, "is_tight": 0.0, "dual_solution_value": 0.0, "scaled_age": 0.19607843137254902}, "24": {"bias": -0.5773502691896258, "objective_cosine_similarity": -0.4258724453513386, "is_tight": 1.0, "dual_solution_value": 0.0, "scaled_age": 0.19607843137254902}, "25": {"bias": -0.4472135954999579, "objective_cosine_similarity": -0.4329666832192701, "is_tight": 0.0, "dual_solution_value": 0.0, "scaled_age": 0.19607843137254902}, "26": {"bias": -0.7071067811865475, "objective_cosine_similarity": -0.2607925466555233, "is_tight": 1.0, "dual_solution_value": -2.6722609641590652e-06, "scaled_age": 0.0}, "27": {"bias": -0.3779644730092272, "objective_cosine_similarity": -0.4443358418667014, "is_tight": 0.0, "dual_solution_value": 0.0, "scaled_age": 0.19607843137254902}, "28": {"bias": -0.5, "objective_cosine_similarity": -0.2881377784734838, "is_tight": 0.0, "dual_solution_value": 0.0, "scaled_age": 0.19607843137254902}, "29": {"bias": -0.5773502691896258, "objective_cosine_similarity": -0.33271284793073325, "is_tight": 1.0, "dual_solution_value": -0.023666236888019977, "scaled_age": 0.0}, "30": {"bias": -0.5773502691896258, "objective_cosine_similarity": -0.2661702783445866, "is_tight": 0.0, "dual_solution_value": 0.0, "scaled_age": 0.09803921568627451}, "31": {"bias": -0.4082482904638631, "objective_cosine_similarity": -0.442295400604255, "is_tight": 0.0, "dual_solution_value": 0.0, "scaled_age": 0.19607843137254902}, "32": {"bias": -0.7071067811865475, "objective_cosine_similarity": -0.2281934783235829, "is_tight": 1.0, "dual_solution_value": -0.06519813666388083, "scaled_age": 0.0}, "33": {"bias": -0.4082482904638631, "objective_cosine_similarity": -0.40465323885070137, "is_tight": 0.0, "dual_solution_value": 0.0, "scaled_age": 0.19607843137254902}, "34": {"bias": -0.5, "objective_cosine_similarity": -0.43796942327969535, "is_tight": 0.0, "dual_solution_value": 0.0, "scaled_age": 0.08823529411764706}, "35": {"bias": -0.5, "objective_cosine_similarity": -0.23051022277878702, "is_tight": 0.0, "dual_solution_value": 0.0, "scaled_age": 0.19607843137254902}, "36": {"bias": -0.5, "objective_cosine_similarity": -0.26508675619560507, "is_tight": 0.0, "dual_solution_value": 0.0, "scaled_age": 0.19607843137254902}, "37": {"bias": -0.4472135954999579, "objective_cosine_similarity": -0.31957064713803274, "is_tight": 0.0, "dual_solution_value": 0.0, "scaled_age": 0.19607843137254902}, "38": {"bias": -0.5, "objective_cosine_similarity": -0.4494949344186347, "is_tight": 0.0, "dual_solution_value": 0.0, "scaled_age": 0.10784313725490197}, "39": {"bias": -0.5, "objective_cosine_similarity": -0.41491840100181665, "is_tight": 0.0, "dual_solution_value": 0.0, "scaled_age": 0.13725490196078433}, "40": {"bias": -0.4472135954999579, "objective_cosine_similarity": -0.5051277970891485, "is_tight": 0.0, "dual_solution_value": 0.0, "scaled_age": 0.11764705882352941}, "41": {"bias": -0.4082482904638631, "objective_cosine_similarity": -0.489348102796197, "is_tight": 0.0, "dual_solution_value": 0.0, "scaled_age": 0.19607843137254902}, "42": {"bias": -0.5773502691896258, "objective_cosine_similarity": -0.35932987576519193, "is_tight": 1.0, "dual_solution_value": -0.011418193257404398, "scaled_age": 0.0}, "43": {"bias": -0.4082482904638631, "objective_cosine_similarity": -0.32936891534359414, "is_tight": 0.0, "dual_solution_value": 0.0, "scaled_age": 0.19607843137254902}, "44": {"bias": -0.5773502691896258, "objective_cosine_similarity": -0.45248947318579724, "is_tight": 1.0, "dual_solution_value": -0.007152718842570443, "scaled_age": 0.0}, "45": {"bias": -0.4082482904638631, "objective_cosine_similarity": -0.4234743197274782, "is_tight": 0.0, "dual_solution_value": 0.0, "scaled_age": 0.19607843137254902}, "46": {"bias": -0.5, "objective_cosine_similarity": -0.3803418675849986, "is_tight": 0.0, "dual_solution_value": 0.0, "scaled_age": 0.19607843137254902}, "47": {"bias": -0.5773502691896258, "objective_cosine_similarity": -0.27947879226181593, "is_tight": 0.0, "dual_solution_value": 0.0, "scaled_age": 0.19607843137254902}, "48": {"bias": -0.4472135954999579,