{"0": {"bias": -1.2909944487358056, "objective_cosine_similarity": -0.8910670910179895, "is_tight": 0.0, "dual_solution_value": -0.0, "scaled_age": 0.09411764705882353}, "1": {"bias": -0.8164965809277261, "objective_cosine_similarity": -0.3315060653691074, "is_tight": 1.0, "dual_solution_value": 0.0, "scaled_age": 0.0}, "2": {"bias": -0.8944271909999159, "objective_cosine_similarity": -0.4798724248743117, "is_tight": 1.0, "dual_solution_value": 0.0, "scaled_age": 0.0}, "3": {"bias": -1.0660035817780522, "objective_cosine_similarity": -0.8347020897068917, "is_tight": 0.0, "dual_solution_value": -0.0, "scaled_age": 0.12941176470588237}, "4": {"bias": -0.7071067811865475, "objective_cosine_similarity": -0.46139894054722236, "is_tight": 0.0, "dual_solution_value": -0.0, "scaled_age": 0.15294117647058825}, "5": {"bias": -1.4223135835595884, "objective_cosine_similarity": -0.970770314268104, "is_tight": 0.0, "dual_solution_value": -0.0, "scaled_age": 0.12941176470588237}, "6": {"bias": -1.1766968108291043, "objective_cosine_similarity": -0.8645019687703974, "is_tight": 0.0, "dual_solution_value": -0.0, "scaled_age": 0.12941176470588237}, "7": {"bias": -1.25, "objective_cosine_similarity": -0.8265210765561818, "is_tight": 0.0, "dual_solution_value": -0.0, "scaled_age": 0.09411764705882353}, "8": {"bias": -1.4277468178924813, "objective_cosine_similarity": -0.9422936635487417, "is_tight": 0.0, "dual_solution_value": -0.0, "scaled_age": 0.12941176470588237}, "9": {"bias": -1.212678125181665, "objective_cosine_similarity": -0.7807420861689984, "is_tight": 1.0, "dual_solution_value": -0.0, "scaled_age": 0.09411764705882353}, "10": {"bias": -1.224744871391589, "objective_cosine_similarity": -0.880069673539416, "is_tight": 1.0, "dual_solution_value": -0.0, "scaled_age": 0.0}, "11": {"bias": -1.4437986974271104, "objective_cosine_similarity": -0.9776445319810525, "is_tight": 0.0, "dual_solution_value": -0.0, "scaled_age": 0.12941176470588237}, "12": {"bias": -1.4477874972398082, "objective_cosine_similarity": -0.9537578506069986, "is_tight": 0.0, "dual_solution_value": 0.0, "scaled_age": 0.12941176470588237}, "13": {"bias": -0.4472135954999579, "objective_cosine_similarity": -0.37611622490148755, "is_tight": 0.0, "dual_solution_value": 0.0, "scaled_age": 0.09411764705882353}, "14": {"bias": -0.4082482904638631, "objective_cosine_similarity": -0.4735800933844391, "is_tight": 0.0, "dual_solution_value": 0.0, "scaled_age": 0.15294117647058825}, "15": {"bias": -0.35355339059327373, "objective_cosine_similarity": -0.4203857013874692, "is_tight": 0.0, "dual_solution_value": 0.0, "scaled_age": 0.15294117647058825}, "16": {"bias": -0.4472135954999579, "objective_cosine_similarity": -0.2723600249286634, "is_tight": 0.0, "dual_solution_value": 0.0, "scaled_age": 0.15294117647058825}, "17": {"bias": -0.4472135954999579, "objective_cosine_similarity": -0.31126859991847244, "is_tight": 0.0, "dual_solution_value": 0.0, "scaled_age": 0.15294117647058825}, "18": {"bias": -0.5773502691896258, "objective_cosine_similarity": -0.18417943250690244, "is_tight": 0.0, "dual_solution_value": 0.0, "scaled_age": 0.15294117647058825}, "19": {"bias": -0.31622776601683794, "objective_cosine_similarity": -0.5594211835058521, "is_tight": 0.0, "dual_solution_value": 0.0, "scaled_age": 0.15294117647058825}, "20": {"bias": -0.3779644730092272, "objective_cosine_similarity": -0.4603724677728494, "is_tight": 0.0, "dual_solution_value": 0.0, "scaled_age": 0.15294117647058825}, "21": {"bias": -0.3779644730092272, "objective_cosine_similarity": -0.3946049723767281, "is_tight": 0.0, "dual_solution_value": 0.0, "scaled_age": 0.15294117647058825}, "22": {"bias": -0.5, "objective_cosine_similarity": -0.20300517669800955, "is_tight": 0.0, "dual_solution_value": 0.0, "scaled_age": 0.15294117647058825}, "23": {"bias": -0.7071067811865475, "objective_cosine_similarity": -0.24607943495851858, "is_tight": 1.0, "dual_solution_value": -0.0410132391597531, "scaled_age": 0.0}, "24": {"bias": -0.3779644730092272, "objective_cosine_similarity": -0.4274887200747887, "is_tight": 0.0, "dual_solution_value": 0.0, "scaled_age": 0.15294117647058825}, "25": {"bias": -0.3779644730092272, "objective_cosine_similarity": -0.7124812001246479, "is_tight": 0.0, "dual_solution_value": 0.0, "scaled_age": 0.15294117647058825}, "26": {"bias": -0.4472135954999579, "objective_cosine_similarity": -0.3501771749082815, "is_tight": 0.0, "dual_solution_value": 0.0, "scaled_age": 0.15294117647058825}, "27": {"bias": -0.4472135954999579, "objective_cosine_similarity": -0.3890857498980906, "is_tight": 0.0, "dual_solution_value": 0.0, "scaled_age": 0.15294117647058825}, "28": {"bias": -0.4472135954999579, "objective_cosine_similarity": -0.15563429995923622, "is_tight": 0.0, "dual_solution_value": 0.0, "scaled_age": 0.15294117647058825}, "29": {"bias": -0.5, "objective_cosine_similarity": -0.3625092441035885, "is_tight": 0.0, "dual_solution_value": 0.0, "scaled_age": 0.15294117647058825}, "30": {"bias": -0.5, "objective_cosine_similarity": -0.4350110929243062, "is_tight": 0.0, "dual_solution_value": 0.0, "scaled_age": 0.15294117647058825}, "31": {"bias": -0.5, "objective_cosine_similarity": -0.3625092441035885, "is_tight": 0.0, "dual_solution_value": 0.0, "scaled_age": 0.1411764705882353}, "32": {"bias": -0.4082482904638631, "objective_cosine_similarity": -0.37886407470755135, "is_tight": 0.0, "dual_solution_value": 0.0, "scaled_age": 0.15294117647058825}, "33": {"bias": -0.5773502691896258, "objective_cosine_similarity": -0.6027690518407716, "is_tight": 1.0, "dual_solution_value": -0.0502307543200643, "scaled_age": 0.0}, "34": {"bias": -0.4472135954999579, "objective_cosine_similarity": -0.5706590998505329, "is_tight": 0.0, "dual_solution_value": 0.0, "scaled_age": 0.15294117647058825}, "35": {"bias": -0.35355339059327373, "objective_cosine_similarity": -0.33835922306796307, "is_tight": 0.0, "dual_solution_value": 0.0, "scaled_age": 0.15294117647058825}, "36": {"bias": -0.35355339059327373, "objective_cosine_similarity": -0.49215886991703717, "is_tight": 0.0, "dual_solution_value": 0.0, "scaled_age": 0.15294117647058825}, "37": {"bias": -0.4082482904638631, "objective_cosine_similarity": -0.3551850700383294, "is_tight": 0.0, "dual_solution_value": 0.0, "scaled_age": 0.15294117647058825}, "38": {"bias": -0.4472135954999579, "objective_cosine_similarity": -0.46690289987770867, "is_tight": 0.0, "dual_solution_value": 0.0, "scaled_age": 0.15294117647058825}, "39": {"bias": -0.5773502691896258, "objective_cosine_similarity": -0.2009230172802572, "is_tight": 1.0, "dual_solution_value": -0.0, "scaled_age": 0.0}, "40": {"bias": -0.5, "objective_cosine_similarity": -0.3045077650470143, "is_tight": 0.0, "dual_solution_value": 0.0, "scaled_age": 0.09411764705882353}, "41": {"bias": -0.4472135954999579, "objective_cosine_similarity": -0.5187809998641207, "is_tight": 0.0, "dual_solution_value": 0.0, "scaled_age": 0.15294117647058825}, "42": {"bias": -0.4472135954999579, "objective_cosine_similarity": -0.3242381249150755, "is_tight": 0.0, "dual_solution_value": 0.0, "scaled_age": 0.15294117647058825}, "43": {"bias": -0.7071067811865475, "objective_cosine_similarity": -0.3896257720176544, "is_tight": 1.0, "dual_solution_value": -0.02050661957987655, "scaled_age": 0.0}, "44": {"bias": -0.5773502691896258, "objective_cosine_similarity": -0.4688203736539335, "is_tight": 0.0, "dual_solution_value": 0.0, "scaled_age": 0.09411764705882353}, "45": {"bias": -0.7071067811865475, "objective_cosine_similarity": -0.24607943495851858, "is_tight": 1.0, "dual_solution_value": -0.0410132391597531, "scaled_age": 0.0}, "46": {"bias": -0.5, "objective_cosine_similarity": -0.188504806933866, "is_tight": 0.0, "dual_solution_value": 0.0, "scaled_age": 0.15294117647058825}, "47": {"bias": -0.3779644730092272, "objective_cosine_similarity": -0.29595372928254604, "is_tight": 0.0, "dual_solution_value": 0.0, "scaled_age": 0.15294117647058825}, "48": {"bias": -0.5773502691896258,