{"0": {"bias": -0.9531617649474451, "objective_cosine_similarity": -0.90626481122611, "is_tight": 0.0, "dual_solution_value": -0.0, "scaled_age": 0.05}, "1": {"bias": -0.5773502691896258, "objective_cosine_similarity": -0.6568558183307436, "is_tight": 0.0, "dual_solution_value": -0.0, "scaled_age": 0.07}, "2": {"bias": -1.0425264566353354, "objective_cosine_similarity": -0.9319423497838771, "is_tight": 0.0, "dual_solution_value": -0.0, "scaled_age": 0.02}, "3": {"bias": -1.0861899993323378, "objective_cosine_similarity": -0.9123236068505977, "is_tight": 0.0, "dual_solution_value": -0.0, "scaled_age": 0.02}, "4": {"bias": -0.75, "objective_cosine_similarity": -0.708629336656987, "is_tight": 1.0, "dual_solution_value": -0.005687829924787092, "scaled_age": 0.0}, "5": {"bias": -0.9758049214289022, "objective_cosine_similarity": -0.8855195218082021, "is_tight": 1.0, "dual_solution_value": -2.5372151611485326e-06, "scaled_age": 0.0}, "6": {"bias": -1.0232362810956184, "objective_cosine_similarity": -0.8928572051003268, "is_tight": 0.0, "dual_solution_value": -0.0, "scaled_age": 0.09}, "7": {"bias": -0.9938837346736188, "objective_cosine_similarity": -0.9089069187214823, "is_tight": 0.0, "dual_solution_value": -0.0, "scaled_age": 0.09}, "8": {"bias": -0.7071067811865475, "objective_cosine_similarity": -0.5010766092978804, "is_tight": 0.0, "dual_solution_value": -0.0, "scaled_age": 0.06}, "9": {"bias": -0.9938837346736188, "objective_cosine_similarity": -0.8399850670648771, "is_tight": 0.0, "dual_solution_value": -0.0, "scaled_age": 0.09}, "10": {"bias": -1.0213243599737853, "objective_cosine_similarity": -0.921124150188894, "is_tight": 1.0, "dual_solution_value": -2.2871811581821355e-05, "scaled_age": 0.0}, "11": {"bias": -1.0013879257199867, "objective_cosine_similarity": -0.9340437762221396, "is_tight": 0.0, "dual_solution_value": -0.0, "scaled_age": 0.09}, "12": {"bias": -0.9428090415820635, "objective_cosine_similarity": -0.8818641854768509, "is_tight": 0.0, "dual_solution_value": -0.0, "scaled_age": 0.05}, "13": {"bias": -1.013552216737516, "objective_cosine_similarity": -0.9405834118343, "is_tight": 0.0, "dual_solution_value": 0.0, "scaled_age": 0.02}, "14": {"bias": -1.014479568019515, "objective_cosine_similarity": -0.9431609094374072, "is_tight": 1.0, "dual_solution_value": -0.00014507456673379333, "scaled_age": 0.0}, "15": {"bias": -1.011117654327705, "objective_cosine_similarity": -0.9307197767509654, "is_tight": 0.0, "dual_solution_value": 0.0, "scaled_age": 0.09}, "16": {"bias": -1.0576578267065895, "objective_cosine_similarity": -0.9304606606100568, "is_tight": 0.0, "dual_solution_value": 0.0, "scaled_age": 0.04}, "17": {"bias": -1.0434550411521146, "objective_cosine_similarity": -0.9424864543480399, "is_tight": 0.0, "dual_solution_value": 0.0, "scaled_age": 0.02}, "18": {"bias": -0.3779644730092272, "objective_cosine_similarity": -0.447213595499958, "is_tight": 0.0, "dual_solution_value": 0.0, "scaled_age": 0.17}, "19": {"bias": -0.5773502691896258, "objective_cosine_similarity": -0.3528254109890851, "is_tight": 0.0, "dual_solution_value": 0.0, "scaled_age": 0.04}, "20": {"bias": -0.5, "objective_cosine_similarity": -0.4745866199629363, "is_tight": 1.0, "dual_solution_value": -0.05948592807275431, "scaled_age": 0.0}, "21": {"bias": -0.30151134457776363, "objective_cosine_similarity": -0.482204650360215, "is_tight": 0.0, "dual_solution_value": 0.0, "scaled_age": 0.17}, "22": {"bias": -0.5773502691896258, "objective_cosine_similarity": -0.17265924367550972, "is_tight": 0.0, "dual_solution_value": 0.0, "scaled_age": 0.17}, "23": {"bias": -0.31622776601683794, "objective_cosine_similarity": -0.39061258433354334, "is_tight": 0.0, "dual_solution_value": 0.0, "scaled_age": 0.17}, "24": {"bias": -0.5, "objective_cosine_similarity": -0.2405439032688855, "is_tight": 0.0, "dual_solution_value": 0.0, "scaled_age": 0.17}, "25": {"bias": -0.5, "objective_cosine_similarity": -0.1755320375205381, "is_tight": 0.0, "dual_solution_value": 0.0, "scaled_age": 0.17}, "26": {"bias": -0.5773502691896258, "objective_cosine_similarity": -0.20268693822777228, "is_tight": 0.0, "dual_solution_value": 0.0, "scaled_age": 0.17}, "27": {"bias": -0.4082482904638631, "objective_cosine_similarity": -0.3981147457744352, "is_tight": 0.0, "dual_solution_value": 0.0, "scaled_age": 0.17}, "28": {"bias": -0.4472135954999579, "objective_cosine_similarity": -0.22096384575924055, "is_tight": 0.0, "dual_solution_value": 0.0, "scaled_age": 0.17}, "29": {"bias": -0.4472135954999579, "objective_cosine_similarity": -0.534965100259214, "is_tight": 1.0, "dual_solution_value": -0.023353997989128992, "scaled_age": 0.0}, "30": {"bias": -0.7071067811865475, "objective_cosine_similarity": -0.31259825167207217, "is_tight": 1.0, "dual_solution_value": -0.06495486887364794, "scaled_age": 0.0}, "31": {"bias": -0.35355339059327373, "objective_cosine_similarity": -0.38155374836444106, "is_tight": 0.0, "dual_solution_value": 0.0, "scaled_age": 0.17}, "32": {"bias": -0.4472135954999579, "objective_cosine_similarity": -0.40703866324070626, "is_tight": 0.0, "dual_solution_value": 0.0, "scaled_age": 0.17}, "33": {"bias": -0.4472135954999579, "objective_cosine_similarity": -0.4128535012870021, "is_tight": 1.0, "dual_solution_value": -0.0006158505250535523, "scaled_age": 0.0}, "34": {"bias": -0.5773502691896258, "objective_cosine_similarity": -0.27024925097036306, "is_tight": 0.0, "dual_solution_value": 0.0, "scaled_age": 0.09}, "35": {"bias": -0.3779644730092272, "objective_cosine_similarity": -0.5111012519999519, "is_tight": 0.0, "dual_solution_value": 0.0, "scaled_age": 0.17}, "36": {"bias": -0.5, "objective_cosine_similarity": -0.23404271669405077, "is_tight": 0.0, "dual_solution_value": 0.0, "scaled_age": 0.17}, "37": {"bias": -0.35355339059327373, "objective_cosine_similarity": -0.4367181457183361, "is_tight": 0.0, "dual_solution_value": 0.0, "scaled_age": 0.17}, "38": {"bias": -0.5, "objective_cosine_similarity": -0.26004746299338977, "is_tight": 0.0, "dual_solution_value": 0.0, "scaled_age": 0.17}, "39": {"bias": -0.4082482904638631, "objective_cosine_similarity": -0.4777376949293222, "is_tight": 0.0, "dual_solution_value": 0.0, "scaled_age": 0.17}, "40": {"bias": -0.5, "objective_cosine_similarity": -0.253546276418555, "is_tight": 0.0, "dual_solution_value": 0.0, "scaled_age": 0.17}, "41": {"bias": -0.5, "objective_cosine_similarity": -0.20153678381987705, "is_tight": 0.0, "dual_solution_value": 0.0, "scaled_age": 0.17}, "42": {"bias": -0.5, "objective_cosine_similarity": -0.3965723810649194, "is_tight": 0.0, "dual_solution_value": 0.0, "scaled_age": 0.05}, "43": {"bias": -0.4082482904638631, "objective_cosine_similarity": -0.3078754033988965, "is_tight": 0.0, "dual_solution_value": 0.0, "scaled_age": 0.17}, "44": {"bias": -0.5773502691896258, "objective_cosine_similarity": -0.32279771643682253, "is_tight": 1.0, "dual_solution_value": -0.025160311462221564, "scaled_age": 0.0}, "45": {"bias": -0.3779644730092272, "objective_cosine_similarity": -0.36366819853842736, "is_tight": 0.0, "dual_solution_value": 0.0, "scaled_age": 0.17}, "46": {"bias": -0.35355339059327373, "objective_cosine_similarity": -0.5516439735389509, "is_tight": 0.0, "dual_solution_value": 0.0, "scaled_age": 0.17}, "47": {"bias": -0.3333333333333333, "objective_cosine_similarity": -0.4984243040706637, "is_tight": 0.0, "dual_solution_value": 0.0, "scaled_age": 0.17}, "48": {"bias": -0.3779644730092272, "objective_cosine_similarity": -0.4029836794615006, "is_tight": 0.0, "dual_solution_value": 0.0, "scaled_age": 0.17}, "49": {"bias": -0.3779644730092272, "objective_cosine_similarity": -0.24572175576920768, "is_tight": 0.0, "dual_solution_value": 0.0, "scaled_age": 0.17}, "50": {"bias": -0.4082482904638631, "objective_cosine_similarity": -0.4936622847602996, "is_tight": 0.0, "dual_solution_value": 0.0, "scaled_age": 0.12}, "51": {"bias": -0.4082482904638631, "objective_cosine_similarity": -0.4405803186570416, "is_tight": 0.0,