{"0": {"bias": -0.6255432421712244, "objective_cosine_similarity": -0.23271112886500986, "is_tight": 1.0, "dual_solution_value": -1.568845709853036e-06, "scaled_age": 0.0}, "1": {"bias": -0.8551861104941365, "objective_cosine_similarity": -0.38007617060893795, "is_tight": 1.0, "dual_solution_value": -2.7231790335815067e-05, "scaled_age": 0.0}, "2": {"bias": -0.5547001962252291, "objective_cosine_similarity": -0.22109624107994058, "is_tight": 1.0, "dual_solution_value": -0.00023732005442885014, "scaled_age": 0.0}, "3": {"bias": -0.9899036241247757, "objective_cosine_similarity": -0.28922603154672294, "is_tight": 1.0, "dual_solution_value": -3.169652826941699e-08, "scaled_age": 0.0}, "4": {"bias": -0.31622776601683794, "objective_cosine_similarity": -0.21394641447415239, "is_tight": 0.0, "dual_solution_value": 0.0, "scaled_age": 0.3670886075949367}, "5": {"bias": -0.22360679774997896, "objective_cosine_similarity": -0.32674639416275164, "is_tight": 0.0, "dual_solution_value": 0.0, "scaled_age": 0.012658227848101266}, "6": {"bias": -0.2886751345948129, "objective_cosine_similarity": -0.2173173482804979, "is_tight": 0.0, "dual_solution_value": 0.0, "scaled_age": 0.3670886075949367}, "7": {"bias": -0.2182178902359924, "objective_cosine_similarity": -0.3563861628284054, "is_tight": 0.0, "dual_solution_value": 0.0, "scaled_age": 0.3670886075949367}, "8": {"bias": -0.2773500981126146, "objective_cosine_similarity": -0.27339030853537, "is_tight": 0.0, "dual_solution_value": 0.0, "scaled_age": 0.3670886075949367}, "9": {"bias": -0.23570226039551587, "objective_cosine_similarity": -0.27939269876509565, "is_tight": 0.0, "dual_solution_value": 0.0, "scaled_age": 0.3670886075949367}, "10": {"bias": -0.2581988897471611, "objective_cosine_similarity": -0.28386558836982384, "is_tight": 0.0, "dual_solution_value": 0.0, "scaled_age": 0.3670886075949367}, "11": {"bias": -0.30151134457776363, "objective_cosine_similarity": -0.21736628934068594, "is_tight": 1.0, "dual_solution_value": -0.00015146548034417352, "scaled_age": 0.0}, "12": {"bias": -0.30151134457776363, "objective_cosine_similarity": -0.287174309186637, "is_tight": 1.0, "dual_solution_value": -0.0075242177079468215, "scaled_age": 0.0}, "13": {"bias": -0.2581988897471611, "objective_cosine_similarity": -0.3282531456937307, "is_tight": 0.0, "dual_solution_value": 0.0, "scaled_age": 0.3670886075949367}, "14": {"bias": -0.2581988897471611, "objective_cosine_similarity": -0.22909707005887422, "is_tight": 0.0, "dual_solution_value": 0.0, "scaled_age": 0.3670886075949367}, "15": {"bias": -0.24253562503633297, "objective_cosine_similarity": -0.2817764857986567, "is_tight": 0.0, "dual_solution_value": 0.0, "scaled_age": 0.3670886075949367}, "16": {"bias": -0.22360679774997896, "objective_cosine_similarity": -0.3462767763565404, "is_tight": 0.0, "dual_solution_value": 0.0, "scaled_age": 0.3670886075949367}, "17": {"bias": -0.2773500981126146, "objective_cosine_similarity": -0.22109624107994058, "is_tight": 0.0, "dual_solution_value": 0.0, "scaled_age": 0.3670886075949367}, "18": {"bias": -0.24253562503633297, "objective_cosine_similarity": -0.26395529994265576, "is_tight": 0.0, "dual_solution_value": 0.0, "scaled_age": 0.3670886075949367}, "19": {"bias": -0.2773500981126146, "objective_cosine_similarity": -0.2695451565165884, "is_tight": 0.0, "dual_solution_value": 0.0, "scaled_age": 0.3670886075949367}, "20": {"bias": -0.3333333333333333, "objective_cosine_similarity": -0.2504743292997865, "is_tight": 1.0, "dual_solution_value": -0.009188104088562753, "scaled_age": 0.0}, "21": {"bias": -0.30151134457776363, "objective_cosine_similarity": -0.14714025739984896, "is_tight": 0.0, "dual_solution_value": 0.0, "scaled_age": 0.3670886075949367}, "22": {"bias": -0.25, "objective_cosine_similarity": -0.3022328622916243, "is_tight": 0.0, "dual_solution_value": 0.0, "scaled_age": 0.3670886075949367}, "23": {"bias": -0.2886751345948129, "objective_cosine_similarity": -0.26334220104708583, "is_tight": 0.0, "dual_solution_value": 0.0, "scaled_age": 0.012658227848101266}, "24": {"bias": -0.22360679774997896, "objective_cosine_similarity": -0.35495694622044655, "is_tight": 1.0, "dual_solution_value": -0.0021199971903933692, "scaled_age": 0.0}, "25": {"bias": -0.2672612419124244, "objective_cosine_similarity": -0.2471422559262008, "is_tight": 0.0, "dual_solution_value": 0.0, "scaled_age": 0.3670886075949367}, "26": {"bias": -0.24253562503633297, "objective_cosine_similarity": -0.32347133572590425, "is_tight": 0.0, "dual_solution_value": 0.0, "scaled_age": 0.3670886075949367}, "27": {"bias": -0.2672612419124244, "objective_cosine_similarity": -0.26974447123579337, "is_tight": 0.0, "dual_solution_value": 0.0, "scaled_age": 0.3670886075949367}, "28": {"bias": -0.3333333333333333, "objective_cosine_similarity": -0.19825366654909304, "is_tight": 0.0, "dual_solution_value": 0.0, "scaled_age": 0.10126582278481013}, "29": {"bias": -0.2773500981126146, "objective_cosine_similarity": -0.2822341581785676, "is_tight": 0.0, "dual_solution_value": 0.0, "scaled_age": 0.3670886075949367}, "30": {"bias": -0.2182178902359924, "objective_cosine_similarity": -0.3355112517629046, "is_tight": 0.0, "dual_solution_value": 0.0, "scaled_age": 0.3670886075949367}, "31": {"bias": -0.23570226039551587, "objective_cosine_similarity": -0.30520793058081797, "is_tight": 0.0, "dual_solution_value": 0.0, "scaled_age": 0.3670886075949367}, "32": {"bias": -0.2581988897471611, "objective_cosine_similarity": -0.32252571894225884, "is_tight": 1.0, "dual_solution_value": -0.005298325478435142, "scaled_age": 0.0}, "33": {"bias": -0.31622776601683794, "objective_cosine_similarity": -0.22271471014932256, "is_tight": 1.0, "dual_solution_value": -0.00036869210198367243, "scaled_age": 0.0}, "34": {"bias": -0.30151134457776363, "objective_cosine_similarity": -0.24411906341338577, "is_tight": 0.0, "dual_solution_value": 0.0, "scaled_age": 0.3670886075949367}, "35": {"bias": -0.25, "objective_cosine_similarity": -0.305698835483042, "is_tight": 0.0, "dual_solution_value": 0.0, "scaled_age": 0.3670886075949367}, "36": {"bias": -0.2773500981126146, "objective_cosine_similarity": -0.30722764630064786, "is_tight": 1.0, "dual_solution_value": -0.0024651764682170436, "scaled_age": 0.0}, "37": {"bias": -0.2773500981126146, "objective_cosine_similarity": -0.21878914986867162, "is_tight": 0.0, "dual_solution_value": 0.0, "scaled_age": 0.3670886075949367}, "38": {"bias": -0.23570226039551587, "objective_cosine_similarity": -0.3016134046317933, "is_tight": 0.0, "dual_solution_value": 0.0, "scaled_age": 0.3670886075949367}, "39": {"bias": -0.22941573387056174, "objective_cosine_similarity": -0.3578169524781541, "is_tight": 1.0, "dual_solution_value": -1.316747432132023e-06, "scaled_age": 0.0}, "40": {"bias": -0.25, "objective_cosine_similarity": -0.3386255808015103, "is_tight": 0.0, "dual_solution_value": 0.0, "scaled_age": 0.3670886075949367}, "41": {"bias": -0.24253562503633297, "objective_cosine_similarity": -0.31641011114145107, "is_tight": 0.0, "dual_solution_value": 0.0, "scaled_age": 0.3670886075949367}, "42": {"bias": -0.25, "objective_cosine_similarity": -0.2772778553134168, "is_tight": 0.0, "dual_solution_value": 0.0, "scaled_age": 0.3670886075949367}, "43": {"bias": -0.2672612419124244, "objective_cosine_similarity": -0.2445485590873951, "is_tight": 0.0, "dual_solution_value": 0.0, "scaled_age": 0.3670886075949367}, "44": {"bias": -0.23570226039551587, "objective_cosine_similarity": -0.2679555707454719, "is_tight": 0.0, "dual_solution_value": 0.0, "scaled_age": 0.3670886075949367}, "45": {"bias": -0.2773500981126146, "objective_cosine_similarity": -0.2703141869203447, "is_tight": 0.0, "dual_solution_value": 0.0, "scaled_age": 0.08860759493670886}, "46": {"bias": -0.3333333333333333, "objective_cosine_similarity": -0.2116554295559082, "is_tight": 0.0, "dual_solution_value": 0.0, "scaled_age": 0.3670886075949367}, "47": {"bias": -0.2581988897471611,