{"0": {"bias": -1.2827791657412049, "objective_cosine_similarity": -0.872137863971598, "is_tight": 0.0, "dual_solution_value": -0.0, "scaled_age": 0.0273972602739726}, "1": {"bias": -0.9486832980505138, "objective_cosine_similarity": -0.28811836714772887, "is_tight": 1.0, "dual_solution_value": -0.00012381739460636895, "scaled_age": 0.0}, "2": {"bias": -1.0660035817780522, "objective_cosine_similarity": -0.593784986166042, "is_tight": 1.0, "dual_solution_value": -0.00014727105447337623, "scaled_age": 0.0}, "3": {"bias": -1.4036631612570982, "objective_cosine_similarity": -0.8450590615859184, "is_tight": 0.0, "dual_solution_value": -0.0, "scaled_age": 0.0410958904109589}, "4": {"bias": -1.0434983894999017, "objective_cosine_similarity": -0.550226559476202, "is_tight": 1.0, "dual_solution_value": -2.8113728637872257e-05, "scaled_age": 0.0}, "5": {"bias": -0.9045340337332909, "objective_cosine_similarity": -0.5275682301719398, "is_tight": 1.0, "dual_solution_value": -0.0006018004344655382, "scaled_age": 0.0}, "6": {"bias": -0.7071067811865475, "objective_cosine_similarity": -0.549078626001617, "is_tight": 1.0, "dual_solution_value": -0.01486939120065675, "scaled_age": 0.0}, "7": {"bias": -0.7559289460184544, "objective_cosine_similarity": -0.45980863121064725, "is_tight": 0.0, "dual_solution_value": -0.0, "scaled_age": 0.1232876712328767}, "8": {"bias": -1.1013775835078696, "objective_cosine_similarity": -0.8547172725521553, "is_tight": 1.0, "dual_solution_value": -0.00016749311360248276, "scaled_age": 0.0}, "9": {"bias": -1.2696221085454769, "objective_cosine_similarity": -0.8580806539202308, "is_tight": 0.0, "dual_solution_value": -0.0, "scaled_age": 0.1232876712328767}, "10": {"bias": -1.05790877889162, "objective_cosine_similarity": -0.8849180652147072, "is_tight": 0.0, "dual_solution_value": -0.0, "scaled_age": 0.0958904109589041}, "11": {"bias": -0.3779644730092272, "objective_cosine_similarity": -0.471548426050068, "is_tight": 0.0, "dual_solution_value": 0.0, "scaled_age": 0.3835616438356164}, "12": {"bias": -0.4472135954999579, "objective_cosine_similarity": -0.1666885509773628, "is_tight": 0.0, "dual_solution_value": 0.0, "scaled_age": 0.3835616438356164}, "13": {"bias": -0.4082482904638631, "objective_cosine_similarity": -0.30433026482717135, "is_tight": 0.0, "dual_solution_value": 0.0, "scaled_age": 0.3835616438356164}, "14": {"bias": -0.3779644730092272, "objective_cosine_similarity": -0.45980863121064725, "is_tight": 0.0, "dual_solution_value": 0.0, "scaled_age": 0.2328767123287671}, "15": {"bias": -0.5773502691896258, "objective_cosine_similarity": -0.16737310642857056, "is_tight": 1.0, "dual_solution_value": -0.024056023626437016, "scaled_age": 0.0}, "16": {"bias": -0.5, "objective_cosine_similarity": -0.4555551379577271, "is_tight": 0.0, "dual_solution_value": 0.0, "scaled_age": 0.1506849315068493}, "17": {"bias": -0.4472135954999579, "objective_cosine_similarity": -0.1643734322137883, "is_tight": 0.0, "dual_solution_value": 0.0, "scaled_age": 0.3835616438356164}, "18": {"bias": -0.4082482904638631, "objective_cosine_similarity": -0.2536085540226428, "is_tight": 0.0, "dual_solution_value": 0.0, "scaled_age": 0.3835616438356164}, "19": {"bias": -0.3779644730092272, "objective_cosine_similarity": -0.3169744606643611, "is_tight": 0.0, "dual_solution_value": 0.0, "scaled_age": 0.3835616438356164}, "20": {"bias": -0.5773502691896258, "objective_cosine_similarity": -0.2689924924744884, "is_tight": 0.0, "dual_solution_value": 0.0, "scaled_age": 0.3835616438356164}, "21": {"bias": -0.4472135954999579, "objective_cosine_similarity": -0.29633520173753386, "is_tight": 0.0, "dual_solution_value": 0.0, "scaled_age": 0.3835616438356164}, "22": {"bias": -0.5773502691896258, "objective_cosine_similarity": -0.2391044377551008, "is_tight": 0.0, "dual_solution_value": 0.0, "scaled_age": 0.0273972602739726}, "23": {"bias": -0.5, "objective_cosine_similarity": -0.3546082607966399, "is_tight": 1.0, "dual_solution_value": -0.030168669685229965, "scaled_age": 0.0}, "24": {"bias": -0.5773502691896258, "objective_cosine_similarity": -0.19128355020408064, "is_tight": 0.0, "dual_solution_value": 0.0, "scaled_age": 0.1917808219178082}, "25": {"bias": -0.5, "objective_cosine_similarity": -0.1320074547491141, "is_tight": 0.0, "dual_solution_value": 0.0, "scaled_age": 0.3835616438356164}, "26": {"bias": -0.4082482904638631, "objective_cosine_similarity": -0.2345879124709446, "is_tight": 0.0, "dual_solution_value": 0.0, "scaled_age": 0.3835616438356164}, "27": {"bias": -0.4082482904638631, "objective_cosine_similarity": -0.20711365245182495, "is_tight": 0.0, "dual_solution_value": 0.0, "scaled_age": 0.3835616438356164}, "28": {"bias": -0.5, "objective_cosine_similarity": -0.18377508406249218, "is_tight": 0.0, "dual_solution_value": 0.0, "scaled_age": 0.3835616438356164}, "29": {"bias": -0.4472135954999579, "objective_cosine_similarity": -0.22456652006672487, "is_tight": 0.0, "dual_solution_value": 0.0, "scaled_age": 0.3835616438356164}, "30": {"bias": -0.5, "objective_cosine_similarity": -0.41672941597269353, "is_tight": 1.0, "dual_solution_value": -2.4428221302644108e-05, "scaled_age": 0.0}, "31": {"bias": -0.5, "objective_cosine_similarity": -0.17859832113115437, "is_tight": 1.0, "dual_solution_value": -0.012961085319925545, "scaled_age": 0.0}, "32": {"bias": -0.5773502691896258, "objective_cosine_similarity": -0.2660036870025496, "is_tight": 0.0, "dual_solution_value": 0.0, "scaled_age": 0.136986301369863}, "33": {"bias": -0.4082482904638631, "objective_cosine_similarity": -0.21768067553610174, "is_tight": 0.0, "dual_solution_value": 0.0, "scaled_age": 0.3835616438356164}, "34": {"bias": -0.7071067811865475, "objective_cosine_similarity": -0.07687100764022639, "is_tight": 0.0, "dual_solution_value": 0.0, "scaled_age": 0.1232876712328767}, "35": {"bias": -0.5, "objective_cosine_similarity": -0.14494936207745862, "is_tight": 0.0, "dual_solution_value": 0.0, "scaled_age": 0.3835616438356164}, "36": {"bias": -0.3779644730092272, "objective_cosine_similarity": -0.3580637426023338, "is_tight": 0.0, "dual_solution_value": 0.0, "scaled_age": 0.3835616438356164}, "37": {"bias": -0.5773502691896258, "objective_cosine_similarity": -0.3765894894642838, "is_tight": 1.0, "dual_solution_value": -0.02478730710044579, "scaled_age": 0.0}, "38": {"bias": -0.4472135954999579, "objective_cosine_similarity": -0.22456652006672487, "is_tight": 0.0, "dual_solution_value": 0.0, "scaled_age": 0.3835616438356164}, "39": {"bias": -0.3779644730092272, "objective_cosine_similarity": -0.1780535550645485, "is_tight": 0.0, "dual_solution_value": 0.0, "scaled_age": 0.3835616438356164}, "40": {"bias": -0.5, "objective_cosine_similarity": -0.3753153125219911, "is_tight": 0.0, "dual_solution_value": 0.0, "scaled_age": 0.1643835616438356}, "41": {"bias": -0.4472135954999579, "objective_cosine_similarity": -0.28012937039251246, "is_tight": 0.0, "dual_solution_value": 0.0, "scaled_age": 0.3835616438356164}, "42": {"bias": -0.4082482904638631, "objective_cosine_similarity": -0.4712892295587445, "is_tight": 0.0, "dual_solution_value": 0.0, "scaled_age": 0.273972602739726}, "43": {"bias": -0.4472135954999579, "objective_cosine_similarity": -0.20373045119455452, "is_tight": 0.0, "dual_solution_value": 0.0, "scaled_age": 0.3835616438356164}, "44": {"bias": -0.5, "objective_cosine_similarity": -0.34425473493396425, "is_tight": 0.0, "dual_solution_value": 0.0, "scaled_age": 0.1780821917808219}, "45": {"bias": -0.4472135954999579, "objective_cosine_similarity": -0.40514578362553455, "is_tight": 0.0, "dual_solution_value": 0.0, "scaled_age": 0.1095890410958904}, "46": {"bias": -0.5773502691896258, "objective_cosine_similarity": -0.03586566566326512, "is_tight": 0.0, "dual_solution_value": 0.0, "scaled_age": 0.3835616438356164}, "47": {"bias": -0.5773502691896258, "objective_cosine_similarity": -0.46924245909438533, "is_tight": 1.0, "dual_solution_value": -0.04432707931844317, "scaled_age": 0.0},