{"0": {"bias": -0.9733285267845753, "objective_cosine_similarity": -0.8070202842337757, "is_tight": 0.0, "dual_solution_value": -0.0, "scaled_age": 0.03529411764705882}, "1": {"bias": -0.8017837257372732, "objective_cosine_similarity": -0.6151756295009512, "is_tight": 0.0, "dual_solution_value": -0.0, "scaled_age": 0.058823529411764705}, "2": {"bias": -1.1785113019775793, "objective_cosine_similarity": -0.8358855778146379, "is_tight": 0.0, "dual_solution_value": -0.0, "scaled_age": 0.047058823529411764}, "3": {"bias": -0.6030226891555273, "objective_cosine_similarity": -0.5149119129991119, "is_tight": 0.0, "dual_solution_value": -0.0, "scaled_age": 0.047058823529411764}, "4": {"bias": -1.3083459671625746, "objective_cosine_similarity": -0.8745488429845555, "is_tight": 1.0, "dual_solution_value": -8.332290117447016e-10, "scaled_age": 0.0}, "5": {"bias": -1.3074028933658497, "objective_cosine_similarity": -0.9029588411281995, "is_tight": 1.0, "dual_solution_value": -1.2640460957061727e-05, "scaled_age": 0.0}, "6": {"bias": -0.8660254037844387, "objective_cosine_similarity": -0.5685212781612768, "is_tight": 1.0, "dual_solution_value": -0.00020038080384906018, "scaled_age": 0.0}, "7": {"bias": -0.917662935482247, "objective_cosine_similarity": -0.7405870756007056, "is_tight": 0.0, "dual_solution_value": -0.0, "scaled_age": 0.03529411764705882}, "8": {"bias": -1.2657795235339375, "objective_cosine_similarity": -0.9038824434558924, "is_tight": 0.0, "dual_solution_value": -0.0, "scaled_age": 0.011764705882352941}, "9": {"bias": -1.2188734180842564, "objective_cosine_similarity": -0.8543856655891444, "is_tight": 0.0, "dual_solution_value": -0.0, "scaled_age": 0.03529411764705882}, "10": {"bias": -1.3343253664450052, "objective_cosine_similarity": -0.8798105537090906, "is_tight": 1.0, "dual_solution_value": -2.8539749958860138e-08, "scaled_age": 0.0}, "11": {"bias": -1.3342530567612492, "objective_cosine_similarity": -0.9176027996084736, "is_tight": 0.0, "dual_solution_value": 0.0, "scaled_age": 0.11764705882352941}, "12": {"bias": -1.3029612153129217, "objective_cosine_similarity": -0.8923801287526296, "is_tight": 0.0, "dual_solution_value": 0.0, "scaled_age": 0.03529411764705882}, "13": {"bias": -1.3403725926411156, "objective_cosine_similarity": -0.9427558091426476, "is_tight": 0.0, "dual_solution_value": 0.0, "scaled_age": 0.09411764705882353}, "14": {"bias": -1.3370479991124673, "objective_cosine_similarity": -0.9384307376426667, "is_tight": 1.0, "dual_solution_value": -0.010371045474252345, "scaled_age": 0.0}, "15": {"bias": -0.5, "objective_cosine_similarity": -0.2863961466991229, "is_tight": 1.0, "dual_solution_value": -0.0008112685669808592, "scaled_age": 0.0}, "16": {"bias": -0.5773502691896258, "objective_cosine_similarity": -0.05511696413053672, "is_tight": 0.0, "dual_solution_value": 0.0, "scaled_age": 0.27058823529411763}, "17": {"bias": -0.4082482904638631, "objective_cosine_similarity": -0.4402570971855947, "is_tight": 1.0, "dual_solution_value": -5.234895425926264e-05, "scaled_age": 0.0}, "18": {"bias": -0.7071067811865475, "objective_cosine_similarity": -0.19001187611339723, "is_tight": 0.0, "dual_solution_value": 0.0, "scaled_age": 0.011764705882352941}, "19": {"bias": -0.35355339059327373, "objective_cosine_similarity": -0.35252203331564486, "is_tight": 0.0, "dual_solution_value": 0.0, "scaled_age": 0.27058823529411763}, "20": {"bias": -0.4082482904638631, "objective_cosine_similarity": -0.3680838025650054, "is_tight": 0.0, "dual_solution_value": 0.0, "scaled_age": 0.11764705882352941}, "21": {"bias": -0.4082482904638631, "objective_cosine_similarity": -0.30168437151406324, "is_tight": 0.0, "dual_solution_value": 0.0, "scaled_age": 0.18823529411764706}, "22": {"bias": -0.5773502691896258, "objective_cosine_similarity": -0.128606249637919, "is_tight": 0.0, "dual_solution_value": 0.0, "scaled_age": 0.047058823529411764}, "23": {"bias": -0.5773502691896258, "objective_cosine_similarity": -0.22250922556401861, "is_tight": 0.0, "dual_solution_value": 0.0, "scaled_age": 0.03529411764705882}, "24": {"bias": -0.3779644730092272, "objective_cosine_similarity": -0.31004241887518147, "is_tight": 0.0, "dual_solution_value": 0.0, "scaled_age": 0.27058823529411763}, "25": {"bias": -0.4472135954999579, "objective_cosine_similarity": -0.24983555036319022, "is_tight": 0.0, "dual_solution_value": 0.0, "scaled_age": 0.27058823529411763}, "26": {"bias": -0.4082482904638631, "objective_cosine_similarity": -0.3377710188243579, "is_tight": 0.0, "dual_solution_value": 0.0, "scaled_age": 0.27058823529411763}, "27": {"bias": -0.4082482904638631, "objective_cosine_similarity": -0.41860510879941787, "is_tight": 1.0, "dual_solution_value": -0.01631204429808481, "scaled_age": 0.0}, "28": {"bias": -0.5773502691896258, "objective_cosine_similarity": -0.10002708305171479, "is_tight": 0.0, "dual_solution_value": 0.0, "scaled_age": 0.27058823529411763}, "29": {"bias": -0.5, "objective_cosine_similarity": -0.2068416615049221, "is_tight": 0.0, "dual_solution_value": 0.0, "scaled_age": 0.27058823529411763}, "30": {"bias": -0.4472135954999579, "objective_cosine_similarity": -0.3020163931605654, "is_tight": 1.0, "dual_solution_value": -0.011939036539362399, "scaled_age": 0.0}, "31": {"bias": -0.4472135954999579, "objective_cosine_similarity": -0.19923594522634158, "is_tight": 0.0, "dual_solution_value": 0.0, "scaled_age": 0.27058823529411763}, "32": {"bias": -0.3333333333333333, "objective_cosine_similarity": -0.4502194569508845, "is_tight": 0.0, "dual_solution_value": 0.0, "scaled_age": 0.27058823529411763}, "33": {"bias": -0.7071067811865475, "objective_cosine_similarity": -0.1450090633496979, "is_tight": 0.0, "dual_solution_value": 0.0, "scaled_age": 0.25882352941176473}, "34": {"bias": -0.4082482904638631, "objective_cosine_similarity": -0.4142747111221825, "is_tight": 0.0, "dual_solution_value": 0.0, "scaled_age": 0.27058823529411763}, "35": {"bias": -0.5, "objective_cosine_similarity": -0.31291430843052315, "is_tight": 1.0, "dual_solution_value": -0.004290718172674949, "scaled_age": 0.0}, "36": {"bias": -0.7071067811865475, "objective_cosine_similarity": -0.22001375128919679, "is_tight": 1.0, "dual_solution_value": -0.00018460841700100212, "scaled_age": 0.0}, "37": {"bias": -0.4472135954999579, "objective_cosine_similarity": -0.23560441141845154, "is_tight": 0.0, "dual_solution_value": 0.0, "scaled_age": 0.27058823529411763}, "38": {"bias": -0.5, "objective_cosine_similarity": -0.41014756811232417, "is_tight": 1.0, "dual_solution_value": -0.021353637444198197, "scaled_age": 0.0}, "39": {"bias": -0.5, "objective_cosine_similarity": -0.31291430843052315, "is_tight": 0.0, "dual_solution_value": 0.0, "scaled_age": 0.15294117647058825}, "40": {"bias": -0.4082482904638631, "objective_cosine_similarity": -0.34065795060918147, "is_tight": 0.0, "dual_solution_value": 0.0, "scaled_age": 0.27058823529411763}, "41": {"bias": -0.7071067811865475, "objective_cosine_similarity": -0.14000875082039796, "is_tight": 1.0, "dual_solution_value": -0.0025001562646499637, "scaled_age": 0.0}, "42": {"bias": -0.5, "objective_cosine_similarity": -0.2863961466991229, "is_tight": 1.0, "dual_solution_value": -0.007006104871988962, "scaled_age": 0.0}, "43": {"bias": -0.5, "objective_cosine_similarity": -0.27578888200656276, "is_tight": 0.0, "dual_solution_value": 0.0, "scaled_age": 0.08235294117647059}, "44": {"bias": -0.4082482904638631, "objective_cosine_similarity": -0.3940661886284175, "is_tight": 0.0, "dual_solution_value": 0.0, "scaled_age": 0.27058823529411763}, "45": {"bias": -0.5773502691896258, "objective_cosine_similarity": -0.3674464275369115, "is_tight": 1.0, "dual_solution_value": -0.02276694939342589, "scaled_age": 0.0}, "46": {"bias": -0.7071067811865475, "objective_cosine_similarity": -0.12750796949714815, "is_tight": 1.0, "dual_solution_value": -0.0025001562646499637, "scaled_age": 0.0}, "47": {"bias": -0.4472135954999579, "objective_cosine_similarity": -0.3320599087105693,