{"0": {"bias": -0.5962847939999439, "objective_cosine_similarity": -0.48388754769659936, "is_tight": 0.0, "dual_solution_value": -0.0, "scaled_age": 0.11764705882352941}, "1": {"bias": -0.5622535302317492, "objective_cosine_similarity": -0.522592900528184, "is_tight": 1.0, "dual_solution_value": -1.9004760365415067e-05, "scaled_age": 0.0}, "2": {"bias": -0.6925323732086295, "objective_cosine_similarity": -0.3121286038247143, "is_tight": 0.0, "dual_solution_value": -0.0, "scaled_age": 0.011764705882352941}, "3": {"bias": -0.5, "objective_cosine_similarity": -0.2434689718278178, "is_tight": 1.0, "dual_solution_value": -0.00033519375778044317, "scaled_age": 0.0}, "4": {"bias": -0.6597830814767823, "objective_cosine_similarity": -0.318965226014957, "is_tight": 1.0, "dual_solution_value": -8.363010645384293e-06, "scaled_age": 0.0}, "5": {"bias": -0.4588314677411235, "objective_cosine_similarity": -0.14102320911121544, "is_tight": 0.0, "dual_solution_value": -0.0, "scaled_age": 0.047058823529411764}, "6": {"bias": -0.4456249098554612, "objective_cosine_similarity": -0.8094033575268054, "is_tight": 1.0, "dual_solution_value": -3.765647599034199e-06, "scaled_age": 0.0}, "7": {"bias": -0.41770854112197003, "objective_cosine_similarity": -0.7899350735510513, "is_tight": 1.0, "dual_solution_value": -1.040346468525025e-05, "scaled_age": 0.0}, "8": {"bias": -0.22941573387056174, "objective_cosine_similarity": -0.32015199666587707, "is_tight": 0.0, "dual_solution_value": 0.0, "scaled_age": 0.3176470588235294}, "9": {"bias": -0.2, "objective_cosine_similarity": -0.37734141522935266, "is_tight": 0.0, "dual_solution_value": 0.0, "scaled_age": 0.2}, "10": {"bias": -0.22360679774997896, "objective_cosine_similarity": -0.3247432503566288, "is_tight": 1.0, "dual_solution_value": -0.0024072691253220284, "scaled_age": 0.0}, "11": {"bias": -0.18569533817705186, "objective_cosine_similarity": -0.419157868012276, "is_tight": 1.0, "dual_solution_value": 0.0, "scaled_age": 0.023529411764705882}, "12": {"bias": -0.18257418583505536, "objective_cosine_similarity": -0.374530091833393, "is_tight": 0.0, "dual_solution_value": 0.0, "scaled_age": 0.3176470588235294}, "13": {"bias": -0.2773500981126146, "objective_cosine_similarity": -0.1909631455600816, "is_tight": 0.0, "dual_solution_value": 0.0, "scaled_age": 0.3176470588235294}, "14": {"bias": -0.21320071635561041, "objective_cosine_similarity": -0.35321489790747423, "is_tight": 1.0, "dual_solution_value": -0.0015637906077023268, "scaled_age": 0.0}, "15": {"bias": -0.19611613513818404, "objective_cosine_similarity": -0.342450602627143, "is_tight": 0.0, "dual_solution_value": 0.0, "scaled_age": 0.1411764705882353}, "16": {"bias": -0.2773500981126146, "objective_cosine_similarity": -0.2374242820056272, "is_tight": 0.0, "dual_solution_value": 0.0, "scaled_age": 0.3176470588235294}, "17": {"bias": -0.20412414523193154, "objective_cosine_similarity": -0.34889951312466494, "is_tight": 0.0, "dual_solution_value": 0.0, "scaled_age": 0.3176470588235294}, "18": {"bias": -0.22360679774997896, "objective_cosine_similarity": -0.2876025267088032, "is_tight": 1.0, "dual_solution_value": -3.524315089321025e-20, "scaled_age": 0.0}, "19": {"bias": -0.17677669529663687, "objective_cosine_similarity": -0.40003024229565387, "is_tight": 1.0, "dual_solution_value": 0.0, "scaled_age": 0.011764705882352941}, "20": {"bias": -0.19611613513818404, "objective_cosine_similarity": -0.3574850193278468, "is_tight": 0.0, "dual_solution_value": 0.0, "scaled_age": 0.3176470588235294}, "21": {"bias": -0.2581988897471611, "objective_cosine_similarity": -0.30203764786117865, "is_tight": 1.0, "dual_solution_value": -0.0023214867756320362, "scaled_age": 0.0}, "22": {"bias": -0.22360679774997896, "objective_cosine_similarity": -0.37172467856071584, "is_tight": 0.0, "dual_solution_value": 0.0, "scaled_age": 0.3176470588235294}, "23": {"bias": -0.22360679774997896, "objective_cosine_similarity": -0.30633160957394606, "is_tight": 0.0, "dual_solution_value": 0.0, "scaled_age": 0.3176470588235294}, "24": {"bias": -0.22360679774997896, "objective_cosine_similarity": -0.3225211557794085, "is_tight": 0.0, "dual_solution_value": 0.0, "scaled_age": 0.12941176470588237}, "25": {"bias": -0.21320071635561041, "objective_cosine_similarity": -0.3181052765216413, "is_tight": 1.0, "dual_solution_value": -0.0009836747371030764, "scaled_age": 0.0}, "26": {"bias": -0.23570226039551587, "objective_cosine_similarity": -0.3038289084102499, "is_tight": 0.0, "dual_solution_value": 0.0, "scaled_age": 0.11764705882352941}, "27": {"bias": -0.22360679774997896, "objective_cosine_similarity": -0.3545828061078733, "is_tight": 0.0, "dual_solution_value": 0.0, "scaled_age": 0.3176470588235294}, "28": {"bias": -0.22360679774997896, "objective_cosine_similarity": -0.34918629070605245, "is_tight": 0.0, "dual_solution_value": 0.0, "scaled_age": 0.21176470588235294}, "29": {"bias": -0.22360679774997896, "objective_cosine_similarity": -0.3158548720477475, "is_tight": 1.0, "dual_solution_value": -0.00039680260307505964, "scaled_age": 0.0}, "30": {"bias": -0.23570226039551587, "objective_cosine_similarity": -0.28575978830655663, "is_tight": 0.0, "dual_solution_value": 0.0, "scaled_age": 0.3176470588235294}, "31": {"bias": -0.2672612419124244, "objective_cosine_similarity": -0.2655911011340557, "is_tight": 0.0, "dual_solution_value": 0.0, "scaled_age": 0.15294117647058825}, "32": {"bias": -0.20412414523193154, "objective_cosine_similarity": -0.34484254204182, "is_tight": 0.0, "dual_solution_value": 0.0, "scaled_age": 0.3176470588235294}, "33": {"bias": -0.19611613513818404, "objective_cosine_similarity": -0.3775309082621186, "is_tight": 0.0, "dual_solution_value": 0.0, "scaled_age": 0.3176470588235294}, "34": {"bias": -0.18569533817705186, "objective_cosine_similarity": -0.413094578097633, "is_tight": 0.0, "dual_solution_value": 0.0, "scaled_age": 0.3176470588235294}, "35": {"bias": -0.25, "objective_cosine_similarity": -0.2562457691832135, "is_tight": 0.0, "dual_solution_value": 0.0, "scaled_age": 0.3176470588235294}, "36": {"bias": -0.19245008972987526, "objective_cosine_similarity": -0.40271248950270383, "is_tight": 0.0, "dual_solution_value": 0.0, "scaled_age": 0.29411764705882354}, "37": {"bias": -0.2, "objective_cosine_similarity": -0.32055564920537183, "is_tight": 0.0, "dual_solution_value": 0.0, "scaled_age": 0.08235294117647059}, "38": {"bias": -0.23570226039551587, "objective_cosine_similarity": -0.32223264184919675, "is_tight": 0.0, "dual_solution_value": 0.0, "scaled_age": 0.18823529411764706}, "39": {"bias": -0.19611613513818404, "objective_cosine_similarity": -0.43015136671458204, "is_tight": 0.0, "dual_solution_value": 0.0, "scaled_age": 0.11764705882352941}, "40": {"bias": -0.19245008972987526, "objective_cosine_similarity": -0.2964335489215968, "is_tight": 0.0, "dual_solution_value": 0.0, "scaled_age": 0.3176470588235294}, "41": {"bias": -0.21320071635561041, "objective_cosine_similarity": -0.34867486065930614, "is_tight": 0.0, "dual_solution_value": 0.0, "scaled_age": 0.15294117647058825}, "42": {"bias": -0.1889822365046136, "objective_cosine_similarity": -0.3278473575308497, "is_tight": 0.0, "dual_solution_value": 0.0, "scaled_age": 0.3176470588235294}, "43": {"bias": -0.22360679774997896, "objective_cosine_similarity": -0.28125368505960224, "is_tight": 0.0, "dual_solution_value": 0.0, "scaled_age": 0.2823529411764706}, "44": {"bias": -0.19611613513818404, "objective_cosine_similarity": -0.2990178432695541, "is_tight": 0.0, "dual_solution_value": 0.0, "scaled_age": 0.3176470588235294}, "45": {"bias": -0.22941573387056174, "objective_cosine_similarity": -0.22537658361422883, "is_tight": 0.0, "dual_solution_value": 0.0, "scaled_age": 0.3176470588235294}, "46": {"bias": -0.22360679774997896, "objective_cosine_similarity": -0.3168071982951276, "is_tight": 0.0, "dual_solution_value": 0.0, "scaled_age": 0.3176470588235294}, "47": {"bias": -0.18569533817705186,