{"0": {"bias": -0.7071067811865476, "objective_cosine_similarity": -0.5495314672502264, "is_tight": 0.0, "dual_solution_value": -0.0, "scaled_age": 0.07339449541284404}, "1": {"bias": -1.0486056693155907, "objective_cosine_similarity": -0.9161803168893411, "is_tight": 1.0, "dual_solution_value": -2.7610088466311933e-06, "scaled_age": 0.0}, "2": {"bias": -1.113780197846022, "objective_cosine_similarity": -0.9014047474494524, "is_tight": 0.0, "dual_solution_value": -0.0, "scaled_age": 0.08256880733944955}, "3": {"bias": -1.1967470032678205, "objective_cosine_similarity": -0.8745618455931741, "is_tight": 0.0, "dual_solution_value": -0.0, "scaled_age": 0.05504587155963303}, "4": {"bias": -1.2607882095544016, "objective_cosine_similarity": -0.9480031792344938, "is_tight": 0.0, "dual_solution_value": 0.0, "scaled_age": 0.09174311926605505}, "5": {"bias": -1.2244481518230008, "objective_cosine_similarity": -0.9158956384460167, "is_tight": 1.0, "dual_solution_value": -0.004180092289974517, "scaled_age": 0.0}, "6": {"bias": -1.073158100533467, "objective_cosine_similarity": -0.7720794664640116, "is_tight": 0.0, "dual_solution_value": 0.0, "scaled_age": 0.03669724770642202}, "7": {"bias": -1.0864586486800536, "objective_cosine_similarity": -0.923806569888209, "is_tight": 1.0, "dual_solution_value": -3.425573213520032e-05, "scaled_age": 0.0}, "8": {"bias": -1.167215197229209, "objective_cosine_similarity": -0.90471531595127, "is_tight": 1.0, "dual_solution_value": -0.004650121847455794, "scaled_age": 0.0}, "9": {"bias": -0.4082482904638631, "objective_cosine_similarity": -0.30244633958503736, "is_tight": 0.0, "dual_solution_value": 0.0, "scaled_age": 0.24770642201834864}, "10": {"bias": -0.4082482904638631, "objective_cosine_similarity": -0.3291327813131289, "is_tight": 0.0, "dual_solution_value": 0.0, "scaled_age": 0.24770642201834864}, "11": {"bias": -0.3779644730092272, "objective_cosine_similarity": -0.3788382768635666, "is_tight": 0.0, "dual_solution_value": 0.0, "scaled_age": 0.06422018348623854}, "12": {"bias": -0.4082482904638631, "objective_cosine_similarity": -0.453669509377556, "is_tight": 1.0, "dual_solution_value": -0.00012428288287573853, "scaled_age": 0.0}, "13": {"bias": -0.4472135954999579, "objective_cosine_similarity": -0.4238862173066634, "is_tight": 0.0, "dual_solution_value": 0.0, "scaled_age": 0.24770642201834864}, "14": {"bias": -0.3779644730092272, "objective_cosine_similarity": -0.44060538722175674, "is_tight": 0.0, "dual_solution_value": 0.0, "scaled_age": 0.24770642201834864}, "15": {"bias": -0.3779644730092272, "objective_cosine_similarity": -0.4158985430784807, "is_tight": 0.0, "dual_solution_value": 0.0, "scaled_age": 0.24770642201834864}, "16": {"bias": -0.4082482904638631, "objective_cosine_similarity": -0.3602669633292357, "is_tight": 0.0, "dual_solution_value": 0.0, "scaled_age": 0.24770642201834864}, "17": {"bias": -0.5773502691896258, "objective_cosine_similarity": -0.27676240403787317, "is_tight": 1.0, "dual_solution_value": -0.013930572880066069, "scaled_age": 0.0}, "18": {"bias": -0.4082482904638631, "objective_cosine_similarity": -0.3469237424651899, "is_tight": 0.0, "dual_solution_value": 0.0, "scaled_age": 0.08256880733944955}, "19": {"bias": -0.3779644730092272, "objective_cosine_similarity": -0.31707116650537637, "is_tight": 0.0, "dual_solution_value": 0.0, "scaled_age": 0.24770642201834864}, "20": {"bias": -0.3779644730092272, "objective_cosine_similarity": -0.3706026621491412, "is_tight": 0.0, "dual_solution_value": 0.0, "scaled_age": 0.24770642201834864}, "21": {"bias": -0.5, "objective_cosine_similarity": -0.2832620495654785, "is_tight": 1.0, "dual_solution_value": -0.00023328595773737613, "scaled_age": 0.0}, "22": {"bias": -0.5773502691896258, "objective_cosine_similarity": -0.20757180302840486, "is_tight": 1.0, "dual_solution_value": -5.5830170987911193e-05, "scaled_age": 0.0}, "23": {"bias": -0.5, "objective_cosine_similarity": -0.528392669381758, "is_tight": 1.0, "dual_solution_value": -0.03438648617304357, "scaled_age": 0.0}, "24": {"bias": -0.35355339059327373, "objective_cosine_similarity": -0.41600045651652645, "is_tight": 0.0, "dual_solution_value": 0.0, "scaled_age": 0.24770642201834864}, "25": {"bias": -0.35355339059327373, "objective_cosine_similarity": -0.48918572201480426, "is_tight": 0.0, "dual_solution_value": 0.0, "scaled_age": 0.24770642201834864}, "26": {"bias": -0.5, "objective_cosine_similarity": -0.16886776031788142, "is_tight": 1.0, "dual_solution_value": -0.003996542921573616, "scaled_age": 0.0}, "27": {"bias": -0.5, "objective_cosine_similarity": -0.3976563388130756, "is_tight": 0.0, "dual_solution_value": 0.0, "scaled_age": 0.24770642201834864}, "28": {"bias": -0.35355339059327373, "objective_cosine_similarity": -0.41600045651652645, "is_tight": 0.0, "dual_solution_value": 0.0, "scaled_age": 0.24770642201834864}, "29": {"bias": -0.5, "objective_cosine_similarity": -0.3486302148498197, "is_tight": 0.0, "dual_solution_value": 0.0, "scaled_age": 0.24770642201834864}, "30": {"bias": -0.5, "objective_cosine_similarity": -0.3758669503849619, "is_tight": 0.0, "dual_solution_value": 0.0, "scaled_age": 0.24770642201834864}, "31": {"bias": -0.4472135954999579, "objective_cosine_similarity": -0.37029140822191287, "is_tight": 0.0, "dual_solution_value": 0.0, "scaled_age": 0.24770642201834864}, "32": {"bias": -0.4082482904638631, "objective_cosine_similarity": -0.4314308079374798, "is_tight": 0.0, "dual_solution_value": 0.0, "scaled_age": 0.009174311926605505}, "33": {"bias": -0.5, "objective_cosine_similarity": -0.2669200082443932, "is_tight": 0.0, "dual_solution_value": 0.0, "scaled_age": 0.24770642201834864}, "34": {"bias": -0.4082482904638631, "objective_cosine_similarity": -0.27131215756893057, "is_tight": 0.0, "dual_solution_value": 0.0, "scaled_age": 0.24770642201834864}, "35": {"bias": -0.5, "objective_cosine_similarity": -0.2505779669233079, "is_tight": 1.0, "dual_solution_value": -0.004566346359911075, "scaled_age": 0.0}, "36": {"bias": -0.3333333333333333, "objective_cosine_similarity": -0.42489307434821777, "is_tight": 0.0, "dual_solution_value": 0.0, "scaled_age": 0.24770642201834864}, "37": {"bias": -0.5, "objective_cosine_similarity": -0.25602531403033635, "is_tight": 0.0, "dual_solution_value": 0.0, "scaled_age": 0.14678899082568808}, "38": {"bias": -0.5773502691896258, "objective_cosine_similarity": -0.42143366069403415, "is_tight": 1.0, "dual_solution_value": -1.3550339084160475e-05, "scaled_age": 0.0}, "39": {"bias": -0.5773502691896258, "objective_cosine_similarity": -0.2012817483911805, "is_tight": 0.0, "dual_solution_value": 0.0, "scaled_age": 0.24770642201834864}, "40": {"bias": -0.4472135954999579, "objective_cosine_similarity": -0.3313133652511852, "is_tight": 1.0, "dual_solution_value": -4.677260165388752e-05, "scaled_age": 0.0}, "41": {"bias": -0.3779644730092272, "objective_cosine_similarity": -0.30059993707652566, "is_tight": 0.0, "dual_solution_value": 0.0, "scaled_age": 0.24770642201834864}, "42": {"bias": -0.35355339059327373, "objective_cosine_similarity": -0.3813337518068159, "is_tight": 0.0, "dual_solution_value": 0.0, "scaled_age": 0.24770642201834864}, "43": {"bias": -0.4082482904638631, "objective_cosine_similarity": -0.4225353273614493, "is_tight": 0.0, "dual_solution_value": 0.0, "scaled_age": 0.22935779816513763}, "44": {"bias": -0.4472135954999579, "objective_cosine_similarity": -0.3313133652511852, "is_tight": 1.0, "dual_solution_value": -9.55166625960746e-07, "scaled_age": 0.0}, "45": {"bias": -0.4472135954999579, "objective_cosine_similarity": -0.32644110987984426, "is_tight": 0.0, "dual_solution_value": 0.0, "scaled_age": 0.1559633027522936}, "46": {"bias": -0.5, "objective_cosine_similarity": -0.24513061981627948, "is_tight": 0.0, "dual_solution_value": 0.0, "scaled_age": 0.24770642201834864}, "47": {"bias": -0.4472135954999579, "objective_cosine_similarity": -0.3849081743359357, "is_tight": 0.0, "dual_solution_value": 0.0,