{"0": {"bias": -0.9701425001453319, "objective_cosine_similarity": -0.6447993911822943, "is_tight": 1.0, "dual_solution_value": -0.0002497950825404168, "scaled_age": 0.0}, "1": {"bias": -0.8164965809277261, "objective_cosine_similarity": -0.3896160893033257, "is_tight": 1.0, "dual_solution_value": -0.0005656047948235984, "scaled_age": 0.0}, "2": {"bias": -1.272476165027086, "objective_cosine_similarity": -0.8859411129742151, "is_tight": 1.0, "dual_solution_value": -4.296437208080413e-11, "scaled_age": 0.0}, "3": {"bias": -1.2339339336326682, "objective_cosine_similarity": -0.8919234314418227, "is_tight": 0.0, "dual_solution_value": -0.0, "scaled_age": 0.011764705882352941}, "4": {"bias": -1.0606601717798212, "objective_cosine_similarity": -0.4860417756933215, "is_tight": 1.0, "dual_solution_value": -0.0003865770805391988, "scaled_age": 0.0}, "5": {"bias": -0.8944271909999159, "objective_cosine_similarity": -0.3556692014639645, "is_tight": 1.0, "dual_solution_value": -0.010168441237627118, "scaled_age": 0.0}, "6": {"bias": -0.7071067811865475, "objective_cosine_similarity": -0.32938368270125923, "is_tight": 1.0, "dual_solution_value": -0.004289193220738029, "scaled_age": 0.0}, "7": {"bias": -0.7745966692414834, "objective_cosine_similarity": -0.6923083910430325, "is_tight": 1.0, "dual_solution_value": -0.0006153696211638554, "scaled_age": 0.0}, "8": {"bias": -1.049344364594206, "objective_cosine_similarity": -0.8924512527558033, "is_tight": 1.0, "dual_solution_value": -4.621359867644975e-05, "scaled_age": 0.0}, "9": {"bias": -1.0178267156159653, "objective_cosine_similarity": -0.9058445494651967, "is_tight": 0.0, "dual_solution_value": -0.0, "scaled_age": 0.12941176470588237}, "10": {"bias": -1.2278647332769241, "objective_cosine_similarity": -0.9226524664658589, "is_tight": 0.0, "dual_solution_value": 0.0, "scaled_age": 0.1411764705882353}, "11": {"bias": -1.2216830740941833, "objective_cosine_similarity": -0.9300710816730393, "is_tight": 0.0, "dual_solution_value": 0.0, "scaled_age": 0.09411764705882353}, "12": {"bias": -1.1931327029039072, "objective_cosine_similarity": -0.9298218471588613, "is_tight": 1.0, "dual_solution_value": -0.0014975343475987408, "scaled_age": 0.0}, "13": {"bias": -0.4082482904638631, "objective_cosine_similarity": -0.5473178397356242, "is_tight": 0.0, "dual_solution_value": 0.0, "scaled_age": 0.17647058823529413}, "14": {"bias": -0.3779644730092272, "objective_cosine_similarity": -0.5238947334995137, "is_tight": 0.0, "dual_solution_value": 0.0, "scaled_age": 0.058823529411764705}, "15": {"bias": -0.3333333333333333, "objective_cosine_similarity": -0.3029716236100924, "is_tight": 0.0, "dual_solution_value": 0.0, "scaled_age": 0.24705882352941178}, "16": {"bias": -0.5, "objective_cosine_similarity": -0.6248789736958155, "is_tight": 1.0, "dual_solution_value": -0.07565159081016097, "scaled_age": 0.0}, "17": {"bias": -0.4472135954999579, "objective_cosine_similarity": -0.44712699612612683, "is_tight": 0.0, "dual_solution_value": 0.0, "scaled_age": 0.047058823529411764}, "18": {"bias": -0.5, "objective_cosine_similarity": -0.2840358971344616, "is_tight": 0.0, "dual_solution_value": 0.0, "scaled_age": 0.24705882352941178}, "19": {"bias": -0.5, "objective_cosine_similarity": -0.1988251279941231, "is_tight": 0.0, "dual_solution_value": 0.0, "scaled_age": 0.24705882352941178}, "20": {"bias": -0.5, "objective_cosine_similarity": -0.19314441005143387, "is_tight": 0.0, "dual_solution_value": 0.0, "scaled_age": 0.12941176470588237}, "21": {"bias": -0.5773502691896258, "objective_cosine_similarity": -0.4066907401418437, "is_tight": 1.0, "dual_solution_value": -0.00036764405227201623, "scaled_age": 0.0}, "22": {"bias": -0.7071067811865475, "objective_cosine_similarity": -0.14460747045421135, "is_tight": 0.0, "dual_solution_value": 0.0, "scaled_age": 0.24705882352941178}, "23": {"bias": -0.4472135954999579, "objective_cosine_similarity": -0.5944756653040549, "is_tight": 1.0, "dual_solution_value": -0.030409970414267913, "scaled_age": 0.0}, "24": {"bias": -0.35355339059327373, "objective_cosine_similarity": -0.49809239823117246, "is_tight": 0.0, "dual_solution_value": 0.0, "scaled_age": 0.24705882352941178}, "25": {"bias": -0.5, "objective_cosine_similarity": -0.2840358971344616, "is_tight": 0.0, "dual_solution_value": 0.0, "scaled_age": 0.24705882352941178}, "26": {"bias": -0.3779644730092272, "objective_cosine_similarity": -0.4165392553233838, "is_tight": 0.0, "dual_solution_value": 0.0, "scaled_age": 0.07058823529411765}, "27": {"bias": -0.3779644730092272, "objective_cosine_similarity": -0.3005953388931636, "is_tight": 0.0, "dual_solution_value": 0.0, "scaled_age": 0.24705882352941178}, "28": {"bias": -0.3779644730092272, "objective_cosine_similarity": -0.3521259684177059, "is_tight": 0.0, "dual_solution_value": 0.0, "scaled_age": 0.24705882352941178}, "29": {"bias": -0.4082482904638631, "objective_cosine_similarity": -0.24582919920328883, "is_tight": 1.0, "dual_solution_value": -1.3679131391517082e-05, "scaled_age": 0.0}, "30": {"bias": -0.35355339059327373, "objective_cosine_similarity": -0.26109682165343717, "is_tight": 0.0, "dual_solution_value": 0.0, "scaled_age": 0.24705882352941178}, "31": {"bias": -0.4472135954999579, "objective_cosine_similarity": -0.24896844102477517, "is_tight": 0.0, "dual_solution_value": 0.0, "scaled_age": 0.24705882352941178}, "32": {"bias": -0.3333333333333333, "objective_cosine_similarity": -0.5453489224981662, "is_tight": 0.0, "dual_solution_value": 0.0, "scaled_age": 0.24705882352941178}, "33": {"bias": -0.5, "objective_cosine_similarity": -0.2499515894783262, "is_tight": 0.0, "dual_solution_value": 0.0, "scaled_age": 0.24705882352941178}, "34": {"bias": -0.3779644730092272, "objective_cosine_similarity": -0.4122450361963386, "is_tight": 0.0, "dual_solution_value": 0.0, "scaled_age": 0.24705882352941178}, "35": {"bias": -0.5, "objective_cosine_similarity": -0.30107805096252926, "is_tight": 1.0, "dual_solution_value": -0.021163276590849458, "scaled_age": 0.0}, "36": {"bias": -0.3779644730092272, "objective_cosine_similarity": -0.39506815968815784, "is_tight": 0.0, "dual_solution_value": 0.0, "scaled_age": 0.24705882352941178}, "37": {"bias": -0.4472135954999579, "objective_cosine_similarity": -0.4115600759797304, "is_tight": 0.0, "dual_solution_value": 0.0, "scaled_age": 0.10588235294117647}, "38": {"bias": -0.4472135954999579, "objective_cosine_similarity": -0.1930775665090093, "is_tight": 0.0, "dual_solution_value": 0.0, "scaled_age": 0.11764705882352941}, "39": {"bias": -0.4472135954999579, "objective_cosine_similarity": -0.2845353611711716, "is_tight": 0.0, "dual_solution_value": 0.0, "scaled_age": 0.24705882352941178}, "40": {"bias": -0.3779644730092272, "objective_cosine_similarity": -0.2190051754793049, "is_tight": 0.0, "dual_solution_value": 0.0, "scaled_age": 0.24705882352941178}, "41": {"bias": -0.35355339059327373, "objective_cosine_similarity": -0.45390678225905234, "is_tight": 0.0, "dual_solution_value": 0.0, "scaled_age": 0.24705882352941178}, "42": {"bias": -0.5, "objective_cosine_similarity": -0.24427087153563698, "is_tight": 0.0, "dual_solution_value": 0.0, "scaled_age": 0.24705882352941178}, "43": {"bias": -0.5, "objective_cosine_similarity": -0.391969538045557, "is_tight": 0.0, "dual_solution_value": 0.0, "scaled_age": 0.24705882352941178}, "44": {"bias": -0.7071067811865475, "objective_cosine_similarity": -0.15264121881277865, "is_tight": 1.0, "dual_solution_value": -0.00010766571002170906, "scaled_age": 0.0}, "45": {"bias": -0.4472135954999579, "objective_cosine_similarity": -0.2642114068018022, "is_tight": 0.0, "dual_solution_value": 0.0, "scaled_age": 0.24705882352941178}, "46": {"bias": -0.4472135954999579, "objective_cosine_similarity": -0.12194372621621641, "is_tight": 0.0, "dual_solution_value": 0.0, "scaled_age": 0.24705882352941178}, "47": {"bias": -0.3333333333333333, "objective_cosine_similarity": -0.5264131960225356, "is_tight": 0.0, "dual_solution_value": 0.0,