{"0": {"bias": -1.3501054811112287, "objective_cosine_similarity": -0.7120918520492349, "is_tight": 0.0, "dual_solution_value": -0.0, "scaled_age": 0.08403361344537816}, "1": {"bias": -1.0932163332202425, "objective_cosine_similarity": -0.9072930671121932, "is_tight": 0.0, "dual_solution_value": -0.0, "scaled_age": 0.09243697478991597}, "2": {"bias": -1.1306675421666137, "objective_cosine_similarity": -0.92898120733026, "is_tight": 0.0, "dual_solution_value": -0.0, "scaled_age": 0.09243697478991597}, "3": {"bias": -1.1909189467563233, "objective_cosine_similarity": -0.9173297629476354, "is_tight": 0.0, "dual_solution_value": -0.0, "scaled_age": 0.04201680672268908}, "4": {"bias": -1.2, "objective_cosine_similarity": -0.868642423938993, "is_tight": 0.0, "dual_solution_value": -0.0, "scaled_age": 0.058823529411764705}, "5": {"bias": -0.8944271909999159, "objective_cosine_similarity": -0.26146931839373944, "is_tight": 1.0, "dual_solution_value": -0.00016798855907497495, "scaled_age": 0.0}, "6": {"bias": -1.212678125181665, "objective_cosine_similarity": -0.8969516900578303, "is_tight": 0.0, "dual_solution_value": -0.0, "scaled_age": 0.09243697478991597}, "7": {"bias": -1.3310347641241707, "objective_cosine_similarity": -0.920672413811168, "is_tight": 1.0, "dual_solution_value": -2.8412186153539267e-05, "scaled_age": 0.0}, "8": {"bias": -1.2701705922171767, "objective_cosine_similarity": -0.8840737676598994, "is_tight": 0.0, "dual_solution_value": -0.0, "scaled_age": 0.11764705882352941}, "9": {"bias": -1.4382538479003755, "objective_cosine_similarity": -0.9174363404261102, "is_tight": 0.0, "dual_solution_value": -0.0, "scaled_age": 0.09243697478991597}, "10": {"bias": -1.4474937289114918, "objective_cosine_similarity": -0.9262853136264878, "is_tight": 0.0, "dual_solution_value": -0.0, "scaled_age": 0.04201680672268908}, "11": {"bias": -1.2636000486201828, "objective_cosine_similarity": -0.8932965741667359, "is_tight": 0.0, "dual_solution_value": -0.0, "scaled_age": 0.1092436974789916}, "12": {"bias": -1.0, "objective_cosine_similarity": -0.8537938354955913, "is_tight": 1.0, "dual_solution_value": -0.014970180708808544, "scaled_age": 0.0}, "13": {"bias": -0.7071067811865475, "objective_cosine_similarity": -0.19030411862621655, "is_tight": 1.0, "dual_solution_value": -0.001371222732973699, "scaled_age": 0.0}, "14": {"bias": -0.7071067811865475, "objective_cosine_similarity": -0.1771796966519947, "is_tight": 1.0, "dual_solution_value": -0.008082833213089212, "scaled_age": 0.0}, "15": {"bias": -1.3775985274385543, "objective_cosine_similarity": -0.9431079591130608, "is_tight": 0.0, "dual_solution_value": 0.0, "scaled_age": 0.05042016806722689}, "16": {"bias": -1.56008356778572, "objective_cosine_similarity": -0.8176357345053022, "is_tight": 0.0, "dual_solution_value": 0.0, "scaled_age": 0.05042016806722689}, "17": {"bias": -1.3475399992675032, "objective_cosine_similarity": -0.9544797895181225, "is_tight": 0.0, "dual_solution_value": 0.0, "scaled_age": 0.058823529411764705}, "18": {"bias": -1.2911956604267532, "objective_cosine_similarity": -0.9156334798790239, "is_tight": 0.0, "dual_solution_value": 0.0, "scaled_age": 0.09243697478991597}, "19": {"bias": -0.5773502691896258, "objective_cosine_similarity": -0.09108638818314116, "is_tight": 0.0, "dual_solution_value": 0.0, "scaled_age": 0.03361344537815126}, "20": {"bias": -0.5773502691896258, "objective_cosine_similarity": -0.16074068502907263, "is_tight": 0.0, "dual_solution_value": 0.0, "scaled_age": 0.15966386554621848}, "21": {"bias": -0.7071067811865475, "objective_cosine_similarity": -0.2690506504715475, "is_tight": 0.0, "dual_solution_value": 0.0, "scaled_age": 0.15966386554621848}, "22": {"bias": -0.5, "objective_cosine_similarity": -0.3108923205337208, "is_tight": 0.0, "dual_solution_value": 0.0, "scaled_age": 0.15966386554621848}, "23": {"bias": -0.5, "objective_cosine_similarity": -0.3572941594193507, "is_tight": 0.0, "dual_solution_value": 0.0, "scaled_age": 0.15966386554621848}, "24": {"bias": -0.4472135954999579, "objective_cosine_similarity": -0.21581594534086432, "is_tight": 0.0, "dual_solution_value": 0.0, "scaled_age": 0.15966386554621848}, "25": {"bias": -0.5773502691896258, "objective_cosine_similarity": -0.18753079920058474, "is_tight": 0.0, "dual_solution_value": 0.0, "scaled_age": 0.15966386554621848}, "26": {"bias": -0.7071067811865475, "objective_cosine_similarity": -0.19030411862621655, "is_tight": 1.0, "dual_solution_value": 0.0, "scaled_age": 0.15966386554621848}, "27": {"bias": -0.4472135954999579, "objective_cosine_similarity": -0.5644417031991836, "is_tight": 1.0, "dual_solution_value": -0.0006957283594883261, "scaled_age": 0.0}, "28": {"bias": -0.7071067811865475, "objective_cosine_similarity": -0.2624884394844366, "is_tight": 0.0, "dual_solution_value": 0.0, "scaled_age": 0.03361344537815126}, "29": {"bias": -0.5, "objective_cosine_similarity": -0.3572941594193507, "is_tight": 0.0, "dual_solution_value": 0.0, "scaled_age": 0.15966386554621848}, "30": {"bias": -0.5773502691896258, "objective_cosine_similarity": -0.7233330826308269, "is_tight": 1.0, "dual_solution_value": -0.02029646026961841, "scaled_age": 0.0}, "31": {"bias": -0.5773502691896258, "objective_cosine_similarity": -0.17145673069767747, "is_tight": 0.0, "dual_solution_value": 0.0, "scaled_age": 0.008403361344537815}, "32": {"bias": -0.4472135954999579, "objective_cosine_similarity": -0.4814355703757742, "is_tight": 0.0, "dual_solution_value": 0.0, "scaled_age": 0.008403361344537815}, "33": {"bias": -0.5773502691896258, "objective_cosine_similarity": -0.407209735406984, "is_tight": 0.0, "dual_solution_value": 0.0, "scaled_age": 0.15966386554621848}, "34": {"bias": -0.3779644730092272, "objective_cosine_similarity": -0.44897911247529465, "is_tight": 0.0, "dual_solution_value": 0.0, "scaled_age": 0.15966386554621848}, "35": {"bias": -0.7071067811865475, "objective_cosine_similarity": -0.10499537579377465, "is_tight": 0.0, "dual_solution_value": 0.0, "scaled_age": 0.14285714285714285}, "36": {"bias": -0.5, "objective_cosine_similarity": -0.5104202277419296, "is_tight": 0.0, "dual_solution_value": 0.0, "scaled_age": 0.12605042016806722}, "37": {"bias": -0.5773502691896258, "objective_cosine_similarity": -0.39113566690407675, "is_tight": 0.0, "dual_solution_value": 0.0, "scaled_age": 0.15966386554621848}, "38": {"bias": -0.7071067811865475, "objective_cosine_similarity": -0.1706174856648838, "is_tight": 0.0, "dual_solution_value": 0.0, "scaled_age": 0.06722689075630252}, "39": {"bias": -0.7071067811865475, "objective_cosine_similarity": -0.03281105493555458, "is_tight": 0.0, "dual_solution_value": 0.0, "scaled_age": 0.01680672268907563}, "40": {"bias": -0.4472135954999579, "objective_cosine_similarity": -0.2697699316760804, "is_tight": 0.0, "dual_solution_value": 0.0, "scaled_age": 0.15966386554621848}, "41": {"bias": -0.5, "objective_cosine_similarity": -0.17632698776539388, "is_tight": 0.0, "dual_solution_value": 0.0, "scaled_age": 0.15966386554621848}, "42": {"bias": -0.7071067811865475, "objective_cosine_similarity": -0.12468200875510739, "is_tight": 0.0, "dual_solution_value": 0.0, "scaled_age": 0.11764705882352941}, "43": {"bias": -0.4082482904638631, "objective_cosine_similarity": -0.5417832820239279, "is_tight": 0.0, "dual_solution_value": 0.0, "scaled_age": 0.15966386554621848}, "44": {"bias": -0.4472135954999579, "objective_cosine_similarity": -0.1660122656468187, "is_tight": 0.0, "dual_solution_value": 0.0, "scaled_age": 0.15966386554621848}, "45": {"bias": -0.5773502691896258, "objective_cosine_similarity": -0.13930859369186294, "is_tight": 0.0, "dual_solution_value": 0.0, "scaled_age": 0.10084033613445378}, "46": {"bias": -0.5773502691896258, "objective_cosine_similarity": -0.3107653243895404, "is_tight": 0.0, "dual_solution_value": 0.0, "scaled_age": 0.09243697478991597}, "47": {"bias": -0.5773502691896258, "objective_cosine_similarity": -0.675110877122105, "is_tight": 1.0,