{"0": {"bias": -1.044073795327749, "objective_cosine_similarity": -0.9023035424171039, "is_tight": 0.0, "dual_solution_value": -0.0, "scaled_age": 0.11764705882352941}, "1": {"bias": -1.028991510855053, "objective_cosine_similarity": -0.8733894085191175, "is_tight": 1.0, "dual_solution_value": -6.04592141962945e-06, "scaled_age": 0.0}, "2": {"bias": -0.8944271909999159, "objective_cosine_similarity": -0.8980612258082304, "is_tight": 0.0, "dual_solution_value": -0.0, "scaled_age": 0.058823529411764705}, "3": {"bias": -0.8, "objective_cosine_similarity": -0.8645732296223083, "is_tight": 1.0, "dual_solution_value": -2.1415105694746325e-05, "scaled_age": 0.0}, "4": {"bias": -0.5773502691896258, "objective_cosine_similarity": -0.5595624181428829, "is_tight": 0.0, "dual_solution_value": -0.0, "scaled_age": 0.12941176470588237}, "5": {"bias": -1.062806504719822, "objective_cosine_similarity": -0.6619651969110553, "is_tight": 1.0, "dual_solution_value": -9.670602863907176e-07, "scaled_age": 0.0}, "6": {"bias": -1.0822319239346916, "objective_cosine_similarity": -0.8698226007603131, "is_tight": 0.0, "dual_solution_value": -0.0, "scaled_age": 0.08235294117647059}, "7": {"bias": -1.1089361473021286, "objective_cosine_similarity": -0.934388045850359, "is_tight": 1.0, "dual_solution_value": -2.412257148741766e-06, "scaled_age": 0.0}, "8": {"bias": -1.0769230769230769, "objective_cosine_similarity": -0.9076956035620232, "is_tight": 0.0, "dual_solution_value": -0.0, "scaled_age": 0.011764705882352941}, "9": {"bias": -1.0521535187542865, "objective_cosine_similarity": -0.8787705043162782, "is_tight": 0.0, "dual_solution_value": -0.0, "scaled_age": 0.07058823529411765}, "10": {"bias": -1.1333333333333333, "objective_cosine_similarity": -0.8477291849660443, "is_tight": 0.0, "dual_solution_value": -0.0, "scaled_age": 0.10588235294117647}, "11": {"bias": -1.1980588117556448, "objective_cosine_similarity": -0.937619682211518, "is_tight": 0.0, "dual_solution_value": 0.0, "scaled_age": 0.08235294117647059}, "12": {"bias": -1.2048955679606597, "objective_cosine_similarity": -0.9174518527174358, "is_tight": 0.0, "dual_solution_value": 0.0, "scaled_age": 0.11764705882352941}, "13": {"bias": -0.5773502691896258, "objective_cosine_similarity": -0.027351319827758024, "is_tight": 0.0, "dual_solution_value": 0.0, "scaled_age": 0.24705882352941178}, "14": {"bias": -0.3333333333333333, "objective_cosine_similarity": -0.36188377191192517, "is_tight": 0.0, "dual_solution_value": 0.0, "scaled_age": 0.24705882352941178}, "15": {"bias": -0.5, "objective_cosine_similarity": -0.12040860047251327, "is_tight": 0.0, "dual_solution_value": 0.0, "scaled_age": 0.03529411764705882}, "16": {"bias": -0.5, "objective_cosine_similarity": -0.37899100476594344, "is_tight": 0.0, "dual_solution_value": 0.0, "scaled_age": 0.24705882352941178}, "17": {"bias": -0.5773502691896258, "objective_cosine_similarity": -0.1663871956188613, "is_tight": 0.0, "dual_solution_value": 0.0, "scaled_age": 0.023529411764705882}, "18": {"bias": -0.4472135954999579, "objective_cosine_similarity": -0.6426493175508439, "is_tight": 1.0, "dual_solution_value": -0.06146234784262916, "scaled_age": 0.0}, "19": {"bias": -0.4472135954999579, "objective_cosine_similarity": -0.31602809846593694, "is_tight": 1.0, "dual_solution_value": -0.010029942157116972, "scaled_age": 0.0}, "20": {"bias": -0.5773502691896258, "objective_cosine_similarity": -0.1162431092679716, "is_tight": 0.0, "dual_solution_value": 0.0, "scaled_age": 0.24705882352941178}, "21": {"bias": -0.4472135954999579, "objective_cosine_similarity": -0.21362793248256073, "is_tight": 0.0, "dual_solution_value": 0.0, "scaled_age": 0.03529411764705882}, "22": {"bias": -0.35355339059327373, "objective_cosine_similarity": -0.4675816753925265, "is_tight": 0.0, "dual_solution_value": 0.0, "scaled_age": 0.24705882352941178}, "23": {"bias": -0.7071067811865475, "objective_cosine_similarity": -0.19540726732822003, "is_tight": 1.0, "dual_solution_value": -0.007571539653327878, "scaled_age": 0.0}, "24": {"bias": -0.4082482904638631, "objective_cosine_similarity": -0.3948645343774495, "is_tight": 0.0, "dual_solution_value": 0.0, "scaled_age": 0.023529411764705882}, "25": {"bias": -0.5, "objective_cosine_similarity": -0.14212162678722878, "is_tight": 0.0, "dual_solution_value": 0.0, "scaled_age": 0.011764705882352941}, "26": {"bias": -0.4472135954999579, "objective_cosine_similarity": -0.1677244098003576, "is_tight": 0.0, "dual_solution_value": 0.0, "scaled_age": 0.24705882352941178}, "27": {"bias": -0.3333333333333333, "objective_cosine_similarity": -0.2816113715969163, "is_tight": 0.0, "dual_solution_value": 0.0, "scaled_age": 0.24705882352941178}, "28": {"bias": -0.5, "objective_cosine_similarity": -0.12435642343882519, "is_tight": 0.0, "dual_solution_value": 0.0, "scaled_age": 0.24705882352941178}, "29": {"bias": -0.4082482904638631, "objective_cosine_similarity": -0.2030731891084026, "is_tight": 0.0, "dual_solution_value": 0.0, "scaled_age": 0.24705882352941178}, "30": {"bias": -0.4472135954999579, "objective_cosine_similarity": -0.3372143397038769, "is_tight": 1.0, "dual_solution_value": -0.012768656384173443, "scaled_age": 0.0}, "31": {"bias": -0.7071067811865475, "objective_cosine_similarity": -0.19540726732822003, "is_tight": 1.0, "dual_solution_value": -0.004843013105009279, "scaled_age": 0.0}, "32": {"bias": -0.5, "objective_cosine_similarity": -0.266478050226054, "is_tight": 0.0, "dual_solution_value": 0.0, "scaled_age": 0.03529411764705882}, "33": {"bias": -0.4082482904638631, "objective_cosine_similarity": -0.5334700444038195, "is_tight": 1.0, "dual_solution_value": -0.014505275284259751, "scaled_age": 0.0}, "34": {"bias": -0.5773502691896258, "objective_cosine_similarity": -0.2689546449729539, "is_tight": 0.0, "dual_solution_value": 0.0, "scaled_age": 0.24705882352941178}, "35": {"bias": -0.35355339059327373, "objective_cosine_similarity": -0.33498388684837715, "is_tight": 0.0, "dual_solution_value": 0.0, "scaled_age": 0.24705882352941178}, "36": {"bias": -0.4082482904638631, "objective_cosine_similarity": -0.269152560167486, "is_tight": 0.0, "dual_solution_value": 0.0, "scaled_age": 0.24705882352941178}, "37": {"bias": -0.4082482904638631, "objective_cosine_similarity": -0.2578707163281303, "is_tight": 0.0, "dual_solution_value": 0.0, "scaled_age": 0.24705882352941178}, "38": {"bias": -0.3779644730092272, "objective_cosine_similarity": -0.17159573510451762, "is_tight": 0.0, "dual_solution_value": 0.0, "scaled_age": 0.24705882352941178}, "39": {"bias": -0.5, "objective_cosine_similarity": -0.34740842103544817, "is_tight": 0.0, "dual_solution_value": 0.0, "scaled_age": 0.08235294117647059}, "40": {"bias": -0.4472135954999579, "objective_cosine_similarity": -0.3601661010449784, "is_tight": 1.0, "dual_solution_value": -0.00023560112781393535, "scaled_age": 0.0}, "41": {"bias": -0.4082482904638631, "objective_cosine_similarity": -0.3497371590200267, "is_tight": 1.0, "dual_solution_value": -0.01118584382538272, "scaled_age": 0.0}, "42": {"bias": -0.3333333333333333, "objective_cosine_similarity": -0.3592518899343839, "is_tight": 0.0, "dual_solution_value": 0.0, "scaled_age": 0.24705882352941178}, "43": {"bias": -0.5773502691896258, "objective_cosine_similarity": -0.22108983527437737, "is_tight": 0.0, "dual_solution_value": 0.0, "scaled_age": 0.023529411764705882}, "44": {"bias": -0.5773502691896258, "objective_cosine_similarity": -0.11168455596334526, "is_tight": 0.0, "dual_solution_value": 0.0, "scaled_age": 0.15294117647058825}, "45": {"bias": -0.7071067811865475, "objective_cosine_similarity": -0.13399355473935087, "is_tight": 1.0, "dual_solution_value": -0.0014217995452652811, "scaled_age": 0.0}, "46": {"bias": -0.4082482904638631, "objective_cosine_similarity": -0.4061463782168052, "is_tight": 1.0, "dual_solution_value": -0.013531637735367063, "scaled_age": 0.0}, "47": {"bias": -0.4472135954999579, "objective_cosine_similarity": -0.3177936185690986, "is_tight": 0.0,