{"0": {"bias": -1.025755289064345, "objective_cosine_similarity": -0.8904509512944477, "is_tight": 0.0, "dual_solution_value": -0.0, "scaled_age": 0.20689655172413793}, "1": {"bias": -0.7071067811865475, "objective_cosine_similarity": -0.4784297708466037, "is_tight": 0.0, "dual_solution_value": -0.0, "scaled_age": 0.0}, "2": {"bias": -0.7559289460184544, "objective_cosine_similarity": -0.3281083004247213, "is_tight": 1.0, "dual_solution_value": -0.0, "scaled_age": 0.20689655172413793}, "3": {"bias": -0.8660254037844387, "objective_cosine_similarity": -0.725993826469119, "is_tight": 0.0, "dual_solution_value": -0.0, "scaled_age": 0.20689655172413793}, "4": {"bias": -0.6324555320336759, "objective_cosine_similarity": -0.621695960268636, "is_tight": 0.0, "dual_solution_value": -0.0, "scaled_age": 0.20689655172413793}, "5": {"bias": -0.75, "objective_cosine_similarity": -0.8042626008713603, "is_tight": 0.0, "dual_solution_value": -0.0, "scaled_age": 0.1724137931034483}, "6": {"bias": -0.848528137423857, "objective_cosine_similarity": -0.7690984240779366, "is_tight": 0.0, "dual_solution_value": -0.0, "scaled_age": 0.20689655172413793}, "7": {"bias": -0.875, "objective_cosine_similarity": -0.8457523382178987, "is_tight": 0.0, "dual_solution_value": -0.0, "scaled_age": 0.017241379310344827}, "8": {"bias": -0.8340576562282991, "objective_cosine_similarity": -0.7506586870028003, "is_tight": 1.0, "dual_solution_value": 0.0, "scaled_age": 0.0}, "9": {"bias": -1.0286343753771694, "objective_cosine_similarity": -0.9138127757410551, "is_tight": 1.0, "dual_solution_value": -1.2810088339604952e-06, "scaled_age": 0.0}, "10": {"bias": -1.0450874567268484, "objective_cosine_similarity": -0.9210347901929451, "is_tight": 0.0, "dual_solution_value": -0.0, "scaled_age": 0.20689655172413793}, "11": {"bias": -0.99626468652895, "objective_cosine_similarity": -0.9148993868403005, "is_tight": 1.0, "dual_solution_value": -0.0, "scaled_age": 0.0}, "12": {"bias": -1.0005231779904777, "objective_cosine_similarity": -0.9142864292716397, "is_tight": 0.0, "dual_solution_value": -0.0, "scaled_age": 0.20689655172413793}, "13": {"bias": -1.0545634075311239, "objective_cosine_similarity": -0.9030880077010809, "is_tight": 1.0, "dual_solution_value": 0.0, "scaled_age": 0.0}, "14": {"bias": -1.0206207261596576, "objective_cosine_similarity": -0.8790447033662171, "is_tight": 0.0, "dual_solution_value": -0.0, "scaled_age": 0.1724137931034483}, "15": {"bias": -0.9583148474999098, "objective_cosine_similarity": -0.8841044256159234, "is_tight": 0.0, "dual_solution_value": -0.0, "scaled_age": 0.20689655172413793}, "16": {"bias": -1.0264586790553274, "objective_cosine_similarity": -0.8585640199801792, "is_tight": 0.0, "dual_solution_value": -0.0, "scaled_age": 0.10344827586206896}, "17": {"bias": -0.8017837257372732, "objective_cosine_similarity": -0.7233178248398476, "is_tight": 1.0, "dual_solution_value": 0.0, "scaled_age": 0.0}, "18": {"bias": -0.931260111288, "objective_cosine_similarity": -0.8433429225031663, "is_tight": 0.0, "dual_solution_value": -0.0, "scaled_age": 0.20689655172413793}, "19": {"bias": -0.8017837257372732, "objective_cosine_similarity": -0.757436590162482, "is_tight": 0.0, "dual_solution_value": -0.0, "scaled_age": 0.10344827586206896}, "20": {"bias": -0.9045340337332909, "objective_cosine_similarity": -0.8314090223394278, "is_tight": 0.0, "dual_solution_value": -0.0, "scaled_age": 0.20689655172413793}, "21": {"bias": -0.9853292781642932, "objective_cosine_similarity": -0.9257986145186353, "is_tight": 0.0, "dual_solution_value": -0.0, "scaled_age": 0.017241379310344827}, "22": {"bias": -0.9928789101043867, "objective_cosine_similarity": -0.8994384564851795, "is_tight": 0.0, "dual_solution_value": 0.0, "scaled_age": 0.20689655172413793}, "23": {"bias": -0.3779644730092272, "objective_cosine_similarity": -0.5018126947672208, "is_tight": 0.0, "dual_solution_value": 0.0, "scaled_age": 0.20689655172413793}, "24": {"bias": -0.4082482904638631, "objective_cosine_similarity": -0.3543974693413207, "is_tight": 0.0, "dual_solution_value": 0.0, "scaled_age": 0.20689655172413793}, "25": {"bias": -0.35355339059327373, "objective_cosine_similarity": -0.4242679099960448, "is_tight": 0.0, "dual_solution_value": 0.0, "scaled_age": 0.20689655172413793}, "26": {"bias": -0.3779644730092272, "objective_cosine_similarity": -0.27020683564388814, "is_tight": 0.0, "dual_solution_value": 0.0, "scaled_age": 0.20689655172413793}, "27": {"bias": -0.4472135954999579, "objective_cosine_similarity": -0.19411148828098687, "is_tight": 0.0, "dual_solution_value": 0.0, "scaled_age": 0.20689655172413793}, "28": {"bias": -0.4082482904638631, "objective_cosine_similarity": -0.4273616542057103, "is_tight": 0.0, "dual_solution_value": 0.0, "scaled_age": 0.017241379310344827}, "29": {"bias": -0.3779644730092272, "objective_cosine_similarity": -0.4825122065069431, "is_tight": 0.0, "dual_solution_value": 0.0, "scaled_age": 0.20689655172413793}, "30": {"bias": -0.4472135954999579, "objective_cosine_similarity": -0.4909878821224962, "is_tight": 0.0, "dual_solution_value": 0.0, "scaled_age": 0.20689655172413793}, "31": {"bias": -0.4472135954999579, "objective_cosine_similarity": -0.3653863308818576, "is_tight": 0.0, "dual_solution_value": 0.0, "scaled_age": 0.10344827586206896}, "32": {"bias": -0.5773502691896258, "objective_cosine_similarity": -0.20637387960543485, "is_tight": 0.0, "dual_solution_value": 0.0, "scaled_age": 0.06896551724137931}, "33": {"bias": -0.35355339059327373, "objective_cosine_similarity": -0.37913302595391235, "is_tight": 0.0, "dual_solution_value": 0.0, "scaled_age": 0.20689655172413793}, "34": {"bias": -0.5, "objective_cosine_similarity": -0.34468397180201155, "is_tight": 0.0, "dual_solution_value": 0.0, "scaled_age": 0.06896551724137931}, "35": {"bias": -0.3779644730092272, "objective_cosine_similarity": -0.3667092769452768, "is_tight": 0.0, "dual_solution_value": 0.0, "scaled_age": 0.20689655172413793}, "36": {"bias": -0.4472135954999579, "objective_cosine_similarity": -0.3082947166815674, "is_tight": 0.0, "dual_solution_value": 0.0, "scaled_age": 0.06896551724137931}, "37": {"bias": -0.5, "objective_cosine_similarity": -0.2808536066534909, "is_tight": 0.0, "dual_solution_value": 0.0, "scaled_age": 0.20689655172413793}, "38": {"bias": -0.4472135954999579, "objective_cosine_similarity": -0.41105962224208986, "is_tight": 0.0, "dual_solution_value": 0.0, "scaled_age": 0.10344827586206896}, "39": {"bias": -0.4082482904638631, "objective_cosine_similarity": -0.28143328447693117, "is_tight": 0.0, "dual_solution_value": 0.0, "scaled_age": 0.20689655172413793}, "40": {"bias": -0.4082482904638631, "objective_cosine_similarity": -0.4794789291088457, "is_tight": 0.0, "dual_solution_value": 0.0, "scaled_age": 0.20689655172413793}, "41": {"bias": -0.4472135954999579, "objective_cosine_similarity": -0.6394260790432509, "is_tight": 1.0, "dual_solution_value": -0.005709161420029025, "scaled_age": 0.0}, "42": {"bias": -0.4472135954999579, "objective_cosine_similarity": -0.3653863308818576, "is_tight": 0.0, "dual_solution_value": 0.0, "scaled_age": 0.06896551724137931}, "43": {"bias": -0.5773502691896258, "objective_cosine_similarity": -0.3095608194081523, "is_tight": 0.0, "dual_solution_value": 0.0, "scaled_age": 0.10344827586206896}, "44": {"bias": -0.3779644730092272, "objective_cosine_similarity": -0.5211131830274985, "is_tight": 0.0, "dual_solution_value": 0.0, "scaled_age": 0.06896551724137931}, "45": {"bias": -0.5, "objective_cosine_similarity": -0.33191789877230743, "is_tight": 0.0, "dual_solution_value": 0.0, "scaled_age": 0.20689655172413793}, "46": {"bias": -0.5, "objective_cosine_similarity": -0.39574826392082807, "is_tight": 0.0, "dual_solution_value": 0.0, "scaled_age": 0.20689655172413793}, "47": {"bias": -0.4472135954999579, "objective_cosine_similarity": -0.3653863308818576, "is_tight": 0.0, "dual_solution_value": 0.0, "scaled_age": 0.20689655172413793}, "48": {"bias": -0.35355339059327373,