{"0": {"bias": -1.0552897060221726, "objective_cosine_similarity": -0.8454050299443799, "is_tight": 0.0, "dual_solution_value": -0.0, "scaled_age": 0.04}, "1": {"bias": -0.6666666666666666, "objective_cosine_similarity": -0.5277912998032338, "is_tight": 0.0, "dual_solution_value": -0.0, "scaled_age": 0.06666666666666667}, "2": {"bias": -1.2594329734904652, "objective_cosine_similarity": -0.929533074460689, "is_tight": 1.0, "dual_solution_value": -9.084575960959153e-10, "scaled_age": 0.0}, "3": {"bias": -1.2973462234588706, "objective_cosine_similarity": -0.9165240030859582, "is_tight": 1.0, "dual_solution_value": -4.701869465924892e-09, "scaled_age": 0.0}, "4": {"bias": -1.1785113019775793, "objective_cosine_similarity": -0.6569959625731224, "is_tight": 0.0, "dual_solution_value": -0.0, "scaled_age": 0.12}, "5": {"bias": -1.2185435916898848, "objective_cosine_similarity": -0.7866940065992145, "is_tight": 0.0, "dual_solution_value": -0.0, "scaled_age": 0.13333333333333333}, "6": {"bias": -1.2618586691648905, "objective_cosine_similarity": -0.9402339521690058, "is_tight": 1.0, "dual_solution_value": -0.007773745644409329, "scaled_age": 0.0}, "7": {"bias": -1.344341526236088, "objective_cosine_similarity": -0.9598125742955059, "is_tight": 0.0, "dual_solution_value": 0.0, "scaled_age": 0.12}, "8": {"bias": -1.3239073722245251, "objective_cosine_similarity": -0.9568874225691466, "is_tight": 0.0, "dual_solution_value": 0.0, "scaled_age": 0.12}, "9": {"bias": -1.2851400412241898, "objective_cosine_similarity": -0.9478172204537604, "is_tight": 0.0, "dual_solution_value": 0.0, "scaled_age": 0.13333333333333333}, "10": {"bias": -1.2819556612224166, "objective_cosine_similarity": -0.934596003363088, "is_tight": 0.0, "dual_solution_value": 0.0, "scaled_age": 0.02666666666666667}, "11": {"bias": -1.3091901624320084, "objective_cosine_similarity": -0.9438365516979318, "is_tight": 0.0, "dual_solution_value": 0.0, "scaled_age": 0.09333333333333334}, "12": {"bias": -0.35355339059327373, "objective_cosine_similarity": -0.5364819102668099, "is_tight": 0.0, "dual_solution_value": 0.0, "scaled_age": 0.28}, "13": {"bias": -0.5, "objective_cosine_similarity": -0.5442847779220849, "is_tight": 1.0, "dual_solution_value": -0.04220134519458615, "scaled_age": 0.0}, "14": {"bias": -0.4082482904638631, "objective_cosine_similarity": -0.22893676435801855, "is_tight": 0.0, "dual_solution_value": 0.0, "scaled_age": 0.28}, "15": {"bias": -0.5773502691896258, "objective_cosine_similarity": -0.1904502806358372, "is_tight": 0.0, "dual_solution_value": 0.0, "scaled_age": 0.02666666666666667}, "16": {"bias": -0.4472135954999579, "objective_cosine_similarity": -0.18440269129578155, "is_tight": 0.0, "dual_solution_value": 0.0, "scaled_age": 0.28}, "17": {"bias": -0.35355339059327373, "objective_cosine_similarity": -0.27990360535659653, "is_tight": 0.0, "dual_solution_value": 0.0, "scaled_age": 0.28}, "18": {"bias": -0.4472135954999579, "objective_cosine_similarity": -0.22128322955493787, "is_tight": 0.0, "dual_solution_value": 0.0, "scaled_age": 0.28}, "19": {"bias": -0.4082482904638631, "objective_cosine_similarity": -0.2760708040787871, "is_tight": 0.0, "dual_solution_value": 0.0, "scaled_age": 0.10666666666666667}, "20": {"bias": -0.5, "objective_cosine_similarity": -0.20616847648563819, "is_tight": 1.0, "dual_solution_value": -2.4837076806377233e-05, "scaled_age": 0.0}, "21": {"bias": -0.4082482904638631, "objective_cosine_similarity": -0.22220333011219448, "is_tight": 0.0, "dual_solution_value": 0.0, "scaled_age": 0.28}, "22": {"bias": -0.5773502691896258, "objective_cosine_similarity": -0.3523330191762988, "is_tight": 1.0, "dual_solution_value": -0.04068397966910996, "scaled_age": 0.0}, "23": {"bias": -0.4082482904638631, "objective_cosine_similarity": -0.2424036328496667, "is_tight": 0.0, "dual_solution_value": 0.0, "scaled_age": 0.05333333333333334}, "24": {"bias": -0.3779644730092272, "objective_cosine_similarity": -0.2618258481417919, "is_tight": 0.0, "dual_solution_value": 0.0, "scaled_age": 0.28}, "25": {"bias": -0.4082482904638631, "objective_cosine_similarity": -0.22893676435801855, "is_tight": 0.0, "dual_solution_value": 0.0, "scaled_age": 0.28}, "26": {"bias": -0.2773500981126146, "objective_cosine_similarity": -0.5443616651633105, "is_tight": 0.0, "dual_solution_value": 0.0, "scaled_age": 0.28}, "27": {"bias": -0.5773502691896258, "objective_cosine_similarity": -0.47612570158959294, "is_tight": 1.0, "dual_solution_value": -0.07339587339159476, "scaled_age": 0.0}, "28": {"bias": -0.4472135954999579, "objective_cosine_similarity": -0.16965047599211902, "is_tight": 0.0, "dual_solution_value": 0.0, "scaled_age": 0.28}, "29": {"bias": -0.35355339059327373, "objective_cosine_similarity": -0.29156625557978805, "is_tight": 0.0, "dual_solution_value": 0.0, "scaled_age": 0.28}, "30": {"bias": -0.4082482904638631, "objective_cosine_similarity": -0.31647140955373154, "is_tight": 0.0, "dual_solution_value": 0.0, "scaled_age": 0.28}, "31": {"bias": -0.4472135954999579, "objective_cosine_similarity": -0.18440269129578155, "is_tight": 0.0, "dual_solution_value": 0.0, "scaled_age": 0.28}, "32": {"bias": -0.7071067811865475, "objective_cosine_similarity": -0.2215903542406389, "is_tight": 0.0, "dual_solution_value": 0.0, "scaled_age": 0.28}, "33": {"bias": -0.4082482904638631, "objective_cosine_similarity": -0.3703388835203241, "is_tight": 0.0, "dual_solution_value": 0.0, "scaled_age": 0.28}, "34": {"bias": -0.4472135954999579, "objective_cosine_similarity": -0.2139071219031066, "is_tight": 0.0, "dual_solution_value": 0.0, "scaled_age": 0.28}, "35": {"bias": -0.5, "objective_cosine_similarity": -0.3793499967335743, "is_tight": 1.0, "dual_solution_value": -0.006374369660532556, "scaled_age": 0.0}, "36": {"bias": -0.3779644730092272, "objective_cosine_similarity": -0.3802708746821263, "is_tight": 0.0, "dual_solution_value": 0.0, "scaled_age": 0.28}, "37": {"bias": -0.5773502691896258, "objective_cosine_similarity": -0.24758536482658833, "is_tight": 1.0, "dual_solution_value": -0.0001638690579811533, "scaled_age": 0.0}, "38": {"bias": -0.5, "objective_cosine_similarity": -0.15668804212908502, "is_tight": 0.0, "dual_solution_value": 0.0, "scaled_age": 0.28}, "39": {"bias": -0.3779644730092272, "objective_cosine_similarity": -0.4550782598654954, "is_tight": 0.0, "dual_solution_value": 0.0, "scaled_age": 0.28}, "40": {"bias": -0.5, "objective_cosine_similarity": -0.10720760777253185, "is_tight": 0.0, "dual_solution_value": 0.0, "scaled_age": 0.06666666666666667}, "41": {"bias": -0.4472135954999579, "objective_cosine_similarity": -0.33192484433240677, "is_tight": 0.0, "dual_solution_value": 0.0, "scaled_age": 0.2}, "42": {"bias": -0.4082482904638631, "objective_cosine_similarity": -0.24913706709549077, "is_tight": 0.0, "dual_solution_value": 0.0, "scaled_age": 0.28}, "43": {"bias": -0.3779644730092272, "objective_cosine_similarity": -0.31793138702931867, "is_tight": 0.0, "dual_solution_value": 0.0, "scaled_age": 0.28}, "44": {"bias": -0.3779644730092272, "objective_cosine_similarity": -0.4052066697432493, "is_tight": 0.0, "dual_solution_value": 0.0, "scaled_age": 0.28}, "45": {"bias": -0.4472135954999579, "objective_cosine_similarity": -0.45731867441353824, "is_tight": 1.0, "dual_solution_value": -0.023536165816907335, "scaled_age": 0.0}, "46": {"bias": -0.2886751345948129, "objective_cosine_similarity": -0.404706846351154, "is_tight": 0.0, "dual_solution_value": 0.0, "scaled_age": 0.28}, "47": {"bias": -0.3779644730092272, "objective_cosine_similarity": -0.2431240018459496, "is_tight": 0.0, "dual_solution_value": 0.0, "scaled_age": 0.28}, "48": {"bias": -0.4472135954999579, "objective_cosine_similarity": -0.309796521376913, "is_tight": 0.0, "dual_solution_value": 0.0, "scaled_age": 0.10666666666666667}, "49": {"bias": -0.5, "objective_cosine_similarity": -0.40409021391185085, "is_tight": 0.0, "dual_solution_value": 0.0, "scaled_age": 0.17333333333333334}, "50": {"bias": -0.4082482904638631,