{"0": {"bias": -1.0894694214056866, "objective_cosine_similarity": -0.9745301867067705, "is_tight": 0.0, "dual_solution_value": -0.0, "scaled_age": 0.12307692307692308}, "1": {"bias": -1.016001016001524, "objective_cosine_similarity": -0.8784825225475683, "is_tight": 0.0, "dual_solution_value": -0.0, "scaled_age": 0.18461538461538463}, "2": {"bias": -0.6324555320336759, "objective_cosine_similarity": -0.6395519783543883, "is_tight": 0.0, "dual_solution_value": -0.0, "scaled_age": 0.1076923076923077}, "3": {"bias": -0.8944271909999159, "objective_cosine_similarity": -0.8130545787004951, "is_tight": 0.0, "dual_solution_value": -0.0, "scaled_age": 0.18461538461538463}, "4": {"bias": -0.7071067811865475, "objective_cosine_similarity": -0.5667079072153937, "is_tight": 1.0, "dual_solution_value": -0.013932770350845499, "scaled_age": 0.0}, "5": {"bias": -0.9128709291752769, "objective_cosine_similarity": -0.7581317321775224, "is_tight": 0.0, "dual_solution_value": -0.0, "scaled_age": 0.16923076923076924}, "6": {"bias": -1.0538536114044361, "objective_cosine_similarity": -0.9746583974963835, "is_tight": 0.0, "dual_solution_value": -0.0, "scaled_age": 0.2153846153846154}, "7": {"bias": -1.0580184237878973, "objective_cosine_similarity": -0.9560718116102691, "is_tight": 0.0, "dual_solution_value": -0.0, "scaled_age": 0.09230769230769231}, "8": {"bias": -1.0577342071109177, "objective_cosine_similarity": -0.9542179634541134, "is_tight": 0.0, "dual_solution_value": -0.0, "scaled_age": 0.2153846153846154}, "9": {"bias": -1.0687057498186447, "objective_cosine_similarity": -0.968028703335384, "is_tight": 0.0, "dual_solution_value": -0.0, "scaled_age": 0.1076923076923077}, "10": {"bias": -1.0496329833787337, "objective_cosine_similarity": -0.9439381007366863, "is_tight": 0.0, "dual_solution_value": -0.0, "scaled_age": 0.15384615384615385}, "11": {"bias": -1.0432022136310815, "objective_cosine_similarity": -0.9726096867449658, "is_tight": 0.0, "dual_solution_value": -0.0, "scaled_age": 0.2153846153846154}, "12": {"bias": -1.0, "objective_cosine_similarity": -0.9230402165823504, "is_tight": 0.0, "dual_solution_value": -0.0, "scaled_age": 0.18461538461538463}, "13": {"bias": -0.9438798074485389, "objective_cosine_similarity": -0.8659862248860283, "is_tight": 0.0, "dual_solution_value": -0.0, "scaled_age": 0.15384615384615385}, "14": {"bias": -1.0057728110107278, "objective_cosine_similarity": -0.9144447820431216, "is_tight": 0.0, "dual_solution_value": -0.0, "scaled_age": 0.046153846153846156}, "15": {"bias": -1.0570742744647879, "objective_cosine_similarity": -0.9572492887721132, "is_tight": 1.0, "dual_solution_value": -8.494215831575984e-06, "scaled_age": 0.0}, "16": {"bias": -1.0206207261596576, "objective_cosine_similarity": -0.9442366040037566, "is_tight": 0.0, "dual_solution_value": -0.0, "scaled_age": 0.03076923076923077}, "17": {"bias": -1.0673239875560099, "objective_cosine_similarity": -0.9244919938880004, "is_tight": 1.0, "dual_solution_value": -1.1548271093402648e-05, "scaled_age": 0.0}, "18": {"bias": -1.0288124779679468, "objective_cosine_similarity": -0.934977361281418, "is_tight": 0.0, "dual_solution_value": -0.0, "scaled_age": 0.046153846153846156}, "19": {"bias": -0.5, "objective_cosine_similarity": -0.3442452653049486, "is_tight": 0.0, "dual_solution_value": 0.0, "scaled_age": 0.23076923076923078}, "20": {"bias": -0.4472135954999579, "objective_cosine_similarity": -0.41374375010794423, "is_tight": 0.0, "dual_solution_value": 0.0, "scaled_age": 0.15384615384615385}, "21": {"bias": -0.5, "objective_cosine_similarity": -0.45720074298313484, "is_tight": 0.0, "dual_solution_value": 0.0, "scaled_age": 0.07692307692307693}, "22": {"bias": -0.4082482904638631, "objective_cosine_similarity": -0.500664990029899, "is_tight": 0.0, "dual_solution_value": 0.0, "scaled_age": 0.23076923076923078}, "23": {"bias": -0.5, "objective_cosine_similarity": -0.451821910712745, "is_tight": 1.0, "dual_solution_value": -0.00906189832391407, "scaled_age": 0.0}, "24": {"bias": -0.4472135954999579, "objective_cosine_similarity": -0.39931082859255085, "is_tight": 0.0, "dual_solution_value": 0.0, "scaled_age": 0.23076923076923078}, "25": {"bias": -0.5, "objective_cosine_similarity": -0.4410642461719654, "is_tight": 1.0, "dual_solution_value": 0.0, "scaled_age": 0.06153846153846154}, "26": {"bias": -0.5773502691896258, "objective_cosine_similarity": -0.27949232333118684, "is_tight": 1.0, "dual_solution_value": -0.0114495072139904, "scaled_age": 0.0}, "27": {"bias": -0.4472135954999579, "objective_cosine_similarity": -0.40893277626947977, "is_tight": 0.0, "dual_solution_value": 0.0, "scaled_age": 0.18461538461538463}, "28": {"bias": -0.5, "objective_cosine_similarity": -0.1721226326524743, "is_tight": 0.0, "dual_solution_value": 0.0, "scaled_age": 0.07692307692307693}, "29": {"bias": -0.5, "objective_cosine_similarity": -0.21515329081559287, "is_tight": 0.0, "dual_solution_value": 0.0, "scaled_age": 0.015384615384615385}, "30": {"bias": -0.4082482904638631, "objective_cosine_similarity": -0.36012744896887466, "is_tight": 0.0, "dual_solution_value": 0.0, "scaled_age": 0.23076923076923078}, "31": {"bias": -0.4082482904638631, "objective_cosine_similarity": -0.49188139371358486, "is_tight": 0.0, "dual_solution_value": 0.0, "scaled_age": 0.23076923076923078}, "32": {"bias": -0.7071067811865475, "objective_cosine_similarity": -0.22820452639546054, "is_tight": 1.0, "dual_solution_value": -0.00027603961714661913, "scaled_age": 0.0}, "33": {"bias": -0.3333333333333333, "objective_cosine_similarity": -0.5163678979574229, "is_tight": 0.0, "dual_solution_value": 0.0, "scaled_age": 0.23076923076923078}, "34": {"bias": -0.5, "objective_cosine_similarity": -0.40879125254962645, "is_tight": 0.0, "dual_solution_value": 0.0, "scaled_age": 0.046153846153846156}, "35": {"bias": -0.4472135954999579, "objective_cosine_similarity": -0.45704251465412443, "is_tight": 0.0, "dual_solution_value": 0.0, "scaled_age": 0.015384615384615385}, "36": {"bias": -0.5, "objective_cosine_similarity": -0.4464430784423552, "is_tight": 0.0, "dual_solution_value": 0.0, "scaled_age": 0.23076923076923078}, "37": {"bias": -0.4472135954999579, "objective_cosine_similarity": -0.2694145349540102, "is_tight": 0.0, "dual_solution_value": 0.0, "scaled_age": 0.23076923076923078}, "38": {"bias": -0.5773502691896258, "objective_cosine_similarity": -0.2919142043681285, "is_tight": 0.0, "dual_solution_value": 0.0, "scaled_age": 0.23076923076923078}, "39": {"bias": -0.35355339059327373, "objective_cosine_similarity": -0.5020499580700132, "is_tight": 0.0, "dual_solution_value": 0.0, "scaled_age": 0.23076923076923078}, "40": {"bias": -0.4082482904638631, "objective_cosine_similarity": -0.41722082502491575, "is_tight": 0.0, "dual_solution_value": 0.0, "scaled_age": 0.23076923076923078}, "41": {"bias": -0.5, "objective_cosine_similarity": -0.3496240975753384, "is_tight": 0.0, "dual_solution_value": 0.0, "scaled_age": 0.09230769230769231}, "42": {"bias": -0.4082482904638631, "objective_cosine_similarity": -0.36012744896887466, "is_tight": 0.0, "dual_solution_value": 0.0, "scaled_age": 0.23076923076923078}, "43": {"bias": -0.4082482904638631, "objective_cosine_similarity": -0.47870599923911383, "is_tight": 0.0, "dual_solution_value": 0.0, "scaled_age": 0.23076923076923078}, "44": {"bias": -0.3779644730092272, "objective_cosine_similarity": -0.4635257110221044, "is_tight": 0.0, "dual_solution_value": 0.0, "scaled_age": 0.16923076923076924}, "45": {"bias": -0.35355339059327373, "objective_cosine_similarity": -0.422178373831602, "is_tight": 0.0, "dual_solution_value": 0.0, "scaled_age": 0.23076923076923078}, "46": {"bias": -0.4082482904638631, "objective_cosine_similarity": -0.36891104528518864, "is_tight": 0.0, "dual_solution_value": 0.0, "scaled_age": 0.23076923076923078}, "47": {"bias": -0.5, "objective_cosine_similarity": -0.36038176211611805, "is_tight": 0.0, "dual_solution_value": 0.0, "scaled_age": 0.23076923076923078},