{"0": {"bias": -0.5773502691896258, "objective_cosine_similarity": -0.6245281237530386, "is_tight": 1.0, "dual_solution_value": -9.615342391503087e-05, "scaled_age": 0.0}, "1": {"bias": -0.6030226891555273, "objective_cosine_similarity": -0.7454838299063241, "is_tight": 1.0, "dual_solution_value": -0.0030448275224973257, "scaled_age": 0.0}, "2": {"bias": -0.8017837257372732, "objective_cosine_similarity": -0.8030565136719479, "is_tight": 0.0, "dual_solution_value": -0.0, "scaled_age": 0.014084507042253521}, "3": {"bias": -0.8952493399275486, "objective_cosine_similarity": -0.8790285648788803, "is_tight": 0.0, "dual_solution_value": -0.0, "scaled_age": 0.014084507042253521}, "4": {"bias": -0.871283174034442, "objective_cosine_similarity": -0.9401622794207268, "is_tight": 0.0, "dual_solution_value": 0.0, "scaled_age": 0.07042253521126761}, "5": {"bias": -0.9463107335408933, "objective_cosine_similarity": -0.9600931347989171, "is_tight": 1.0, "dual_solution_value": -0.0007176984180433257, "scaled_age": 0.0}, "6": {"bias": -0.9339125539193545, "objective_cosine_similarity": -0.9372568789602866, "is_tight": 0.0, "dual_solution_value": 0.0, "scaled_age": 0.07042253521126761}, "7": {"bias": -0.9897242613172068, "objective_cosine_similarity": -0.9366809738928683, "is_tight": 0.0, "dual_solution_value": 0.0, "scaled_age": 0.1267605633802817}, "8": {"bias": -0.3779644730092272, "objective_cosine_similarity": -0.3634218921558155, "is_tight": 0.0, "dual_solution_value": 0.0, "scaled_age": 0.323943661971831}, "9": {"bias": -0.5773502691896258, "objective_cosine_similarity": -0.48574409625236337, "is_tight": 1.0, "dual_solution_value": -0.07759395338627524, "scaled_age": 0.0}, "10": {"bias": -0.3779644730092272, "objective_cosine_similarity": -0.36991156880145504, "is_tight": 0.0, "dual_solution_value": 0.0, "scaled_age": 0.323943661971831}, "11": {"bias": -0.35355339059327373, "objective_cosine_similarity": -0.5099250777375637, "is_tight": 1.0, "dual_solution_value": -0.000891865606051648, "scaled_age": 0.0}, "12": {"bias": -0.35355339059327373, "objective_cosine_similarity": -0.4674313212594334, "is_tight": 0.0, "dual_solution_value": 0.0, "scaled_age": 0.19718309859154928}, "13": {"bias": -0.4472135954999579, "objective_cosine_similarity": -0.24571804673358047, "is_tight": 0.0, "dual_solution_value": 0.0, "scaled_age": 0.323943661971831}, "14": {"bias": -0.35355339059327373, "objective_cosine_similarity": -0.44921971134023464, "is_tight": 0.0, "dual_solution_value": 0.0, "scaled_age": 0.323943661971831}, "15": {"bias": -0.5, "objective_cosine_similarity": -0.5322721853011699, "is_tight": 1.0, "dual_solution_value": -0.014896197428158271, "scaled_age": 0.0}, "16": {"bias": -0.5, "objective_cosine_similarity": -0.26613609265058497, "is_tight": 0.0, "dual_solution_value": 0.0, "scaled_age": 0.11267605633802817}, "17": {"bias": -0.3779644730092272, "objective_cosine_similarity": -0.415339305320932, "is_tight": 0.0, "dual_solution_value": 0.0, "scaled_age": 0.323943661971831}, "18": {"bias": -0.4082482904638631, "objective_cosine_similarity": -0.34347294438137715, "is_tight": 0.0, "dual_solution_value": 0.0, "scaled_age": 0.11267605633802817}, "19": {"bias": -0.35355339059327373, "objective_cosine_similarity": -0.32780897854557667, "is_tight": 0.0, "dual_solution_value": 0.0, "scaled_age": 0.323943661971831}, "20": {"bias": -0.3779644730092272, "objective_cosine_similarity": -0.29852512569941986, "is_tight": 0.0, "dual_solution_value": 0.0, "scaled_age": 0.323943661971831}, "21": {"bias": -0.3779644730092272, "objective_cosine_similarity": -0.564601868170642, "is_tight": 0.0, "dual_solution_value": 0.0, "scaled_age": 0.08450704225352113}, "22": {"bias": -0.4472135954999579, "objective_cosine_similarity": -0.3071475584169756, "is_tight": 0.0, "dual_solution_value": 0.0, "scaled_age": 0.09859154929577464}, "23": {"bias": -0.4472135954999579, "objective_cosine_similarity": -0.2303606688127317, "is_tight": 0.0, "dual_solution_value": 0.0, "scaled_age": 0.323943661971831}, "24": {"bias": -0.31622776601683794, "objective_cosine_similarity": -0.3420681411759171, "is_tight": 0.0, "dual_solution_value": 0.0, "scaled_age": 0.323943661971831}, "25": {"bias": -0.3779644730092272, "objective_cosine_similarity": -0.2790560957625012, "is_tight": 0.0, "dual_solution_value": 0.0, "scaled_age": 0.323943661971831}, "26": {"bias": -0.35355339059327373, "objective_cosine_similarity": -0.4552902479799676, "is_tight": 0.0, "dual_solution_value": 0.0, "scaled_age": 0.323943661971831}, "27": {"bias": -0.4082482904638631, "objective_cosine_similarity": -0.3364632924552266, "is_tight": 0.0, "dual_solution_value": 0.0, "scaled_age": 0.323943661971831}, "28": {"bias": -0.3779644730092272, "objective_cosine_similarity": -0.23362835924302425, "is_tight": 0.0, "dual_solution_value": 0.0, "scaled_age": 0.323943661971831}, "29": {"bias": -0.30151134457776363, "objective_cosine_similarity": -0.3986267701582427, "is_tight": 0.0, "dual_solution_value": 0.0, "scaled_age": 0.323943661971831}, "30": {"bias": -0.35355339059327373, "objective_cosine_similarity": -0.49171346781836495, "is_tight": 0.0, "dual_solution_value": 0.0, "scaled_age": 0.323943661971831}, "31": {"bias": -0.35355339059327373, "objective_cosine_similarity": -0.5159956143772966, "is_tight": 0.0, "dual_solution_value": 0.0, "scaled_age": 0.323943661971831}, "32": {"bias": -0.35355339059327373, "objective_cosine_similarity": -0.5038545410978308, "is_tight": 0.0, "dual_solution_value": 0.0, "scaled_age": 0.323943661971831}, "33": {"bias": -0.3779644730092272, "objective_cosine_similarity": -0.36991156880145504, "is_tight": 0.0, "dual_solution_value": 0.0, "scaled_age": 0.323943661971831}, "34": {"bias": -0.3779644730092272, "objective_cosine_similarity": -0.311504478990699, "is_tight": 0.0, "dual_solution_value": 0.0, "scaled_age": 0.323943661971831}, "35": {"bias": -0.5773502691896258, "objective_cosine_similarity": -0.28748119982282727, "is_tight": 1.0, "dual_solution_value": -0.02973943446443041, "scaled_age": 0.0}, "36": {"bias": -0.3779644730092272, "objective_cosine_similarity": -0.4477876885491298, "is_tight": 0.0, "dual_solution_value": 0.0, "scaled_age": 0.323943661971831}, "37": {"bias": -0.3779644730092272, "objective_cosine_similarity": -0.40235995202965286, "is_tight": 0.0, "dual_solution_value": 0.0, "scaled_age": 0.323943661971831}, "38": {"bias": -0.3779644730092272, "objective_cosine_similarity": -0.2920354490537803, "is_tight": 0.0, "dual_solution_value": 0.0, "scaled_age": 0.323943661971831}, "39": {"bias": -0.5, "objective_cosine_similarity": -0.3434014098717226, "is_tight": 0.0, "dual_solution_value": 0.0, "scaled_age": 0.28169014084507044}, "40": {"bias": -0.4082482904638631, "objective_cosine_similarity": -0.5818011098704959, "is_tight": 0.0, "dual_solution_value": 0.0, "scaled_age": 0.18309859154929578}, "41": {"bias": -0.2886751345948129, "objective_cosine_similarity": -0.4064389376805489, "is_tight": 0.0, "dual_solution_value": 0.0, "scaled_age": 0.323943661971831}, "42": {"bias": -0.35355339059327373, "objective_cosine_similarity": -0.5159956143772966, "is_tight": 0.0, "dual_solution_value": 0.0, "scaled_age": 0.15492957746478872}, "43": {"bias": -0.5, "objective_cosine_similarity": -0.22321091641661966, "is_tight": 0.0, "dual_solution_value": 0.0, "scaled_age": 0.323943661971831}, "44": {"bias": -0.3333333333333333, "objective_cosine_similarity": -0.3949116213524809, "is_tight": 0.0, "dual_solution_value": 0.0, "scaled_age": 0.323943661971831}, "45": {"bias": -0.3779644730092272, "objective_cosine_similarity": -0.4477876885491298, "is_tight": 1.0, "dual_solution_value": -0.0003916077022609985, "scaled_age": 0.0}, "46": {"bias": -0.4082482904638631, "objective_cosine_similarity": -0.28038607704602214, "is_tight": 0.0, "dual_solution_value": 0.0, "scaled_age": 0.323943661971831}, "47": {"bias": -0.35355339059327373, "objective_cosine_similarity": -0.29745629534691215, "is_tight": 0.0, "dual_solution_value": 0.0,