{"0": {"bias": -1.4316582658130823, "objective_cosine_similarity": -0.9045761282520488, "is_tight": 1.0, "dual_solution_value": -3.7507960653834914e-06, "scaled_age": 0.0}, "1": {"bias": -0.7559289460184544, "objective_cosine_similarity": -0.5599150433296214, "is_tight": 1.0, "dual_solution_value": -0.006228957322524349, "scaled_age": 0.0}, "2": {"bias": -1.5305520917289102, "objective_cosine_similarity": -0.912937991142309, "is_tight": 0.0, "dual_solution_value": -0.0, "scaled_age": 0.05263157894736842}, "3": {"bias": -1.404324140779107, "objective_cosine_similarity": -0.9288520708174622, "is_tight": 0.0, "dual_solution_value": -0.0, "scaled_age": 0.039473684210526314}, "4": {"bias": -1.4244792396853239, "objective_cosine_similarity": -0.8674219895343309, "is_tight": 0.0, "dual_solution_value": -0.0, "scaled_age": 0.013157894736842105}, "5": {"bias": -0.75, "objective_cosine_similarity": -0.790227936095624, "is_tight": 0.0, "dual_solution_value": -0.0, "scaled_age": 0.039473684210526314}, "6": {"bias": -1.1277354912206958, "objective_cosine_similarity": -0.8947693679825247, "is_tight": 1.0, "dual_solution_value": -2.8367194747284695e-11, "scaled_age": 0.0}, "7": {"bias": -0.8660254037844387, "objective_cosine_similarity": -0.6928063250616596, "is_tight": 1.0, "dual_solution_value": -0.00029503421646517197, "scaled_age": 0.0}, "8": {"bias": -1.352962850405092, "objective_cosine_similarity": -0.9039876822463767, "is_tight": 0.0, "dual_solution_value": -0.0, "scaled_age": 0.039473684210526314}, "9": {"bias": -1.3118720987052603, "objective_cosine_similarity": -0.7931989466304514, "is_tight": 1.0, "dual_solution_value": -0.00011814907987746587, "scaled_age": 0.0}, "10": {"bias": -1.4847148233117975, "objective_cosine_similarity": -0.9717829369664417, "is_tight": 1.0, "dual_solution_value": -0.0006008566598590621, "scaled_age": 0.0}, "11": {"bias": -1.3625462937164012, "objective_cosine_similarity": -0.9053240390411885, "is_tight": 1.0, "dual_solution_value": -0.00020200279590351086, "scaled_age": 0.0}, "12": {"bias": -1.5046600120729268, "objective_cosine_similarity": -0.9670926386895619, "is_tight": 0.0, "dual_solution_value": 0.0, "scaled_age": 0.05263157894736842}, "13": {"bias": -1.428893343276397, "objective_cosine_similarity": -0.9639379558589272, "is_tight": 0.0, "dual_solution_value": 0.0, "scaled_age": 0.09210526315789473}, "14": {"bias": -0.5, "objective_cosine_similarity": -0.25215250382538434, "is_tight": 0.0, "dual_solution_value": 0.0, "scaled_age": 0.3026315789473684}, "15": {"bias": -0.5773502691896258, "objective_cosine_similarity": -0.27036344392650136, "is_tight": 0.0, "dual_solution_value": 0.0, "scaled_age": 0.3026315789473684}, "16": {"bias": -0.5773502691896258, "objective_cosine_similarity": -0.16897715245406333, "is_tight": 0.0, "dual_solution_value": 0.0, "scaled_age": 0.02631578947368421}, "17": {"bias": -0.7071067811865475, "objective_cosine_similarity": -0.2833676488567956, "is_tight": 1.0, "dual_solution_value": 0.0, "scaled_age": 0.05263157894736842}, "18": {"bias": -0.5773502691896258, "objective_cosine_similarity": -0.32755571091095353, "is_tight": 1.0, "dual_solution_value": -0.0020705915936750597, "scaled_age": 0.0}, "19": {"bias": -0.5, "objective_cosine_similarity": -0.2183820792059132, "is_tight": 0.0, "dual_solution_value": 0.0, "scaled_age": 0.3026315789473684}, "20": {"bias": -0.5, "objective_cosine_similarity": -0.3174419914230285, "is_tight": 0.0, "dual_solution_value": 0.0, "scaled_age": 0.2236842105263158}, "21": {"bias": -0.4082482904638631, "objective_cosine_similarity": -0.3124989440337909, "is_tight": 0.0, "dual_solution_value": 0.0, "scaled_age": 0.18421052631578946}, "22": {"bias": -0.5773502691896258, "objective_cosine_similarity": -0.3145574684144871, "is_tight": 0.0, "dual_solution_value": 0.0, "scaled_age": 0.17105263157894737}, "23": {"bias": -0.4472135954999579, "objective_cosine_similarity": -0.3564211951689618, "is_tight": 0.0, "dual_solution_value": 0.0, "scaled_age": 0.013157894736842105}, "24": {"bias": -0.5, "objective_cosine_similarity": -0.3917369255858649, "is_tight": 0.0, "dual_solution_value": 0.0, "scaled_age": 0.19736842105263158}, "25": {"bias": -0.7071067811865475, "objective_cosine_similarity": -0.08914937267404804, "is_tight": 0.0, "dual_solution_value": 0.0, "scaled_age": 0.3026315789473684}, "26": {"bias": -0.4472135954999579, "objective_cosine_similarity": -0.37655798585647376, "is_tight": 0.0, "dual_solution_value": 0.0, "scaled_age": 0.039473684210526314}, "27": {"bias": -0.5773502691896258, "objective_cosine_similarity": -0.2625644984286215, "is_tight": 0.0, "dual_solution_value": 0.0, "scaled_age": 0.3026315789473684}, "28": {"bias": -0.5773502691896258, "objective_cosine_similarity": -0.14817996445971707, "is_tight": 0.0, "dual_solution_value": 0.0, "scaled_age": 0.10526315789473684}, "29": {"bias": -0.4472135954999579, "objective_cosine_similarity": -0.27386035335016273, "is_tight": 0.0, "dual_solution_value": 0.0, "scaled_age": 0.3026315789473684}, "30": {"bias": -0.5, "objective_cosine_similarity": -0.3489610544012015, "is_tight": 0.0, "dual_solution_value": 0.0, "scaled_age": 0.039473684210526314}, "31": {"bias": -0.5773502691896258, "objective_cosine_similarity": -0.16117820695618348, "is_tight": 0.0, "dual_solution_value": 0.0, "scaled_age": 0.27631578947368424}, "32": {"bias": -0.4472135954999579, "objective_cosine_similarity": -0.6222268322441198, "is_tight": 1.0, "dual_solution_value": -0.006877974146486172, "scaled_age": 0.0}, "33": {"bias": -0.7071067811865475, "objective_cosine_similarity": -0.07004593567246632, "is_tight": 1.0, "dual_solution_value": 0.0, "scaled_age": 0.013157894736842105}, "34": {"bias": -0.4082482904638631, "objective_cosine_similarity": -0.5643363283433753, "is_tight": 1.0, "dual_solution_value": -0.02140238539092853, "scaled_age": 0.0}, "35": {"bias": -0.7071067811865475, "objective_cosine_similarity": -0.1018849973417692, "is_tight": 0.0, "dual_solution_value": 0.0, "scaled_age": 0.3026315789473684}, "36": {"bias": -0.5773502691896258, "objective_cosine_similarity": -0.3301553594102468, "is_tight": 1.0, "dual_solution_value": -0.05958623168581548, "scaled_age": 0.0}, "37": {"bias": -0.5773502691896258, "objective_cosine_similarity": -0.2001729344455827, "is_tight": 0.0, "dual_solution_value": 0.0, "scaled_age": 0.17105263157894737}, "38": {"bias": -0.5773502691896258, "objective_cosine_similarity": -0.3769490323975259, "is_tight": 0.0, "dual_solution_value": 0.0, "scaled_age": 0.11842105263157894}, "39": {"bias": -0.4472135954999579, "objective_cosine_similarity": -0.4148178881627465, "is_tight": 0.0, "dual_solution_value": 0.0, "scaled_age": 0.18421052631578946}, "40": {"bias": -0.5773502691896258, "objective_cosine_similarity": -0.29635992891943413, "is_tight": 1.0, "dual_solution_value": -0.010199339304207414, "scaled_age": 0.0}, "41": {"bias": -0.7071067811865475, "objective_cosine_similarity": -0.2260573378520504, "is_tight": 0.0, "dual_solution_value": 0.0, "scaled_age": 0.013157894736842105}, "42": {"bias": -0.5, "objective_cosine_similarity": -0.3241960763469227, "is_tight": 0.0, "dual_solution_value": 0.0, "scaled_age": 0.3026315789473684}, "43": {"bias": -0.5, "objective_cosine_similarity": -0.21613071756461513, "is_tight": 0.0, "dual_solution_value": 0.0, "scaled_age": 0.3026315789473684}, "44": {"bias": -0.5773502691896258, "objective_cosine_similarity": -0.23656801343568867, "is_tight": 1.0, "dual_solution_value": -0.00013740660008340283, "scaled_age": 0.0}, "45": {"bias": -0.5773502691896258, "objective_cosine_similarity": -0.38474797789540577, "is_tight": 0.0, "dual_solution_value": 0.0, "scaled_age": 0.3026315789473684}, "46": {"bias": -0.5773502691896258, "objective_cosine_similarity": -0.19497363744699617, "is_tight": 0.0, "dual_solution_value": 0.0, "scaled_age": 0.05263157894736842}, "47": {"bias": -0.4472135954999579, "objective_cosine_similarity": -0.24768252545639718, "is_tight": 0.0, "dual_solution_value": 0.0,