{"0": {"bias": -1.2809280616135812, "objective_cosine_similarity": -0.8015421275954769, "is_tight": 0.0, "dual_solution_value": -0.0, "scaled_age": 0.07692307692307693}, "1": {"bias": -1.314751470267833, "objective_cosine_similarity": -0.8021754230451444, "is_tight": 0.0, "dual_solution_value": -0.0, "scaled_age": 0.07692307692307693}, "2": {"bias": -1.3627702877384937, "objective_cosine_similarity": -0.7934950322139528, "is_tight": 0.0, "dual_solution_value": -0.0, "scaled_age": 0.057692307692307696}, "3": {"bias": -0.8320502943378437, "objective_cosine_similarity": -0.5426390755508543, "is_tight": 1.0, "dual_solution_value": -0.0019226093430003135, "scaled_age": 0.0}, "4": {"bias": -0.7559289460184544, "objective_cosine_similarity": -0.4197528633771821, "is_tight": 1.0, "dual_solution_value": -0.00028095289638229744, "scaled_age": 0.0}, "5": {"bias": -0.9486832980505138, "objective_cosine_similarity": -0.47036698163121526, "is_tight": 1.0, "dual_solution_value": -1.868271286472622e-05, "scaled_age": 0.0}, "6": {"bias": -1.3035010718245643, "objective_cosine_similarity": -0.8200557628541064, "is_tight": 1.0, "dual_solution_value": -0.00014161504988625059, "scaled_age": 0.0}, "7": {"bias": -0.7559289460184544, "objective_cosine_similarity": -0.37883832434763726, "is_tight": 0.0, "dual_solution_value": -0.0, "scaled_age": 0.038461538461538464}, "8": {"bias": -0.8320502943378437, "objective_cosine_similarity": -0.5337433530008403, "is_tight": 0.0, "dual_solution_value": -0.0, "scaled_age": 0.07692307692307693}, "9": {"bias": -1.5122442945911854, "objective_cosine_similarity": -0.8657876143466107, "is_tight": 1.0, "dual_solution_value": -0.004280616324052549, "scaled_age": 0.0}, "10": {"bias": -1.4786115104275455, "objective_cosine_similarity": -0.8637901105368918, "is_tight": 0.0, "dual_solution_value": 0.0, "scaled_age": 0.009615384615384616}, "11": {"bias": -0.5773502691896258, "objective_cosine_similarity": -0.1898087125237453, "is_tight": 0.0, "dual_solution_value": 0.0, "scaled_age": 0.019230769230769232}, "12": {"bias": -0.4082482904638631, "objective_cosine_similarity": -0.3551787929583016, "is_tight": 0.0, "dual_solution_value": 0.0, "scaled_age": 0.27884615384615385}, "13": {"bias": -0.4082482904638631, "objective_cosine_similarity": -0.18986516121273267, "is_tight": 0.0, "dual_solution_value": 0.0, "scaled_age": 0.27884615384615385}, "14": {"bias": -0.5773502691896258, "objective_cosine_similarity": -0.09721909665850369, "is_tight": 0.0, "dual_solution_value": 0.0, "scaled_age": 0.27884615384615385}, "15": {"bias": -0.5773502691896258, "objective_cosine_similarity": -0.14351390459112448, "is_tight": 0.0, "dual_solution_value": 0.0, "scaled_age": 0.009615384615384616}, "16": {"bias": -0.4472135954999579, "objective_cosine_similarity": -0.30660132443753846, "is_tight": 0.0, "dual_solution_value": 0.0, "scaled_age": 0.27884615384615385}, "17": {"bias": -0.5773502691896258, "objective_cosine_similarity": -0.1504581257810176, "is_tight": 1.0, "dual_solution_value": -0.0005113597200462293, "scaled_age": 0.0}, "18": {"bias": -0.7071067811865475, "objective_cosine_similarity": -0.26365187793204226, "is_tight": 1.0, "dual_solution_value": -0.018053263119846327, "scaled_age": 0.0}, "19": {"bias": -0.4082482904638631, "objective_cosine_similarity": -0.4419275304089467, "is_tight": 1.0, "dual_solution_value": -0.0060724238418280105, "scaled_age": 0.0}, "20": {"bias": -0.7071067811865475, "objective_cosine_similarity": -0.3458659043839694, "is_tight": 1.0, "dual_solution_value": -0.06317279532995675, "scaled_age": 0.0}, "21": {"bias": -0.7071067811865475, "objective_cosine_similarity": -0.20128261648575269, "is_tight": 1.0, "dual_solution_value": -0.0011717125172793065, "scaled_age": 0.0}, "22": {"bias": -0.4082482904638631, "objective_cosine_similarity": -0.18659162395044418, "is_tight": 0.0, "dual_solution_value": 0.0, "scaled_age": 0.27884615384615385}, "23": {"bias": -0.4472135954999579, "objective_cosine_similarity": -0.4177667169236635, "is_tight": 0.0, "dual_solution_value": 0.0, "scaled_age": 0.019230769230769232}, "24": {"bias": -0.4472135954999579, "objective_cosine_similarity": -0.18467799074307872, "is_tight": 0.0, "dual_solution_value": 0.0, "scaled_age": 0.23076923076923078}, "25": {"bias": -0.5, "objective_cosine_similarity": -0.292675102050688, "is_tight": 0.0, "dual_solution_value": 0.0, "scaled_age": 0.27884615384615385}, "26": {"bias": -0.5773502691896258, "objective_cosine_similarity": -0.30323099195866626, "is_tight": 1.0, "dual_solution_value": -0.022028743998394395, "scaled_age": 0.0}, "27": {"bias": -0.5, "objective_cosine_similarity": -0.3307629577970104, "is_tight": 0.0, "dual_solution_value": 0.0, "scaled_age": 0.27884615384615385}, "28": {"bias": -0.4472135954999579, "objective_cosine_similarity": -0.4177667169236635, "is_tight": 0.0, "dual_solution_value": 0.0, "scaled_age": 0.11538461538461539}, "29": {"bias": -0.5, "objective_cosine_similarity": -0.3167305898904706, "is_tight": 1.0, "dual_solution_value": -2.394234783477873e-05, "scaled_age": 0.0}, "30": {"bias": -0.4472135954999579, "objective_cosine_similarity": -0.21695181436808275, "is_tight": 0.0, "dual_solution_value": 0.0, "scaled_age": 0.27884615384615385}, "31": {"bias": -0.7071067811865475, "objective_cosine_similarity": -0.10489375788694154, "is_tight": 0.0, "dual_solution_value": 0.0, "scaled_age": 0.27884615384615385}, "32": {"bias": -0.7071067811865475, "objective_cosine_similarity": -0.20978751577388308, "is_tight": 0.0, "dual_solution_value": 0.0, "scaled_age": 0.18269230769230768}, "33": {"bias": -0.5773502691896258, "objective_cosine_similarity": -0.2129561164900557, "is_tight": 0.0, "dual_solution_value": 0.0, "scaled_age": 0.27884615384615385}, "34": {"bias": -0.5773502691896258, "objective_cosine_similarity": -0.1388844237978624, "is_tight": 0.0, "dual_solution_value": 0.0, "scaled_age": 0.27884615384615385}, "35": {"bias": -0.5773502691896258, "objective_cosine_similarity": -0.20138241450690048, "is_tight": 1.0, "dual_solution_value": -0.00783750096214848, "scaled_age": 0.0}, "36": {"bias": -0.5, "objective_cosine_similarity": -0.28265198211744524, "is_tight": 0.0, "dual_solution_value": 0.0, "scaled_age": 0.27884615384615385}, "37": {"bias": -0.5, "objective_cosine_similarity": -0.37085543752998135, "is_tight": 0.0, "dual_solution_value": 0.0, "scaled_age": 0.038461538461538464}, "38": {"bias": -0.5, "objective_cosine_similarity": -0.541248476395108, "is_tight": 1.0, "dual_solution_value": -0.09636659484591761, "scaled_age": 0.0}, "39": {"bias": -0.4472135954999579, "objective_cosine_similarity": -0.20081490255558074, "is_tight": 0.0, "dual_solution_value": 0.0, "scaled_age": 0.27884615384615385}, "40": {"bias": -0.4082482904638631, "objective_cosine_similarity": -0.3928244714746193, "is_tight": 0.0, "dual_solution_value": 0.0, "scaled_age": 0.27884615384615385}, "41": {"bias": -0.5, "objective_cosine_similarity": -0.3227444618504162, "is_tight": 0.0, "dual_solution_value": 0.0, "scaled_age": 0.27884615384615385}, "42": {"bias": -0.5773502691896258, "objective_cosine_similarity": -0.09953383705513473, "is_tight": 0.0, "dual_solution_value": 0.0, "scaled_age": 0.04807692307692308}, "43": {"bias": -0.4472135954999579, "objective_cosine_similarity": -0.2635695596041997, "is_tight": 0.0, "dual_solution_value": 0.0, "scaled_age": 0.18269230769230768}, "44": {"bias": -0.5773502691896258, "objective_cosine_similarity": -0.22452981847321088, "is_tight": 0.0, "dual_solution_value": 0.0, "scaled_age": 0.27884615384615385}, "45": {"bias": -0.5773502691896258, "objective_cosine_similarity": -0.19906767411026946, "is_tight": 0.0, "dual_solution_value": 0.0, "scaled_age": 0.27884615384615385}, "46": {"bias": -0.5, "objective_cosine_similarity": -0.3848878054365212, "is_tight": 0.0, "dual_solution_value": 0.0, "scaled_age": 0.019230769230769232}, "47": {"bias": -0.3779644730092272, "objective_cosine_similarity": -0.2439718808798784, "is_tight": 0.0,