{"0": {"bias": -0.6274558051381586, "objective_cosine_similarity": -0.541566250825421, "is_tight": 0.0, "dual_solution_value": -0.0, "scaled_age": 0.140625}, "1": {"bias": -0.5222329678670935, "objective_cosine_similarity": -0.29861800456750537, "is_tight": 0.0, "dual_solution_value": -0.0, "scaled_age": 0.15625}, "2": {"bias": -0.5499719409228703, "objective_cosine_similarity": -0.5540102776383783, "is_tight": 1.0, "dual_solution_value": -2.3305660117140554e-05, "scaled_age": 0.0}, "3": {"bias": -0.7466685196656603, "objective_cosine_similarity": -0.25726154396637363, "is_tight": 1.0, "dual_solution_value": -0.005912888851756224, "scaled_age": 0.0}, "4": {"bias": -0.7220354999817747, "objective_cosine_similarity": -0.25691546453123504, "is_tight": 0.0, "dual_solution_value": -0.0, "scaled_age": 0.109375}, "5": {"bias": -0.7542081451508614, "objective_cosine_similarity": -0.2521353079052591, "is_tight": 1.0, "dual_solution_value": -5.3309680313631013e-11, "scaled_age": 0.0}, "6": {"bias": -0.5222329678670935, "objective_cosine_similarity": -0.3080176027742307, "is_tight": 1.0, "dual_solution_value": -0.00029159332331201, "scaled_age": 0.0}, "7": {"bias": -0.3922322702763681, "objective_cosine_similarity": -0.31225745735017685, "is_tight": 1.0, "dual_solution_value": -0.00028485215685552416, "scaled_age": 0.0}, "8": {"bias": -0.4364357804719848, "objective_cosine_similarity": -0.2546945077479841, "is_tight": 0.0, "dual_solution_value": -0.0, "scaled_age": 0.15625}, "9": {"bias": -0.7758591847169725, "objective_cosine_similarity": -0.29133635763000393, "is_tight": 1.0, "dual_solution_value": -8.414271729591573e-08, "scaled_age": 0.0}, "10": {"bias": -0.2886751345948129, "objective_cosine_similarity": -0.5433632245774297, "is_tight": 1.0, "dual_solution_value": -5.638626083201698e-05, "scaled_age": 0.0}, "11": {"bias": -0.4114223917427303, "objective_cosine_similarity": -0.7904316123455759, "is_tight": 0.0, "dual_solution_value": -0.0, "scaled_age": 0.09375}, "12": {"bias": -0.4272113127053426, "objective_cosine_similarity": -0.8173842248730162, "is_tight": 0.0, "dual_solution_value": -0.0, "scaled_age": 0.0}, "13": {"bias": -0.2672612419124244, "objective_cosine_similarity": -0.23126912228347335, "is_tight": 0.0, "dual_solution_value": 0.0, "scaled_age": 0.015625}, "14": {"bias": -0.24253562503633297, "objective_cosine_similarity": -0.3441922262507858, "is_tight": 0.0, "dual_solution_value": 0.0, "scaled_age": 0.359375}, "15": {"bias": -0.2182178902359924, "objective_cosine_similarity": -0.32327772632306406, "is_tight": 0.0, "dual_solution_value": 0.0, "scaled_age": 0.4375}, "16": {"bias": -0.20851441405707477, "objective_cosine_similarity": -0.43419575272050237, "is_tight": 0.0, "dual_solution_value": 0.0, "scaled_age": 0.3125}, "17": {"bias": -0.20851441405707477, "objective_cosine_similarity": -0.38800471519704466, "is_tight": 0.0, "dual_solution_value": 0.0, "scaled_age": 0.4375}, "18": {"bias": -0.2182178902359924, "objective_cosine_similarity": -0.31512025098594, "is_tight": 0.0, "dual_solution_value": 0.0, "scaled_age": 0.4375}, "19": {"bias": -0.22360679774997896, "objective_cosine_similarity": -0.35912417725439305, "is_tight": 0.0, "dual_solution_value": 0.0, "scaled_age": 0.203125}, "20": {"bias": -0.20412414523193154, "objective_cosine_similarity": -0.31257278245323644, "is_tight": 0.0, "dual_solution_value": 0.0, "scaled_age": 0.4375}, "21": {"bias": -0.2, "objective_cosine_similarity": -0.3929289645405845, "is_tight": 0.0, "dual_solution_value": 0.0, "scaled_age": 0.328125}, "22": {"bias": -0.20412414523193154, "objective_cosine_similarity": -0.3775743556577974, "is_tight": 0.0, "dual_solution_value": 0.0, "scaled_age": 0.34375}, "23": {"bias": -0.2182178902359924, "objective_cosine_similarity": -0.35711614253631935, "is_tight": 1.0, "dual_solution_value": -4.0789287826522116e-05, "scaled_age": 0.0625}, "24": {"bias": -0.22360679774997896, "objective_cosine_similarity": -0.32135422068108616, "is_tight": 0.0, "dual_solution_value": 0.0, "scaled_age": 0.4375}, "25": {"bias": -0.20412414523193154, "objective_cosine_similarity": -0.3179424776310045, "is_tight": 0.0, "dual_solution_value": 0.0, "scaled_age": 0.4375}, "26": {"bias": -0.19611613513818404, "objective_cosine_similarity": -0.38719924711421927, "is_tight": 1.0, "dual_solution_value": -0.0004699946959828649, "scaled_age": 0.0}, "27": {"bias": -0.22941573387056174, "objective_cosine_similarity": -0.3036566136070426, "is_tight": 0.0, "dual_solution_value": 0.0, "scaled_age": 0.4375}, "28": {"bias": -0.18569533817705186, "objective_cosine_similarity": -0.42293006195427335, "is_tight": 0.0, "dual_solution_value": 0.0, "scaled_age": 0.4375}, "29": {"bias": -0.19611613513818404, "objective_cosine_similarity": -0.36221865052620517, "is_tight": 0.0, "dual_solution_value": 0.0, "scaled_age": 0.4375}, "30": {"bias": -0.2182178902359924, "objective_cosine_similarity": -0.34865653848300554, "is_tight": 0.0, "dual_solution_value": 0.0, "scaled_age": 0.4375}, "31": {"bias": -0.2, "objective_cosine_similarity": -0.30736515196620773, "is_tight": 0.0, "dual_solution_value": 0.0, "scaled_age": 0.140625}, "32": {"bias": -0.20412414523193154, "objective_cosine_similarity": -0.40272713833260576, "is_tight": 0.0, "dual_solution_value": 0.0, "scaled_age": 0.4375}, "33": {"bias": -0.19245008972987526, "objective_cosine_similarity": -0.42659042419932075, "is_tight": 0.0, "dual_solution_value": 0.0, "scaled_age": 0.0625}, "34": {"bias": -0.25, "objective_cosine_similarity": -0.3212104290818027, "is_tight": 1.0, "dual_solution_value": -0.0001949020855115542, "scaled_age": 0.0}, "35": {"bias": -0.25, "objective_cosine_similarity": -0.3018270411199698, "is_tight": 0.0, "dual_solution_value": 0.0, "scaled_age": 0.4375}, "36": {"bias": -0.22360679774997896, "objective_cosine_similarity": -0.31732955317737316, "is_tight": 0.0, "dual_solution_value": 0.0, "scaled_age": 0.4375}, "37": {"bias": -0.24253562503633297, "objective_cosine_similarity": -0.32908134802514155, "is_tight": 1.0, "dual_solution_value": -0.0022133179546762497, "scaled_age": 0.0}, "38": {"bias": -0.17677669529663687, "objective_cosine_similarity": -0.4141207789062057, "is_tight": 0.0, "dual_solution_value": 0.0, "scaled_age": 0.4375}, "39": {"bias": -0.23570226039551587, "objective_cosine_similarity": -0.3641913232934008, "is_tight": 0.0, "dual_solution_value": 0.0, "scaled_age": 0.0}, "40": {"bias": -0.20412414523193154, "objective_cosine_similarity": -0.3917051324413976, "is_tight": 0.0, "dual_solution_value": 0.0, "scaled_age": 0.078125}, "41": {"bias": -0.20851441405707477, "objective_cosine_similarity": -0.3042834596857776, "is_tight": 1.0, "dual_solution_value": -1.369316945115082e-05, "scaled_age": 0.0}, "42": {"bias": -0.25, "objective_cosine_similarity": -0.23294678746988493, "is_tight": 0.0, "dual_solution_value": 0.0, "scaled_age": 0.4375}, "43": {"bias": -0.18257418583505536, "objective_cosine_similarity": -0.3227988081620681, "is_tight": 0.0, "dual_solution_value": 0.0, "scaled_age": 0.4375}, "44": {"bias": -0.20412414523193154, "objective_cosine_similarity": -0.2693326054954198, "is_tight": 0.0, "dual_solution_value": 0.0, "scaled_age": 0.4375}, "45": {"bias": -0.19611613513818404, "objective_cosine_similarity": -0.3744374205964294, "is_tight": 0.0, "dual_solution_value": 0.0, "scaled_age": 0.4375}, "46": {"bias": -0.1889822365046136, "objective_cosine_similarity": -0.40058790059611865, "is_tight": 0.0, "dual_solution_value": 0.0, "scaled_age": 0.4375}, "47": {"bias": -0.19245008972987526, "objective_cosine_similarity": -0.36637216319429483, "is_tight": 0.0, "dual_solution_value": 0.0, "scaled_age": 0.4375}, "48": {"bias": -0.2581988897471611, "objective_cosine_similarity": -0.3002861550770249, "is_tight": 1.0, "dual_solution_value": -0.0015863997160714435, "scaled_age": 0.0}, "49": {"bias": -0.17677669529663687, "objective_cosine_similarity": -0.35635925182472544, "is_tight": 0.0, "dual_solution_value": 0.0, "scaled_age": 0.4375},