{"0": {"bias": -1.1406468642034677, "objective_cosine_similarity": -0.9055818836559154, "is_tight": 0.0, "dual_solution_value": -0.0, "scaled_age": 0.0}, "1": {"bias": -0.5773502691896258, "objective_cosine_similarity": -0.5591491340752626, "is_tight": 1.0, "dual_solution_value": -0.00011805814987020459, "scaled_age": 0.028037383177570093}, "2": {"bias": -1.131370849898476, "objective_cosine_similarity": -0.862271451885999, "is_tight": 0.0, "dual_solution_value": -0.0, "scaled_age": 0.102803738317757}, "3": {"bias": -1.2, "objective_cosine_similarity": -0.8253088826451886, "is_tight": 0.0, "dual_solution_value": -0.0, "scaled_age": 0.009345794392523364}, "4": {"bias": -0.7559289460184544, "objective_cosine_similarity": -0.5156516814041766, "is_tight": 0.0, "dual_solution_value": -0.0, "scaled_age": 0.009345794392523364}, "5": {"bias": -1.1019348277348038, "objective_cosine_similarity": -0.9294794131233644, "is_tight": 0.0, "dual_solution_value": -0.0, "scaled_age": 0.06542056074766354}, "6": {"bias": -1.083039955619301, "objective_cosine_similarity": -0.8483401955182702, "is_tight": 1.0, "dual_solution_value": -8.116475888867524e-08, "scaled_age": 0.0}, "7": {"bias": -0.9428090415820635, "objective_cosine_similarity": -0.7225294854661687, "is_tight": 0.0, "dual_solution_value": -0.0, "scaled_age": 0.009345794392523364}, "8": {"bias": -1.2163503593625118, "objective_cosine_similarity": -0.9450993110909942, "is_tight": 1.0, "dual_solution_value": -2.1323587292829946e-07, "scaled_age": 0.0}, "9": {"bias": -0.6324555320336759, "objective_cosine_similarity": -0.6284958967237427, "is_tight": 0.0, "dual_solution_value": -0.0, "scaled_age": 0.037383177570093455}, "10": {"bias": -0.9733285267845753, "objective_cosine_similarity": -0.9139548948564294, "is_tight": 1.0, "dual_solution_value": -3.281652232183813e-07, "scaled_age": 0.0}, "11": {"bias": -0.8320502943378437, "objective_cosine_similarity": -0.7240698455939302, "is_tight": 0.0, "dual_solution_value": -0.0, "scaled_age": 0.08411214953271028}, "12": {"bias": -1.2953955409565867, "objective_cosine_similarity": -0.9852647080838638, "is_tight": 1.0, "dual_solution_value": -0.00023849764109541946, "scaled_age": 0.102803738317757}, "13": {"bias": -1.2974967302675608, "objective_cosine_similarity": -0.9838578416009222, "is_tight": 1.0, "dual_solution_value": -0.01422609350216382, "scaled_age": 0.0}, "14": {"bias": -1.2841374964614758, "objective_cosine_similarity": -0.9769040417012619, "is_tight": 1.0, "dual_solution_value": -0.007475363234755233, "scaled_age": 0.0}, "15": {"bias": -0.4472135954999579, "objective_cosine_similarity": -0.21844063737486571, "is_tight": 0.0, "dual_solution_value": 0.0, "scaled_age": 0.21495327102803738}, "16": {"bias": -0.35355339059327373, "objective_cosine_similarity": -0.5418971140996264, "is_tight": 0.0, "dual_solution_value": 0.0, "scaled_age": 0.21495327102803738}, "17": {"bias": -0.5, "objective_cosine_similarity": -0.4168652009279269, "is_tight": 0.0, "dual_solution_value": 0.0, "scaled_age": 0.06542056074766354}, "18": {"bias": -0.5, "objective_cosine_similarity": -0.27791013395195124, "is_tight": 0.0, "dual_solution_value": 0.0, "scaled_age": 0.21495327102803738}, "19": {"bias": -0.4472135954999579, "objective_cosine_similarity": -0.4180501853208637, "is_tight": 1.0, "dual_solution_value": -0.0009551518839388196, "scaled_age": 0.0}, "20": {"bias": -0.5, "objective_cosine_similarity": -0.29896393197861426, "is_tight": 0.0, "dual_solution_value": 0.0, "scaled_age": 0.21495327102803738}, "21": {"bias": -0.3779644730092272, "objective_cosine_similarity": -0.49655347098179964, "is_tight": 0.0, "dual_solution_value": 0.0, "scaled_age": 0.21495327102803738}, "22": {"bias": -0.3779644730092272, "objective_cosine_similarity": -0.2864731563356536, "is_tight": 0.0, "dual_solution_value": 0.0, "scaled_age": 0.21495327102803738}, "23": {"bias": -0.4472135954999579, "objective_cosine_similarity": -0.42181640320663727, "is_tight": 0.0, "dual_solution_value": 0.0, "scaled_age": 0.21495327102803738}, "24": {"bias": -0.5, "objective_cosine_similarity": -0.3368607684266076, "is_tight": 0.0, "dual_solution_value": 0.0, "scaled_age": 0.102803738317757}, "25": {"bias": -0.5773502691896258, "objective_cosine_similarity": -0.4181463089606311, "is_tight": 1.0, "dual_solution_value": -0.013087718895436739, "scaled_age": 0.0}, "26": {"bias": -0.5, "objective_cosine_similarity": -0.36212532605860315, "is_tight": 0.0, "dual_solution_value": 0.0, "scaled_age": 0.0}, "27": {"bias": -0.3779644730092272, "objective_cosine_similarity": -0.46472312027783813, "is_tight": 0.0, "dual_solution_value": 0.0, "scaled_age": 0.21495327102803738}, "28": {"bias": -0.5, "objective_cosine_similarity": -0.37475760487460097, "is_tight": 0.0, "dual_solution_value": 0.0, "scaled_age": 0.056074766355140186}, "29": {"bias": -0.4472135954999579, "objective_cosine_similarity": -0.2749339056614689, "is_tight": 0.0, "dual_solution_value": 0.0, "scaled_age": 0.21495327102803738}, "30": {"bias": -0.4472135954999579, "objective_cosine_similarity": -0.440647492635505, "is_tight": 1.0, "dual_solution_value": -0.011349995181101568, "scaled_age": 0.0}, "31": {"bias": -0.7071067811865475, "objective_cosine_similarity": -0.19055722693613236, "is_tight": 0.0, "dual_solution_value": 0.0, "scaled_age": 0.028037383177570093}, "32": {"bias": -0.4082482904638631, "objective_cosine_similarity": -0.2544172407438357, "is_tight": 0.0, "dual_solution_value": 0.0, "scaled_age": 0.21495327102803738}, "33": {"bias": -0.4472135954999579, "objective_cosine_similarity": -0.39921909589199595, "is_tight": 0.0, "dual_solution_value": 0.0, "scaled_age": 0.11214953271028037}, "34": {"bias": -0.5, "objective_cosine_similarity": -0.23580253789862532, "is_tight": 0.0, "dual_solution_value": 0.0, "scaled_age": 0.1308411214953271}, "35": {"bias": -0.4472135954999579, "objective_cosine_similarity": -0.28999877720456313, "is_tight": 0.0, "dual_solution_value": 0.0, "scaled_age": 0.21495327102803738}, "36": {"bias": -0.4472135954999579, "objective_cosine_similarity": -0.3201285202907515, "is_tight": 0.0, "dual_solution_value": 0.0, "scaled_age": 0.21495327102803738}, "37": {"bias": -0.4472135954999579, "objective_cosine_similarity": -0.4180501853208637, "is_tight": 0.0, "dual_solution_value": 0.0, "scaled_age": 0.018691588785046728}, "38": {"bias": -0.3779644730092272, "objective_cosine_similarity": -0.47108919041863045, "is_tight": 0.0, "dual_solution_value": 0.0, "scaled_age": 0.21495327102803738}, "39": {"bias": -0.5, "objective_cosine_similarity": -0.2652778551359535, "is_tight": 0.0, "dual_solution_value": 0.0, "scaled_age": 0.21495327102803738}, "40": {"bias": -0.5773502691896258, "objective_cosine_similarity": -0.23824615277989447, "is_tight": 0.0, "dual_solution_value": 0.0, "scaled_age": 0.04672897196261682}, "41": {"bias": -0.4472135954999579, "objective_cosine_similarity": -0.440647492635505, "is_tight": 0.0, "dual_solution_value": 0.0, "scaled_age": 0.0}, "42": {"bias": -0.4082482904638631, "objective_cosine_similarity": -0.3850639319366162, "is_tight": 0.0, "dual_solution_value": 0.0, "scaled_age": 0.21495327102803738}, "43": {"bias": -0.4472135954999579, "objective_cosine_similarity": -0.4707772357216934, "is_tight": 0.0, "dual_solution_value": 0.0, "scaled_age": 0.16822429906542055}, "44": {"bias": -0.5, "objective_cosine_similarity": -0.14316582658130822, "is_tight": 0.0, "dual_solution_value": 0.0, "scaled_age": 0.21495327102803738}, "45": {"bias": -0.35355339059327373, "objective_cosine_similarity": -0.4734156106694538, "is_tight": 0.0, "dual_solution_value": 0.0, "scaled_age": 0.21495327102803738}, "46": {"bias": -0.5, "objective_cosine_similarity": -0.46318355658658544, "is_tight": 1.0, "dual_solution_value": -0.008922468563191732, "scaled_age": 0.0}, "47": {"bias": -0.3779644730092272, "objective_cosine_similarity": -0.3533168928139728, "is_tight": 0.0, "dual_solution_value": 0.0, "scaled_age": 0.21495327102803738},