{"0": {"bias": -0.6666666666666666, "objective_cosine_similarity": -0.55928282421918, "is_tight": 0.0, "dual_solution_value": -0.0, "scaled_age": 0.16049382716049382}, "1": {"bias": -0.8017837257372732, "objective_cosine_similarity": -0.5933826391117025, "is_tight": 1.0, "dual_solution_value": -0.0004571390034475406, "scaled_age": 0.0}, "2": {"bias": -1.2710767129237528, "objective_cosine_similarity": -0.9695370453697738, "is_tight": 1.0, "dual_solution_value": -1.4938207839913008e-07, "scaled_age": 0.0}, "3": {"bias": -0.9863939238321437, "objective_cosine_similarity": -0.7700090904387547, "is_tight": 0.0, "dual_solution_value": -0.0, "scaled_age": 0.1728395061728395}, "4": {"bias": -0.7745966692414834, "objective_cosine_similarity": -0.5012771259939222, "is_tight": 1.0, "dual_solution_value": -0.0002901057029335824, "scaled_age": 0.0}, "5": {"bias": -1.301792463609791, "objective_cosine_similarity": -0.9045291007187742, "is_tight": 0.0, "dual_solution_value": -0.0, "scaled_age": 0.12345679012345678}, "6": {"bias": -1.3107532995283802, "objective_cosine_similarity": -0.9701199266232505, "is_tight": 0.0, "dual_solution_value": -0.0, "scaled_age": 0.1728395061728395}, "7": {"bias": -1.237684428720843, "objective_cosine_similarity": -0.9606531047452572, "is_tight": 0.0, "dual_solution_value": -0.0, "scaled_age": 0.04938271604938271}, "8": {"bias": -1.174707661345001, "objective_cosine_similarity": -0.9195250207780898, "is_tight": 0.0, "dual_solution_value": -0.0, "scaled_age": 0.16049382716049382}, "9": {"bias": -1.2921165649395971, "objective_cosine_similarity": -0.9480800536881258, "is_tight": 0.0, "dual_solution_value": -0.0, "scaled_age": 0.14814814814814814}, "10": {"bias": -0.8017837257372732, "objective_cosine_similarity": -0.620477736788036, "is_tight": 0.0, "dual_solution_value": -0.0, "scaled_age": 0.14814814814814814}, "11": {"bias": -0.6666666666666666, "objective_cosine_similarity": -0.4426951659982633, "is_tight": 1.0, "dual_solution_value": -0.0, "scaled_age": 0.1728395061728395}, "12": {"bias": -0.5, "objective_cosine_similarity": -0.1951576018045779, "is_tight": 0.0, "dual_solution_value": 0.0, "scaled_age": 0.2962962962962963}, "13": {"bias": -0.4472135954999579, "objective_cosine_similarity": -0.18588895815476097, "is_tight": 0.0, "dual_solution_value": 0.0, "scaled_age": 0.2962962962962963}, "14": {"bias": -0.5, "objective_cosine_similarity": -0.3649700605176522, "is_tight": 1.0, "dual_solution_value": -0.0007526061147313421, "scaled_age": 0.0}, "15": {"bias": -0.5, "objective_cosine_similarity": -0.2357098307509837, "is_tight": 0.0, "dual_solution_value": 0.0, "scaled_age": 0.012345679012345678}, "16": {"bias": -0.7071067811865475, "objective_cosine_similarity": -0.1612955029513103, "is_tight": 1.0, "dual_solution_value": -0.001639991231705856, "scaled_age": 0.0}, "17": {"bias": -0.4472135954999579, "objective_cosine_similarity": -0.4057819940207587, "is_tight": 1.0, "dual_solution_value": -0.020215216094460718, "scaled_age": 0.0}, "18": {"bias": -0.3779644730092272, "objective_cosine_similarity": -0.5307078263165687, "is_tight": 0.0, "dual_solution_value": 0.0, "scaled_age": 0.16049382716049382}, "19": {"bias": -0.4472135954999579, "objective_cosine_similarity": -0.20402446626742057, "is_tight": 0.0, "dual_solution_value": 0.0, "scaled_age": 0.2962962962962963}, "20": {"bias": -0.5, "objective_cosine_similarity": -0.2281062878235326, "is_tight": 0.0, "dual_solution_value": 0.0, "scaled_age": 0.2962962962962963}, "21": {"bias": -0.4082482904638631, "objective_cosine_similarity": -0.1779703150250955, "is_tight": 0.0, "dual_solution_value": 0.0, "scaled_age": 0.2962962962962963}, "22": {"bias": -0.5, "objective_cosine_similarity": -0.25852045953333697, "is_tight": 0.0, "dual_solution_value": 0.0, "scaled_age": 0.2962962962962963}, "23": {"bias": -0.4472135954999579, "objective_cosine_similarity": -0.3377738385982852, "is_tight": 0.0, "dual_solution_value": 0.0, "scaled_age": 0.2962962962962963}, "24": {"bias": -0.4082482904638631, "objective_cosine_similarity": -0.33317698510512067, "is_tight": 0.0, "dual_solution_value": 0.0, "scaled_age": 0.2962962962962963}, "25": {"bias": -0.5773502691896258, "objective_cosine_similarity": -0.2312017979471614, "is_tight": 0.0, "dual_solution_value": 0.0, "scaled_age": 0.2962962962962963}, "26": {"bias": -0.4082482904638631, "objective_cosine_similarity": -0.2793720061440453, "is_tight": 0.0, "dual_solution_value": 0.0, "scaled_age": 0.2962962962962963}, "27": {"bias": -0.5773502691896258, "objective_cosine_similarity": -0.1902293274248796, "is_tight": 0.0, "dual_solution_value": 0.0, "scaled_age": 0.2962962962962963}, "28": {"bias": -0.35355339059327373, "objective_cosine_similarity": -0.4605882695387416, "is_tight": 0.0, "dual_solution_value": 0.0, "scaled_age": 0.13580246913580246}, "29": {"bias": -0.5, "objective_cosine_similarity": -0.12672571545751812, "is_tight": 0.0, "dual_solution_value": 0.0, "scaled_age": 0.2962962962962963}, "30": {"bias": -0.7071067811865475, "objective_cosine_similarity": -0.05376516765043676, "is_tight": 0.0, "dual_solution_value": 0.0, "scaled_age": 0.1111111111111111}, "31": {"bias": -0.4472135954999579, "objective_cosine_similarity": -0.2901681298025537, "is_tight": 0.0, "dual_solution_value": 0.0, "scaled_age": 0.2716049382716049}, "32": {"bias": -0.3779644730092272, "objective_cosine_similarity": -0.4138371497631005, "is_tight": 0.0, "dual_solution_value": 0.0, "scaled_age": 0.2962962962962963}, "33": {"bias": -0.4082482904638631, "objective_cosine_similarity": -0.41181503127900004, "is_tight": 1.0, "dual_solution_value": -0.00629857417725933, "scaled_age": 0.0}, "34": {"bias": -0.5, "objective_cosine_similarity": -0.32695234588039673, "is_tight": 0.0, "dual_solution_value": 0.0, "scaled_age": 0.2962962962962963}, "35": {"bias": -0.3333333333333333, "objective_cosine_similarity": -0.43255710876166187, "is_tight": 0.0, "dual_solution_value": 0.0, "scaled_age": 0.2962962962962963}, "36": {"bias": -0.5773502691896258, "objective_cosine_similarity": -0.1755963022383504, "is_tight": 0.0, "dual_solution_value": 0.0, "scaled_age": 0.16049382716049382}, "37": {"bias": -0.7071067811865475, "objective_cosine_similarity": -0.13620509138110648, "is_tight": 1.0, "dual_solution_value": -1.8125893704834377e-05, "scaled_age": 0.0}, "38": {"bias": -0.5773502691896258, "objective_cosine_similarity": -0.1082843863803161, "is_tight": 1.0, "dual_solution_value": -0.00017339682297044605, "scaled_age": 0.0}, "39": {"bias": -0.4472135954999579, "objective_cosine_similarity": -0.2992358838588835, "is_tight": 0.0, "dual_solution_value": 0.0, "scaled_age": 0.1728395061728395}, "40": {"bias": -0.5773502691896258, "objective_cosine_similarity": -0.15511006697720953, "is_tight": 1.0, "dual_solution_value": -0.00021215527788451952, "scaled_age": 0.0}, "41": {"bias": -0.5773502691896258, "objective_cosine_similarity": -0.3511926044767008, "is_tight": 1.0, "dual_solution_value": -2.6998164838414157e-05, "scaled_age": 0.0}, "42": {"bias": -0.5, "objective_cosine_similarity": -0.34469394604444925, "is_tight": 0.0, "dual_solution_value": 0.0, "scaled_age": 0.2962962962962963}, "43": {"bias": -0.4472135954999579, "objective_cosine_similarity": -0.35590934671094476, "is_tight": 0.0, "dual_solution_value": 0.0, "scaled_age": 0.09876543209876543}, "44": {"bias": -0.4082482904638631, "objective_cosine_similarity": -0.21521991584430153, "is_tight": 0.0, "dual_solution_value": 0.0, "scaled_age": 0.2962962962962963}, "45": {"bias": -0.4472135954999579, "objective_cosine_similarity": -0.25616405209131693, "is_tight": 0.0, "dual_solution_value": 0.0, "scaled_age": 0.20987654320987653}, "46": {"bias": -0.4472135954999579, "objective_cosine_similarity": -0.34910853116869744, "is_tight": 0.0, "dual_solution_value": 0.0, "scaled_age": 0.2962962962962963}, "47": {"bias": -0.5, "objective_cosine_similarity": -0.2509169166058859, "is_tight": 0.0, "dual_solution_value": 0.0, "scaled_age": 0.24691358024691357},