{"0": {"bias": -0.5883484054145521, "objective_cosine_similarity": -0.8533566408316192, "is_tight": 1.0, "dual_solution_value": -7.991748440591622e-05, "scaled_age": 0.0}, "1": {"bias": -0.5773502691896258, "objective_cosine_similarity": -0.8415916660494746, "is_tight": 1.0, "dual_solution_value": -0.0002638885388134732, "scaled_age": 0.0}, "2": {"bias": -0.8660254037844386, "objective_cosine_similarity": -0.947104651046722, "is_tight": 1.0, "dual_solution_value": -5.467441772033967e-06, "scaled_age": 0.0}, "3": {"bias": -0.9332565252573828, "objective_cosine_similarity": -0.961070785150416, "is_tight": 0.0, "dual_solution_value": -0.0, "scaled_age": 0.0945945945945946}, "4": {"bias": -0.8962581595302719, "objective_cosine_similarity": -0.8925135962910395, "is_tight": 0.0, "dual_solution_value": -0.0, "scaled_age": 0.08108108108108109}, "5": {"bias": -0.5773502691896258, "objective_cosine_similarity": -0.7963718153363685, "is_tight": 0.0, "dual_solution_value": -0.0, "scaled_age": 0.13513513513513514}, "6": {"bias": -0.8581163303210331, "objective_cosine_similarity": -0.9421890186090447, "is_tight": 0.0, "dual_solution_value": -0.0, "scaled_age": 0.06756756756756757}, "7": {"bias": -0.8122769321068953, "objective_cosine_similarity": -0.9118871006691628, "is_tight": 1.0, "dual_solution_value": -1.1097156613490364e-05, "scaled_age": 0.0}, "8": {"bias": -0.8885233166386385, "objective_cosine_similarity": -0.8892296017265775, "is_tight": 0.0, "dual_solution_value": -0.0, "scaled_age": 0.17567567567567569}, "9": {"bias": -0.8926820737402256, "objective_cosine_similarity": -0.9199908309811213, "is_tight": 1.0, "dual_solution_value": -0.002355466430790817, "scaled_age": 0.0}, "10": {"bias": -0.9707736332356649, "objective_cosine_similarity": -0.9369166374077312, "is_tight": 1.0, "dual_solution_value": -0.0013653822631053884, "scaled_age": 0.0}, "11": {"bias": -0.8880519506853891, "objective_cosine_similarity": -0.9385877689392033, "is_tight": 0.0, "dual_solution_value": 0.0, "scaled_age": 0.17567567567567569}, "12": {"bias": -0.897611728591169, "objective_cosine_similarity": -0.9430941054415486, "is_tight": 0.0, "dual_solution_value": 0.0, "scaled_age": 0.17567567567567569}, "13": {"bias": -0.31622776601683794, "objective_cosine_similarity": -0.5201265779342698, "is_tight": 0.0, "dual_solution_value": 0.0, "scaled_age": 0.33783783783783783}, "14": {"bias": -0.3333333333333333, "objective_cosine_similarity": -0.42932650681390233, "is_tight": 0.0, "dual_solution_value": 0.0, "scaled_age": 0.33783783783783783}, "15": {"bias": -0.5, "objective_cosine_similarity": -0.21321282601906635, "is_tight": 0.0, "dual_solution_value": 0.0, "scaled_age": 0.3108108108108108}, "16": {"bias": -0.4472135954999579, "objective_cosine_similarity": -0.34248764729392, "is_tight": 0.0, "dual_solution_value": 0.0, "scaled_age": 0.33783783783783783}, "17": {"bias": -0.5773502691896258, "objective_cosine_similarity": -0.3014656714207073, "is_tight": 0.0, "dual_solution_value": 0.0, "scaled_age": 0.013513513513513514}, "18": {"bias": -0.4082482904638631, "objective_cosine_similarity": -0.44410087615945354, "is_tight": 0.0, "dual_solution_value": 0.0, "scaled_age": 0.33783783783783783}, "19": {"bias": -0.5773502691896258, "objective_cosine_similarity": -0.33663666641978984, "is_tight": 1.0, "dual_solution_value": -0.021489025333852347, "scaled_age": 0.0}, "20": {"bias": -0.3779644730092272, "objective_cosine_similarity": -0.6381164671212354, "is_tight": 0.0, "dual_solution_value": 0.0, "scaled_age": 0.05405405405405406}, "21": {"bias": -0.3333333333333333, "objective_cosine_similarity": -0.5163521500869906, "is_tight": 0.0, "dual_solution_value": 0.0, "scaled_age": 0.33783783783783783}, "22": {"bias": -0.3779644730092272, "objective_cosine_similarity": -0.49338902097002735, "is_tight": 0.0, "dual_solution_value": 0.0, "scaled_age": 0.33783783783783783}, "23": {"bias": -0.4082482904638631, "objective_cosine_similarity": -0.3517278939182872, "is_tight": 0.0, "dual_solution_value": 0.0, "scaled_age": 0.33783783783783783}, "24": {"bias": -0.4082482904638631, "objective_cosine_similarity": -0.6146356126046837, "is_tight": 1.0, "dual_solution_value": -0.03247010693433889, "scaled_age": 0.0}, "25": {"bias": -0.3779644730092272, "objective_cosine_similarity": -0.49667828110982754, "is_tight": 0.0, "dual_solution_value": 0.0, "scaled_age": 0.14864864864864866}, "26": {"bias": -0.5, "objective_cosine_similarity": -0.3045897514558091, "is_tight": 0.0, "dual_solution_value": 0.0, "scaled_age": 0.33783783783783783}, "27": {"bias": -0.31622776601683794, "objective_cosine_similarity": -0.5063666155550564, "is_tight": 0.0, "dual_solution_value": 0.0, "scaled_age": 0.33783783783783783}, "28": {"bias": -0.4082482904638631, "objective_cosine_similarity": -0.6359524546603375, "is_tight": 1.0, "dual_solution_value": -0.0012738423720363421, "scaled_age": 0.0}, "29": {"bias": -0.3779644730092272, "objective_cosine_similarity": -0.37497565593722076, "is_tight": 0.0, "dual_solution_value": 0.0, "scaled_age": 0.33783783783783783}, "30": {"bias": -0.5, "objective_cosine_similarity": -0.3132923157831179, "is_tight": 0.0, "dual_solution_value": 0.0, "scaled_age": 0.13513513513513514}, "31": {"bias": -0.4472135954999579, "objective_cosine_similarity": -0.11675715248656364, "is_tight": 0.0, "dual_solution_value": 0.0, "scaled_age": 0.33783783783783783}, "32": {"bias": -0.2886751345948129, "objective_cosine_similarity": -0.5878580592703793, "is_tight": 0.0, "dual_solution_value": 0.0, "scaled_age": 0.33783783783783783}, "33": {"bias": -0.4472135954999579, "objective_cosine_similarity": -0.3347038371281491, "is_tight": 0.0, "dual_solution_value": 0.0, "scaled_age": 0.33783783783783783}, "34": {"bias": -0.4082482904638631, "objective_cosine_similarity": -0.4654177182151073, "is_tight": 0.0, "dual_solution_value": 0.0, "scaled_age": 0.33783783783783783}, "35": {"bias": -0.4082482904638631, "objective_cosine_similarity": -0.43344245513162666, "is_tight": 0.0, "dual_solution_value": 0.0, "scaled_age": 0.33783783783783783}, "36": {"bias": -0.4472135954999579, "objective_cosine_similarity": -0.3775147930398891, "is_tight": 0.0, "dual_solution_value": 0.0, "scaled_age": 0.1891891891891892}, "37": {"bias": -0.4472135954999579, "objective_cosine_similarity": -0.19459525414427273, "is_tight": 0.0, "dual_solution_value": 0.0, "scaled_age": 0.16216216216216217}, "38": {"bias": -0.4082482904638631, "objective_cosine_similarity": -0.4760761392429342, "is_tight": 0.0, "dual_solution_value": 0.0, "scaled_age": 0.33783783783783783}, "39": {"bias": -0.3333333333333333, "objective_cosine_similarity": -0.42932650681390233, "is_tight": 0.0, "dual_solution_value": 0.0, "scaled_age": 0.33783783783783783}, "40": {"bias": -0.5, "objective_cosine_similarity": -0.3045897514558091, "is_tight": 0.0, "dual_solution_value": 0.0, "scaled_age": 0.33783783783783783}, "41": {"bias": -0.5, "objective_cosine_similarity": -0.3045897514558091, "is_tight": 1.0, "dual_solution_value": -0.00010702540744362573, "scaled_age": 0.0}, "42": {"bias": -0.5773502691896258, "objective_cosine_similarity": -0.3014656714207073, "is_tight": 0.0, "dual_solution_value": 0.0, "scaled_age": 0.13513513513513514}, "43": {"bias": -0.3779644730092272, "objective_cosine_similarity": -0.41444677761482296, "is_tight": 0.0, "dual_solution_value": 0.0, "scaled_age": 0.33783783783783783}, "44": {"bias": -0.3779644730092272, "objective_cosine_similarity": -0.32892601398001825, "is_tight": 0.0, "dual_solution_value": 0.0, "scaled_age": 0.33783783783783783}, "45": {"bias": -0.4082482904638631, "objective_cosine_similarity": -0.3588335079368385, "is_tight": 0.0, "dual_solution_value": 0.0, "scaled_age": 0.12162162162162163}, "46": {"bias": -0.3333333333333333, "objective_cosine_similarity": -0.5540632621719955, "is_tight": 0.0, "dual_solution_value": 0.0, "scaled_age": 0.33783783783783783}, "47": {"bias": -0.4082482904638631, "objective_cosine_similarity": -0.4227840341037998,