{"0": {"bias": -0.7745966692414834, "objective_cosine_similarity": -0.7798114200283481, "is_tight": 1.0, "dual_solution_value": -0.0009433182047630022, "scaled_age": 0.0}, "1": {"bias": -0.75, "objective_cosine_similarity": -0.8268218946484972, "is_tight": 1.0, "dual_solution_value": -6.957420921121923e-05, "scaled_age": 0.0}, "2": {"bias": -0.6324555320336759, "objective_cosine_similarity": -0.5628739763745563, "is_tight": 0.0, "dual_solution_value": -0.0, "scaled_age": 0.1509433962264151}, "3": {"bias": -0.8520377271546993, "objective_cosine_similarity": -0.9360841703749927, "is_tight": 0.0, "dual_solution_value": -0.0, "scaled_age": 0.16981132075471697}, "4": {"bias": -0.5547001962252291, "objective_cosine_similarity": -0.7070673286074572, "is_tight": 0.0, "dual_solution_value": -0.0, "scaled_age": 0.16981132075471697}, "5": {"bias": -0.7954550052843745, "objective_cosine_similarity": -0.9047521844463201, "is_tight": 0.0, "dual_solution_value": -0.0, "scaled_age": 0.07547169811320754}, "6": {"bias": -0.8308504678941933, "objective_cosine_similarity": -0.8241960264827132, "is_tight": 1.0, "dual_solution_value": -3.736704468846265e-05, "scaled_age": 0.0}, "7": {"bias": -0.8662694627314556, "objective_cosine_similarity": -0.9287254124599186, "is_tight": 0.0, "dual_solution_value": 0.0, "scaled_age": 0.09433962264150944}, "8": {"bias": -0.8846388338614537, "objective_cosine_similarity": -0.9421998628332334, "is_tight": 0.0, "dual_solution_value": 0.0, "scaled_age": 0.20754716981132076}, "9": {"bias": -0.8652148073500124, "objective_cosine_similarity": -0.9417595790599295, "is_tight": 0.0, "dual_solution_value": 0.0, "scaled_age": 0.018867924528301886}, "10": {"bias": -0.8668704812766708, "objective_cosine_similarity": -0.9183387585835858, "is_tight": 0.0, "dual_solution_value": 0.0, "scaled_age": 0.09433962264150944}, "11": {"bias": -0.4082482904638631, "objective_cosine_similarity": -0.3469249757030174, "is_tight": 1.0, "dual_solution_value": -0.005437163217823486, "scaled_age": 0.0}, "12": {"bias": -0.4472135954999579, "objective_cosine_similarity": -0.3851729086915019, "is_tight": 0.0, "dual_solution_value": 0.0, "scaled_age": 0.2641509433962264}, "13": {"bias": -0.3779644730092272, "objective_cosine_similarity": -0.3385517434902525, "is_tight": 0.0, "dual_solution_value": 0.0, "scaled_age": 0.2641509433962264}, "14": {"bias": -0.5, "objective_cosine_similarity": -0.4076691286114118, "is_tight": 0.0, "dual_solution_value": 0.0, "scaled_age": 0.09433962264150944}, "15": {"bias": -0.4082482904638631, "objective_cosine_similarity": -0.49225841147049765, "is_tight": 0.0, "dual_solution_value": 0.0, "scaled_age": 0.2641509433962264}, "16": {"bias": -0.3333333333333333, "objective_cosine_similarity": -0.4287224638918134, "is_tight": 0.0, "dual_solution_value": 0.0, "scaled_age": 0.2641509433962264}, "17": {"bias": -0.4082482904638631, "objective_cosine_similarity": -0.36098950174503164, "is_tight": 0.0, "dual_solution_value": 0.0, "scaled_age": 0.2641509433962264}, "18": {"bias": -0.35355339059327373, "objective_cosine_similarity": -0.5846513685394615, "is_tight": 0.0, "dual_solution_value": 0.0, "scaled_age": 0.18867924528301888}, "19": {"bias": -0.4082482904638631, "objective_cosine_similarity": -0.45944118403913115, "is_tight": 0.0, "dual_solution_value": 0.0, "scaled_age": 0.2641509433962264}, "20": {"bias": -0.4472135954999579, "objective_cosine_similarity": -0.6624974029493833, "is_tight": 1.0, "dual_solution_value": -0.06654694968878802, "scaled_age": 0.0}, "21": {"bias": -0.3779644730092272, "objective_cosine_similarity": -0.2647648250372488, "is_tight": 0.0, "dual_solution_value": 0.0, "scaled_age": 0.2641509433962264}, "22": {"bias": -0.3779644730092272, "objective_cosine_similarity": -0.2517436041337775, "is_tight": 0.0, "dual_solution_value": 0.0, "scaled_age": 0.2641509433962264}, "23": {"bias": -0.4082482904638631, "objective_cosine_similarity": -0.4547530086917931, "is_tight": 0.0, "dual_solution_value": 0.0, "scaled_age": 0.2641509433962264}, "24": {"bias": -0.31622776601683794, "objective_cosine_similarity": -0.5665054213834244, "is_tight": 0.0, "dual_solution_value": 0.0, "scaled_age": 0.2641509433962264}, "25": {"bias": -0.4082482904638631, "objective_cosine_similarity": -0.4453766579971169, "is_tight": 0.0, "dual_solution_value": 0.0, "scaled_age": 0.2641509433962264}, "26": {"bias": -0.4472135954999579, "objective_cosine_similarity": -0.4313936577344821, "is_tight": 0.0, "dual_solution_value": 0.0, "scaled_age": 0.018867924528301886}, "27": {"bias": -0.35355339059327373, "objective_cosine_similarity": -0.3329264737516378, "is_tight": 0.0, "dual_solution_value": 0.0, "scaled_age": 0.2641509433962264}, "28": {"bias": -0.4082482904638631, "objective_cosine_similarity": -0.3797422031343839, "is_tight": 0.0, "dual_solution_value": 0.0, "scaled_age": 0.2641509433962264}, "29": {"bias": -0.4472135954999579, "objective_cosine_similarity": -0.27732449425788136, "is_tight": 0.0, "dual_solution_value": 0.0, "scaled_age": 0.11320754716981132}, "30": {"bias": -0.4472135954999579, "objective_cosine_similarity": -0.400579825039162, "is_tight": 0.0, "dual_solution_value": 0.0, "scaled_age": 0.07547169811320754}, "31": {"bias": -0.4082482904638631, "objective_cosine_similarity": -0.42662395660776464, "is_tight": 1.0, "dual_solution_value": -0.0002983788082456915, "scaled_age": 0.0}, "32": {"bias": -0.35355339059327373, "objective_cosine_similarity": -0.6536727106587036, "is_tight": 0.0, "dual_solution_value": 0.0, "scaled_age": 0.2641509433962264}, "33": {"bias": -0.4472135954999579, "objective_cosine_similarity": -0.32868088208341495, "is_tight": 0.0, "dual_solution_value": 0.0, "scaled_age": 0.2641509433962264}, "34": {"bias": -0.4082482904638631, "objective_cosine_similarity": -0.4219357812604266, "is_tight": 0.0, "dual_solution_value": 0.0, "scaled_age": 0.1509433962264151}, "35": {"bias": -0.35355339059327373, "objective_cosine_similarity": -0.34916678954440067, "is_tight": 0.0, "dual_solution_value": 0.0, "scaled_age": 0.2641509433962264}, "36": {"bias": -0.4472135954999579, "objective_cosine_similarity": -0.39544418625660865, "is_tight": 0.0, "dual_solution_value": 0.0, "scaled_age": 0.2641509433962264}, "37": {"bias": -0.4082482904638631, "objective_cosine_similarity": -0.3891185538290601, "is_tight": 0.0, "dual_solution_value": 0.0, "scaled_age": 0.03773584905660377}, "38": {"bias": -0.3779644730092272, "objective_cosine_similarity": -0.5512316849136163, "is_tight": 0.0, "dual_solution_value": 0.0, "scaled_age": 0.018867924528301886}, "39": {"bias": -0.5, "objective_cosine_similarity": -0.3043163917803497, "is_tight": 0.0, "dual_solution_value": 0.0, "scaled_age": 0.2641509433962264}, "40": {"bias": -0.3779644730092272, "objective_cosine_similarity": -0.3602537783293713, "is_tight": 0.0, "dual_solution_value": 0.0, "scaled_age": 0.2641509433962264}, "41": {"bias": -0.4082482904638631, "objective_cosine_similarity": -0.6000864444592733, "is_tight": 1.0, "dual_solution_value": -0.017155593073940052, "scaled_age": 0.0}, "42": {"bias": -0.3333333333333333, "objective_cosine_similarity": -0.5894933878512434, "is_tight": 0.0, "dual_solution_value": 0.0, "scaled_age": 0.2641509433962264}, "43": {"bias": -0.35355339059327373, "objective_cosine_similarity": -0.5399905001093638, "is_tight": 0.0, "dual_solution_value": 0.0, "scaled_age": 0.2641509433962264}, "44": {"bias": -0.5773502691896258, "objective_cosine_similarity": -0.11271137970280787, "is_tight": 0.0, "dual_solution_value": 0.0, "scaled_age": 0.2641509433962264}, "45": {"bias": -0.4082482904638631, "objective_cosine_similarity": -0.2719141701456082, "is_tight": 0.0, "dual_solution_value": 0.0, "scaled_age": 0.2641509433962264}, "46": {"bias": -0.4472135954999579, "objective_cosine_similarity": -0.4108511026042687, "is_tight": 0.0, "dual_solution_value": 0.0, "scaled_age": 0.2641509433962264}, "47": {"bias": -0.3333333333333333, "objective_cosine_similarity": -0.5780097504255698,