{"0": {"bias": -1.0846522890932808, "objective_cosine_similarity": -0.7145202577761272, "is_tight": 0.0, "dual_solution_value": -0.0, "scaled_age": 0.03773584905660377}, "1": {"bias": -1.2268693220279547, "objective_cosine_similarity": -0.853709662146714, "is_tight": 0.0, "dual_solution_value": -0.0, "scaled_age": 0.02830188679245283}, "2": {"bias": -1.1666666666666667, "objective_cosine_similarity": -0.6894914961196474, "is_tight": 0.0, "dual_solution_value": -0.0, "scaled_age": 0.07547169811320754}, "3": {"bias": -1.2664755805145254, "objective_cosine_similarity": -0.8936812010397386, "is_tight": 0.0, "dual_solution_value": -0.0, "scaled_age": 0.05660377358490566}, "4": {"bias": -1.0425720702853738, "objective_cosine_similarity": -0.7404965216305369, "is_tight": 1.0, "dual_solution_value": -0.0006832270054798133, "scaled_age": 0.0}, "5": {"bias": -1.5105264449340403, "objective_cosine_similarity": -0.8759294788870334, "is_tight": 0.0, "dual_solution_value": -0.0, "scaled_age": 0.018867924528301886}, "6": {"bias": -1.4488502553520792, "objective_cosine_similarity": -0.9175420048881611, "is_tight": 0.0, "dual_solution_value": -0.0, "scaled_age": 0.009433962264150943}, "7": {"bias": -1.3230384187598796, "objective_cosine_similarity": -0.8622740258267633, "is_tight": 0.0, "dual_solution_value": -0.0, "scaled_age": 0.0660377358490566}, "8": {"bias": -1.2649110640673518, "objective_cosine_similarity": -0.9217946644203393, "is_tight": 0.0, "dual_solution_value": -0.0, "scaled_age": 0.009433962264150943}, "9": {"bias": -1.01418510567422, "objective_cosine_similarity": -0.8052861352550773, "is_tight": 0.0, "dual_solution_value": -0.0, "scaled_age": 0.009433962264150943}, "10": {"bias": -1.0552897060221726, "objective_cosine_similarity": -0.7971185053405732, "is_tight": 0.0, "dual_solution_value": -0.0, "scaled_age": 0.07547169811320754}, "11": {"bias": -1.278724026182012, "objective_cosine_similarity": -0.9202966953618457, "is_tight": 1.0, "dual_solution_value": -4.03136905198833e-05, "scaled_age": 0.0}, "12": {"bias": -1.3320141153064136, "objective_cosine_similarity": -0.8983805600660454, "is_tight": 0.0, "dual_solution_value": -0.0, "scaled_age": 0.02830188679245283}, "13": {"bias": -1.308013942560877, "objective_cosine_similarity": -0.8972894008410913, "is_tight": 0.0, "dual_solution_value": -0.0, "scaled_age": 0.0660377358490566}, "14": {"bias": -1.3627227953721055, "objective_cosine_similarity": -0.9328837056267879, "is_tight": 0.0, "dual_solution_value": 0.0, "scaled_age": 0.02830188679245283}, "15": {"bias": -1.2621133959155857, "objective_cosine_similarity": -0.8739040572312464, "is_tight": 0.0, "dual_solution_value": 0.0, "scaled_age": 0.02830188679245283}, "16": {"bias": -1.3453701940938116, "objective_cosine_similarity": -0.8948629932887744, "is_tight": 0.0, "dual_solution_value": 0.0, "scaled_age": 0.03773584905660377}, "17": {"bias": -1.3886392059390893, "objective_cosine_similarity": -0.8779557068383944, "is_tight": 1.0, "dual_solution_value": -0.00014501956767652217, "scaled_age": 0.0}, "18": {"bias": -1.3612946748545633, "objective_cosine_similarity": -0.9104821665978334, "is_tight": 0.0, "dual_solution_value": 0.0, "scaled_age": 0.018867924528301886}, "19": {"bias": -0.5, "objective_cosine_similarity": -0.25129057539300403, "is_tight": 1.0, "dual_solution_value": -0.0032621856616068504, "scaled_age": 0.0}, "20": {"bias": -0.4472135954999579, "objective_cosine_similarity": -0.2619117223947597, "is_tight": 0.0, "dual_solution_value": 0.0, "scaled_age": 0.11320754716981132}, "21": {"bias": -0.5, "objective_cosine_similarity": -0.26582804669673155, "is_tight": 1.0, "dual_solution_value": -0.00016815782632697917, "scaled_age": 0.0}, "22": {"bias": -0.3779644730092272, "objective_cosine_similarity": -0.5243463786248125, "is_tight": 0.0, "dual_solution_value": 0.0, "scaled_age": 0.19811320754716982}, "23": {"bias": -0.7071067811865475, "objective_cosine_similarity": -0.14097661083662483, "is_tight": 1.0, "dual_solution_value": -0.00019714615060534513, "scaled_age": 0.0}, "24": {"bias": -0.3779644730092272, "objective_cosine_similarity": -0.5494647680200131, "is_tight": 1.0, "dual_solution_value": -0.015664601594976173, "scaled_age": 0.0}, "25": {"bias": -0.4472135954999579, "objective_cosine_similarity": -0.31763762077662344, "is_tight": 0.0, "dual_solution_value": 0.0, "scaled_age": 0.19811320754716982}, "26": {"bias": -0.4082482904638631, "objective_cosine_similarity": -0.29674489037071106, "is_tight": 0.0, "dual_solution_value": 0.0, "scaled_age": 0.018867924528301886}, "27": {"bias": -0.4472135954999579, "objective_cosine_similarity": -0.2916322015317537, "is_tight": 1.0, "dual_solution_value": -0.0037150598921242505, "scaled_age": 0.0}, "28": {"bias": -0.5, "objective_cosine_similarity": -0.1765264372595483, "is_tight": 0.0, "dual_solution_value": 0.0, "scaled_age": 0.19811320754716982}, "29": {"bias": -0.4472135954999579, "objective_cosine_similarity": -0.26376925234082177, "is_tight": 0.0, "dual_solution_value": 0.0, "scaled_age": 0.018867924528301886}, "30": {"bias": -0.3779644730092272, "objective_cosine_similarity": -0.4756794991716113, "is_tight": 0.0, "dual_solution_value": 0.0, "scaled_age": 0.19811320754716982}, "31": {"bias": -0.4472135954999579, "objective_cosine_similarity": -0.22476112347351718, "is_tight": 0.0, "dual_solution_value": 0.0, "scaled_age": 0.19811320754716982}, "32": {"bias": -0.4472135954999579, "objective_cosine_similarity": -0.2489090127723248, "is_tight": 0.0, "dual_solution_value": 0.0, "scaled_age": 0.19811320754716982}, "33": {"bias": -0.4082482904638631, "objective_cosine_similarity": -0.24757002282356466, "is_tight": 0.0, "dual_solution_value": 0.0, "scaled_age": 0.0660377358490566}, "34": {"bias": -0.4082482904638631, "objective_cosine_similarity": -0.44087812283648503, "is_tight": 1.0, "dual_solution_value": -0.020717882519535238, "scaled_age": 0.0}, "35": {"bias": -0.4472135954999579, "objective_cosine_similarity": -0.34735809991361744, "is_tight": 1.0, "dual_solution_value": -0.010827931394882908, "scaled_age": 0.0}, "36": {"bias": -0.4472135954999579, "objective_cosine_similarity": -0.18761052455227464, "is_tight": 0.0, "dual_solution_value": 0.0, "scaled_age": 0.19811320754716982}, "37": {"bias": -0.5, "objective_cosine_similarity": -0.09137839105200148, "is_tight": 0.0, "dual_solution_value": 0.0, "scaled_age": 0.19811320754716982}, "38": {"bias": -0.4472135954999579, "objective_cosine_similarity": -0.31763762077662344, "is_tight": 1.0, "dual_solution_value": -0.023684205648704718, "scaled_age": 0.0}, "39": {"bias": -0.5773502691896258, "objective_cosine_similarity": -0.19184486789813796, "is_tight": 1.0, "dual_solution_value": -5.989086160061937e-05, "scaled_age": 0.0}, "40": {"bias": -0.3779644730092272, "objective_cosine_similarity": -0.3579370488816085, "is_tight": 0.0, "dual_solution_value": 0.0, "scaled_age": 0.02830188679245283}, "41": {"bias": -0.4472135954999579, "objective_cosine_similarity": -0.2136159437971444, "is_tight": 0.0, "dual_solution_value": 0.0, "scaled_age": 0.10377358490566038}, "42": {"bias": -0.7071067811865475, "objective_cosine_similarity": -0.09104739449865352, "is_tight": 1.0, "dual_solution_value": -0.003135274776014959, "scaled_age": 0.0}, "43": {"bias": -0.7071067811865475, "objective_cosine_similarity": -0.173283750820018, "is_tight": 1.0, "dual_solution_value": -0.05153657783832664, "scaled_age": 0.0}, "44": {"bias": -0.4082482904638631, "objective_cosine_similarity": -0.19669947018858563, "is_tight": 0.0, "dual_solution_value": 0.0, "scaled_age": 0.19811320754716982}, "45": {"bias": -0.3779644730092272, "objective_cosine_similarity": -0.27473238401000655, "is_tight": 0.0, "dual_solution_value": 0.0, "scaled_age": 0.19811320754716982}, "46": {"bias": -0.4472135954999579, "objective_cosine_similarity": -0.30463491115418856, "is_tight": 0.0, "dual_solution_value": 0.0, "scaled_age": 0.19811320754716982}, "47": {"bias": -0.4472135954999579,