{"0": {"bias": -0.9128709291752769, "objective_cosine_similarity": -0.8787286075243036, "is_tight": 1.0, "dual_solution_value": -0.00022969667305607023, "scaled_age": 0.0}, "1": {"bias": -0.6324555320336759, "objective_cosine_similarity": -0.5524305712631178, "is_tight": 1.0, "dual_solution_value": -0.00011978499376250376, "scaled_age": 0.0}, "2": {"bias": -0.9332565252573828, "objective_cosine_similarity": -0.9205332860887651, "is_tight": 1.0, "dual_solution_value": -0.0007744857137630896, "scaled_age": 0.0}, "3": {"bias": -1.1175381498658365, "objective_cosine_similarity": -0.975828928646379, "is_tight": 0.0, "dual_solution_value": -0.0, "scaled_age": 0.11904761904761904}, "4": {"bias": -1.1908901835024541, "objective_cosine_similarity": -0.9656018832719214, "is_tight": 0.0, "dual_solution_value": -0.0, "scaled_age": 0.10714285714285714}, "5": {"bias": -0.9271726499455306, "objective_cosine_similarity": -0.91846751827736, "is_tight": 1.0, "dual_solution_value": -3.9422770253349945e-07, "scaled_age": 0.0}, "6": {"bias": -1.0653416196374352, "objective_cosine_similarity": -0.9541179718251714, "is_tight": 0.0, "dual_solution_value": -0.0, "scaled_age": 0.07142857142857142}, "7": {"bias": -1.1104504640461155, "objective_cosine_similarity": -0.9665019591709231, "is_tight": 1.0, "dual_solution_value": -8.547215541346046e-05, "scaled_age": 0.0}, "8": {"bias": -1.248614459468929, "objective_cosine_similarity": -0.9493305574055005, "is_tight": 0.0, "dual_solution_value": -0.0, "scaled_age": 0.03571428571428571}, "9": {"bias": -0.5547001962252291, "objective_cosine_similarity": -0.6971063921609387, "is_tight": 0.0, "dual_solution_value": -0.0, "scaled_age": 0.10714285714285714}, "10": {"bias": -1.205249471276409, "objective_cosine_similarity": -0.952023402402807, "is_tight": 1.0, "dual_solution_value": -7.40206786336979e-08, "scaled_age": 0.0}, "11": {"bias": -0.9866022655651318, "objective_cosine_similarity": -0.8661636857059813, "is_tight": 0.0, "dual_solution_value": -0.0, "scaled_age": 0.047619047619047616}, "12": {"bias": -1.0103629710818451, "objective_cosine_similarity": -0.8748023215504546, "is_tight": 0.0, "dual_solution_value": -0.0, "scaled_age": 0.08333333333333333}, "13": {"bias": -1.075781842508132, "objective_cosine_similarity": -0.946987367757386, "is_tight": 0.0, "dual_solution_value": 0.0, "scaled_age": 0.05952380952380952}, "14": {"bias": -1.0966213576905628, "objective_cosine_similarity": -0.9655383123297333, "is_tight": 1.0, "dual_solution_value": -0.006125668015582659, "scaled_age": 0.0}, "15": {"bias": -1.110127342388515, "objective_cosine_similarity": -0.9677914217715781, "is_tight": 0.0, "dual_solution_value": 0.0, "scaled_age": 0.047619047619047616}, "16": {"bias": -1.1315322154936014, "objective_cosine_similarity": -0.9762398149595354, "is_tight": 0.0, "dual_solution_value": 0.0, "scaled_age": 0.05952380952380952}, "17": {"bias": -0.4082482904638631, "objective_cosine_similarity": -0.4002567759662748, "is_tight": 0.0, "dual_solution_value": 0.0, "scaled_age": 0.25}, "18": {"bias": -0.4472135954999579, "objective_cosine_similarity": -0.34279547616777717, "is_tight": 0.0, "dual_solution_value": 0.0, "scaled_age": 0.15476190476190477}, "19": {"bias": -0.3779644730092272, "objective_cosine_similarity": -0.5053169567178222, "is_tight": 0.0, "dual_solution_value": 0.0, "scaled_age": 0.25}, "20": {"bias": -0.3779644730092272, "objective_cosine_similarity": -0.3907784465284491, "is_tight": 0.0, "dual_solution_value": 0.0, "scaled_age": 0.25}, "21": {"bias": -0.31622776601683794, "objective_cosine_similarity": -0.49606010480769763, "is_tight": 0.0, "dual_solution_value": 0.0, "scaled_age": 0.25}, "22": {"bias": -0.5773502691896258, "objective_cosine_similarity": -0.21612763238305346, "is_tight": 0.0, "dual_solution_value": 0.0, "scaled_age": 0.05952380952380952}, "23": {"bias": -0.3779644730092272, "objective_cosine_similarity": -0.4648916001803964, "is_tight": 0.0, "dual_solution_value": 0.0, "scaled_age": 0.25}, "24": {"bias": -0.4472135954999579, "objective_cosine_similarity": -0.26307559798922436, "is_tight": 0.0, "dual_solution_value": 0.0, "scaled_age": 0.25}, "25": {"bias": -0.5, "objective_cosine_similarity": -0.32086632017744326, "is_tight": 0.0, "dual_solution_value": 0.0, "scaled_age": 0.011904761904761904}, "26": {"bias": -0.4082482904638631, "objective_cosine_similarity": -0.4366437555995725, "is_tight": 1.0, "dual_solution_value": -4.154803834227289e-06, "scaled_age": 0.0}, "27": {"bias": -0.5773502691896258, "objective_cosine_similarity": -0.25729480045601605, "is_tight": 1.0, "dual_solution_value": -0.008246232479295056, "scaled_age": 0.0}, "28": {"bias": -0.4082482904638631, "objective_cosine_similarity": -0.37842458818629615, "is_tight": 0.0, "dual_solution_value": 0.0, "scaled_age": 0.25}, "29": {"bias": -0.35355339059327373, "objective_cosine_similarity": -0.29621325805657417, "is_tight": 0.0, "dual_solution_value": 0.0, "scaled_age": 0.25}, "30": {"bias": -0.4472135954999579, "objective_cosine_similarity": -0.42251535434633003, "is_tight": 0.0, "dual_solution_value": 0.0, "scaled_age": 0.07142857142857142}, "31": {"bias": -0.3779644730092272, "objective_cosine_similarity": -0.4177286842200663, "is_tight": 0.0, "dual_solution_value": 0.0, "scaled_age": 0.25}, "32": {"bias": -0.4082482904638631, "objective_cosine_similarity": -0.4366437555995725, "is_tight": 0.0, "dual_solution_value": 0.0, "scaled_age": 0.25}, "33": {"bias": -0.35355339059327373, "objective_cosine_similarity": -0.35293494576953516, "is_tight": 0.0, "dual_solution_value": 0.0, "scaled_age": 0.25}, "34": {"bias": -0.5, "objective_cosine_similarity": -0.1960849734417709, "is_tight": 0.0, "dual_solution_value": 0.0, "scaled_age": 0.14285714285714285}, "35": {"bias": -0.5773502691896258, "objective_cosine_similarity": -0.18525225632833156, "is_tight": 0.0, "dual_solution_value": 0.0, "scaled_age": 0.25}, "36": {"bias": -0.3779644730092272, "objective_cosine_similarity": -0.4918418378720135, "is_tight": 0.0, "dual_solution_value": 0.0, "scaled_age": 0.19047619047619047}, "37": {"bias": -0.4082482904638631, "objective_cosine_similarity": -0.3274828166996794, "is_tight": 0.0, "dual_solution_value": 0.0, "scaled_age": 0.25}, "38": {"bias": -0.4082482904638631, "objective_cosine_similarity": -0.4366437555995725, "is_tight": 0.0, "dual_solution_value": 0.0, "scaled_age": 0.25}, "39": {"bias": -0.5, "objective_cosine_similarity": -0.23173678679482015, "is_tight": 0.0, "dual_solution_value": 0.0, "scaled_age": 0.25}, "40": {"bias": -0.3333333333333333, "objective_cosine_similarity": -0.2911564757165689, "is_tight": 0.0, "dual_solution_value": 0.0, "scaled_age": 0.25}, "41": {"bias": -0.4082482904638631, "objective_cosine_similarity": -0.5530820904261252, "is_tight": 0.0, "dual_solution_value": 0.0, "scaled_age": 0.11904761904761904}, "42": {"bias": -0.4472135954999579, "objective_cosine_similarity": -0.3746834274391983, "is_tight": 0.0, "dual_solution_value": 0.0, "scaled_age": 0.25}, "43": {"bias": -0.5, "objective_cosine_similarity": -0.23173678679482015, "is_tight": 0.0, "dual_solution_value": 0.0, "scaled_age": 0.25}, "44": {"bias": -0.35355339059327373, "objective_cosine_similarity": -0.42856386272014985, "is_tight": 0.0, "dual_solution_value": 0.0, "scaled_age": 0.25}, "45": {"bias": -0.4472135954999579, "objective_cosine_similarity": -0.30293553707850074, "is_tight": 0.0, "dual_solution_value": 0.0, "scaled_age": 0.25}, "46": {"bias": -0.3779644730092272, "objective_cosine_similarity": -0.410991124797162, "is_tight": 0.0, "dual_solution_value": 0.0, "scaled_age": 0.25}, "47": {"bias": -0.4472135954999579, "objective_cosine_similarity": -0.35076746398563247, "is_tight": 0.0, "dual_solution_value": 0.0, "scaled_age": 0.25}, "48": {"bias": -0.4082482904638631, "objective_cosine_similarity": -0.4584759433795511, "is_tight": 0.0, "dual_solution_value": 0.0, "scaled_age": 0.25}, "49": {"bias": -0.5, "objective_cosine_similarity": -0.24956269347134477,