{"0": {"bias": -1.2026142323020867, "objective_cosine_similarity": -0.9384950233747797, "is_tight": 0.0, "dual_solution_value": -0.0, "scaled_age": 0.02197802197802198}, "1": {"bias": -1.1580405437685053, "objective_cosine_similarity": -0.9092638960153542, "is_tight": 0.0, "dual_solution_value": -0.0, "scaled_age": 0.03296703296703297}, "2": {"bias": -1.1959655964014673, "objective_cosine_similarity": -0.9550477244283014, "is_tight": 1.0, "dual_solution_value": -3.863941261986943e-09, "scaled_age": 0.0}, "3": {"bias": -1.1276658274356188, "objective_cosine_similarity": -0.8967851683035595, "is_tight": 0.0, "dual_solution_value": -0.0, "scaled_age": 0.10989010989010989}, "4": {"bias": -0.7071067811865476, "objective_cosine_similarity": -0.6327376834730986, "is_tight": 0.0, "dual_solution_value": -0.0, "scaled_age": 0.07692307692307693}, "5": {"bias": -0.6324555320336759, "objective_cosine_similarity": -0.6066978512248273, "is_tight": 1.0, "dual_solution_value": -0.0034513694392168666, "scaled_age": 0.0}, "6": {"bias": -1.1620960759419274, "objective_cosine_similarity": -0.9302441635113868, "is_tight": 1.0, "dual_solution_value": -5.582057170112348e-06, "scaled_age": 0.0}, "7": {"bias": -0.6666666666666666, "objective_cosine_similarity": -0.5230147673843552, "is_tight": 1.0, "dual_solution_value": -0.001889752832468069, "scaled_age": 0.0}, "8": {"bias": -1.1869275020882506, "objective_cosine_similarity": -0.9099076432597438, "is_tight": 0.0, "dual_solution_value": -0.0, "scaled_age": 0.07692307692307693}, "9": {"bias": -1.2026336448045263, "objective_cosine_similarity": -0.9071615564265465, "is_tight": 0.0, "dual_solution_value": -0.0, "scaled_age": 0.03296703296703297}, "10": {"bias": -0.8164965809277261, "objective_cosine_similarity": -0.39465760673974887, "is_tight": 1.0, "dual_solution_value": -0.0016247958063104592, "scaled_age": 0.0}, "11": {"bias": -1.2452593958210985, "objective_cosine_similarity": -0.9575396351508133, "is_tight": 0.0, "dual_solution_value": 0.0, "scaled_age": 0.08791208791208792}, "12": {"bias": -1.2206816062169543, "objective_cosine_similarity": -0.9629143410099448, "is_tight": 0.0, "dual_solution_value": 0.0, "scaled_age": 0.08791208791208792}, "13": {"bias": -1.214233902702214, "objective_cosine_similarity": -0.9586129190481614, "is_tight": 0.0, "dual_solution_value": 0.0, "scaled_age": 0.07692307692307693}, "14": {"bias": -1.2553918773920387, "objective_cosine_similarity": -0.922464950378309, "is_tight": 0.0, "dual_solution_value": 0.0, "scaled_age": 0.04395604395604396}, "15": {"bias": -1.205154924497172, "objective_cosine_similarity": -0.9496256518355735, "is_tight": 0.0, "dual_solution_value": 0.0, "scaled_age": 0.03296703296703297}, "16": {"bias": -1.2075701013097362, "objective_cosine_similarity": -0.9634190728205854, "is_tight": 0.0, "dual_solution_value": 0.0, "scaled_age": 0.06593406593406594}, "17": {"bias": -0.4472135954999579, "objective_cosine_similarity": -0.28600010982158836, "is_tight": 0.0, "dual_solution_value": 0.0, "scaled_age": 0.2087912087912088}, "18": {"bias": -0.4472135954999579, "objective_cosine_similarity": -0.3824420073195658, "is_tight": 0.0, "dual_solution_value": 0.0, "scaled_age": 0.2087912087912088}, "19": {"bias": -0.31622776601683794, "objective_cosine_similarity": -0.43973836503504926, "is_tight": 0.0, "dual_solution_value": 0.0, "scaled_age": 0.2087912087912088}, "20": {"bias": -0.5, "objective_cosine_similarity": -0.39783824722838385, "is_tight": 0.0, "dual_solution_value": 0.0, "scaled_age": 0.2087912087912088}, "21": {"bias": -0.5773502691896258, "objective_cosine_similarity": -0.22325205597802408, "is_tight": 0.0, "dual_solution_value": 0.0, "scaled_age": 0.13186813186813187}, "22": {"bias": -0.4082482904638631, "objective_cosine_similarity": -0.47966078357600245, "is_tight": 0.0, "dual_solution_value": 0.0, "scaled_age": 0.054945054945054944}, "23": {"bias": -0.4082482904638631, "objective_cosine_similarity": -0.30965442990349523, "is_tight": 0.0, "dual_solution_value": 0.0, "scaled_age": 0.2087912087912088}, "24": {"bias": -0.3779644730092272, "objective_cosine_similarity": -0.3035480772581645, "is_tight": 0.0, "dual_solution_value": 0.0, "scaled_age": 0.2087912087912088}, "25": {"bias": -0.5773502691896258, "objective_cosine_similarity": -0.21466543844040778, "is_tight": 0.0, "dual_solution_value": 0.0, "scaled_age": 0.2087912087912088}, "26": {"bias": -0.4082482904638631, "objective_cosine_similarity": -0.2914394634385838, "is_tight": 0.0, "dual_solution_value": 0.0, "scaled_age": 0.2087912087912088}, "27": {"bias": -0.4472135954999579, "objective_cosine_similarity": -0.2760233618045562, "is_tight": 0.0, "dual_solution_value": 0.0, "scaled_age": 0.2087912087912088}, "28": {"bias": -0.7071067811865475, "objective_cosine_similarity": -0.4153984237759677, "is_tight": 1.0, "dual_solution_value": -0.14037695234955003, "scaled_age": 0.0}, "29": {"bias": -0.5, "objective_cosine_similarity": -0.18962383746399605, "is_tight": 0.0, "dual_solution_value": 0.0, "scaled_age": 0.2087912087912088}, "30": {"bias": -0.5773502691896258, "objective_cosine_similarity": -0.21037212967159963, "is_tight": 0.0, "dual_solution_value": 0.0, "scaled_age": 0.14285714285714285}, "31": {"bias": -0.30151134457776363, "objective_cosine_similarity": -0.40806354321541904, "is_tight": 0.0, "dual_solution_value": 0.0, "scaled_age": 0.2087912087912088}, "32": {"bias": -0.4082482904638631, "objective_cosine_similarity": -0.5130548887616735, "is_tight": 1.0, "dual_solution_value": -6.037986091355146e-05, "scaled_age": 0.0}, "33": {"bias": -0.5, "objective_cosine_similarity": -0.5205360244109696, "is_tight": 0.0, "dual_solution_value": 0.0, "scaled_age": 0.13186813186813187}, "34": {"bias": -0.4472135954999579, "objective_cosine_similarity": -0.20618612568533112, "is_tight": 0.0, "dual_solution_value": 0.0, "scaled_age": 0.2087912087912088}, "35": {"bias": -0.5, "objective_cosine_similarity": -0.3866839038481488, "is_tight": 0.0, "dual_solution_value": 0.0, "scaled_age": 0.2087912087912088}, "36": {"bias": -0.5773502691896258, "objective_cosine_similarity": -0.17173235075232623, "is_tight": 0.0, "dual_solution_value": 0.0, "scaled_age": 0.2087912087912088}, "37": {"bias": -0.4472135954999579, "objective_cosine_similarity": -0.2427675350811157, "is_tight": 0.0, "dual_solution_value": 0.0, "scaled_age": 0.2087912087912088}, "38": {"bias": -0.5, "objective_cosine_similarity": -0.30860350018650334, "is_tight": 1.0, "dual_solution_value": -3.794643358356656e-05, "scaled_age": 0.0}, "39": {"bias": -0.4472135954999579, "objective_cosine_similarity": -0.2760233618045562, "is_tight": 0.0, "dual_solution_value": 0.0, "scaled_age": 0.2087912087912088}, "40": {"bias": -0.4472135954999579, "objective_cosine_similarity": -0.3425350152514372, "is_tight": 0.0, "dual_solution_value": 0.0, "scaled_age": 0.2087912087912088}, "41": {"bias": -0.4472135954999579, "objective_cosine_similarity": -0.392418755336598, "is_tight": 0.0, "dual_solution_value": 0.0, "scaled_age": 0.2087912087912088}, "42": {"bias": -0.4472135954999579, "objective_cosine_similarity": -0.5187908968856719, "is_tight": 1.0, "dual_solution_value": -0.019707424527007474, "scaled_age": 0.0}, "43": {"bias": -0.4472135954999579, "objective_cosine_similarity": -0.33255826723440507, "is_tight": 1.0, "dual_solution_value": -0.010715367124583111, "scaled_age": 0.0}, "44": {"bias": -0.5, "objective_cosine_similarity": -0.23795932544501464, "is_tight": 0.0, "dual_solution_value": 0.0, "scaled_age": 0.08791208791208792}, "45": {"bias": -0.4472135954999579, "objective_cosine_similarity": -0.39906992068128605, "is_tight": 0.0, "dual_solution_value": 0.0, "scaled_age": 0.2087912087912088}, "46": {"bias": -0.5, "objective_cosine_similarity": -0.22308686760470123, "is_tight": 0.0, "dual_solution_value": 0.0, "scaled_age": 0.2087912087912088}, "47": {"bias": -0.4082482904638631, "objective_cosine_similarity": -0.24893787502045697, "is_tight": 0.0, "dual_solution_value": 0.0,