{"0": {"bias": -0.9045340337332909, "objective_cosine_similarity": -0.8115942997426876, "is_tight": 0.0, "dual_solution_value": -0.0, "scaled_age": 0.058823529411764705}, "1": {"bias": -1.01418510567422, "objective_cosine_similarity": -0.8500926126468838, "is_tight": 0.0, "dual_solution_value": -0.0, "scaled_age": 0.10784313725490197}, "2": {"bias": -0.8528028654224417, "objective_cosine_similarity": -0.7092946249578, "is_tight": 1.0, "dual_solution_value": -9.52699926344866e-05, "scaled_age": 0.06862745098039216}, "3": {"bias": -0.7745966692414834, "objective_cosine_similarity": -0.6894299239746449, "is_tight": 0.0, "dual_solution_value": -0.0, "scaled_age": 0.0}, "4": {"bias": -0.7559289460184544, "objective_cosine_similarity": -0.574831987891055, "is_tight": 0.0, "dual_solution_value": -0.0, "scaled_age": 0.0196078431372549}, "5": {"bias": -0.6030226891555273, "objective_cosine_similarity": -0.2892037472598341, "is_tight": 1.0, "dual_solution_value": -0.00010529282644073678, "scaled_age": 0.029411764705882353}, "6": {"bias": -1.099192811171822, "objective_cosine_similarity": -0.7465263209541354, "is_tight": 0.0, "dual_solution_value": -0.0, "scaled_age": 0.0784313725490196}, "7": {"bias": -1.0259783520851542, "objective_cosine_similarity": -0.8032369431683293, "is_tight": 1.0, "dual_solution_value": -0.00017492433873178047, "scaled_age": 0.00980392156862745}, "8": {"bias": -1.0834726777719228, "objective_cosine_similarity": -0.8457524799167518, "is_tight": 0.0, "dual_solution_value": -0.0, "scaled_age": 0.13725490196078433}, "9": {"bias": -1.0579249964025073, "objective_cosine_similarity": -0.8522979146895627, "is_tight": 0.0, "dual_solution_value": -0.0, "scaled_age": 0.0784313725490196}, "10": {"bias": -1.164964745021435, "objective_cosine_similarity": -0.903889805397765, "is_tight": 0.0, "dual_solution_value": -0.0, "scaled_age": 0.00980392156862745}, "11": {"bias": -1.1468292773139113, "objective_cosine_similarity": -0.8801930391936025, "is_tight": 0.0, "dual_solution_value": -0.0, "scaled_age": 0.0196078431372549}, "12": {"bias": -1.2197356689220893, "objective_cosine_similarity": -0.9150331899271344, "is_tight": 0.0, "dual_solution_value": -0.0, "scaled_age": 0.12745098039215685}, "13": {"bias": -1.2583057392117916, "objective_cosine_similarity": -0.9053496443797088, "is_tight": 1.0, "dual_solution_value": -0.0001182178921019056, "scaled_age": 0.049019607843137254}, "14": {"bias": -0.8, "objective_cosine_similarity": -0.7189531750130949, "is_tight": 1.0, "dual_solution_value": -0.0023392244928037874, "scaled_age": 0.0}, "15": {"bias": -1.236636205566964, "objective_cosine_similarity": -0.9170866072944134, "is_tight": 0.0, "dual_solution_value": 0.0, "scaled_age": 0.08823529411764706}, "16": {"bias": -1.3264254834358682, "objective_cosine_similarity": -0.9008829684044349, "is_tight": 0.0, "dual_solution_value": 0.0, "scaled_age": 0.12745098039215685}, "17": {"bias": -1.3439691833173233, "objective_cosine_similarity": -0.8490097259772584, "is_tight": 1.0, "dual_solution_value": -0.012626232124307392, "scaled_age": 0.0}, "18": {"bias": -1.2899783039698347, "objective_cosine_similarity": -0.8787352951213782, "is_tight": 0.0, "dual_solution_value": 0.0, "scaled_age": 0.0}, "19": {"bias": -0.4082482904638631, "objective_cosine_similarity": -0.4586115697229102, "is_tight": 0.0, "dual_solution_value": 0.0, "scaled_age": 0.20588235294117646}, "20": {"bias": -0.4082482904638631, "objective_cosine_similarity": -0.3774725996950107, "is_tight": 0.0, "dual_solution_value": 0.0, "scaled_age": 0.0}, "21": {"bias": -0.5773502691896258, "objective_cosine_similarity": -0.264418916872752, "is_tight": 0.0, "dual_solution_value": 0.0, "scaled_age": 0.049019607843137254}, "22": {"bias": -0.4472135954999579, "objective_cosine_similarity": -0.38258458900213876, "is_tight": 0.0, "dual_solution_value": 0.0, "scaled_age": 0.12745098039215685}, "23": {"bias": -0.4472135954999579, "objective_cosine_similarity": -0.36712662581013317, "is_tight": 0.0, "dual_solution_value": 0.0, "scaled_age": 0.20588235294117646}, "24": {"bias": -0.5, "objective_cosine_similarity": -0.19442844276195473, "is_tight": 1.0, "dual_solution_value": -1.938891384607368e-05, "scaled_age": 0.058823529411764705}, "25": {"bias": -0.4082482904638631, "objective_cosine_similarity": -0.45155600711178845, "is_tight": 1.0, "dual_solution_value": -0.0011524840946831887, "scaled_age": 0.0196078431372549}, "26": {"bias": -0.5773502691896258, "objective_cosine_similarity": -0.10975879568302913, "is_tight": 1.0, "dual_solution_value": -0.0009666980110835932, "scaled_age": 0.0}, "27": {"bias": -0.4472135954999579, "objective_cosine_similarity": -0.2782433374561009, "is_tight": 0.0, "dual_solution_value": 0.0, "scaled_age": 0.20588235294117646}, "28": {"bias": -0.4472135954999579, "objective_cosine_similarity": -0.4019070429921458, "is_tight": 1.0, "dual_solution_value": -0.0017366584054412805, "scaled_age": 0.0}, "29": {"bias": -0.4472135954999579, "objective_cosine_similarity": -0.14298615952605187, "is_tight": 0.0, "dual_solution_value": 0.0, "scaled_age": 0.20588235294117646}, "30": {"bias": -0.5773502691896258, "objective_cosine_similarity": -0.06485747017633539, "is_tight": 0.0, "dual_solution_value": 0.0, "scaled_age": 0.20588235294117646}, "31": {"bias": -0.5773502691896258, "objective_cosine_similarity": -0.21452855519864783, "is_tight": 1.0, "dual_solution_value": -0.024863820913521247, "scaled_age": 0.0}, "32": {"bias": -0.3779644730092272, "objective_cosine_similarity": -0.26455335806349695, "is_tight": 0.0, "dual_solution_value": 0.0, "scaled_age": 0.20588235294117646}, "33": {"bias": -0.5773502691896258, "objective_cosine_similarity": -0.17461626585936452, "is_tight": 1.0, "dual_solution_value": -0.006790052753207754, "scaled_age": 0.0}, "34": {"bias": -0.35355339059327373, "objective_cosine_similarity": -0.2749633406650374, "is_tight": 0.0, "dual_solution_value": 0.0, "scaled_age": 0.20588235294117646}, "35": {"bias": -0.4472135954999579, "objective_cosine_similarity": -0.3478041718201262, "is_tight": 1.0, "dual_solution_value": -0.0025165123158425924, "scaled_age": 0.0}, "36": {"bias": -0.5, "objective_cosine_similarity": -0.3067648763577508, "is_tight": 0.0, "dual_solution_value": 0.0, "scaled_age": 0.20588235294117646}, "37": {"bias": -0.4472135954999579, "objective_cosine_similarity": -0.17003759511206168, "is_tight": 0.0, "dual_solution_value": 0.0, "scaled_age": 0.20588235294117646}, "38": {"bias": -0.35355339059327373, "objective_cosine_similarity": -0.342176601716491, "is_tight": 0.0, "dual_solution_value": 0.0, "scaled_age": 0.20588235294117646}, "39": {"bias": -0.35355339059327373, "objective_cosine_similarity": -0.35745234286454863, "is_tight": 0.0, "dual_solution_value": 0.0, "scaled_age": 0.20588235294117646}, "40": {"bias": -0.4082482904638631, "objective_cosine_similarity": -0.24341691008369845, "is_tight": 0.0, "dual_solution_value": 0.0, "scaled_age": 0.20588235294117646}, "41": {"bias": -0.5773502691896258, "objective_cosine_similarity": -0.3592106040535498, "is_tight": 0.0, "dual_solution_value": 0.0, "scaled_age": 0.0392156862745098}, "42": {"bias": -0.5773502691896258, "objective_cosine_similarity": -0.16463819352454367, "is_tight": 0.0, "dual_solution_value": 0.0, "scaled_age": 0.0392156862745098}, "43": {"bias": -0.4472135954999579, "objective_cosine_similarity": -0.2782433374561009, "is_tight": 0.0, "dual_solution_value": 0.0, "scaled_age": 0.12745098039215685}, "44": {"bias": -0.7071067811865475, "objective_cosine_similarity": -0.20163978315436076, "is_tight": 1.0, "dual_solution_value": -0.014170507997022665, "scaled_age": 0.0}, "45": {"bias": -0.4472135954999579, "objective_cosine_similarity": -0.32848171783011915, "is_tight": 0.0, "dual_solution_value": 0.0, "scaled_age": 0.20588235294117646}, "46": {"bias": -0.4082482904638631, "objective_cosine_similarity": -0.20461131572252914, "is_tight": 0.0, "dual_solution_value": 0.0, "scaled_age": 0.20588235294117646},