{"0": {"bias": -0.8944271909999159, "objective_cosine_similarity": -0.5468289550404669, "is_tight": 0.0, "dual_solution_value": -0.0, "scaled_age": 0.07317073170731707}, "1": {"bias": -1.118033988749895, "objective_cosine_similarity": -0.8519072415382275, "is_tight": 1.0, "dual_solution_value": -0.00023288512426264458, "scaled_age": 0.0}, "2": {"bias": -0.8944271909999159, "objective_cosine_similarity": -0.40409051457034506, "is_tight": 1.0, "dual_solution_value": -0.002902405992169579, "scaled_age": 0.0}, "3": {"bias": -0.75, "objective_cosine_similarity": -0.4585300183258727, "is_tight": 1.0, "dual_solution_value": -0.000199389507958319, "scaled_age": 0.0}, "4": {"bias": -1.0, "objective_cosine_similarity": -0.19330187047071104, "is_tight": 0.0, "dual_solution_value": -0.0, "scaled_age": 0.012195121951219513}, "5": {"bias": -1.1470786693528088, "objective_cosine_similarity": -0.7600782204255618, "is_tight": 0.0, "dual_solution_value": -0.0, "scaled_age": 0.12195121951219512}, "6": {"bias": -1.278454223199596, "objective_cosine_similarity": -0.8764995253515713, "is_tight": 1.0, "dual_solution_value": -3.846019706051858e-06, "scaled_age": 0.0}, "7": {"bias": -0.6666666666666666, "objective_cosine_similarity": -0.4540346259893446, "is_tight": 1.0, "dual_solution_value": -0.00018917603325427107, "scaled_age": 0.0}, "8": {"bias": -1.491758179382109, "objective_cosine_similarity": -0.8162542743685058, "is_tight": 0.0, "dual_solution_value": -0.0, "scaled_age": 0.012195121951219513}, "9": {"bias": -1.3745318607467547, "objective_cosine_similarity": -0.8256201629218306, "is_tight": 0.0, "dual_solution_value": -0.0, "scaled_age": 0.14634146341463414}, "10": {"bias": -1.402812512832897, "objective_cosine_similarity": -0.9484254196973514, "is_tight": 1.0, "dual_solution_value": -0.00025336708098965905, "scaled_age": 0.0}, "11": {"bias": -1.366625771588823, "objective_cosine_similarity": -0.8804269266673654, "is_tight": 0.0, "dual_solution_value": 0.0, "scaled_age": 0.0975609756097561}, "12": {"bias": -1.4663606652549155, "objective_cosine_similarity": -0.9303419314773198, "is_tight": 0.0, "dual_solution_value": 0.0, "scaled_age": 0.10975609756097561}, "13": {"bias": -1.374454688267438, "objective_cosine_similarity": -0.8953961004411144, "is_tight": 0.0, "dual_solution_value": 0.0, "scaled_age": 0.14634146341463414}, "14": {"bias": -1.3934750281152273, "objective_cosine_similarity": -0.9502396963713317, "is_tight": 0.0, "dual_solution_value": 0.0, "scaled_age": 0.0975609756097561}, "15": {"bias": -1.4061254654286617, "objective_cosine_similarity": -0.9485004368157326, "is_tight": 0.0, "dual_solution_value": 0.0, "scaled_age": 0.10975609756097561}, "16": {"bias": -1.4649422502559977, "objective_cosine_similarity": -0.9281549509213974, "is_tight": 0.0, "dual_solution_value": 0.0, "scaled_age": 0.14634146341463414}, "17": {"bias": -0.5, "objective_cosine_similarity": -0.44054844897976003, "is_tight": 0.0, "dual_solution_value": 0.0, "scaled_age": 0.25609756097560976}, "18": {"bias": -0.4472135954999579, "objective_cosine_similarity": -0.11057203135009443, "is_tight": 0.0, "dual_solution_value": 0.0, "scaled_age": 0.25609756097560976}, "19": {"bias": -0.7071067811865475, "objective_cosine_similarity": -0.17165100988366755, "is_tight": 0.0, "dual_solution_value": 0.0, "scaled_age": 0.25609756097560976}, "20": {"bias": -0.7071067811865475, "objective_cosine_similarity": -0.1048978393733524, "is_tight": 1.0, "dual_solution_value": -0.006357444810506206, "scaled_age": 0.0}, "21": {"bias": -0.5, "objective_cosine_similarity": -0.21353113598508777, "is_tight": 0.0, "dual_solution_value": 0.0, "scaled_age": 0.15853658536585366}, "22": {"bias": -0.5773502691896258, "objective_cosine_similarity": -0.12457996682916077, "is_tight": 0.0, "dual_solution_value": 0.0, "scaled_age": 0.25609756097560976}, "23": {"bias": -0.5, "objective_cosine_similarity": -0.07192627738445062, "is_tight": 0.0, "dual_solution_value": 0.0, "scaled_age": 0.25609756097560976}, "24": {"bias": -0.7071067811865475, "objective_cosine_similarity": -0.13350634102063033, "is_tight": 0.0, "dual_solution_value": 0.0, "scaled_age": 0.07317073170731707}, "25": {"bias": -0.4472135954999579, "objective_cosine_similarity": -0.29351848322025065, "is_tight": 0.0, "dual_solution_value": 0.0, "scaled_age": 0.25609756097560976}, "26": {"bias": -0.5, "objective_cosine_similarity": -0.33265903290308413, "is_tight": 0.0, "dual_solution_value": 0.0, "scaled_age": 0.25609756097560976}, "27": {"bias": -0.4082482904638631, "objective_cosine_similarity": -0.2789559079255, "is_tight": 0.0, "dual_solution_value": 0.0, "scaled_age": 0.25609756097560976}, "28": {"bias": -0.7071067811865475, "objective_cosine_similarity": -0.2066169563414517, "is_tight": 0.0, "dual_solution_value": 0.0, "scaled_age": 0.25609756097560976}, "29": {"bias": -0.7071067811865475, "objective_cosine_similarity": -0.06357444810506206, "is_tight": 0.0, "dual_solution_value": 0.0, "scaled_age": 0.25609756097560976}, "30": {"bias": -0.5, "objective_cosine_similarity": -0.31917285589349964, "is_tight": 0.0, "dual_solution_value": 0.0, "scaled_age": 0.13414634146341464}, "31": {"bias": -0.4082482904638631, "objective_cosine_similarity": -0.30281397899807566, "is_tight": 0.0, "dual_solution_value": 0.0, "scaled_age": 0.25609756097560976}, "32": {"bias": -0.7071067811865475, "objective_cosine_similarity": -0.06039572569980895, "is_tight": 0.0, "dual_solution_value": 0.0, "scaled_age": 0.13414634146341464}, "33": {"bias": -0.5, "objective_cosine_similarity": -0.5327039918785874, "is_tight": 1.0, "dual_solution_value": -0.04465638815865158, "scaled_age": 0.0}, "34": {"bias": -0.4472135954999579, "objective_cosine_similarity": -0.5428081539004636, "is_tight": 1.0, "dual_solution_value": -0.03457156773624641, "scaled_age": 0.0}, "35": {"bias": -0.4472135954999579, "objective_cosine_similarity": -0.5990993698605116, "is_tight": 1.0, "dual_solution_value": -0.029324824127606897, "scaled_age": 0.0}, "36": {"bias": -0.5, "objective_cosine_similarity": -0.4090807026240629, "is_tight": 0.0, "dual_solution_value": 0.0, "scaled_age": 0.25609756097560976}, "37": {"bias": -0.4082482904638631, "objective_cosine_similarity": -0.3230015775979474, "is_tight": 1.0, "dual_solution_value": -0.0016042761656049381, "scaled_age": 0.0}, "38": {"bias": -0.5, "objective_cosine_similarity": -0.2944481980425947, "is_tight": 0.0, "dual_solution_value": 0.0, "scaled_age": 0.25609756097560976}, "39": {"bias": -0.5, "objective_cosine_similarity": -0.32142055206176373, "is_tight": 0.0, "dual_solution_value": 0.0, "scaled_age": 0.25609756097560976}, "40": {"bias": -0.5, "objective_cosine_similarity": -0.357383690753989, "is_tight": 0.0, "dual_solution_value": 0.0, "scaled_age": 0.25609756097560976}, "41": {"bias": -0.5, "objective_cosine_similarity": -0.41132839879232697, "is_tight": 1.0, "dual_solution_value": -0.014890036527585542, "scaled_age": 0.0}, "42": {"bias": -0.5, "objective_cosine_similarity": -0.3708698677635735, "is_tight": 1.0, "dual_solution_value": -0.03238155354561853, "scaled_age": 0.0}, "43": {"bias": -0.5773502691896258, "objective_cosine_similarity": -0.241373685731499, "is_tight": 1.0, "dual_solution_value": -0.000405779652032484, "scaled_age": 0.0}, "44": {"bias": -0.4472135954999579, "objective_cosine_similarity": -0.2955288837902524, "is_tight": 0.0, "dual_solution_value": 0.0, "scaled_age": 0.25609756097560976}, "45": {"bias": -0.5773502691896258, "objective_cosine_similarity": -0.21541952597542383, "is_tight": 1.0, "dual_solution_value": -0.021530427677928926, "scaled_age": 0.0}, "46": {"bias": -0.5773502691896258, "objective_cosine_similarity": -0.24915993365832154, "is_tight": 1.0, "dual_solution_value": -0.01620657946258965, "scaled_age": 0.0}, "47": {"bias": -0.4082482904638631, "objective_cosine_similarity": -0.2697797267437401, "is_tight": 0.0, "dual_solution_value": 0.0, "scaled_age": 0.25609756097560976}, "48": {"bias": -0.5,