{"0": {"bias": -0.4444444444444444, "objective_cosine_similarity": -0.6743132142968545, "is_tight": 0.0, "dual_solution_value": -0.0, "scaled_age": 0.08955223880597014}, "1": {"bias": -0.5321520841901914, "objective_cosine_similarity": -0.8224660835692118, "is_tight": 1.0, "dual_solution_value": -2.6170472155205892e-05, "scaled_age": 0.0}, "2": {"bias": -0.5345224838248488, "objective_cosine_similarity": -0.6210472694979388, "is_tight": 1.0, "dual_solution_value": -7.678147495173937e-06, "scaled_age": 0.0}, "3": {"bias": -0.508000508000762, "objective_cosine_similarity": -0.5680181798044126, "is_tight": 0.0, "dual_solution_value": -0.0, "scaled_age": 0.014925373134328358}, "4": {"bias": -0.6641370514558608, "objective_cosine_similarity": -0.9056767735942335, "is_tight": 1.0, "dual_solution_value": -0.00046577570223212117, "scaled_age": 0.0}, "5": {"bias": -0.6280310541853533, "objective_cosine_similarity": -0.9026649615809, "is_tight": 0.0, "dual_solution_value": -0.0, "scaled_age": 0.05970149253731343}, "6": {"bias": -0.6151576043835609, "objective_cosine_similarity": -0.9068118604534191, "is_tight": 1.0, "dual_solution_value": -0.0038151950613706715, "scaled_age": 0.0}, "7": {"bias": -0.5975084586020791, "objective_cosine_similarity": -0.8889635541780757, "is_tight": 0.0, "dual_solution_value": -0.0, "scaled_age": 0.13432835820895522}, "8": {"bias": -0.6311744022876467, "objective_cosine_similarity": -0.8852659854197485, "is_tight": 0.0, "dual_solution_value": -0.0, "scaled_age": 0.029850746268656716}, "9": {"bias": -0.6112122335988511, "objective_cosine_similarity": -0.8632522188627806, "is_tight": 1.0, "dual_solution_value": -7.268517754771262e-06, "scaled_age": 0.0}, "10": {"bias": -0.2581988897471611, "objective_cosine_similarity": -0.30743773748790776, "is_tight": 1.0, "dual_solution_value": -0.0009512919192991951, "scaled_age": 0.0}, "11": {"bias": -0.24253562503633297, "objective_cosine_similarity": -0.2674190815702727, "is_tight": 0.0, "dual_solution_value": 0.0, "scaled_age": 0.31343283582089554}, "12": {"bias": -0.2672612419124244, "objective_cosine_similarity": -0.258668698251999, "is_tight": 0.0, "dual_solution_value": 0.0, "scaled_age": 0.31343283582089554}, "13": {"bias": -0.2773500981126146, "objective_cosine_similarity": -0.28747865504607784, "is_tight": 0.0, "dual_solution_value": 0.0, "scaled_age": 0.31343283582089554}, "14": {"bias": -0.25, "objective_cosine_similarity": -0.38642725138264983, "is_tight": 1.0, "dual_solution_value": -0.004905981952488536, "scaled_age": 0.0}, "15": {"bias": -0.2773500981126146, "objective_cosine_similarity": -0.3090395541745337, "is_tight": 0.0, "dual_solution_value": 0.0, "scaled_age": 0.1791044776119403}, "16": {"bias": -0.2182178902359924, "objective_cosine_similarity": -0.3463488379542624, "is_tight": 0.0, "dual_solution_value": 0.0, "scaled_age": 0.31343283582089554}, "17": {"bias": -0.2672612419124244, "objective_cosine_similarity": -0.23996975620968583, "is_tight": 0.0, "dual_solution_value": 0.0, "scaled_age": 0.31343283582089554}, "18": {"bias": -0.2581988897471611, "objective_cosine_similarity": -0.311452158434431, "is_tight": 1.0, "dual_solution_value": -0.0028456160552633183, "scaled_age": 0.0}, "19": {"bias": -0.3333333333333333, "objective_cosine_similarity": -0.23235301619878806, "is_tight": 0.0, "dual_solution_value": 0.0, "scaled_age": 0.029850746268656716}, "20": {"bias": -0.21320071635561041, "objective_cosine_similarity": -0.34225299675669035, "is_tight": 0.0, "dual_solution_value": 0.0, "scaled_age": 0.31343283582089554}, "21": {"bias": -0.2581988897471611, "objective_cosine_similarity": -0.2458832829745508, "is_tight": 0.0, "dual_solution_value": 0.0, "scaled_age": 0.31343283582089554}, "22": {"bias": -0.2672612419124244, "objective_cosine_similarity": -0.2718272130225157, "is_tight": 0.0, "dual_solution_value": 0.0, "scaled_age": 0.31343283582089554}, "23": {"bias": -0.2886751345948129, "objective_cosine_similarity": -0.20758198168051795, "is_tight": 0.0, "dual_solution_value": 0.0, "scaled_age": 0.31343283582089554}, "24": {"bias": -0.2773500981126146, "objective_cosine_similarity": -0.28783800336488546, "is_tight": 1.0, "dual_solution_value": -0.00028776392421361397, "scaled_age": 0.0}, "25": {"bias": -0.24253562503633297, "objective_cosine_similarity": -0.2740181423375767, "is_tight": 0.0, "dual_solution_value": 0.0, "scaled_age": 0.31343283582089554}, "26": {"bias": -0.22941573387056174, "objective_cosine_similarity": -0.2737600826082663, "is_tight": 0.0, "dual_solution_value": 0.0, "scaled_age": 0.31343283582089554}, "27": {"bias": -0.23570226039551587, "objective_cosine_similarity": -0.32523752593536426, "is_tight": 1.0, "dual_solution_value": -0.002239971424452629, "scaled_age": 0.0}, "28": {"bias": -0.25, "objective_cosine_similarity": -0.285042733626766, "is_tight": 0.0, "dual_solution_value": 0.0, "scaled_age": 0.31343283582089554}, "29": {"bias": -0.24253562503633297, "objective_cosine_similarity": -0.3167549168305933, "is_tight": 0.0, "dual_solution_value": 0.0, "scaled_age": 0.1791044776119403}, "30": {"bias": -0.23570226039551587, "objective_cosine_similarity": -0.35363854932690314, "is_tight": 0.0, "dual_solution_value": 0.0, "scaled_age": 0.029850746268656716}, "31": {"bias": -0.3333333333333333, "objective_cosine_similarity": -0.19434731838188593, "is_tight": 0.0, "dual_solution_value": 0.0, "scaled_age": 0.31343283582089554}, "32": {"bias": -0.23570226039551587, "objective_cosine_similarity": -0.2769863249045778, "is_tight": 0.0, "dual_solution_value": 0.0, "scaled_age": 0.31343283582089554}, "33": {"bias": -0.2581988897471611, "objective_cosine_similarity": -0.2432070023435353, "is_tight": 0.0, "dual_solution_value": 0.0, "scaled_age": 0.31343283582089554}, "34": {"bias": -0.2773500981126146, "objective_cosine_similarity": -0.23465445218136105, "is_tight": 0.0, "dual_solution_value": 0.0, "scaled_age": 0.19402985074626866}, "35": {"bias": -0.2581988897471611, "objective_cosine_similarity": -0.2629445719972747, "is_tight": 0.0, "dual_solution_value": 0.0, "scaled_age": 0.31343283582089554}, "36": {"bias": -0.2773500981126146, "objective_cosine_similarity": -0.2961030146974602, "is_tight": 0.0, "dual_solution_value": 0.0, "scaled_age": 0.14925373134328357}, "37": {"bias": -0.2, "objective_cosine_similarity": -0.3368686851952689, "is_tight": 0.0, "dual_solution_value": 0.0, "scaled_age": 0.31343283582089554}, "38": {"bias": -0.2182178902359924, "objective_cosine_similarity": -0.323164670842222, "is_tight": 0.0, "dual_solution_value": 0.0, "scaled_age": 0.14925373134328357}, "39": {"bias": -0.31622776601683794, "objective_cosine_similarity": -0.22903354828470807, "is_tight": 1.0, "dual_solution_value": -0.0036369772723642596, "scaled_age": 0.0}, "40": {"bias": -0.25, "objective_cosine_similarity": -0.3277991436707809, "is_tight": 1.0, "dual_solution_value": -2.4728095367774493e-05, "scaled_age": 0.0}, "41": {"bias": -0.2773500981126146, "objective_cosine_similarity": -0.2806510369887335, "is_tight": 1.0, "dual_solution_value": -0.005030876463306362, "scaled_age": 0.0}, "42": {"bias": -0.2672612419124244, "objective_cosine_similarity": -0.27459742665841397, "is_tight": 0.0, "dual_solution_value": 0.0, "scaled_age": 0.31343283582089554}, "43": {"bias": -0.4472135954999579, "objective_cosine_similarity": -0.22829611089039517, "is_tight": 1.0, "dual_solution_value": -0.027020639670686318, "scaled_age": 0.0}, "44": {"bias": -0.24253562503633297, "objective_cosine_similarity": -0.2517070321243107, "is_tight": 0.0, "dual_solution_value": 0.0, "scaled_age": 0.31343283582089554}, "45": {"bias": -0.3779644730092272, "objective_cosine_similarity": -0.1581760754177868, "is_tight": 0.0, "dual_solution_value": 0.0, "scaled_age": 0.208955223880597}, "46": {"bias": -0.2886751345948129, "objective_cosine_similarity": -0.3164222639670598, "is_tight": 0.0, "dual_solution_value": 0.0, "scaled_age": 0.029850746268656716}, "47": {"bias": -0.25,