{"0": {"bias": -1.2824468997823737, "objective_cosine_similarity": -0.84775697618766, "is_tight": 0.0, "dual_solution_value": -0.0, "scaled_age": 0.01904761904761905}, "1": {"bias": -1.1861605052378226, "objective_cosine_similarity": -0.8194353979629617, "is_tight": 0.0, "dual_solution_value": -0.0, "scaled_age": 0.08571428571428572}, "2": {"bias": -1.270001270001905, "objective_cosine_similarity": -0.7944459258152697, "is_tight": 0.0, "dual_solution_value": -0.0, "scaled_age": 0.08571428571428572}, "3": {"bias": -0.8528028654224417, "objective_cosine_similarity": -0.6222738992841675, "is_tight": 0.0, "dual_solution_value": -0.0, "scaled_age": 0.08571428571428572}, "4": {"bias": -0.8944271909999159, "objective_cosine_similarity": -0.5758644454893322, "is_tight": 1.0, "dual_solution_value": -3.2151830602116537e-06, "scaled_age": 0.0}, "5": {"bias": -0.6666666666666666, "objective_cosine_similarity": -0.4055855912813859, "is_tight": 0.0, "dual_solution_value": -0.0, "scaled_age": 0.009523809523809525}, "6": {"bias": -0.6882472016116852, "objective_cosine_similarity": -0.5274606726977781, "is_tight": 0.0, "dual_solution_value": -0.0, "scaled_age": 0.047619047619047616}, "7": {"bias": -1.2865090909203734, "objective_cosine_similarity": -0.8021588655531499, "is_tight": 1.0, "dual_solution_value": -1.9977717083495698e-08, "scaled_age": 0.0}, "8": {"bias": -1.3227767884704724, "objective_cosine_similarity": -0.8090126759128891, "is_tight": 1.0, "dual_solution_value": -9.658192847648283e-10, "scaled_age": 0.0}, "9": {"bias": -1.1666666666666667, "objective_cosine_similarity": -0.7589178241768264, "is_tight": 0.0, "dual_solution_value": -0.0, "scaled_age": 0.047619047619047616}, "10": {"bias": -1.3981779227551454, "objective_cosine_similarity": -0.8986620282412608, "is_tight": 0.0, "dual_solution_value": 0.0, "scaled_age": 0.10476190476190476}, "11": {"bias": -1.4105158009930614, "objective_cosine_similarity": -0.8970589217144306, "is_tight": 1.0, "dual_solution_value": -0.004541753584150523, "scaled_age": 0.0}, "12": {"bias": -1.4445598491071407, "objective_cosine_similarity": -0.8917655060337912, "is_tight": 1.0, "dual_solution_value": -0.003402897495232146, "scaled_age": 0.0}, "13": {"bias": -1.3992122958257092, "objective_cosine_similarity": -0.9080368105665487, "is_tight": 1.0, "dual_solution_value": -0.0002475128375640666, "scaled_age": 0.0}, "14": {"bias": -1.3917111390220747, "objective_cosine_similarity": -0.8935918639177192, "is_tight": 1.0, "dual_solution_value": -0.0021685722936413605, "scaled_age": 0.0}, "15": {"bias": -1.4155274937090578, "objective_cosine_similarity": -0.8934668514786838, "is_tight": 1.0, "dual_solution_value": -0.0017864672707714863, "scaled_age": 0.0}, "16": {"bias": -0.4082482904638631, "objective_cosine_similarity": -0.20722848682570413, "is_tight": 0.0, "dual_solution_value": 0.0, "scaled_age": 0.2}, "17": {"bias": -0.5773502691896258, "objective_cosine_similarity": -0.28013598349459895, "is_tight": 1.0, "dual_solution_value": -0.013318080743264777, "scaled_age": 0.0}, "18": {"bias": -0.35355339059327373, "objective_cosine_similarity": -0.3140639844630201, "is_tight": 0.0, "dual_solution_value": 0.0, "scaled_age": 0.2}, "19": {"bias": -0.35355339059327373, "objective_cosine_similarity": -0.20057867915285316, "is_tight": 0.0, "dual_solution_value": 0.0, "scaled_age": 0.2}, "20": {"bias": -0.3779644730092272, "objective_cosine_similarity": -0.35549843517551055, "is_tight": 0.0, "dual_solution_value": 0.0, "scaled_age": 0.2}, "21": {"bias": -0.5, "objective_cosine_similarity": -0.30232300209011276, "is_tight": 1.0, "dual_solution_value": -5.274071152593656e-06, "scaled_age": 0.0}, "22": {"bias": -0.4472135954999579, "objective_cosine_similarity": -0.2570525350879918, "is_tight": 0.0, "dual_solution_value": 0.0, "scaled_age": 0.2}, "23": {"bias": -0.3779644730092272, "objective_cosine_similarity": -0.38653401284956307, "is_tight": 0.0, "dual_solution_value": 0.0, "scaled_age": 0.2}, "24": {"bias": -0.5, "objective_cosine_similarity": -0.2687315574134336, "is_tight": 0.0, "dual_solution_value": 0.0, "scaled_age": 0.2}, "25": {"bias": -0.4082482904638631, "objective_cosine_similarity": -0.3809347184296032, "is_tight": 0.0, "dual_solution_value": 0.0, "scaled_age": 0.2}, "26": {"bias": -0.4082482904638631, "objective_cosine_similarity": -0.35655489645010857, "is_tight": 0.0, "dual_solution_value": 0.0, "scaled_age": 0.2}, "27": {"bias": -0.5, "objective_cosine_similarity": -0.26126679192972707, "is_tight": 1.0, "dual_solution_value": -9.373056013406649e-05, "scaled_age": 0.0}, "28": {"bias": -0.5, "objective_cosine_similarity": -0.2799287056389933, "is_tight": 0.0, "dual_solution_value": 0.0, "scaled_age": 0.009523809523809525}, "29": {"bias": -0.4082482904638631, "objective_cosine_similarity": -0.3230326412283035, "is_tight": 1.0, "dual_solution_value": -0.0035584515749517483, "scaled_age": 0.0}, "30": {"bias": -0.4472135954999579, "objective_cosine_similarity": -0.39058631954928624, "is_tight": 1.0, "dual_solution_value": -0.027359032542999626, "scaled_age": 0.0}, "31": {"bias": -0.5, "objective_cosine_similarity": -0.19781628531822193, "is_tight": 0.0, "dual_solution_value": 0.0, "scaled_age": 0.2}, "32": {"bias": -0.3779644730092272, "objective_cosine_similarity": -0.5022120750892134, "is_tight": 1.0, "dual_solution_value": -0.028051488990029468, "scaled_age": 0.0}, "33": {"bias": -0.3333333333333333, "objective_cosine_similarity": -0.36577350870161796, "is_tight": 0.0, "dual_solution_value": 0.0, "scaled_age": 0.2}, "34": {"bias": -0.4472135954999579, "objective_cosine_similarity": -0.2971126704263801, "is_tight": 1.0, "dual_solution_value": -0.0007956509065273628, "scaled_age": 0.0}, "35": {"bias": -0.4472135954999579, "objective_cosine_similarity": -0.22700743358420056, "is_tight": 0.0, "dual_solution_value": 0.0, "scaled_age": 0.2}, "36": {"bias": -0.3779644730092272, "objective_cosine_similarity": -0.28214161521865916, "is_tight": 0.0, "dual_solution_value": 0.0, "scaled_age": 0.2}, "37": {"bias": -0.4082482904638631, "objective_cosine_similarity": -0.34436498546036126, "is_tight": 0.0, "dual_solution_value": 0.0, "scaled_age": 0.2}, "38": {"bias": -0.4472135954999579, "objective_cosine_similarity": -0.23368412280726528, "is_tight": 0.0, "dual_solution_value": 0.0, "scaled_age": 0.2}, "39": {"bias": -0.5773502691896258, "objective_cosine_similarity": -0.3921903768924385, "is_tight": 1.0, "dual_solution_value": -0.026286643338416644, "scaled_age": 0.0}, "40": {"bias": -0.4472135954999579, "objective_cosine_similarity": -0.43064645488767456, "is_tight": 1.0, "dual_solution_value": -0.02741175932853849, "scaled_age": 0.0}, "41": {"bias": -0.4472135954999579, "objective_cosine_similarity": -0.17693226441121515, "is_tight": 0.0, "dual_solution_value": 0.0, "scaled_age": 0.2}, "42": {"bias": -0.5, "objective_cosine_similarity": -0.39563257063644386, "is_tight": 1.0, "dual_solution_value": -0.010067513055297655, "scaled_age": 0.0}, "43": {"bias": -0.5, "objective_cosine_similarity": -0.4254916325712698, "is_tight": 1.0, "dual_solution_value": -0.04666332872803237, "scaled_age": 0.0}, "44": {"bias": -0.35355339059327373, "objective_cosine_similarity": -0.31142479131627204, "is_tight": 0.0, "dual_solution_value": 0.0, "scaled_age": 0.2}, "45": {"bias": -0.4082482904638631, "objective_cosine_similarity": -0.28646290825906157, "is_tight": 1.0, "dual_solution_value": -0.003518330520683142, "scaled_age": 0.0}, "46": {"bias": -0.4472135954999579, "objective_cosine_similarity": -0.18694729824581222, "is_tight": 0.0, "dual_solution_value": 0.0, "scaled_age": 0.2}, "47": {"bias": -0.3779644730092272, "objective_cosine_similarity": -0.33574852211020445, "is_tight": 0.0, "dual_solution_value": 0.0, "scaled_age": 0.2}, "48": {"bias": -0.31622776601683794, "objective_cosine_similarity": -0.479194920888677, "is_tight": 0.0, "dual_solution_value": 0.0, "scaled_age": 0.2}, "49": {"bias": -0.4472135954999579,