{"0": {"bias": -0.9486832980505138, "objective_cosine_similarity": -0.5724387916736303, "is_tight": 0.0, "dual_solution_value": -0.0, "scaled_age": 0.10989010989010989}, "1": {"bias": -1.2493900951088486, "objective_cosine_similarity": -0.8226529729209847, "is_tight": 0.0, "dual_solution_value": -0.0, "scaled_age": 0.0989010989010989}, "2": {"bias": -1.1925695879998879, "objective_cosine_similarity": -0.8338615347296305, "is_tight": 1.0, "dual_solution_value": -0.0, "scaled_age": 0.08791208791208792}, "3": {"bias": -0.9045340337332909, "objective_cosine_similarity": -0.6048042668174073, "is_tight": 0.0, "dual_solution_value": -0.0, "scaled_age": 0.07692307692307693}, "4": {"bias": -1.25, "objective_cosine_similarity": -0.7338690821851225, "is_tight": 1.0, "dual_solution_value": 0.0, "scaled_age": 0.06593406593406594}, "5": {"bias": -1.044465935734187, "objective_cosine_similarity": -0.772179044724435, "is_tight": 0.0, "dual_solution_value": -0.0, "scaled_age": 0.0989010989010989}, "6": {"bias": -0.8320502943378437, "objective_cosine_similarity": -0.6196621485907237, "is_tight": 0.0, "dual_solution_value": -0.0, "scaled_age": 0.13186813186813187}, "7": {"bias": -1.4885581853339225, "objective_cosine_similarity": -0.9656336910408796, "is_tight": 0.0, "dual_solution_value": -0.0, "scaled_age": 0.14285714285714285}, "8": {"bias": -1.4393347726688257, "objective_cosine_similarity": -0.961701059467853, "is_tight": 0.0, "dual_solution_value": -0.0, "scaled_age": 0.07692307692307693}, "9": {"bias": -1.4191497503737982, "objective_cosine_similarity": -0.9633598654308102, "is_tight": 0.0, "dual_solution_value": -0.0, "scaled_age": 0.13186813186813187}, "10": {"bias": -0.7559289460184544, "objective_cosine_similarity": -0.5116054354485956, "is_tight": 1.0, "dual_solution_value": 0.0, "scaled_age": 0.10989010989010989}, "11": {"bias": -1.2792042981336627, "objective_cosine_similarity": -0.7649224686062787, "is_tight": 0.0, "dual_solution_value": -0.0, "scaled_age": 0.06593406593406594}, "12": {"bias": -1.468068077643886, "objective_cosine_similarity": -0.9507315713703074, "is_tight": 0.0, "dual_solution_value": -0.0, "scaled_age": 0.14285714285714285}, "13": {"bias": -1.532838378934635, "objective_cosine_similarity": -0.9116858437357813, "is_tight": 0.0, "dual_solution_value": -0.0, "scaled_age": 0.06593406593406594}, "14": {"bias": -1.446884020292618, "objective_cosine_similarity": -0.925339926268765, "is_tight": 0.0, "dual_solution_value": 0.0, "scaled_age": 0.12087912087912088}, "15": {"bias": -1.5204327672371392, "objective_cosine_similarity": -0.9483922346530113, "is_tight": 0.0, "dual_solution_value": 0.0, "scaled_age": 0.06593406593406594}, "16": {"bias": -1.564044660363843, "objective_cosine_similarity": -0.9533940564959845, "is_tight": 0.0, "dual_solution_value": 0.0, "scaled_age": 0.06593406593406594}, "17": {"bias": -0.4082482904638631, "objective_cosine_similarity": -0.47270348164603543, "is_tight": 0.0, "dual_solution_value": 0.0, "scaled_age": 0.24175824175824176}, "18": {"bias": -0.5, "objective_cosine_similarity": -0.1712361191765286, "is_tight": 0.0, "dual_solution_value": 0.0, "scaled_age": 0.24175824175824176}, "19": {"bias": -0.4472135954999579, "objective_cosine_similarity": -0.3354894804451575, "is_tight": 0.0, "dual_solution_value": 0.0, "scaled_age": 0.24175824175824176}, "20": {"bias": -0.5773502691896258, "objective_cosine_similarity": -0.34837515443405315, "is_tight": 1.0, "dual_solution_value": 0.0, "scaled_age": 0.06593406593406594}, "21": {"bias": -0.5, "objective_cosine_similarity": -0.3261640365267211, "is_tight": 0.0, "dual_solution_value": 0.0, "scaled_age": 0.24175824175824176}, "22": {"bias": -0.35355339059327373, "objective_cosine_similarity": -0.4612656040144425, "is_tight": 0.0, "dual_solution_value": 0.0, "scaled_age": 0.24175824175824176}, "23": {"bias": -0.5, "objective_cosine_similarity": -0.21200662374236873, "is_tight": 0.0, "dual_solution_value": 0.0, "scaled_age": 0.24175824175824176}, "24": {"bias": -0.5, "objective_cosine_similarity": -0.2772394310477129, "is_tight": 0.0, "dual_solution_value": 0.0, "scaled_age": 0.24175824175824176}, "25": {"bias": -0.5773502691896258, "objective_cosine_similarity": -0.26363525200414833, "is_tight": 0.0, "dual_solution_value": 0.0, "scaled_age": 0.24175824175824176}, "26": {"bias": -0.4082482904638631, "objective_cosine_similarity": -0.44607229958147004, "is_tight": 0.0, "dual_solution_value": 0.0, "scaled_age": 0.24175824175824176}, "27": {"bias": -0.5, "objective_cosine_similarity": -0.31800993561355306, "is_tight": 0.0, "dual_solution_value": 0.0, "scaled_age": 0.24175824175824176}, "28": {"bias": -0.5, "objective_cosine_similarity": -0.2690853301345449, "is_tight": 0.0, "dual_solution_value": 0.0, "scaled_age": 0.24175824175824176}, "29": {"bias": -0.5773502691896258, "objective_cosine_similarity": -0.27305079671858223, "is_tight": 1.0, "dual_solution_value": 0.0, "scaled_age": 0.07692307692307693}, "30": {"bias": -0.4472135954999579, "objective_cosine_similarity": -0.24797048554642073, "is_tight": 0.0, "dual_solution_value": 0.0, "scaled_age": 0.24175824175824176}, "31": {"bias": -0.4472135954999579, "objective_cosine_similarity": -0.4886477215179468, "is_tight": 0.0, "dual_solution_value": 0.0, "scaled_age": 0.24175824175824176}, "32": {"bias": -0.4472135954999579, "objective_cosine_similarity": -0.20421098809705238, "is_tight": 0.0, "dual_solution_value": 0.0, "scaled_age": 0.24175824175824176}, "33": {"bias": -0.4472135954999579, "objective_cosine_similarity": -0.3938354770443153, "is_tight": 0.0, "dual_solution_value": 0.0, "scaled_age": 0.24175824175824176}, "34": {"bias": -0.4082482904638631, "objective_cosine_similarity": -0.3595209578716326, "is_tight": 0.0, "dual_solution_value": 0.0, "scaled_age": 0.24175824175824176}, "35": {"bias": -0.5773502691896258, "objective_cosine_similarity": -0.35779069914848705, "is_tight": 0.0, "dual_solution_value": 0.0, "scaled_age": 0.17582417582417584}, "36": {"bias": -0.7071067811865475, "objective_cosine_similarity": -0.19603788170613806, "is_tight": 1.0, "dual_solution_value": 0.0, "scaled_age": 0.06593406593406594}, "37": {"bias": -0.5, "objective_cosine_similarity": -0.39955094474523334, "is_tight": 0.0, "dual_solution_value": 0.0, "scaled_age": 0.24175824175824176}, "38": {"bias": -0.5773502691896258, "objective_cosine_similarity": -0.31071297557631766, "is_tight": 0.0, "dual_solution_value": 0.0, "scaled_age": 0.13186813186813187}, "39": {"bias": -0.4082482904638631, "objective_cosine_similarity": -0.426098913033046, "is_tight": 0.0, "dual_solution_value": 0.0, "scaled_age": 0.24175824175824176}, "40": {"bias": -0.4082482904638631, "objective_cosine_similarity": -0.43941450406532867, "is_tight": 0.0, "dual_solution_value": 0.0, "scaled_age": 0.24175824175824176}, "41": {"bias": -0.4472135954999579, "objective_cosine_similarity": -0.44488822406857836, "is_tight": 0.0, "dual_solution_value": 0.0, "scaled_age": 0.24175824175824176}, "42": {"bias": -0.5773502691896258, "objective_cosine_similarity": -0.2824663414330161, "is_tight": 1.0, "dual_solution_value": 0.0, "scaled_age": 0.06593406593406594}, "43": {"bias": -0.4472135954999579, "objective_cosine_similarity": -0.3865422274694206, "is_tight": 0.0, "dual_solution_value": 0.0, "scaled_age": 0.24175824175824176}, "44": {"bias": -0.5773502691896258, "objective_cosine_similarity": -0.574348227580466, "is_tight": 1.0, "dual_solution_value": -0.03766217885773548, "scaled_age": 0.0}, "45": {"bias": -0.5773502691896258, "objective_cosine_similarity": -0.20714198371754514, "is_tight": 1.0, "dual_solution_value": 0.0, "scaled_age": 0.06593406593406594}, "46": {"bias": -0.5773502691896258, "objective_cosine_similarity": -0.1883108942886774, "is_tight": 0.0, "dual_solution_value": 0.0, "scaled_age": 0.16483516483516483}, "47": {"bias": -0.5, "objective_cosine_similarity": -0.5300165593559218, "is_tight": 1.0, "dual_solution_value": -0.06523280730534423, "scaled_age": 0.0},