{"0": {"bias": -0.8391813582966892, "objective_cosine_similarity": -0.881101166840323, "is_tight": 0.0, "dual_solution_value": -0.0, "scaled_age": 0.08247422680412371}, "1": {"bias": -0.8703882797784892, "objective_cosine_similarity": -0.8970730943629968, "is_tight": 1.0, "dual_solution_value": -5.551572595614314e-05, "scaled_age": 0.0}, "2": {"bias": -0.8728715609439696, "objective_cosine_similarity": -0.787704751662448, "is_tight": 1.0, "dual_solution_value": -3.5500804224670654e-06, "scaled_age": 0.0}, "3": {"bias": -0.7624928516630234, "objective_cosine_similarity": -0.70495336598553, "is_tight": 0.0, "dual_solution_value": -0.0, "scaled_age": 0.05154639175257732}, "4": {"bias": -0.872045742865513, "objective_cosine_similarity": -0.9184115432006285, "is_tight": 0.0, "dual_solution_value": -0.0, "scaled_age": 0.010309278350515464}, "5": {"bias": -0.6882472016116852, "objective_cosine_similarity": -0.606800414956301, "is_tight": 1.0, "dual_solution_value": -1.6016442923072555e-05, "scaled_age": 0.0}, "6": {"bias": -0.5345224838248488, "objective_cosine_similarity": -0.6854147353483933, "is_tight": 0.0, "dual_solution_value": -0.0, "scaled_age": 0.07216494845360824}, "7": {"bias": -0.7559289460184544, "objective_cosine_similarity": -0.7383869716080106, "is_tight": 0.0, "dual_solution_value": -0.0, "scaled_age": 0.07216494845360824}, "8": {"bias": -0.8700628401410971, "objective_cosine_similarity": -0.8914526917847976, "is_tight": 0.0, "dual_solution_value": -0.0, "scaled_age": 0.08247422680412371}, "9": {"bias": -0.7276068751089989, "objective_cosine_similarity": -0.8949834336077204, "is_tight": 0.0, "dual_solution_value": -0.0, "scaled_age": 0.030927835051546393}, "10": {"bias": -0.9163795899053138, "objective_cosine_similarity": -0.9512182470729437, "is_tight": 0.0, "dual_solution_value": -0.0, "scaled_age": 0.10309278350515463}, "11": {"bias": -0.5, "objective_cosine_similarity": -0.19294699241529945, "is_tight": 0.0, "dual_solution_value": 0.0, "scaled_age": 0.21649484536082475}, "12": {"bias": -0.30151134457776363, "objective_cosine_similarity": -0.3732941206569735, "is_tight": 0.0, "dual_solution_value": 0.0, "scaled_age": 0.21649484536082475}, "13": {"bias": -0.4472135954999579, "objective_cosine_similarity": -0.3631308475047444, "is_tight": 0.0, "dual_solution_value": 0.0, "scaled_age": 0.21649484536082475}, "14": {"bias": -0.35355339059327373, "objective_cosine_similarity": -0.3439276945065691, "is_tight": 0.0, "dual_solution_value": 0.0, "scaled_age": 0.21649484536082475}, "15": {"bias": -0.30151134457776363, "objective_cosine_similarity": -0.5623651687819341, "is_tight": 0.0, "dual_solution_value": 0.0, "scaled_age": 0.21649484536082475}, "16": {"bias": -0.35355339059327373, "objective_cosine_similarity": -0.4064600025986726, "is_tight": 0.0, "dual_solution_value": 0.0, "scaled_age": 0.21649484536082475}, "17": {"bias": -0.3779644730092272, "objective_cosine_similarity": -0.4436399088673644, "is_tight": 0.0, "dual_solution_value": 0.0, "scaled_age": 0.07216494845360824}, "18": {"bias": -0.35355339059327373, "objective_cosine_similarity": -0.30697678517941707, "is_tight": 0.0, "dual_solution_value": 0.0, "scaled_age": 0.21649484536082475}, "19": {"bias": -0.35355339059327373, "objective_cosine_similarity": -0.4519380448474751, "is_tight": 0.0, "dual_solution_value": 0.0, "scaled_age": 0.041237113402061855}, "20": {"bias": -0.4082482904638631, "objective_cosine_similarity": -0.43651863391211515, "is_tight": 0.0, "dual_solution_value": 0.0, "scaled_age": 0.1958762886597938}, "21": {"bias": -0.3779644730092272, "objective_cosine_similarity": -0.38286731861156104, "is_tight": 1.0, "dual_solution_value": -6.94125229827905e-05, "scaled_age": 0.0}, "22": {"bias": -0.4472135954999579, "objective_cosine_similarity": -0.33796336302421753, "is_tight": 0.0, "dual_solution_value": 0.0, "scaled_age": 0.21649484536082475}, "23": {"bias": -0.3333333333333333, "objective_cosine_similarity": -0.33229759804857123, "is_tight": 0.0, "dual_solution_value": 0.0, "scaled_age": 0.21649484536082475}, "24": {"bias": -0.4082482904638631, "objective_cosine_similarity": -0.16410474959102073, "is_tight": 0.0, "dual_solution_value": 0.0, "scaled_age": 0.21649484536082475}, "25": {"bias": -0.3779644730092272, "objective_cosine_similarity": -0.20966543638252153, "is_tight": 0.0, "dual_solution_value": 0.0, "scaled_age": 0.21649484536082475}, "26": {"bias": -0.35355339059327373, "objective_cosine_similarity": -0.42635664608252366, "is_tight": 0.0, "dual_solution_value": 0.0, "scaled_age": 0.21649484536082475}, "27": {"bias": -0.4472135954999579, "objective_cosine_similarity": -0.31279587854369073, "is_tight": 0.0, "dual_solution_value": 0.0, "scaled_age": 0.030927835051546393}, "28": {"bias": -0.3779644730092272, "objective_cosine_similarity": -0.22789721345926253, "is_tight": 0.0, "dual_solution_value": 0.0, "scaled_age": 0.18556701030927836}, "29": {"bias": -0.35355339059327373, "objective_cosine_similarity": -0.5798450386722322, "is_tight": 0.0, "dual_solution_value": 0.0, "scaled_age": 0.16494845360824742}, "30": {"bias": -0.4082482904638631, "objective_cosine_similarity": -0.4233902539448335, "is_tight": 0.0, "dual_solution_value": 0.0, "scaled_age": 0.041237113402061855}, "31": {"bias": -0.31622776601683794, "objective_cosine_similarity": -0.4143948753541141, "is_tight": 0.0, "dual_solution_value": 0.0, "scaled_age": 0.21649484536082475}, "32": {"bias": -0.4082482904638631, "objective_cosine_similarity": -0.43980072890393557, "is_tight": 0.0, "dual_solution_value": 0.0, "scaled_age": 0.14432989690721648}, "33": {"bias": -0.2773500981126146, "objective_cosine_similarity": -0.5841930511063461, "is_tight": 0.0, "dual_solution_value": 0.0, "scaled_age": 0.21649484536082475}, "34": {"bias": -0.5, "objective_cosine_similarity": -0.28942048862294917, "is_tight": 0.0, "dual_solution_value": 0.0, "scaled_age": 0.020618556701030927}, "35": {"bias": -0.5, "objective_cosine_similarity": -0.22912455349316807, "is_tight": 0.0, "dual_solution_value": 0.0, "scaled_age": 0.05154639175257732}, "36": {"bias": -0.3779644730092272, "objective_cosine_similarity": -0.33728787591970855, "is_tight": 0.0, "dual_solution_value": 0.0, "scaled_age": 0.21649484536082475}, "37": {"bias": -0.4472135954999579, "objective_cosine_similarity": -0.6471638866421188, "is_tight": 1.0, "dual_solution_value": -0.04640864292706069, "scaled_age": 0.0}, "38": {"bias": -0.31622776601683794, "objective_cosine_similarity": -0.4881215709692633, "is_tight": 0.0, "dual_solution_value": 0.0, "scaled_age": 0.21649484536082475}, "39": {"bias": -0.4472135954999579, "objective_cosine_similarity": -0.3415587179500071, "is_tight": 0.0, "dual_solution_value": 0.0, "scaled_age": 0.010309278350515464}, "40": {"bias": -0.3779644730092272, "objective_cosine_similarity": -0.25524487907437404, "is_tight": 0.0, "dual_solution_value": 0.0, "scaled_age": 0.21649484536082475}, "41": {"bias": -0.5773502691896258, "objective_cosine_similarity": -0.1299643310120188, "is_tight": 1.0, "dual_solution_value": -0.00011005230495095087, "scaled_age": 0.0}, "42": {"bias": -0.2773500981126146, "objective_cosine_similarity": -0.401354004576879, "is_tight": 0.0, "dual_solution_value": 0.0, "scaled_age": 0.21649484536082475}, "43": {"bias": -0.4082482904638631, "objective_cosine_similarity": -0.29210645427201687, "is_tight": 0.0, "dual_solution_value": 0.0, "scaled_age": 0.020618556701030927}, "44": {"bias": -0.3779644730092272, "objective_cosine_similarity": -0.528721535225489, "is_tight": 0.0, "dual_solution_value": 0.0, "scaled_age": 0.21649484536082475}, "45": {"bias": -0.4472135954999579, "objective_cosine_similarity": -0.3092005236179012, "is_tight": 0.0, "dual_solution_value": 0.0, "scaled_age": 0.041237113402061855}, "46": {"bias": -0.35355339059327373, "objective_cosine_similarity": -0.2728682534928151, "is_tight": 0.0, "dual_solution_value": 0.0, "scaled_age": 0.21649484536082475}, "47": {"bias": -0.4082482904638631,