{"0": {"bias": -0.8164965809277261, "objective_cosine_similarity": -0.8444587926033332, "is_tight": 1.0, "dual_solution_value": -0.0001513515606301077, "scaled_age": 0.0}, "1": {"bias": -0.7071067811865475, "objective_cosine_similarity": -0.615086035689668, "is_tight": 0.0, "dual_solution_value": -0.0, "scaled_age": 0.05660377358490566}, "2": {"bias": -0.6666666666666666, "objective_cosine_similarity": -0.7351598173515982, "is_tight": 1.0, "dual_solution_value": -0.006381834186872924, "scaled_age": 0.0}, "3": {"bias": -1.0090091909944687, "objective_cosine_similarity": -0.8919825542307266, "is_tight": 0.0, "dual_solution_value": -0.0, "scaled_age": 0.09433962264150944}, "4": {"bias": -0.8267673819143256, "objective_cosine_similarity": -0.9368771930520784, "is_tight": 1.0, "dual_solution_value": -6.855509563531066e-05, "scaled_age": 0.0}, "5": {"bias": -1.1410068756542193, "objective_cosine_similarity": -0.961031542939905, "is_tight": 0.0, "dual_solution_value": 0.0, "scaled_age": 0.02830188679245283}, "6": {"bias": -1.169425850352357, "objective_cosine_similarity": -0.9466996532928732, "is_tight": 1.0, "dual_solution_value": -0.021130002751537626, "scaled_age": 0.0}, "7": {"bias": -1.1100779121307582, "objective_cosine_similarity": -0.9590320740397239, "is_tight": 1.0, "dual_solution_value": -0.00048540523446517016, "scaled_age": 0.0}, "8": {"bias": -1.107343009311281, "objective_cosine_similarity": -0.9481222755457863, "is_tight": 0.0, "dual_solution_value": 0.0, "scaled_age": 0.09433962264150944}, "9": {"bias": -0.4082482904638631, "objective_cosine_similarity": -0.49213492549068427, "is_tight": 0.0, "dual_solution_value": 0.0, "scaled_age": 0.2358490566037736}, "10": {"bias": -0.5, "objective_cosine_similarity": -0.363013698630137, "is_tight": 1.0, "dual_solution_value": -0.02054794520547945, "scaled_age": 0.0}, "11": {"bias": -0.4082482904638631, "objective_cosine_similarity": -0.19573548172924943, "is_tight": 0.0, "dual_solution_value": 0.0, "scaled_age": 0.2169811320754717}, "12": {"bias": -0.4082482904638631, "objective_cosine_similarity": -0.2796221167560706, "is_tight": 0.0, "dual_solution_value": 0.0, "scaled_age": 0.2358490566037736}, "13": {"bias": -0.4082482904638631, "objective_cosine_similarity": -0.36350875178289177, "is_tight": 0.0, "dual_solution_value": 0.0, "scaled_age": 0.2358490566037736}, "14": {"bias": -0.5, "objective_cosine_similarity": -0.273972602739726, "is_tight": 0.0, "dual_solution_value": 0.0, "scaled_age": 0.2358490566037736}, "15": {"bias": -0.4082482904638631, "objective_cosine_similarity": -0.32436165543704193, "is_tight": 0.0, "dual_solution_value": 0.0, "scaled_age": 0.2358490566037736}, "16": {"bias": -0.4082482904638631, "objective_cosine_similarity": -0.17895815472388518, "is_tight": 0.0, "dual_solution_value": 0.0, "scaled_age": 0.2358490566037736}, "17": {"bias": -0.5, "objective_cosine_similarity": -0.19863013698630136, "is_tight": 0.0, "dual_solution_value": 0.0, "scaled_age": 0.08490566037735849}, "18": {"bias": -0.4082482904638631, "objective_cosine_similarity": -0.5368744641716555, "is_tight": 0.0, "dual_solution_value": 0.0, "scaled_age": 0.0660377358490566}, "19": {"bias": -0.4472135954999579, "objective_cosine_similarity": -0.49009709095885795, "is_tight": 1.0, "dual_solution_value": -7.076874125731223e-05, "scaled_age": 0.0}, "20": {"bias": -0.4472135954999579, "objective_cosine_similarity": -0.3736990318561292, "is_tight": 0.0, "dual_solution_value": 0.0, "scaled_age": 0.2358490566037736}, "21": {"bias": -0.4472135954999579, "objective_cosine_similarity": -0.2266699045684718, "is_tight": 0.0, "dual_solution_value": 0.0, "scaled_age": 0.2358490566037736}, "22": {"bias": -0.4472135954999579, "objective_cosine_similarity": -0.36144660458215777, "is_tight": 0.0, "dual_solution_value": 0.0, "scaled_age": 0.20754716981132076}, "23": {"bias": -0.4472135954999579, "objective_cosine_similarity": -0.36757281821914345, "is_tight": 0.0, "dual_solution_value": 0.0, "scaled_age": 0.2358490566037736}, "24": {"bias": -0.5773502691896258, "objective_cosine_similarity": -0.15026924814524506, "is_tight": 1.0, "dual_solution_value": -0.02129405760198761, "scaled_age": 0.0}, "25": {"bias": -0.4472135954999579, "objective_cosine_similarity": -0.5452330136917295, "is_tight": 0.0, "dual_solution_value": 0.0, "scaled_age": 0.2358490566037736}, "26": {"bias": -0.5773502691896258, "objective_cosine_similarity": -0.27681177289913567, "is_tight": 1.0, "dual_solution_value": -0.0007000998013098, "scaled_age": 0.0}, "27": {"bias": -0.3333333333333333, "objective_cosine_similarity": -0.4703196347031963, "is_tight": 0.0, "dual_solution_value": 0.0, "scaled_age": 0.2358490566037736}, "28": {"bias": -0.4472135954999579, "objective_cosine_similarity": -0.13477670001368594, "is_tight": 0.0, "dual_solution_value": 0.0, "scaled_age": 0.2358490566037736}, "29": {"bias": -0.5, "objective_cosine_similarity": -0.2465753424657534, "is_tight": 0.0, "dual_solution_value": 0.0, "scaled_age": 0.2358490566037736}, "30": {"bias": -0.4472135954999579, "objective_cosine_similarity": -0.41658252731502926, "is_tight": 0.0, "dual_solution_value": 0.0, "scaled_age": 0.0660377358490566}, "31": {"bias": -0.5773502691896258, "objective_cosine_similarity": -0.2609939573048993, "is_tight": 0.0, "dual_solution_value": 0.0, "scaled_age": 0.2358490566037736}, "32": {"bias": -0.7071067811865475, "objective_cosine_similarity": -0.2712190393592237, "is_tight": 0.0, "dual_solution_value": 0.0, "scaled_age": 0.22641509433962265}, "33": {"bias": -0.5, "objective_cosine_similarity": -0.15753424657534246, "is_tight": 0.0, "dual_solution_value": 0.0, "scaled_age": 0.1320754716981132}, "34": {"bias": -0.5773502691896258, "objective_cosine_similarity": -0.27681177289913567, "is_tight": 0.0, "dual_solution_value": 0.0, "scaled_age": 0.12264150943396226}, "35": {"bias": -0.7071067811865475, "objective_cosine_similarity": -0.11623673115395301, "is_tight": 0.0, "dual_solution_value": 0.0, "scaled_age": 0.018867924528301886}, "36": {"bias": -0.7071067811865475, "objective_cosine_similarity": -0.22278706804507659, "is_tight": 0.0, "dual_solution_value": 0.0, "scaled_age": 0.2358490566037736}, "37": {"bias": -0.4472135954999579, "objective_cosine_similarity": -0.8270388409930728, "is_tight": 1.0, "dual_solution_value": -0.05904775123210004, "scaled_age": 0.0}, "38": {"bias": -0.5, "objective_cosine_similarity": -0.3835616438356164, "is_tight": 0.0, "dual_solution_value": 0.0, "scaled_age": 0.2358490566037736}, "39": {"bias": -0.4082482904638631, "objective_cosine_similarity": -0.29639944376143484, "is_tight": 0.0, "dual_solution_value": 0.0, "scaled_age": 0.2358490566037736}, "40": {"bias": -0.35355339059327373, "objective_cosine_similarity": -0.46494692461581205, "is_tight": 0.0, "dual_solution_value": 0.0, "scaled_age": 0.2358490566037736}, "41": {"bias": -0.4472135954999579, "objective_cosine_similarity": -0.3920776727670864, "is_tight": 0.0, "dual_solution_value": 0.0, "scaled_age": 0.19811320754716982}, "42": {"bias": -0.4472135954999579, "objective_cosine_similarity": -0.17766019547258602, "is_tight": 0.0, "dual_solution_value": 0.0, "scaled_age": 0.2358490566037736}, "43": {"bias": -0.5773502691896258, "objective_cosine_similarity": -0.25308504950778116, "is_tight": 0.0, "dual_solution_value": 0.0, "scaled_age": 0.12264150943396226}, "44": {"bias": -0.4472135954999579, "objective_cosine_similarity": -0.3982038864040721, "is_tight": 0.0, "dual_solution_value": 0.0, "scaled_age": 0.2358490566037736}, "45": {"bias": -0.5, "objective_cosine_similarity": -0.3356164383561644, "is_tight": 0.0, "dual_solution_value": 0.0, "scaled_age": 0.08490566037735849}, "46": {"bias": -0.4472135954999579, "objective_cosine_similarity": -0.1960388363835432, "is_tight": 0.0, "dual_solution_value": 0.0, "scaled_age": 0.2358490566037736}, "47": {"bias": -0.5, "objective_cosine_similarity": -0.1095890410958904, "is_tight": 0.0, "dual_solution_value": 0.0, "scaled_age": 0.07547169811320754},