{"0": {"bias": -1.1867816581938533, "objective_cosine_similarity": -0.892073646568552, "is_tight": 1.0, "dual_solution_value": -1.4438502082849371e-05, "scaled_age": 0.0}, "1": {"bias": -1.2780193008453875, "objective_cosine_similarity": -0.9066519029090497, "is_tight": 0.0, "dual_solution_value": -0.0, "scaled_age": 0.1896551724137931}, "2": {"bias": -0.8944271909999159, "objective_cosine_similarity": -0.4854283139782661, "is_tight": 0.0, "dual_solution_value": -0.0, "scaled_age": 0.1724137931034483}, "3": {"bias": -0.9486832980505138, "objective_cosine_similarity": -0.7122430291325177, "is_tight": 0.0, "dual_solution_value": -0.0, "scaled_age": 0.25862068965517243}, "4": {"bias": -1.0, "objective_cosine_similarity": -0.8086607776525931, "is_tight": 0.0, "dual_solution_value": -0.0, "scaled_age": 0.15517241379310345}, "5": {"bias": -0.8320502943378437, "objective_cosine_similarity": -0.7601508975905625, "is_tight": 0.0, "dual_solution_value": -0.0, "scaled_age": 0.034482758620689655}, "6": {"bias": -1.2917626692433846, "objective_cosine_similarity": -0.9742488203544012, "is_tight": 0.0, "dual_solution_value": -0.0, "scaled_age": 0.1206896551724138}, "7": {"bias": -0.7276068751089989, "objective_cosine_similarity": -0.6844772115313835, "is_tight": 1.0, "dual_solution_value": -4.363633903029298e-05, "scaled_age": 0.0}, "8": {"bias": -1.0327955589886444, "objective_cosine_similarity": -0.8337799490491637, "is_tight": 0.0, "dual_solution_value": -0.0, "scaled_age": 0.1896551724137931}, "9": {"bias": -1.27688777519079, "objective_cosine_similarity": -0.9442116415892219, "is_tight": 0.0, "dual_solution_value": -0.0, "scaled_age": 0.08620689655172414}, "10": {"bias": -1.2883224766034342, "objective_cosine_similarity": -0.9083253813245404, "is_tight": 0.0, "dual_solution_value": -0.0, "scaled_age": 0.2413793103448276}, "11": {"bias": -0.9045340337332909, "objective_cosine_similarity": -0.7363703306697986, "is_tight": 0.0, "dual_solution_value": -0.0, "scaled_age": 0.25862068965517243}, "12": {"bias": -1.2602520756252087, "objective_cosine_similarity": -0.911961005381097, "is_tight": 0.0, "dual_solution_value": -0.0, "scaled_age": 0.017241379310344827}, "13": {"bias": -1.3703203194062976, "objective_cosine_similarity": -0.8895886829727431, "is_tight": 0.0, "dual_solution_value": -0.0, "scaled_age": 0.2413793103448276}, "14": {"bias": -1.1745830197437175, "objective_cosine_similarity": -0.877334373769744, "is_tight": 0.0, "dual_solution_value": -0.0, "scaled_age": 0.05172413793103448}, "15": {"bias": -1.2546702983948286, "objective_cosine_similarity": -0.9784745357944096, "is_tight": 0.0, "dual_solution_value": 0.0, "scaled_age": 0.15517241379310345}, "16": {"bias": -1.3022583044767593, "objective_cosine_similarity": -0.9772086908849006, "is_tight": 0.0, "dual_solution_value": 0.0, "scaled_age": 0.1896551724137931}, "17": {"bias": -1.3142890682825425, "objective_cosine_similarity": -0.9437706035307709, "is_tight": 1.0, "dual_solution_value": -0.0034613590307400444, "scaled_age": 0.0}, "18": {"bias": -0.5, "objective_cosine_similarity": -0.3934758817437114, "is_tight": 0.0, "dual_solution_value": 0.0, "scaled_age": 0.3103448275862069}, "19": {"bias": -0.35355339059327373, "objective_cosine_similarity": -0.5084883311503353, "is_tight": 0.0, "dual_solution_value": 0.0, "scaled_age": 0.3103448275862069}, "20": {"bias": -0.35355339059327373, "objective_cosine_similarity": -0.4605177338720018, "is_tight": 0.0, "dual_solution_value": 0.0, "scaled_age": 0.3103448275862069}, "21": {"bias": -0.4472135954999579, "objective_cosine_similarity": -0.49756402182772275, "is_tight": 1.0, "dual_solution_value": -0.0004505526276761697, "scaled_age": 0.0}, "22": {"bias": -0.7071067811865475, "objective_cosine_similarity": -0.38376477822666816, "is_tight": 1.0, "dual_solution_value": -0.03623271934018141, "scaled_age": 0.0}, "23": {"bias": -0.4472135954999579, "objective_cosine_similarity": -0.4854283139782661, "is_tight": 0.0, "dual_solution_value": 0.0, "scaled_age": 0.3103448275862069}, "24": {"bias": -0.4082482904638631, "objective_cosine_similarity": -0.5539167450366598, "is_tight": 0.0, "dual_solution_value": 0.0, "scaled_age": 0.3103448275862069}, "25": {"bias": -0.3779644730092272, "objective_cosine_similarity": -0.5230838012786377, "is_tight": 0.0, "dual_solution_value": 0.0, "scaled_age": 0.3103448275862069}, "26": {"bias": -0.3779644730092272, "objective_cosine_similarity": -0.56410998177108, "is_tight": 0.0, "dual_solution_value": 0.0, "scaled_age": 0.3103448275862069}, "27": {"bias": -0.3779644730092272, "objective_cosine_similarity": -0.45128798541686393, "is_tight": 0.0, "dual_solution_value": 0.0, "scaled_age": 0.3103448275862069}, "28": {"bias": -0.4472135954999579, "objective_cosine_similarity": -0.4004783590320695, "is_tight": 0.0, "dual_solution_value": 0.0, "scaled_age": 0.3103448275862069}, "29": {"bias": -0.4472135954999579, "objective_cosine_similarity": -0.44902119042989613, "is_tight": 0.0, "dual_solution_value": 0.0, "scaled_age": 0.3103448275862069}, "30": {"bias": -0.35355339059327373, "objective_cosine_similarity": -0.5564589284286688, "is_tight": 0.0, "dual_solution_value": 0.0, "scaled_age": 0.3103448275862069}, "31": {"bias": -0.5773502691896258, "objective_cosine_similarity": -0.21933984051179312, "is_tight": 0.0, "dual_solution_value": 0.0, "scaled_age": 0.10344827586206896}, "32": {"bias": -0.3779644730092272, "objective_cosine_similarity": -0.5230838012786377, "is_tight": 0.0, "dual_solution_value": 0.0, "scaled_age": 0.3103448275862069}, "33": {"bias": -0.5, "objective_cosine_similarity": -0.35277148018401716, "is_tight": 0.0, "dual_solution_value": 0.0, "scaled_age": 0.08620689655172414}, "34": {"bias": -0.4472135954999579, "objective_cosine_similarity": -0.44902119042989613, "is_tight": 0.0, "dual_solution_value": 0.0, "scaled_age": 0.3103448275862069}, "35": {"bias": -0.4082482904638631, "objective_cosine_similarity": -0.3877417215256619, "is_tight": 0.0, "dual_solution_value": 0.0, "scaled_age": 0.3103448275862069}, "36": {"bias": -0.5773502691896258, "objective_cosine_similarity": -0.37601115516307393, "is_tight": 0.0, "dual_solution_value": 0.0, "scaled_age": 0.29310344827586204}, "37": {"bias": -0.4472135954999579, "objective_cosine_similarity": -0.5339711453760927, "is_tight": 1.0, "dual_solution_value": -0.0018507158103971495, "scaled_age": 0.0}, "38": {"bias": -0.5, "objective_cosine_similarity": -0.35277148018401716, "is_tight": 0.0, "dual_solution_value": 0.0, "scaled_age": 0.20689655172413793}, "39": {"bias": -0.5, "objective_cosine_similarity": -0.4341802833034057, "is_tight": 0.0, "dual_solution_value": 0.0, "scaled_age": 0.3103448275862069}, "40": {"bias": -0.5, "objective_cosine_similarity": -0.4206121494501743, "is_tight": 0.0, "dual_solution_value": 0.0, "scaled_age": 0.3103448275862069}, "41": {"bias": -0.3779644730092272, "objective_cosine_similarity": -0.5025707110324167, "is_tight": 0.0, "dual_solution_value": 0.0, "scaled_age": 0.3103448275862069}, "42": {"bias": -0.5, "objective_cosine_similarity": -0.40704401559694287, "is_tight": 0.0, "dual_solution_value": 0.0, "scaled_age": 0.3103448275862069}, "43": {"bias": -0.4472135954999579, "objective_cosine_similarity": -0.43688548258043947, "is_tight": 0.0, "dual_solution_value": 0.0, "scaled_age": 0.22413793103448276}, "44": {"bias": -0.3779644730092272, "objective_cosine_similarity": -0.5948796171404115, "is_tight": 0.0, "dual_solution_value": 0.0, "scaled_age": 0.3103448275862069}, "45": {"bias": -0.5773502691896258, "objective_cosine_similarity": -0.2976754978374335, "is_tight": 0.0, "dual_solution_value": 0.0, "scaled_age": 0.20689655172413793}, "46": {"bias": -0.5, "objective_cosine_similarity": -0.3663396140372486, "is_tight": 0.0, "dual_solution_value": 0.0, "scaled_age": 0.08620689655172414}, "47": {"bias": -0.4472135954999579, "objective_cosine_similarity": -0.23057844913967637, "is_tight": 0.0, "dual_solution_value": 0.0, "scaled_age": 0.3103448275862069},