{"0": {"bias": -1.0, "objective_cosine_similarity": -0.7614252699817254, "is_tight": 0.0, "dual_solution_value": -0.0, "scaled_age": 0.014285714285714285}, "1": {"bias": -1.3474430737064305, "objective_cosine_similarity": -0.8660083638246056, "is_tight": 0.0, "dual_solution_value": -0.0, "scaled_age": 0.02857142857142857}, "2": {"bias": -0.6324555320336759, "objective_cosine_similarity": -0.5317212437257022, "is_tight": 1.0, "dual_solution_value": -0.0009064698575260603, "scaled_age": 0.0}, "3": {"bias": -1.2378874072806758, "objective_cosine_similarity": -0.9110528248443824, "is_tight": 0.0, "dual_solution_value": 0.0, "scaled_age": 0.02857142857142857}, "4": {"bias": -1.2843097214952919, "objective_cosine_similarity": -0.9236192438004754, "is_tight": 1.0, "dual_solution_value": -0.0024754471145713346, "scaled_age": 0.014285714285714285}, "5": {"bias": -1.269757067047962, "objective_cosine_similarity": -0.8951559341854766, "is_tight": 0.0, "dual_solution_value": 0.0, "scaled_age": 0.08571428571428572}, "6": {"bias": -1.3141033267368833, "objective_cosine_similarity": -0.9113332184742196, "is_tight": 1.0, "dual_solution_value": -0.001033840785992793, "scaled_age": 0.0}, "7": {"bias": -0.4082482904638631, "objective_cosine_similarity": -0.2263183957699602, "is_tight": 0.0, "dual_solution_value": 0.0, "scaled_age": 0.3}, "8": {"bias": -0.5, "objective_cosine_similarity": -0.1284951034202526, "is_tight": 1.0, "dual_solution_value": -0.0015788669730548532, "scaled_age": 0.0}, "9": {"bias": -0.7071067811865475, "objective_cosine_similarity": -0.1272036625688183, "is_tight": 1.0, "dual_solution_value": -0.012602509200437848, "scaled_age": 0.0}, "10": {"bias": -0.4472135954999579, "objective_cosine_similarity": -0.2856819358177017, "is_tight": 0.0, "dual_solution_value": 0.0, "scaled_age": 0.3}, "11": {"bias": -0.4472135954999579, "objective_cosine_similarity": -0.4038951506388196, "is_tight": 0.0, "dual_solution_value": 0.0, "scaled_age": 0.3}, "12": {"bias": -0.3333333333333333, "objective_cosine_similarity": -0.4124080938345251, "is_tight": 0.0, "dual_solution_value": 0.0, "scaled_age": 0.3}, "13": {"bias": -0.3779644730092272, "objective_cosine_similarity": -0.35661748858471415, "is_tight": 0.0, "dual_solution_value": 0.0, "scaled_age": 0.3}, "14": {"bias": -0.35355339059327373, "objective_cosine_similarity": -0.4036769291724744, "is_tight": 0.0, "dual_solution_value": 0.0, "scaled_age": 0.3}, "15": {"bias": -0.5, "objective_cosine_similarity": -0.3010456708703061, "is_tight": 0.0, "dual_solution_value": 0.0, "scaled_age": 0.05714285714285714}, "16": {"bias": -0.5, "objective_cosine_similarity": -0.07709706205215157, "is_tight": 0.0, "dual_solution_value": 0.0, "scaled_age": 0.3}, "17": {"bias": -0.5773502691896258, "objective_cosine_similarity": -0.12929678958580373, "is_tight": 0.0, "dual_solution_value": 0.0, "scaled_age": 0.0}, "18": {"bias": -0.4472135954999579, "objective_cosine_similarity": -0.20030572511356093, "is_tight": 0.0, "dual_solution_value": 0.0, "scaled_age": 0.3}, "19": {"bias": -0.3779644730092272, "objective_cosine_similarity": -0.33441562159111327, "is_tight": 0.0, "dual_solution_value": 0.0, "scaled_age": 0.3}, "20": {"bias": -0.4472135954999579, "objective_cosine_similarity": -0.36777444611014465, "is_tight": 1.0, "dual_solution_value": -0.025166026931031055, "scaled_age": 0.0}, "21": {"bias": -0.4472135954999579, "objective_cosine_similarity": -0.3103096889054346, "is_tight": 0.0, "dual_solution_value": 0.0, "scaled_age": 0.07142857142857142}, "22": {"bias": -0.5773502691896258, "objective_cosine_similarity": -0.3751726517489715, "is_tight": 1.0, "dual_solution_value": -0.055110107036572084, "scaled_age": 0.0}, "23": {"bias": -0.4472135954999579, "objective_cosine_similarity": -0.3546396444633538, "is_tight": 1.0, "dual_solution_value": -0.006086317884310814, "scaled_age": 0.0}, "24": {"bias": -0.3779644730092272, "objective_cosine_similarity": -0.39408313913641563, "is_tight": 0.0, "dual_solution_value": 0.0, "scaled_age": 0.14285714285714285}, "25": {"bias": -0.4472135954999579, "objective_cosine_similarity": -0.29717488725864366, "is_tight": 0.0, "dual_solution_value": 0.0, "scaled_age": 0.3}, "26": {"bias": -0.5773502691896258, "objective_cosine_similarity": -0.29038787169270674, "is_tight": 1.0, "dual_solution_value": -0.029562906432077336, "scaled_age": 0.0}, "27": {"bias": -0.4472135954999579, "objective_cosine_similarity": -0.15925946996733945, "is_tight": 0.0, "dual_solution_value": 0.0, "scaled_age": 0.3}, "28": {"bias": -0.4472135954999579, "objective_cosine_similarity": -0.2561286321124222, "is_tight": 1.0, "dual_solution_value": -0.0014966719167220292, "scaled_age": 0.0}, "29": {"bias": -0.5, "objective_cosine_similarity": -0.394663531933633, "is_tight": 1.0, "dual_solution_value": -0.03304159802235067, "scaled_age": 0.0}, "30": {"bias": -0.4472135954999579, "objective_cosine_similarity": -0.37598369713938895, "is_tight": 1.0, "dual_solution_value": -0.0020601589634177855, "scaled_age": 0.0}, "31": {"bias": -0.5, "objective_cosine_similarity": -0.20559216547240416, "is_tight": 1.0, "dual_solution_value": -0.0025718490611783638, "scaled_age": 0.0}, "32": {"bias": -0.5, "objective_cosine_similarity": -0.13950896942770283, "is_tight": 0.0, "dual_solution_value": 0.0, "scaled_age": 0.3}, "33": {"bias": -0.4472135954999579, "objective_cosine_similarity": -0.3086678386995857, "is_tight": 1.0, "dual_solution_value": -0.00039578706115846396, "scaled_age": 0.0}, "34": {"bias": -0.4472135954999579, "objective_cosine_similarity": -0.17239427161413032, "is_tight": 0.0, "dual_solution_value": 0.0, "scaled_age": 0.3}, "35": {"bias": -0.5773502691896258, "objective_cosine_similarity": -0.27343091568145383, "is_tight": 0.0, "dual_solution_value": 0.0, "scaled_age": 0.3}, "36": {"bias": -0.4082482904638631, "objective_cosine_similarity": -0.29526307262703416, "is_tight": 0.0, "dual_solution_value": 0.0, "scaled_age": 0.3}, "37": {"bias": -0.4082482904638631, "objective_cosine_similarity": -0.39568249326668536, "is_tight": 1.0, "dual_solution_value": -0.001134684524997134, "scaled_age": 0.0}, "38": {"bias": -0.3779644730092272, "objective_cosine_similarity": -0.3385784716524134, "is_tight": 0.0, "dual_solution_value": 0.0, "scaled_age": 0.3}, "39": {"bias": -0.35355339059327373, "objective_cosine_similarity": -0.37771699803598086, "is_tight": 0.0, "dual_solution_value": 0.0, "scaled_age": 0.3}, "40": {"bias": -0.4472135954999579, "objective_cosine_similarity": -0.27418898437675965, "is_tight": 0.0, "dual_solution_value": 0.0, "scaled_age": 0.3}, "41": {"bias": -0.4472135954999579, "objective_cosine_similarity": -0.2183660773778984, "is_tight": 0.0, "dual_solution_value": 0.0, "scaled_age": 0.3}, "42": {"bias": -0.4472135954999579, "objective_cosine_similarity": -0.12970616626205994, "is_tight": 0.0, "dual_solution_value": 0.0, "scaled_age": 0.3}, "43": {"bias": -0.7071067811865475, "objective_cosine_similarity": -0.18431551106910404, "is_tight": 1.0, "dual_solution_value": -0.008089061616767588, "scaled_age": 0.0}, "44": {"bias": -0.4472135954999579, "objective_cosine_similarity": -0.19702202470186322, "is_tight": 0.0, "dual_solution_value": 0.0, "scaled_age": 0.3}, "45": {"bias": -0.3779644730092272, "objective_cosine_similarity": -0.3080509045362122, "is_tight": 0.0, "dual_solution_value": 0.0, "scaled_age": 0.3}, "46": {"bias": -0.5773502691896258, "objective_cosine_similarity": -0.18652651612378243, "is_tight": 1.0, "dual_solution_value": -0.0009417075557445333, "scaled_age": 0.0}, "47": {"bias": -0.5773502691896258, "objective_cosine_similarity": -0.1822872771209692, "is_tight": 1.0, "dual_solution_value": -0.00038248087545114656, "scaled_age": 0.0}, "48": {"bias": -0.4082482904638631, "objective_cosine_similarity": -0.3027570592419335, "is_tight": 0.0, "dual_solution_value": 0.0, "scaled_age": 0.3}, "49": {"bias": -0.35355339059327373, "objective_cosine_similarity": -0.3206051495356951, "is_tight": 0.0,