{"0": {"bias": -0.6246950475544243, "objective_cosine_similarity": -0.6269373124022637, "is_tight": 1.0, "dual_solution_value": -0.000747759078812604, "scaled_age": 0.0}, "1": {"bias": -0.7155417527999327, "objective_cosine_similarity": -0.778287788854767, "is_tight": 0.0, "dual_solution_value": -0.0, "scaled_age": 0.10666666666666667}, "2": {"bias": -0.6324555320336759, "objective_cosine_similarity": -0.5945254492978514, "is_tight": 0.0, "dual_solution_value": -0.0, "scaled_age": 0.09333333333333334}, "3": {"bias": -0.4588314677411235, "objective_cosine_similarity": -0.4944041955522195, "is_tight": 1.0, "dual_solution_value": -0.00018966610268008387, "scaled_age": 0.0}, "4": {"bias": -0.8507793360481133, "objective_cosine_similarity": -0.858748000012391, "is_tight": 0.0, "dual_solution_value": -0.0, "scaled_age": 0.04}, "5": {"bias": -0.7974866158911063, "objective_cosine_similarity": -0.8561398795167041, "is_tight": 1.0, "dual_solution_value": -0.001597751948677452, "scaled_age": 0.0}, "6": {"bias": -0.7593408299464313, "objective_cosine_similarity": -0.8539081906241317, "is_tight": 0.0, "dual_solution_value": -0.0, "scaled_age": 0.10666666666666667}, "7": {"bias": -0.42640143271122083, "objective_cosine_similarity": -0.48895972619282096, "is_tight": 0.0, "dual_solution_value": -0.0, "scaled_age": 0.06666666666666667}, "8": {"bias": -0.8173270617336096, "objective_cosine_similarity": -0.8613646140975743, "is_tight": 1.0, "dual_solution_value": -1.6508995519131612e-09, "scaled_age": 0.0}, "9": {"bias": -0.7860762717039707, "objective_cosine_similarity": -0.8463401584682669, "is_tight": 0.0, "dual_solution_value": -0.0, "scaled_age": 0.18666666666666668}, "10": {"bias": -0.4082482904638631, "objective_cosine_similarity": -0.32198090978115296, "is_tight": 1.0, "dual_solution_value": -0.01850549948996173, "scaled_age": 0.0}, "11": {"bias": -0.30151134457776363, "objective_cosine_similarity": -0.23362675516876538, "is_tight": 0.0, "dual_solution_value": 0.0, "scaled_age": 0.4}, "12": {"bias": -0.4082482904638631, "objective_cosine_similarity": -0.21536003834046413, "is_tight": 0.0, "dual_solution_value": 0.0, "scaled_age": 0.26666666666666666}, "13": {"bias": -0.35355339059327373, "objective_cosine_similarity": -0.2971886242070054, "is_tight": 0.0, "dual_solution_value": 0.0, "scaled_age": 0.4}, "14": {"bias": -0.3333333333333333, "objective_cosine_similarity": -0.23695259696422674, "is_tight": 0.0, "dual_solution_value": 0.0, "scaled_age": 0.13333333333333333}, "15": {"bias": -0.3779644730092272, "objective_cosine_similarity": -0.28567571476767534, "is_tight": 0.0, "dual_solution_value": 0.0, "scaled_age": 0.25333333333333335}, "16": {"bias": -0.3333333333333333, "objective_cosine_similarity": -0.2404117589637045, "is_tight": 0.0, "dual_solution_value": 0.0, "scaled_age": 0.10666666666666667}, "17": {"bias": -0.31622776601683794, "objective_cosine_similarity": -0.24338898338320503, "is_tight": 0.0, "dual_solution_value": 0.0, "scaled_age": 0.4}, "18": {"bias": -0.31622776601683794, "objective_cosine_similarity": -0.3133974999518573, "is_tight": 0.0, "dual_solution_value": 0.0, "scaled_age": 0.12}, "19": {"bias": -0.3333333333333333, "objective_cosine_similarity": -0.2536718799617026, "is_tight": 0.0, "dual_solution_value": 0.0, "scaled_age": 0.4}, "20": {"bias": -0.3333333333333333, "objective_cosine_similarity": -0.2819217029574376, "is_tight": 1.0, "dual_solution_value": -0.0015027700325878298, "scaled_age": 0.0}, "21": {"bias": -0.35355339059327373, "objective_cosine_similarity": -0.32531758863812116, "is_tight": 1.0, "dual_solution_value": -0.011407100522292787, "scaled_age": 0.0}, "22": {"bias": -0.35355339059327373, "objective_cosine_similarity": -0.3271520863184113, "is_tight": 0.0, "dual_solution_value": 0.0, "scaled_age": 0.06666666666666667}, "23": {"bias": -0.31622776601683794, "objective_cosine_similarity": -0.25651558023982735, "is_tight": 0.0, "dual_solution_value": 0.0, "scaled_age": 0.4}, "24": {"bias": -0.30151134457776363, "objective_cosine_similarity": -0.23466973175434022, "is_tight": 0.0, "dual_solution_value": 0.0, "scaled_age": 0.4}, "25": {"bias": -0.31622776601683794, "objective_cosine_similarity": -0.3079280845949313, "is_tight": 1.0, "dual_solution_value": -6.428257961243503e-05, "scaled_age": 0.0}, "26": {"bias": -0.2773500981126146, "objective_cosine_similarity": -0.31372344682122544, "is_tight": 0.0, "dual_solution_value": 0.0, "scaled_age": 0.05333333333333334}, "27": {"bias": -0.2773500981126146, "objective_cosine_similarity": -0.30173096032194313, "is_tight": 0.0, "dual_solution_value": 0.0, "scaled_age": 0.4}, "28": {"bias": -0.3779644730092272, "objective_cosine_similarity": -0.22749461954039135, "is_tight": 1.0, "dual_solution_value": -0.007190921882023865, "scaled_age": 0.0}, "29": {"bias": -0.3333333333333333, "objective_cosine_similarity": -0.26059020396065813, "is_tight": 0.0, "dual_solution_value": 0.0, "scaled_age": 0.10666666666666667}, "30": {"bias": -0.2886751345948129, "objective_cosine_similarity": -0.3529959287198226, "is_tight": 0.0, "dual_solution_value": 0.0, "scaled_age": 0.37333333333333335}, "31": {"bias": -0.3333333333333333, "objective_cosine_similarity": -0.22311594896631567, "is_tight": 0.0, "dual_solution_value": 0.0, "scaled_age": 0.3333333333333333}, "32": {"bias": -0.3779644730092272, "objective_cosine_similarity": -0.3333972872574701, "is_tight": 1.0, "dual_solution_value": -0.01721207970697392, "scaled_age": 0.0}, "33": {"bias": -0.35355339059327373, "objective_cosine_similarity": -0.2604986706012023, "is_tight": 1.0, "dual_solution_value": 0.0, "scaled_age": 0.013333333333333334}, "34": {"bias": -0.35355339059327373, "objective_cosine_similarity": -0.2421536937983007, "is_tight": 0.0, "dual_solution_value": 0.0, "scaled_age": 0.4}, "35": {"bias": -0.2773500981126146, "objective_cosine_similarity": -0.3046091570817709, "is_tight": 0.0, "dual_solution_value": 0.0, "scaled_age": 0.4}, "36": {"bias": -0.31622776601683794, "objective_cosine_similarity": -0.3664508289140391, "is_tight": 1.0, "dual_solution_value": -0.010038640467900116, "scaled_age": 0.0}, "37": {"bias": -0.35355339059327373, "objective_cosine_similarity": -0.23114670771655976, "is_tight": 0.0, "dual_solution_value": 0.0, "scaled_age": 0.3333333333333333}, "38": {"bias": -0.25, "objective_cosine_similarity": -0.38656135344164, "is_tight": 0.0, "dual_solution_value": 0.0, "scaled_age": 0.4}, "39": {"bias": -0.31622776601683794, "objective_cosine_similarity": -0.22862156191950495, "is_tight": 0.0, "dual_solution_value": 0.0, "scaled_age": 0.06666666666666667}, "40": {"bias": -0.2581988897471611, "objective_cosine_similarity": -0.2965263935232818, "is_tight": 0.0, "dual_solution_value": 0.0, "scaled_age": 0.4}, "41": {"bias": -0.5, "objective_cosine_similarity": -0.12625941298093835, "is_tight": 0.0, "dual_solution_value": 0.0, "scaled_age": 0.4}, "42": {"bias": -0.3779644730092272, "objective_cosine_similarity": -0.23076322039585676, "is_tight": 0.0, "dual_solution_value": 0.0, "scaled_age": 0.12}, "43": {"bias": -0.31622776601683794, "objective_cosine_similarity": -0.19908671899210478, "is_tight": 0.0, "dual_solution_value": 0.0, "scaled_age": 0.4}, "44": {"bias": -0.25, "objective_cosine_similarity": -0.3930472821906608, "is_tight": 0.0, "dual_solution_value": 0.0, "scaled_age": 0.4}, "45": {"bias": -0.3333333333333333, "objective_cosine_similarity": -0.34937536194725405, "is_tight": 1.0, "dual_solution_value": -0.00911744625471916, "scaled_age": 0.0}, "46": {"bias": -0.35355339059327373, "objective_cosine_similarity": -0.23726169998419364, "is_tight": 0.0, "dual_solution_value": 0.0, "scaled_age": 0.013333333333333334}, "47": {"bias": -0.3333333333333333, "objective_cosine_similarity": -0.2461770289628341, "is_tight": 0.0, "dual_solution_value": 0.0, "scaled_age": 0.4}, "48": {"bias": -0.31622776601683794, "objective_cosine_similarity": -0.3133974999518573, "is_tight": 1.0, "dual_solution_value": -0.0001520914260297083,