{"0": {"bias": -0.408248290463863, "objective_cosine_similarity": -0.6314819470107614, "is_tight": 0.0, "dual_solution_value": -0.0, "scaled_age": 0.047058823529411764}, "1": {"bias": -0.502518907629606, "objective_cosine_similarity": -0.5684111367607999, "is_tight": 0.0, "dual_solution_value": -0.0, "scaled_age": 0.11764705882352941}, "2": {"bias": -0.39735970711951313, "objective_cosine_similarity": -0.4416432142146581, "is_tight": 0.0, "dual_solution_value": -0.0, "scaled_age": 0.03529411764705882}, "3": {"bias": -0.8673042370223157, "objective_cosine_similarity": -0.15330125586503313, "is_tight": 1.0, "dual_solution_value": -3.483681483692455e-05, "scaled_age": 0.0}, "4": {"bias": -0.837150406450844, "objective_cosine_similarity": -0.14678687465119533, "is_tight": 0.0, "dual_solution_value": -0.0, "scaled_age": 0.058823529411764705}, "5": {"bias": -0.3779644730092272, "objective_cosine_similarity": -0.2406410940959311, "is_tight": 0.0, "dual_solution_value": -0.0, "scaled_age": 0.07058823529411765}, "6": {"bias": -0.5773502691896258, "objective_cosine_similarity": -0.09489821816222017, "is_tight": 1.0, "dual_solution_value": -0.0003767955519707074, "scaled_age": 0.0}, "7": {"bias": -0.33541019662496846, "objective_cosine_similarity": -0.8075361687065468, "is_tight": 1.0, "dual_solution_value": -8.248432413290044e-05, "scaled_age": 0.0}, "8": {"bias": -0.3380617018914066, "objective_cosine_similarity": -0.7414186309491557, "is_tight": 1.0, "dual_solution_value": -4.931523231411835e-05, "scaled_age": 0.0}, "9": {"bias": -0.1796053020267749, "objective_cosine_similarity": -0.3585953725898331, "is_tight": 0.0, "dual_solution_value": 0.0, "scaled_age": 0.2823529411764706}, "10": {"bias": -0.21320071635561041, "objective_cosine_similarity": -0.39963881488954117, "is_tight": 1.0, "dual_solution_value": -0.003936137417684961, "scaled_age": 0.0}, "11": {"bias": -0.1796053020267749, "objective_cosine_similarity": -0.41330044623088963, "is_tight": 0.0, "dual_solution_value": 0.0, "scaled_age": 0.2823529411764706}, "12": {"bias": -0.20851441405707477, "objective_cosine_similarity": -0.3136348336335058, "is_tight": 0.0, "dual_solution_value": 0.0, "scaled_age": 0.2823529411764706}, "13": {"bias": -0.19611613513818404, "objective_cosine_similarity": -0.3381419481137834, "is_tight": 0.0, "dual_solution_value": 0.0, "scaled_age": 0.16470588235294117}, "14": {"bias": -0.1889822365046136, "objective_cosine_similarity": -0.3851778945539719, "is_tight": 0.0, "dual_solution_value": 0.0, "scaled_age": 0.047058823529411764}, "15": {"bias": -0.17149858514250882, "objective_cosine_similarity": -0.39211434313151544, "is_tight": 0.0, "dual_solution_value": 0.0, "scaled_age": 0.2823529411764706}, "16": {"bias": -0.18257418583505536, "objective_cosine_similarity": -0.3412503345231464, "is_tight": 0.0, "dual_solution_value": 0.0, "scaled_age": 0.2823529411764706}, "17": {"bias": -0.2, "objective_cosine_similarity": -0.38052993176146005, "is_tight": 0.0, "dual_solution_value": 0.0, "scaled_age": 0.1411764705882353}, "18": {"bias": -0.20412414523193154, "objective_cosine_similarity": -0.3782427866160052, "is_tight": 1.0, "dual_solution_value": -0.0012347104034264773, "scaled_age": 0.0}, "19": {"bias": -0.16666666666666666, "objective_cosine_similarity": -0.4056660179920596, "is_tight": 0.0, "dual_solution_value": 0.0, "scaled_age": 0.2823529411764706}, "20": {"bias": -0.18569533817705186, "objective_cosine_similarity": -0.37224956185194846, "is_tight": 0.0, "dual_solution_value": 0.0, "scaled_age": 0.2823529411764706}, "21": {"bias": -0.20412414523193154, "objective_cosine_similarity": -0.36317880887242787, "is_tight": 0.0, "dual_solution_value": 0.0, "scaled_age": 0.2823529411764706}, "22": {"bias": -0.16666666666666666, "objective_cosine_similarity": -0.44547227554585594, "is_tight": 0.0, "dual_solution_value": 0.0, "scaled_age": 0.2823529411764706}, "23": {"bias": -0.19611613513818404, "objective_cosine_similarity": -0.32498467386811086, "is_tight": 0.0, "dual_solution_value": 0.0, "scaled_age": 0.2823529411764706}, "24": {"bias": -0.1796053020267749, "objective_cosine_similarity": -0.33280928060924697, "is_tight": 0.0, "dual_solution_value": 0.0, "scaled_age": 0.2823529411764706}, "25": {"bias": -0.17407765595569785, "objective_cosine_similarity": -0.40385049548359214, "is_tight": 0.0, "dual_solution_value": 0.0, "scaled_age": 0.2823529411764706}, "26": {"bias": -0.17149858514250882, "objective_cosine_similarity": -0.4827792792781217, "is_tight": 0.0, "dual_solution_value": 0.0, "scaled_age": 0.2823529411764706}, "27": {"bias": -0.17407765595569785, "objective_cosine_similarity": -0.4087555622303564, "is_tight": 0.0, "dual_solution_value": 0.0, "scaled_age": 0.2823529411764706}, "28": {"bias": -0.2, "objective_cosine_similarity": -0.36120824270163976, "is_tight": 0.0, "dual_solution_value": 0.0, "scaled_age": 0.2823529411764706}, "29": {"bias": -0.2, "objective_cosine_similarity": -0.3086103113721291, "is_tight": 0.0, "dual_solution_value": 0.0, "scaled_age": 0.2823529411764706}, "30": {"bias": -0.17677669529663687, "objective_cosine_similarity": -0.3740583044070288, "is_tight": 0.0, "dual_solution_value": 0.0, "scaled_age": 0.2823529411764706}, "31": {"bias": -0.1796053020267749, "objective_cosine_similarity": -0.41571036136926215, "is_tight": 0.0, "dual_solution_value": 0.0, "scaled_age": 0.023529411764705882}, "32": {"bias": -0.1690308509457033, "objective_cosine_similarity": -0.3989462746526659, "is_tight": 0.0, "dual_solution_value": 0.0, "scaled_age": 0.2823529411764706}, "33": {"bias": -0.1796053020267749, "objective_cosine_similarity": -0.43450769944856793, "is_tight": 0.0, "dual_solution_value": 0.0, "scaled_age": 0.2823529411764706}, "34": {"bias": -0.17677669529663687, "objective_cosine_similarity": -0.35247345615018694, "is_tight": 0.0, "dual_solution_value": 0.0, "scaled_age": 0.2823529411764706}, "35": {"bias": -0.20851441405707477, "objective_cosine_similarity": -0.3502861835050395, "is_tight": 0.0, "dual_solution_value": 0.0, "scaled_age": 0.011764705882352941}, "36": {"bias": -0.16012815380508713, "objective_cosine_similarity": -0.5156577329241613, "is_tight": 0.0, "dual_solution_value": 0.0, "scaled_age": 0.2823529411764706}, "37": {"bias": -0.18257418583505536, "objective_cosine_similarity": -0.39930943666383967, "is_tight": 0.0, "dual_solution_value": 0.0, "scaled_age": 0.011764705882352941}, "38": {"bias": -0.19245008972987526, "objective_cosine_similarity": -0.39895985594729294, "is_tight": 0.0, "dual_solution_value": 0.0, "scaled_age": 0.2823529411764706}, "39": {"bias": -0.1690308509457033, "objective_cosine_similarity": -0.41278125063550425, "is_tight": 0.0, "dual_solution_value": 0.0, "scaled_age": 0.2823529411764706}, "40": {"bias": -0.2182178902359924, "objective_cosine_similarity": -0.345505493226889, "is_tight": 1.0, "dual_solution_value": -3.616328578730771e-05, "scaled_age": 0.0}, "41": {"bias": -0.17677669529663687, "objective_cosine_similarity": -0.4129584704962823, "is_tight": 0.0, "dual_solution_value": 0.0, "scaled_age": 0.2823529411764706}, "42": {"bias": -0.2, "objective_cosine_similarity": -0.3397396993018395, "is_tight": 0.0, "dual_solution_value": 0.0, "scaled_age": 0.2823529411764706}, "43": {"bias": -0.19245008972987526, "objective_cosine_similarity": -0.39095483618394916, "is_tight": 1.0, "dual_solution_value": -0.001894229186005, "scaled_age": 0.0}, "44": {"bias": -0.2, "objective_cosine_similarity": -0.2584275911750959, "is_tight": 0.0, "dual_solution_value": 0.0, "scaled_age": 0.2823529411764706}, "45": {"bias": -0.21320071635561041, "objective_cosine_similarity": -0.3003727670966487, "is_tight": 0.0, "dual_solution_value": 0.0, "scaled_age": 0.2823529411764706}, "46": {"bias": -0.1643989873053573, "objective_cosine_similarity": -0.41955823261871417, "is_tight": 0.0, "dual_solution_value": 0.0, "scaled_age": 0.2823529411764706}, "47": {"bias": -0.16666666666666666, "objective_cosine_similarity": -0.44211781563963715,