{"0": {"bias": -0.7071067811865476, "objective_cosine_similarity": -0.7778548250916595, "is_tight": 0.0, "dual_solution_value": -0.0, "scaled_age": 0.014285714285714285}, "1": {"bias": -0.8703882797784892, "objective_cosine_similarity": -0.8148707249872377, "is_tight": 1.0, "dual_solution_value": -0.0009587364656852999, "scaled_age": 0.0}, "2": {"bias": -0.6324555320336759, "objective_cosine_similarity": -0.6241873406799764, "is_tight": 0.0, "dual_solution_value": -0.0, "scaled_age": 0.07142857142857142}, "3": {"bias": -1.1522278728706998, "objective_cosine_similarity": -0.9132571612394981, "is_tight": 1.0, "dual_solution_value": -1.5601365392983446e-07, "scaled_age": 0.0}, "4": {"bias": -1.164952622788743, "objective_cosine_similarity": -0.9259939214720511, "is_tight": 0.0, "dual_solution_value": -0.0, "scaled_age": 0.11428571428571428}, "5": {"bias": -0.6324555320336759, "objective_cosine_similarity": -0.7450773789934896, "is_tight": 0.0, "dual_solution_value": -0.0, "scaled_age": 0.02857142857142857}, "6": {"bias": -0.7071067811865475, "objective_cosine_similarity": -0.47995297718421537, "is_tight": 0.0, "dual_solution_value": -0.0, "scaled_age": 0.05714285714285714}, "7": {"bias": -0.6666666666666666, "objective_cosine_similarity": -0.7073625847539895, "is_tight": 0.0, "dual_solution_value": -0.0, "scaled_age": 0.1}, "8": {"bias": -1.2726313871595767, "objective_cosine_similarity": -0.9729093866498452, "is_tight": 0.0, "dual_solution_value": 0.0, "scaled_age": 0.1}, "9": {"bias": -0.4472135954999579, "objective_cosine_similarity": -0.3419286634775469, "is_tight": 0.0, "dual_solution_value": 0.0, "scaled_age": 0.3}, "10": {"bias": -0.5, "objective_cosine_similarity": -0.5578282148151866, "is_tight": 1.0, "dual_solution_value": -0.014591250466760746, "scaled_age": 0.0}, "11": {"bias": -0.4082482904638631, "objective_cosine_similarity": -0.633828679707565, "is_tight": 0.0, "dual_solution_value": 0.0, "scaled_age": 0.04285714285714286}, "12": {"bias": -0.5, "objective_cosine_similarity": -0.3237744183892342, "is_tight": 1.0, "dual_solution_value": -0.0009730978880056444, "scaled_age": 0.0}, "13": {"bias": -0.7071067811865475, "objective_cosine_similarity": -0.16550102661524668, "is_tight": 1.0, "dual_solution_value": -0.00975333464578587, "scaled_age": 0.0}, "14": {"bias": -0.5773502691896258, "objective_cosine_similarity": -0.19368779873230776, "is_tight": 0.0, "dual_solution_value": 0.0, "scaled_age": 0.3}, "15": {"bias": -0.3779644730092272, "objective_cosine_similarity": -0.3656512819307021, "is_tight": 0.0, "dual_solution_value": 0.0, "scaled_age": 0.3}, "16": {"bias": -0.5, "objective_cosine_similarity": -0.2886663489253413, "is_tight": 0.0, "dual_solution_value": 0.0, "scaled_age": 0.05714285714285714}, "17": {"bias": -0.5773502691896258, "objective_cosine_similarity": -0.14864412460851525, "is_tight": 1.0, "dual_solution_value": -0.0003200241319072754, "scaled_age": 0.0}, "18": {"bias": -0.3779644730092272, "objective_cosine_similarity": -0.44526889977045175, "is_tight": 0.0, "dual_solution_value": 0.0, "scaled_age": 0.21428571428571427}, "19": {"bias": -0.4472135954999579, "objective_cosine_similarity": -0.5059148592269828, "is_tight": 0.0, "dual_solution_value": 0.0, "scaled_age": 0.18571428571428572}, "20": {"bias": -0.4472135954999579, "objective_cosine_similarity": -0.37333027542956654, "is_tight": 0.0, "dual_solution_value": 0.0, "scaled_age": 0.3}, "21": {"bias": -0.4472135954999579, "objective_cosine_similarity": -0.3244833235042027, "is_tight": 0.0, "dual_solution_value": 0.0, "scaled_age": 0.3}, "22": {"bias": -0.4082482904638631, "objective_cosine_similarity": -0.4363544176881226, "is_tight": 0.0, "dual_solution_value": 0.0, "scaled_age": 0.3}, "23": {"bias": -0.5, "objective_cosine_similarity": -0.35498159124602785, "is_tight": 0.0, "dual_solution_value": 0.0, "scaled_age": 0.014285714285714285}, "24": {"bias": -0.4472135954999579, "objective_cosine_similarity": -0.5094039272216515, "is_tight": 0.0, "dual_solution_value": 0.0, "scaled_age": 0.3}, "25": {"bias": -0.5, "objective_cosine_similarity": -0.29646814213953976, "is_tight": 0.0, "dual_solution_value": 0.0, "scaled_age": 0.3}, "26": {"bias": -0.5773502691896258, "objective_cosine_similarity": -0.252244575093238, "is_tight": 0.0, "dual_solution_value": 0.0, "scaled_age": 0.05714285714285714}, "27": {"bias": -0.5773502691896258, "objective_cosine_similarity": -0.2792707795675135, "is_tight": 1.0, "dual_solution_value": -0.013375471797946483, "scaled_age": 0.0}, "28": {"bias": -0.5773502691896258, "objective_cosine_similarity": -0.40539306711413253, "is_tight": 1.0, "dual_solution_value": -0.023055157727360637, "scaled_age": 0.0}, "29": {"bias": -0.4472135954999579, "objective_cosine_similarity": -0.38030841141890426, "is_tight": 0.0, "dual_solution_value": 0.0, "scaled_age": 0.3}, "30": {"bias": -0.5, "objective_cosine_similarity": -0.18724303714076193, "is_tight": 0.0, "dual_solution_value": 0.0, "scaled_age": 0.3}, "31": {"bias": -0.5, "objective_cosine_similarity": -0.40959414374541675, "is_tight": 0.0, "dual_solution_value": 0.0, "scaled_age": 0.3}, "32": {"bias": -0.5773502691896258, "objective_cosine_similarity": -0.30179261662940976, "is_tight": 0.0, "dual_solution_value": 0.0, "scaled_age": 0.3}, "33": {"bias": -0.4472135954999579, "objective_cosine_similarity": -0.42566629534959927, "is_tight": 0.0, "dual_solution_value": 0.0, "scaled_age": 0.2571428571428571}, "34": {"bias": -0.5, "objective_cosine_similarity": -0.48371117928030166, "is_tight": 0.0, "dual_solution_value": 0.0, "scaled_age": 0.3}, "35": {"bias": -0.5, "objective_cosine_similarity": -0.3783869708886231, "is_tight": 0.0, "dual_solution_value": 0.0, "scaled_age": 0.014285714285714285}, "36": {"bias": -0.5, "objective_cosine_similarity": -0.3354771082105318, "is_tight": 1.0, "dual_solution_value": -0.001789464529263822, "scaled_age": 0.0}, "37": {"bias": -0.4472135954999579, "objective_cosine_similarity": -0.3523958674615535, "is_tight": 0.0, "dual_solution_value": 0.0, "scaled_age": 0.3}, "38": {"bias": -0.4472135954999579, "objective_cosine_similarity": -0.4361334993336058, "is_tight": 0.0, "dual_solution_value": 0.0, "scaled_age": 0.12857142857142856}, "39": {"bias": -0.4472135954999579, "objective_cosine_similarity": -0.40473188738158616, "is_tight": 0.0, "dual_solution_value": 0.0, "scaled_age": 0.15714285714285714}, "40": {"bias": -0.5, "objective_cosine_similarity": -0.18334214053366274, "is_tight": 0.0, "dual_solution_value": 0.0, "scaled_age": 0.1}, "41": {"bias": -0.5, "objective_cosine_similarity": -0.3237744183892342, "is_tight": 0.0, "dual_solution_value": 0.0, "scaled_age": 0.3}, "42": {"bias": -0.5, "objective_cosine_similarity": -0.23405379642595242, "is_tight": 0.0, "dual_solution_value": 0.0, "scaled_age": 0.3}, "43": {"bias": -0.4472135954999579, "objective_cosine_similarity": -0.3837974794135731, "is_tight": 0.0, "dual_solution_value": 0.0, "scaled_age": 0.3}, "44": {"bias": -0.4472135954999579, "objective_cosine_similarity": -0.47800231526963194, "is_tight": 0.0, "dual_solution_value": 0.0, "scaled_age": 0.3}, "45": {"bias": -0.5, "objective_cosine_similarity": -0.1560358642839683, "is_tight": 0.0, "dual_solution_value": 0.0, "scaled_age": 0.3}, "46": {"bias": -0.7071067811865475, "objective_cosine_similarity": -0.2041179328254709, "is_tight": 1.0, "dual_solution_value": -0.030506552374297148, "scaled_age": 0.0}, "47": {"bias": -0.4472135954999579, "objective_cosine_similarity": -0.3837974794135731, "is_tight": 0.0, "dual_solution_value": 0.0, "scaled_age": 0.14285714285714285}, "48": {"bias": -0.4472135954999579, "objective_cosine_similarity": -0.3907756154029108, "is_tight": 0.0, "dual_solution_value": 0.0, "scaled_age": 0.3}, "49": {"bias": -0.4472135954999579, "objective_cosine_similarity": -0.5617399471416843, "is_tight": 1.0, "dual_solution_value": -0.0029380270649805524, "scaled_age": 0.0}, "50": {"bias": -0.5773502691896258,