{"0": {"bias": -1.0, "objective_cosine_similarity": -0.8992112421927391, "is_tight": 1.0, "dual_solution_value": -0.0008489517268158485, "scaled_age": 0.0}, "1": {"bias": -1.0047596651601935, "objective_cosine_similarity": -0.9708321446223444, "is_tight": 0.0, "dual_solution_value": -0.0, "scaled_age": 0.020202020202020204}, "2": {"bias": -0.9334918099012968, "objective_cosine_similarity": -0.9573229334522062, "is_tight": 0.0, "dual_solution_value": -0.0, "scaled_age": 0.08080808080808081}, "3": {"bias": -1.0581883281928437, "objective_cosine_similarity": -0.9643321666829345, "is_tight": 0.0, "dual_solution_value": 0.0, "scaled_age": 0.010101010101010102}, "4": {"bias": -0.9982117444423771, "objective_cosine_similarity": -0.9615817422232765, "is_tight": 0.0, "dual_solution_value": 0.0, "scaled_age": 0.10101010101010101}, "5": {"bias": -1.0421600130772564, "objective_cosine_similarity": -0.9742530771323821, "is_tight": 0.0, "dual_solution_value": 0.0, "scaled_age": 0.030303030303030304}, "6": {"bias": -1.0105709759733998, "objective_cosine_similarity": -0.9523622851812236, "is_tight": 1.0, "dual_solution_value": -0.0010289226252829017, "scaled_age": 0.0}, "7": {"bias": -1.0522806555973152, "objective_cosine_similarity": -0.9774096942841937, "is_tight": 1.0, "dual_solution_value": -0.011048747268124874, "scaled_age": 0.0}, "8": {"bias": -0.4472135954999579, "objective_cosine_similarity": -0.3102218943955701, "is_tight": 0.0, "dual_solution_value": 0.0, "scaled_age": 0.23232323232323232}, "9": {"bias": -0.4082482904638631, "objective_cosine_similarity": -0.31465838776377636, "is_tight": 0.0, "dual_solution_value": 0.0, "scaled_age": 0.23232323232323232}, "10": {"bias": -0.35355339059327373, "objective_cosine_similarity": -0.3633362097563798, "is_tight": 0.0, "dual_solution_value": 0.0, "scaled_age": 0.23232323232323232}, "11": {"bias": -0.4082482904638631, "objective_cosine_similarity": -0.44576604933201647, "is_tight": 0.0, "dual_solution_value": 0.0, "scaled_age": 0.23232323232323232}, "12": {"bias": -0.3779644730092272, "objective_cosine_similarity": -0.5049495705864646, "is_tight": 0.0, "dual_solution_value": 0.0, "scaled_age": 0.12121212121212122}, "13": {"bias": -0.3333333333333333, "objective_cosine_similarity": -0.33399274710016014, "is_tight": 0.0, "dual_solution_value": 0.0, "scaled_age": 0.23232323232323232}, "14": {"bias": -0.3333333333333333, "objective_cosine_similarity": -0.48386128746561663, "is_tight": 0.0, "dual_solution_value": 0.0, "scaled_age": 0.23232323232323232}, "15": {"bias": -0.5773502691896258, "objective_cosine_similarity": -0.34116218894232164, "is_tight": 1.0, "dual_solution_value": -0.041825424903105965, "scaled_age": 0.0}, "16": {"bias": -0.4472135954999579, "objective_cosine_similarity": -0.4653328415933551, "is_tight": 0.0, "dual_solution_value": 0.0, "scaled_age": 0.16161616161616163}, "17": {"bias": -0.5, "objective_cosine_similarity": -0.23764868543665243, "is_tight": 0.0, "dual_solution_value": 0.0, "scaled_age": 0.23232323232323232}, "18": {"bias": -0.4472135954999579, "objective_cosine_similarity": -0.37341524325392694, "is_tight": 0.0, "dual_solution_value": 0.0, "scaled_age": 0.23232323232323232}, "19": {"bias": -0.3333333333333333, "objective_cosine_similarity": -0.5438087036117992, "is_tight": 0.0, "dual_solution_value": 0.0, "scaled_age": 0.23232323232323232}, "20": {"bias": -0.4472135954999579, "objective_cosine_similarity": -0.4595879916971408, "is_tight": 1.0, "dual_solution_value": -0.0007863323505138497, "scaled_age": 0.0}, "21": {"bias": -0.35355339059327373, "objective_cosine_similarity": -0.4723370726832937, "is_tight": 0.0, "dual_solution_value": 0.0, "scaled_age": 0.23232323232323232}, "22": {"bias": -0.4472135954999579, "objective_cosine_similarity": -0.419374042423641, "is_tight": 1.0, "dual_solution_value": -8.779715777119757e-05, "scaled_age": 0.0}, "23": {"bias": -0.3333333333333333, "objective_cosine_similarity": -0.6037561197579818, "is_tight": 0.0, "dual_solution_value": 0.0, "scaled_age": 0.23232323232323232}, "24": {"bias": -0.5, "objective_cosine_similarity": -0.34683862198862786, "is_tight": 0.0, "dual_solution_value": 0.0, "scaled_age": 0.15151515151515152}, "25": {"bias": -0.5, "objective_cosine_similarity": -0.22480281054818474, "is_tight": 0.0, "dual_solution_value": 0.0, "scaled_age": 0.23232323232323232}, "26": {"bias": -0.4472135954999579, "objective_cosine_similarity": -0.3676703933577127, "is_tight": 0.0, "dual_solution_value": 0.0, "scaled_age": 0.23232323232323232}, "27": {"bias": -0.4472135954999579, "objective_cosine_similarity": -0.41362919252742675, "is_tight": 0.0, "dual_solution_value": 0.0, "scaled_age": 0.23232323232323232}, "28": {"bias": -0.5773502691896258, "objective_cosine_similarity": -0.5117432834134825, "is_tight": 1.0, "dual_solution_value": -0.032106382191510636, "scaled_age": 0.0}, "29": {"bias": -0.5773502691896258, "objective_cosine_similarity": -0.34116218894232164, "is_tight": 1.0, "dual_solution_value": -0.009997542016436677, "scaled_age": 0.0}, "30": {"bias": -0.4472135954999579, "objective_cosine_similarity": -0.3446909937728556, "is_tight": 0.0, "dual_solution_value": 0.0, "scaled_age": 0.23232323232323232}, "31": {"bias": -0.3333333333333333, "objective_cosine_similarity": -0.47529737087330487, "is_tight": 0.0, "dual_solution_value": 0.0, "scaled_age": 0.23232323232323232}, "32": {"bias": -0.3779644730092272, "objective_cosine_similarity": -0.5437918452469619, "is_tight": 0.0, "dual_solution_value": 0.0, "scaled_age": 0.23232323232323232}, "33": {"bias": -0.35355339059327373, "objective_cosine_similarity": -0.5313792067687054, "is_tight": 0.0, "dual_solution_value": 0.0, "scaled_age": 0.23232323232323232}, "34": {"bias": -0.4472135954999579, "objective_cosine_similarity": -0.2470285455372132, "is_tight": 0.0, "dual_solution_value": 0.0, "scaled_age": 0.23232323232323232}, "35": {"bias": -0.4082482904638631, "objective_cosine_similarity": -0.23074948436010265, "is_tight": 0.0, "dual_solution_value": 0.0, "scaled_age": 0.23232323232323232}, "36": {"bias": -0.3779644730092272, "objective_cosine_similarity": -0.4758178645910916, "is_tight": 0.0, "dual_solution_value": 0.0, "scaled_age": 0.23232323232323232}, "37": {"bias": -0.7071067811865475, "objective_cosine_similarity": -0.11808426817082343, "is_tight": 0.0, "dual_solution_value": 0.0, "scaled_age": 0.1111111111111111}, "38": {"bias": -0.5773502691896258, "objective_cosine_similarity": -0.23733021839465854, "is_tight": 1.0, "dual_solution_value": -0.03632730185049286, "scaled_age": 0.0}, "39": {"bias": -0.4082482904638631, "objective_cosine_similarity": -0.5086977268847718, "is_tight": 0.0, "dual_solution_value": 0.0, "scaled_age": 0.23232323232323232}, "40": {"bias": -0.4082482904638631, "objective_cosine_similarity": -0.545407872123879, "is_tight": 0.0, "dual_solution_value": 0.0, "scaled_age": 0.23232323232323232}, "41": {"bias": -0.7071067811865475, "objective_cosine_similarity": -0.06358383670736646, "is_tight": 0.0, "dual_solution_value": 0.0, "scaled_age": 0.13131313131313133}, "42": {"bias": -0.3779644730092272, "objective_cosine_similarity": -0.3447251876119133, "is_tight": 0.0, "dual_solution_value": 0.0, "scaled_age": 0.23232323232323232}, "43": {"bias": -0.5, "objective_cosine_similarity": -0.35326155943286175, "is_tight": 0.0, "dual_solution_value": 0.0, "scaled_age": 0.13131313131313133}, "44": {"bias": -0.4472135954999579, "objective_cosine_similarity": -0.5112916407630692, "is_tight": 1.0, "dual_solution_value": -0.0019833498003774108, "scaled_age": 0.0}, "45": {"bias": -0.3779644730092272, "objective_cosine_similarity": -0.3932780309375349, "is_tight": 0.0, "dual_solution_value": 0.0, "scaled_age": 0.23232323232323232}, "46": {"bias": -0.31622776601683794, "objective_cosine_similarity": -0.584960013865719, "is_tight": 0.0, "dual_solution_value": 0.0, "scaled_age": 0.23232323232323232}, "47": {"bias": -0.3779644730092272, "objective_cosine_similarity": -0.32530405028166465,