{"0": {"bias": -1.237705495510552, "objective_cosine_similarity": -0.872789367867479, "is_tight": 1.0, "dual_solution_value": -0.0008052975290410513, "scaled_age": 0.0}, "1": {"bias": -1.386750490563073, "objective_cosine_similarity": -0.819886950045507, "is_tight": 0.0, "dual_solution_value": -0.0, "scaled_age": 0.012345679012345678}, "2": {"bias": -1.03209369308428, "objective_cosine_similarity": -0.7221647512874853, "is_tight": 0.0, "dual_solution_value": -0.0, "scaled_age": 0.012345679012345678}, "3": {"bias": -1.414213562373095, "objective_cosine_similarity": -0.831456944841178, "is_tight": 0.0, "dual_solution_value": -0.0, "scaled_age": 0.09876543209876543}, "4": {"bias": -1.059625885652035, "objective_cosine_similarity": -0.7324900429820163, "is_tight": 1.0, "dual_solution_value": -0.0002806370177351959, "scaled_age": 0.0}, "5": {"bias": -0.8728715609439696, "objective_cosine_similarity": -0.6807110166058469, "is_tight": 0.0, "dual_solution_value": -0.0, "scaled_age": 0.04938271604938271}, "6": {"bias": -1.0, "objective_cosine_similarity": -0.6850196043088691, "is_tight": 0.0, "dual_solution_value": -0.0, "scaled_age": 0.04938271604938271}, "7": {"bias": -0.6324555320336759, "objective_cosine_similarity": -0.676669812349759, "is_tight": 1.0, "dual_solution_value": -0.0006047021801189669, "scaled_age": 0.0}, "8": {"bias": -1.3043526598566395, "objective_cosine_similarity": -0.8951450769692884, "is_tight": 0.0, "dual_solution_value": 0.0, "scaled_age": 0.07407407407407407}, "9": {"bias": -0.7071067811865475, "objective_cosine_similarity": -0.09333933206488852, "is_tight": 1.0, "dual_solution_value": -0.009318694945537578, "scaled_age": 0.0}, "10": {"bias": -0.5, "objective_cosine_similarity": -0.11810682832911534, "is_tight": 0.0, "dual_solution_value": 0.0, "scaled_age": 0.2716049382716049}, "11": {"bias": -0.5, "objective_cosine_similarity": -0.14937040053388118, "is_tight": 0.0, "dual_solution_value": 0.0, "scaled_age": 0.12345679012345678}, "12": {"bias": -0.5, "objective_cosine_similarity": -0.2188450054333608, "is_tight": 0.0, "dual_solution_value": 0.0, "scaled_age": 0.2716049382716049}, "13": {"bias": -0.4472135954999579, "objective_cosine_similarity": -0.3883748481629409, "is_tight": 0.0, "dual_solution_value": 0.0, "scaled_age": 0.09876543209876543}, "14": {"bias": -0.7071067811865475, "objective_cosine_similarity": -0.09825192848935634, "is_tight": 1.0, "dual_solution_value": -7.27278116937845e-05, "scaled_age": 0.0}, "15": {"bias": -0.7071067811865475, "objective_cosine_similarity": -0.01473778927340345, "is_tight": 0.0, "dual_solution_value": 0.0, "scaled_age": 0.08641975308641975}, "16": {"bias": -0.4472135954999579, "objective_cosine_similarity": -0.3945888457335479, "is_tight": 0.0, "dual_solution_value": 0.0, "scaled_age": 0.037037037037037035}, "17": {"bias": -0.4472135954999579, "objective_cosine_similarity": -0.3324488700274774, "is_tight": 0.0, "dual_solution_value": 0.0, "scaled_age": 0.2716049382716049}, "18": {"bias": -0.7071067811865475, "objective_cosine_similarity": -0.0589511570936138, "is_tight": 1.0, "dual_solution_value": -0.0004335880680217639, "scaled_age": 0.0}, "19": {"bias": -0.7071067811865475, "objective_cosine_similarity": -0.08351413921595288, "is_tight": 0.0, "dual_solution_value": 0.0, "scaled_age": 0.16049382716049382}, "20": {"bias": -0.3779644730092272, "objective_cosine_similarity": -0.4017616661538482, "is_tight": 0.0, "dual_solution_value": 0.0, "scaled_age": 0.2716049382716049}, "21": {"bias": -0.4472135954999579, "objective_cosine_similarity": -0.1833129283329081, "is_tight": 0.0, "dual_solution_value": 0.0, "scaled_age": 0.18518518518518517}, "22": {"bias": -0.5, "objective_cosine_similarity": -0.3334781035175022, "is_tight": 0.0, "dual_solution_value": 0.0, "scaled_age": 0.13580246913580246}, "23": {"bias": -0.4472135954999579, "objective_cosine_similarity": -0.28273688946262093, "is_tight": 0.0, "dual_solution_value": 0.0, "scaled_age": 0.2716049382716049}, "24": {"bias": -0.5, "objective_cosine_similarity": -0.1250542888190633, "is_tight": 0.0, "dual_solution_value": 0.0, "scaled_age": 0.2716049382716049}, "25": {"bias": -0.4472135954999579, "objective_cosine_similarity": -0.3200208748862633, "is_tight": 0.0, "dual_solution_value": 0.0, "scaled_age": 0.2716049382716049}, "26": {"bias": -0.5773502691896258, "objective_cosine_similarity": -0.18852255465062004, "is_tight": 1.0, "dual_solution_value": -4.479313173787633e-06, "scaled_age": 0.0}, "27": {"bias": -0.3779644730092272, "objective_cosine_similarity": -0.28097057698341016, "is_tight": 0.0, "dual_solution_value": 0.0, "scaled_age": 0.2716049382716049}, "28": {"bias": -0.3779644730092272, "objective_cosine_similarity": -0.33874022832579354, "is_tight": 0.0, "dual_solution_value": 0.0, "scaled_age": 0.2716049382716049}, "29": {"bias": -0.5773502691896258, "objective_cosine_similarity": -0.11632242733761662, "is_tight": 0.0, "dual_solution_value": 0.0, "scaled_age": 0.19753086419753085}, "30": {"bias": -0.3779644730092272, "objective_cosine_similarity": -0.5120491823529437, "is_tight": 1.0, "dual_solution_value": -4.238005767156031e-05, "scaled_age": 0.0}, "31": {"bias": -0.4472135954999579, "objective_cosine_similarity": -0.3138068773156562, "is_tight": 0.0, "dual_solution_value": 0.0, "scaled_age": 0.2716049382716049}, "32": {"bias": -0.5, "objective_cosine_similarity": -0.2535823078831006, "is_tight": 0.0, "dual_solution_value": 0.0, "scaled_age": 0.04938271604938271}, "33": {"bias": -0.3333333333333333, "objective_cosine_similarity": -0.35432048498734603, "is_tight": 0.0, "dual_solution_value": 0.0, "scaled_age": 0.2716049382716049}, "34": {"bias": -0.5, "objective_cosine_similarity": -0.24316111714817865, "is_tight": 1.0, "dual_solution_value": -0.00023708873134172618, "scaled_age": 0.0}, "35": {"bias": -0.5773502691896258, "objective_cosine_similarity": -0.3128672183563481, "is_tight": 0.0, "dual_solution_value": 0.0, "scaled_age": 0.2716049382716049}, "36": {"bias": -0.5, "objective_cosine_similarity": -0.28137214984289244, "is_tight": 1.0, "dual_solution_value": -0.0028188221086983983, "scaled_age": 0.0}, "37": {"bias": -0.35355339059327373, "objective_cosine_similarity": -0.3193187675904081, "is_tight": 0.0, "dual_solution_value": 0.0, "scaled_age": 0.2716049382716049}, "38": {"bias": -0.4472135954999579, "objective_cosine_similarity": -0.24545290403897863, "is_tight": 0.0, "dual_solution_value": 0.0, "scaled_age": 0.024691358024691357}, "39": {"bias": -0.5, "objective_cosine_similarity": -0.2640034986180225, "is_tight": 0.0, "dual_solution_value": 0.0, "scaled_age": 0.2716049382716049}, "40": {"bias": -0.5, "objective_cosine_similarity": -0.3473730244973981, "is_tight": 1.0, "dual_solution_value": -0.008435041164751272, "scaled_age": 0.0}, "41": {"bias": -0.5, "objective_cosine_similarity": -0.35432048498734603, "is_tight": 0.0, "dual_solution_value": 0.0, "scaled_age": 0.1111111111111111}, "42": {"bias": -0.5773502691896258, "objective_cosine_similarity": -0.5214453639272469, "is_tight": 1.0, "dual_solution_value": -0.0003647253466486966, "scaled_age": 0.0}, "43": {"bias": -0.5773502691896258, "objective_cosine_similarity": -0.1845114364665643, "is_tight": 1.0, "dual_solution_value": -0.003661890099390342, "scaled_age": 0.0}, "44": {"bias": -0.5773502691896258, "objective_cosine_similarity": -0.1845114364665643, "is_tight": 0.0, "dual_solution_value": 0.0, "scaled_age": 0.2716049382716049}, "45": {"bias": -0.4082482904638631, "objective_cosine_similarity": -0.42260704134488664, "is_tight": 0.0, "dual_solution_value": 0.0, "scaled_age": 0.2716049382716049}, "46": {"bias": -0.5773502691896258, "objective_cosine_similarity": -0.1684669637303413, "is_tight": 1.0, "dual_solution_value": -0.018366530129118635, "scaled_age": 0.0}, "47": {"bias": -0.5, "objective_cosine_similarity": -0.28137214984289244, "is_tight": 0.0, "dual_solution_value": 0.0, "scaled_age": 0.2716049382716049}, "48": {"bias": -0.4472135954999579,