{"0": {"bias": -1.090935765785696, "objective_cosine_similarity": -0.9196185342476418, "is_tight": 0.0, "dual_solution_value": -0.0, "scaled_age": 0.19718309859154928}, "1": {"bias": -1.2632405836765064, "objective_cosine_similarity": -0.852107682989052, "is_tight": 1.0, "dual_solution_value": -4.616946843417009e-06, "scaled_age": 0.0}, "2": {"bias": -0.9045340337332909, "objective_cosine_similarity": -0.6776738634077044, "is_tight": 0.0, "dual_solution_value": -0.0, "scaled_age": 0.16901408450704225}, "3": {"bias": -1.1428571428571428, "objective_cosine_similarity": -0.886886839276949, "is_tight": 1.0, "dual_solution_value": -8.139684578043593e-05, "scaled_age": 0.0}, "4": {"bias": -0.9899494936611665, "objective_cosine_similarity": -0.8607917062934658, "is_tight": 0.0, "dual_solution_value": -0.0, "scaled_age": 0.19718309859154928}, "5": {"bias": -1.1952799734271604, "objective_cosine_similarity": -0.93308801442203, "is_tight": 1.0, "dual_solution_value": -3.419056647187626e-08, "scaled_age": 0.0}, "6": {"bias": -1.2406528885576829, "objective_cosine_similarity": -0.9307146927564316, "is_tight": 0.0, "dual_solution_value": -0.0, "scaled_age": 0.014084507042253521}, "7": {"bias": -1.1000381964338537, "objective_cosine_similarity": -0.893194906499483, "is_tight": 1.0, "dual_solution_value": -0.00022958485366993237, "scaled_age": 0.0}, "8": {"bias": -0.75, "objective_cosine_similarity": -0.6165685903192488, "is_tight": 0.0, "dual_solution_value": -0.0, "scaled_age": 0.19718309859154928}, "9": {"bias": -1.1948400177224057, "objective_cosine_similarity": -0.801411351470267, "is_tight": 0.0, "dual_solution_value": -0.0, "scaled_age": 0.04225352112676056}, "10": {"bias": -0.7745966692414834, "objective_cosine_similarity": -0.7120747366002427, "is_tight": 1.0, "dual_solution_value": -0.000254996761605503, "scaled_age": 0.0}, "11": {"bias": -1.1767156607487816, "objective_cosine_similarity": -0.8633080067964397, "is_tight": 0.0, "dual_solution_value": -0.0, "scaled_age": 0.16901408450704225}, "12": {"bias": -0.8574929257125441, "objective_cosine_similarity": -0.8073792776785548, "is_tight": 0.0, "dual_solution_value": -0.0, "scaled_age": 0.056338028169014086}, "13": {"bias": -1.1547005383792515, "objective_cosine_similarity": -0.895025476009497, "is_tight": 1.0, "dual_solution_value": -1.2899932635041298e-06, "scaled_age": 0.0}, "14": {"bias": -0.5773502691896258, "objective_cosine_similarity": -0.30161516824771456, "is_tight": 0.0, "dual_solution_value": 0.0, "scaled_age": 0.3380281690140845}, "15": {"bias": -0.4082482904638631, "objective_cosine_similarity": -0.3422305819439756, "is_tight": 0.0, "dual_solution_value": 0.0, "scaled_age": 0.3380281690140845}, "16": {"bias": -0.4472135954999579, "objective_cosine_similarity": -0.29882920370828864, "is_tight": 0.0, "dual_solution_value": 0.0, "scaled_age": 0.3380281690140845}, "17": {"bias": -0.5, "objective_cosine_similarity": -0.37054861093078006, "is_tight": 0.0, "dual_solution_value": 0.0, "scaled_age": 0.3380281690140845}, "18": {"bias": -0.4082482904638631, "objective_cosine_similarity": -0.5406251222013527, "is_tight": 0.0, "dual_solution_value": 0.0, "scaled_age": 0.09859154929577464}, "19": {"bias": -0.5, "objective_cosine_similarity": -0.17616245437692823, "is_tight": 0.0, "dual_solution_value": 0.0, "scaled_age": 0.3380281690140845}, "20": {"bias": -0.5773502691896258, "objective_cosine_similarity": -0.30161516824771456, "is_tight": 0.0, "dual_solution_value": 0.0, "scaled_age": 0.11267605633802817}, "21": {"bias": -0.4472135954999579, "objective_cosine_similarity": -0.25536313771435576, "is_tight": 0.0, "dual_solution_value": 0.0, "scaled_age": 0.3380281690140845}, "22": {"bias": -0.5, "objective_cosine_similarity": -0.19438615655385183, "is_tight": 0.0, "dual_solution_value": 0.0, "scaled_age": 0.3380281690140845}, "23": {"bias": -0.4082482904638631, "objective_cosine_similarity": -0.30751153739893455, "is_tight": 0.0, "dual_solution_value": 0.0, "scaled_age": 0.3380281690140845}, "24": {"bias": -0.4472135954999579, "objective_cosine_similarity": -0.22276358821890607, "is_tight": 0.0, "dual_solution_value": 0.0, "scaled_age": 0.3380281690140845}, "25": {"bias": -0.4472135954999579, "objective_cosine_similarity": -0.5052930171794698, "is_tight": 1.0, "dual_solution_value": -0.024450912344345987, "scaled_age": 0.0}, "26": {"bias": -0.5, "objective_cosine_similarity": -0.21260985873077545, "is_tight": 0.0, "dual_solution_value": 0.0, "scaled_age": 0.3380281690140845}, "27": {"bias": -0.4472135954999579, "objective_cosine_similarity": -0.25536313771435576, "is_tight": 0.0, "dual_solution_value": 0.0, "scaled_age": 0.3380281690140845}, "28": {"bias": -0.4472135954999579, "objective_cosine_similarity": -0.35859504444994633, "is_tight": 0.0, "dual_solution_value": 0.0, "scaled_age": 0.3380281690140845}, "29": {"bias": -0.5, "objective_cosine_similarity": -0.3098029370077014, "is_tight": 0.0, "dual_solution_value": 0.0, "scaled_age": 0.3380281690140845}, "30": {"bias": -0.5, "objective_cosine_similarity": -0.4373688522461666, "is_tight": 0.0, "dual_solution_value": 0.0, "scaled_age": 0.04225352112676056}, "31": {"bias": -0.7071067811865475, "objective_cosine_similarity": -0.12886103387626732, "is_tight": 1.0, "dual_solution_value": -4.1047490598292976e-05, "scaled_age": 0.0}, "32": {"bias": -0.5773502691896258, "objective_cosine_similarity": -0.23848641210284408, "is_tight": 0.0, "dual_solution_value": 0.0, "scaled_age": 0.3380281690140845}, "33": {"bias": -0.4472135954999579, "objective_cosine_similarity": -0.4400939181885705, "is_tight": 0.0, "dual_solution_value": 0.0, "scaled_age": 0.04225352112676056}, "34": {"bias": -0.4082482904638631, "objective_cosine_similarity": -0.5059060776563117, "is_tight": 0.0, "dual_solution_value": 0.0, "scaled_age": 0.3380281690140845}, "35": {"bias": -0.5, "objective_cosine_similarity": -0.3462503413615486, "is_tight": 1.0, "dual_solution_value": -0.005572586144618287, "scaled_age": 0.0}, "36": {"bias": -0.5, "objective_cosine_similarity": -0.20653529133846757, "is_tight": 0.0, "dual_solution_value": 0.0, "scaled_age": 0.3380281690140845}, "37": {"bias": -0.5, "objective_cosine_similarity": -0.4312942848538588, "is_tight": 0.0, "dual_solution_value": 0.0, "scaled_age": 0.3380281690140845}, "38": {"bias": -0.4082482904638631, "objective_cosine_similarity": -0.312471400905369, "is_tight": 0.0, "dual_solution_value": 0.0, "scaled_age": 0.3380281690140845}, "39": {"bias": -0.4082482904638631, "objective_cosine_similarity": -0.3521503089568444, "is_tight": 0.0, "dual_solution_value": 0.0, "scaled_age": 0.3380281690140845}, "40": {"bias": -0.5773502691896258, "objective_cosine_similarity": -0.28758655577107667, "is_tight": 0.0, "dual_solution_value": 0.0, "scaled_age": 0.3380281690140845}, "41": {"bias": -0.35355339059327373, "objective_cosine_similarity": -0.386583101628802, "is_tight": 0.0, "dual_solution_value": 0.0, "scaled_age": 0.3380281690140845}, "42": {"bias": -0.35355339059327373, "objective_cosine_similarity": -0.37369699824117525, "is_tight": 0.0, "dual_solution_value": 0.0, "scaled_age": 0.3380281690140845}, "43": {"bias": -0.4472135954999579, "objective_cosine_similarity": -0.29882920370828864, "is_tight": 0.0, "dual_solution_value": 0.0, "scaled_age": 0.3380281690140845}, "44": {"bias": -0.5773502691896258, "objective_cosine_similarity": -0.28758655577107667, "is_tight": 1.0, "dual_solution_value": -8.27383595497044e-05, "scaled_age": 0.0}, "45": {"bias": -0.5, "objective_cosine_similarity": -0.3644740435384722, "is_tight": 0.0, "dual_solution_value": 0.0, "scaled_age": 0.3380281690140845}, "46": {"bias": -0.5, "objective_cosine_similarity": -0.41307058267693514, "is_tight": 0.0, "dual_solution_value": 0.0, "scaled_age": 0.15492957746478872}, "47": {"bias": -0.5773502691896258, "objective_cosine_similarity": -0.3226580869626714, "is_tight": 1.0, "dual_solution_value": -0.0006319642255147689, "scaled_age": 0.0}, "48": {"bias": -0.4472135954999579,