{"0": {"bias": -1.2060453783110545, "objective_cosine_similarity": -0.8072638057250857, "is_tight": 0.0, "dual_solution_value": -0.0, "scaled_age": 0.06542056074766354}, "1": {"bias": -0.75, "objective_cosine_similarity": -0.7515263819607565, "is_tight": 0.0, "dual_solution_value": -0.0, "scaled_age": 0.056074766355140186}, "2": {"bias": -1.1470786693528088, "objective_cosine_similarity": -0.785208466994988, "is_tight": 0.0, "dual_solution_value": -0.0, "scaled_age": 0.09345794392523364}, "3": {"bias": -0.7559289460184544, "objective_cosine_similarity": -0.694239732121404, "is_tight": 1.0, "dual_solution_value": -0.027017996583045413, "scaled_age": 0.0}, "4": {"bias": -1.2374368670764582, "objective_cosine_similarity": -0.9137757645288709, "is_tight": 0.0, "dual_solution_value": -0.0, "scaled_age": 0.06542056074766354}, "5": {"bias": -1.3315005718713655, "objective_cosine_similarity": -0.9263943883561557, "is_tight": 1.0, "dual_solution_value": -4.57747456636709e-07, "scaled_age": 0.0}, "6": {"bias": -1.2852537232413692, "objective_cosine_similarity": -0.9566667138463216, "is_tight": 0.0, "dual_solution_value": -0.0, "scaled_age": 0.037383177570093455}, "7": {"bias": -1.2719974560076321, "objective_cosine_similarity": -0.9437044696509014, "is_tight": 0.0, "dual_solution_value": -0.0, "scaled_age": 0.04672897196261682}, "8": {"bias": -1.1595018087284057, "objective_cosine_similarity": -0.9373890210749821, "is_tight": 0.0, "dual_solution_value": -0.0, "scaled_age": 0.028037383177570093}, "9": {"bias": -1.1785113019775793, "objective_cosine_similarity": -0.9261960176389722, "is_tight": 0.0, "dual_solution_value": -0.0, "scaled_age": 0.028037383177570093}, "10": {"bias": -1.1832159566199232, "objective_cosine_similarity": -0.8067219886629361, "is_tight": 0.0, "dual_solution_value": -0.0, "scaled_age": 0.06542056074766354}, "11": {"bias": -1.0801234497346432, "objective_cosine_similarity": -0.8765953881793979, "is_tight": 0.0, "dual_solution_value": -0.0, "scaled_age": 0.09345794392523364}, "12": {"bias": -0.9622504486493763, "objective_cosine_similarity": -0.7968002584657148, "is_tight": 1.0, "dual_solution_value": -1.080018202411198e-05, "scaled_age": 0.0}, "13": {"bias": -1.2701353321580189, "objective_cosine_similarity": -0.9682603416622255, "is_tight": 0.0, "dual_solution_value": -0.0, "scaled_age": 0.09345794392523364}, "14": {"bias": -1.279761659256147, "objective_cosine_similarity": -0.9603656239683628, "is_tight": 0.0, "dual_solution_value": -0.0, "scaled_age": 0.028037383177570093}, "15": {"bias": -1.3049025943940886, "objective_cosine_similarity": -0.9654303904285478, "is_tight": 0.0, "dual_solution_value": -0.0, "scaled_age": 0.08411214953271028}, "16": {"bias": -1.2900197453512976, "objective_cosine_similarity": -0.9627786411914626, "is_tight": 1.0, "dual_solution_value": -1.0960499873555246e-05, "scaled_age": 0.0}, "17": {"bias": -1.2004900959975617, "objective_cosine_similarity": -0.9226409509862649, "is_tight": 0.0, "dual_solution_value": -0.0, "scaled_age": 0.07476635514018691}, "18": {"bias": -1.0327955589886444, "objective_cosine_similarity": -0.787835143120432, "is_tight": 0.0, "dual_solution_value": -0.0, "scaled_age": 0.009345794392523364}, "19": {"bias": -1.257941804066302, "objective_cosine_similarity": -0.9211764990123612, "is_tight": 0.0, "dual_solution_value": -0.0, "scaled_age": 0.009345794392523364}, "20": {"bias": -1.3272030326623945, "objective_cosine_similarity": -0.9394251796602734, "is_tight": 0.0, "dual_solution_value": -0.0, "scaled_age": 0.018691588785046728}, "21": {"bias": -1.4615071022706518, "objective_cosine_similarity": -0.9720013504731979, "is_tight": 1.0, "dual_solution_value": -0.006628347628322942, "scaled_age": 0.0}, "22": {"bias": -1.3873050451824427, "objective_cosine_similarity": -0.9805235171010115, "is_tight": 1.0, "dual_solution_value": -0.032584077795379654, "scaled_age": 0.0}, "23": {"bias": -1.4121780843792826, "objective_cosine_similarity": -0.9619873860367363, "is_tight": 1.0, "dual_solution_value": -0.004926475092881429, "scaled_age": 0.0}, "24": {"bias": -1.3974869762426696, "objective_cosine_similarity": -0.9731495471111612, "is_tight": 1.0, "dual_solution_value": -0.028747108579844288, "scaled_age": 0.0}, "25": {"bias": -1.3208644093421893, "objective_cosine_similarity": -0.8850289594653823, "is_tight": 1.0, "dual_solution_value": -0.06639108965291968, "scaled_age": 0.0}, "26": {"bias": -0.4082482904638631, "objective_cosine_similarity": -0.29707751117012215, "is_tight": 0.0, "dual_solution_value": 0.0, "scaled_age": 0.11214953271028037}, "27": {"bias": -0.3779644730092272, "objective_cosine_similarity": -0.31297692841538705, "is_tight": 0.0, "dual_solution_value": 0.0, "scaled_age": 0.11214953271028037}, "28": {"bias": -0.4082482904638631, "objective_cosine_similarity": -0.25200368188913813, "is_tight": 0.0, "dual_solution_value": 0.0, "scaled_age": 0.11214953271028037}, "29": {"bias": -0.7071067811865475, "objective_cosine_similarity": -0.21646726849033446, "is_tight": 0.0, "dual_solution_value": 0.0, "scaled_age": 0.11214953271028037}, "30": {"bias": -0.5773502691896258, "objective_cosine_similarity": -0.29264300401831705, "is_tight": 1.0, "dual_solution_value": -0.017384732911979228, "scaled_age": 0.0}, "31": {"bias": -0.4472135954999579, "objective_cosine_similarity": -0.3927628894370972, "is_tight": 0.0, "dual_solution_value": 0.0, "scaled_age": 0.11214953271028037}, "32": {"bias": -0.5, "objective_cosine_similarity": -0.14804693334118407, "is_tight": 0.0, "dual_solution_value": 0.0, "scaled_age": 0.028037383177570093}, "33": {"bias": -0.4472135954999579, "objective_cosine_similarity": -0.3007441553404059, "is_tight": 0.0, "dual_solution_value": 0.0, "scaled_age": 0.11214953271028037}, "34": {"bias": -0.4472135954999579, "objective_cosine_similarity": -0.2693231241854381, "is_tight": 0.0, "dual_solution_value": 0.0, "scaled_age": 0.11214953271028037}, "35": {"bias": -0.5, "objective_cosine_similarity": -0.3437699977583427, "is_tight": 0.0, "dual_solution_value": 0.0, "scaled_age": 0.037383177570093455}, "36": {"bias": -0.3779644730092272, "objective_cosine_similarity": -0.44196135951991017, "is_tight": 0.0, "dual_solution_value": 0.0, "scaled_age": 0.018691588785046728}, "37": {"bias": -0.5, "objective_cosine_similarity": -0.30864021696551935, "is_tight": 0.0, "dual_solution_value": 0.0, "scaled_age": 0.11214953271028037}, "38": {"bias": -0.5773502691896258, "objective_cosine_similarity": -0.2897455485329872, "is_tight": 0.0, "dual_solution_value": 0.0, "scaled_age": 0.11214953271028037}, "39": {"bias": -0.4472135954999579, "objective_cosine_similarity": -0.31645467091788976, "is_tight": 0.0, "dual_solution_value": 0.0, "scaled_age": 0.009345794392523364}, "40": {"bias": -0.5, "objective_cosine_similarity": -0.3563163480414939, "is_tight": 1.0, "dual_solution_value": -0.0001679558165602069, "scaled_age": 0.0}, "41": {"bias": -0.3779644730092272, "objective_cosine_similarity": -0.3888501231827536, "is_tight": 0.0, "dual_solution_value": 0.0, "scaled_age": 0.11214953271028037}, "42": {"bias": -0.5773502691896258, "objective_cosine_similarity": -0.3100277369302963, "is_tight": 1.0, "dual_solution_value": -0.010757584209796547, "scaled_age": 0.0}, "43": {"bias": -0.5, "objective_cosine_similarity": -0.21077868475694006, "is_tight": 0.0, "dual_solution_value": 0.0, "scaled_age": 0.11214953271028037}, "44": {"bias": -0.4082482904638631, "objective_cosine_similarity": -0.3749323072009128, "is_tight": 0.0, "dual_solution_value": 0.0, "scaled_age": 0.11214953271028037}, "45": {"bias": -0.5, "objective_cosine_similarity": -0.15306547345444457, "is_tight": 0.0, "dual_solution_value": 0.0, "scaled_age": 0.11214953271028037}, "46": {"bias": -0.3779644730092272, "objective_cosine_similarity": -0.38505646344438527, "is_tight": 0.0, "dual_solution_value": 0.0, "scaled_age": 0.11214953271028037}, "47": {"bias": -0.5, "objective_cosine_similarity": -0.2333621152666122, "is_tight": 0.0,