{"0": {"bias": -0.8391813582966892, "objective_cosine_similarity": -0.49535403458275556, "is_tight": 0.0, "dual_solution_value": -0.0, "scaled_age": 0.1232876712328767}, "1": {"bias": -1.033342445740758, "objective_cosine_similarity": -0.54049519582658, "is_tight": 1.0, "dual_solution_value": -4.832235087468074e-07, "scaled_age": 0.0}, "2": {"bias": -1.0261658995416307, "objective_cosine_similarity": -0.5038724838855982, "is_tight": 0.0, "dual_solution_value": -0.0, "scaled_age": 0.1643835616438356}, "3": {"bias": -0.8081220356417685, "objective_cosine_similarity": -0.5280616294899515, "is_tight": 0.0, "dual_solution_value": -0.0, "scaled_age": 0.1232876712328767}, "4": {"bias": -1.4327456801150673, "objective_cosine_similarity": -0.1362397810161648, "is_tight": 1.0, "dual_solution_value": -0.000545466780108786, "scaled_age": 0.0}, "5": {"bias": -1.4290359681317608, "objective_cosine_similarity": -0.1366608421332841, "is_tight": 0.0, "dual_solution_value": -0.0, "scaled_age": 0.0684931506849315}, "6": {"bias": -1.4305223300663807, "objective_cosine_similarity": -0.1361279264781855, "is_tight": 0.0, "dual_solution_value": -0.0, "scaled_age": 0.0821917808219178}, "7": {"bias": -0.7559289460184544, "objective_cosine_similarity": -0.3571690917233132, "is_tight": 0.0, "dual_solution_value": -0.0, "scaled_age": 0.0821917808219178}, "8": {"bias": -1.444636527974993, "objective_cosine_similarity": -0.13640482452109626, "is_tight": 0.0, "dual_solution_value": -0.0, "scaled_age": 0.1643835616438356}, "9": {"bias": -1.4236498026602686, "objective_cosine_similarity": -0.14043820835077708, "is_tight": 0.0, "dual_solution_value": -0.0, "scaled_age": 0.1643835616438356}, "10": {"bias": -0.6509445549041194, "objective_cosine_similarity": -0.3684327415557296, "is_tight": 0.0, "dual_solution_value": -0.0, "scaled_age": 0.1506849315068493}, "11": {"bias": -1.4015030316443, "objective_cosine_similarity": -0.1422088524776338, "is_tight": 0.0, "dual_solution_value": -0.0, "scaled_age": 0.0410958904109589}, "12": {"bias": -1.3540343301204267, "objective_cosine_similarity": -0.13135411628420224, "is_tight": 0.0, "dual_solution_value": -0.0, "scaled_age": 0.0547945205479452}, "13": {"bias": -0.5056552764085213, "objective_cosine_similarity": -0.8036401130627764, "is_tight": 0.0, "dual_solution_value": -0.0, "scaled_age": 0.0136986301369863}, "14": {"bias": -0.48792305573529754, "objective_cosine_similarity": -0.783575413946437, "is_tight": 0.0, "dual_solution_value": -0.0, "scaled_age": 0.0136986301369863}, "15": {"bias": -0.5039526306789697, "objective_cosine_similarity": -0.8132049192091985, "is_tight": 0.0, "dual_solution_value": -0.0, "scaled_age": 0.1643835616438356}, "16": {"bias": -0.22941573387056174, "objective_cosine_similarity": -0.2532730775417359, "is_tight": 0.0, "dual_solution_value": 0.0, "scaled_age": 0.3150684931506849}, "17": {"bias": -0.24253562503633297, "objective_cosine_similarity": -0.21065980666110148, "is_tight": 1.0, "dual_solution_value": -1.5696587388311175e-05, "scaled_age": 0.0}, "18": {"bias": -0.21320071635561041, "objective_cosine_similarity": -0.2842425266076034, "is_tight": 0.0, "dual_solution_value": 0.0, "scaled_age": 0.0958904109589041}, "19": {"bias": -0.21320071635561041, "objective_cosine_similarity": -0.2636375850877214, "is_tight": 0.0, "dual_solution_value": 0.0, "scaled_age": 0.3150684931506849}, "20": {"bias": -0.24253562503633297, "objective_cosine_similarity": -0.24882499274663628, "is_tight": 1.0, "dual_solution_value": -0.0005516713732789852, "scaled_age": 0.0}, "21": {"bias": -0.2, "objective_cosine_similarity": -0.35461553185800176, "is_tight": 0.0, "dual_solution_value": 0.0, "scaled_age": 0.1095890410958904}, "22": {"bias": -0.2672612419124244, "objective_cosine_similarity": -0.26889339554854375, "is_tight": 1.0, "dual_solution_value": -0.0007818285882089206, "scaled_age": 0.0}, "23": {"bias": -0.23570226039551587, "objective_cosine_similarity": -0.23772577742227574, "is_tight": 0.0, "dual_solution_value": 0.0, "scaled_age": 0.0958904109589041}, "24": {"bias": -0.22360679774997896, "objective_cosine_similarity": -0.2751201341949518, "is_tight": 0.0, "dual_solution_value": 0.0, "scaled_age": 0.3150684931506849}, "25": {"bias": -0.22941573387056174, "objective_cosine_similarity": -0.33059100918186174, "is_tight": 1.0, "dual_solution_value": -0.001700223258910377, "scaled_age": 0.0}, "26": {"bias": -0.20412414523193154, "objective_cosine_similarity": -0.25291960980601463, "is_tight": 0.0, "dual_solution_value": 0.0, "scaled_age": 0.3150684931506849}, "27": {"bias": -0.24253562503633297, "objective_cosine_similarity": -0.22057674477781525, "is_tight": 0.0, "dual_solution_value": 0.0, "scaled_age": 0.3150684931506849}, "28": {"bias": -0.23570226039551587, "objective_cosine_similarity": -0.2774440891291916, "is_tight": 0.0, "dual_solution_value": 0.0, "scaled_age": 0.1780821917808219}, "29": {"bias": -0.22941573387056174, "objective_cosine_similarity": -0.3004597564103421, "is_tight": 1.0, "dual_solution_value": -2.0176517563252067e-05, "scaled_age": 0.0}, "30": {"bias": -0.21320071635561041, "objective_cosine_similarity": -0.35081233767183767, "is_tight": 0.0, "dual_solution_value": 0.0, "scaled_age": 0.2191780821917808}, "31": {"bias": -0.23570226039551587, "objective_cosine_similarity": -0.21699048233998877, "is_tight": 0.0, "dual_solution_value": 0.0, "scaled_age": 0.3150684931506849}, "32": {"bias": -0.19611613513818404, "objective_cosine_similarity": -0.3117655372805604, "is_tight": 0.0, "dual_solution_value": 0.0, "scaled_age": 0.3150684931506849}, "33": {"bias": -0.23570226039551587, "objective_cosine_similarity": -0.3005157554883559, "is_tight": 0.0, "dual_solution_value": 0.0, "scaled_age": 0.3150684931506849}, "34": {"bias": -0.20851441405707477, "objective_cosine_similarity": -0.30176373659742106, "is_tight": 0.0, "dual_solution_value": 0.0, "scaled_age": 0.1780821917808219}, "35": {"bias": -0.22941573387056174, "objective_cosine_similarity": -0.25810544826924375, "is_tight": 0.0, "dual_solution_value": 0.0, "scaled_age": 0.3150684931506849}, "36": {"bias": -0.2182178902359924, "objective_cosine_similarity": -0.35690481562961945, "is_tight": 1.0, "dual_solution_value": -0.0030908771447272867, "scaled_age": 0.0}, "37": {"bias": -0.22360679774997896, "objective_cosine_similarity": -0.2562800847233942, "is_tight": 1.0, "dual_solution_value": -0.0001153654265120324, "scaled_age": 0.0}, "38": {"bias": -0.20412414523193154, "objective_cosine_similarity": -0.3386593575302536, "is_tight": 0.0, "dual_solution_value": 0.0, "scaled_age": 0.3150684931506849}, "39": {"bias": -0.22360679774997896, "objective_cosine_similarity": -0.28509427803283527, "is_tight": 0.0, "dual_solution_value": 0.0, "scaled_age": 0.3150684931506849}, "40": {"bias": -0.2581988897471611, "objective_cosine_similarity": -0.23034298518952226, "is_tight": 0.0, "dual_solution_value": 0.0, "scaled_age": 0.3150684931506849}, "41": {"bias": -0.25, "objective_cosine_similarity": -0.19050362691533113, "is_tight": 0.0, "dual_solution_value": 0.0, "scaled_age": 0.3150684931506849}, "42": {"bias": -0.30151134457776363, "objective_cosine_similarity": -0.1722236173389396, "is_tight": 1.0, "dual_solution_value": -0.003908472695243062, "scaled_age": 0.0}, "43": {"bias": -0.24253562503633297, "objective_cosine_similarity": -0.31403637369593584, "is_tight": 1.0, "dual_solution_value": -1.566111349924311e-06, "scaled_age": 0.0}, "44": {"bias": -0.2581988897471611, "objective_cosine_similarity": -0.21658639024070356, "is_tight": 0.0, "dual_solution_value": 0.0, "scaled_age": 0.3150684931506849}, "45": {"bias": -0.21320071635561041, "objective_cosine_similarity": -0.2078985766172713, "is_tight": 0.0, "dual_solution_value": 0.0, "scaled_age": 0.3150684931506849}, "46": {"bias": -0.2182178902359924, "objective_cosine_similarity": -0.2784939091655364, "is_tight": 1.0, "dual_solution_value": -0.00011956273508130831, "scaled_age": 0.0}, "47": {"bias": -0.18569533817705186,