{"0": {"bias": -1.0690449676496976, "objective_cosine_similarity": -0.6846729397537566, "is_tight": 1.0, "dual_solution_value": -1.0432853562460215e-05, "scaled_age": 0.0}, "1": {"bias": -1.156432550796407, "objective_cosine_similarity": -0.9612975196322184, "is_tight": 0.0, "dual_solution_value": -0.0, "scaled_age": 0.008849557522123894}, "2": {"bias": -0.9622504486493763, "objective_cosine_similarity": -0.8797038965233678, "is_tight": 0.0, "dual_solution_value": -0.0, "scaled_age": 0.061946902654867256}, "3": {"bias": -1.166766702393896, "objective_cosine_similarity": -0.9494586303868175, "is_tight": 0.0, "dual_solution_value": -0.0, "scaled_age": 0.09734513274336283}, "4": {"bias": -1.232929415063464, "objective_cosine_similarity": -0.9478291190327987, "is_tight": 0.0, "dual_solution_value": -0.0, "scaled_age": 0.008849557522123894}, "5": {"bias": -1.25, "objective_cosine_similarity": -0.9384937129486576, "is_tight": 0.0, "dual_solution_value": -0.0, "scaled_age": 0.02654867256637168}, "6": {"bias": -1.2502547370033046, "objective_cosine_similarity": -0.9239413818284884, "is_tight": 0.0, "dual_solution_value": -0.0, "scaled_age": 0.02654867256637168}, "7": {"bias": -1.2375966910186262, "objective_cosine_similarity": -0.8918061410420018, "is_tight": 1.0, "dual_solution_value": -3.5798662809519285e-06, "scaled_age": 0.0}, "8": {"bias": -1.1583475347618788, "objective_cosine_similarity": -0.8233269358494882, "is_tight": 0.0, "dual_solution_value": -0.0, "scaled_age": 0.061946902654867256}, "9": {"bias": -1.1469246887266566, "objective_cosine_similarity": -0.9119134625450881, "is_tight": 0.0, "dual_solution_value": -0.0, "scaled_age": 0.008849557522123894}, "10": {"bias": -1.1919897885655364, "objective_cosine_similarity": -0.9656910006821107, "is_tight": 0.0, "dual_solution_value": -0.0, "scaled_age": 0.08849557522123894}, "11": {"bias": -0.6324555320336759, "objective_cosine_similarity": -0.622677355635189, "is_tight": 0.0, "dual_solution_value": -0.0, "scaled_age": 0.04424778761061947}, "12": {"bias": -1.2641632596484194, "objective_cosine_similarity": -0.9549564779106622, "is_tight": 1.0, "dual_solution_value": -2.183348104184084e-06, "scaled_age": 0.0}, "13": {"bias": -1.2351387461996184, "objective_cosine_similarity": -0.9706908610008982, "is_tight": 1.0, "dual_solution_value": -0.004481114794705328, "scaled_age": 0.0}, "14": {"bias": -1.2228512703608252, "objective_cosine_similarity": -0.9695924502379715, "is_tight": 1.0, "dual_solution_value": -0.00021419060619700403, "scaled_age": 0.0}, "15": {"bias": -1.2480687424098988, "objective_cosine_similarity": -0.9687988482385548, "is_tight": 0.0, "dual_solution_value": 0.0, "scaled_age": 0.05309734513274336}, "16": {"bias": -1.2212950380574417, "objective_cosine_similarity": -0.9762388410689905, "is_tight": 1.0, "dual_solution_value": -0.01737878473541837, "scaled_age": 0.0}, "17": {"bias": -0.4472135954999579, "objective_cosine_similarity": -0.6020420102915025, "is_tight": 1.0, "dual_solution_value": -0.03303961914117991, "scaled_age": 0.0}, "18": {"bias": -0.3779644730092272, "objective_cosine_similarity": -0.37971519889789007, "is_tight": 0.0, "dual_solution_value": 0.0, "scaled_age": 0.1504424778761062}, "19": {"bias": -0.5, "objective_cosine_similarity": -0.361667514713488, "is_tight": 0.0, "dual_solution_value": 0.0, "scaled_age": 0.1415929203539823}, "20": {"bias": -0.4472135954999579, "objective_cosine_similarity": -0.31000670679189307, "is_tight": 0.0, "dual_solution_value": 0.0, "scaled_age": 0.1504424778761062}, "21": {"bias": -0.5, "objective_cosine_similarity": -0.34157487500718314, "is_tight": 0.0, "dual_solution_value": 0.0, "scaled_age": 0.017699115044247787}, "22": {"bias": -0.5, "objective_cosine_similarity": -0.13060215809098177, "is_tight": 0.0, "dual_solution_value": 0.0, "scaled_age": 0.1504424778761062}, "23": {"bias": -0.4082482904638631, "objective_cosine_similarity": -0.38963232602275205, "is_tight": 0.0, "dual_solution_value": 0.0, "scaled_age": 0.1504424778761062}, "24": {"bias": -0.5773502691896258, "objective_cosine_similarity": -0.17980760961906203, "is_tight": 0.0, "dual_solution_value": 0.0, "scaled_age": 0.1504424778761062}, "25": {"bias": -0.3779644730092272, "objective_cosine_similarity": -0.33035222304116435, "is_tight": 0.0, "dual_solution_value": 0.0, "scaled_age": 0.1504424778761062}, "26": {"bias": -0.5, "objective_cosine_similarity": -0.38678331434636914, "is_tight": 0.0, "dual_solution_value": 0.0, "scaled_age": 0.008849557522123894}, "27": {"bias": -0.4472135954999579, "objective_cosine_similarity": -0.2650781985611839, "is_tight": 0.0, "dual_solution_value": 0.0, "scaled_age": 0.1504424778761062}, "28": {"bias": -0.5, "objective_cosine_similarity": -0.2913432757414209, "is_tight": 0.0, "dual_solution_value": 0.0, "scaled_age": 0.09734513274336283}, "29": {"bias": -0.4472135954999579, "objective_cosine_similarity": -0.471749336422446, "is_tight": 0.0, "dual_solution_value": 0.0, "scaled_age": 0.1504424778761062}, "30": {"bias": -0.4472135954999579, "objective_cosine_similarity": -0.3189924084380349, "is_tight": 0.0, "dual_solution_value": 0.0, "scaled_age": 0.1504424778761062}, "31": {"bias": -0.5, "objective_cosine_similarity": -0.2662274761085398, "is_tight": 0.0, "dual_solution_value": 0.0, "scaled_age": 0.1504424778761062}, "32": {"bias": -0.5773502691896258, "objective_cosine_similarity": -0.3480147282949588, "is_tight": 0.0, "dual_solution_value": 0.0, "scaled_age": 0.1415929203539823}, "33": {"bias": -0.5, "objective_cosine_similarity": -0.30138959559457335, "is_tight": 0.0, "dual_solution_value": 0.0, "scaled_age": 0.1504424778761062}, "34": {"bias": -0.5773502691896258, "objective_cosine_similarity": -0.2146090824485579, "is_tight": 0.0, "dual_solution_value": 0.0, "scaled_age": 0.061946902654867256}, "35": {"bias": -0.4472135954999579, "objective_cosine_similarity": -0.29203530349960943, "is_tight": 0.0, "dual_solution_value": 0.0, "scaled_age": 0.1504424778761062}, "36": {"bias": -0.5, "objective_cosine_similarity": -0.2913432757414209, "is_tight": 0.0, "dual_solution_value": 0.0, "scaled_age": 0.1504424778761062}, "37": {"bias": -0.5, "objective_cosine_similarity": -0.48222335295131735, "is_tight": 1.0, "dual_solution_value": -0.018800611303627233, "scaled_age": 0.0}, "38": {"bias": -0.4472135954999579, "objective_cosine_similarity": -0.3818923199610277, "is_tight": 0.0, "dual_solution_value": 0.0, "scaled_age": 0.1504424778761062}, "39": {"bias": -0.3333333333333333, "objective_cosine_similarity": -0.5960816446203784, "is_tight": 0.0, "dual_solution_value": 0.0, "scaled_age": 0.1504424778761062}, "40": {"bias": -0.4082482904638631, "objective_cosine_similarity": -0.5372824706208476, "is_tight": 0.0, "dual_solution_value": 0.0, "scaled_age": 0.1504424778761062}, "41": {"bias": -0.5773502691896258, "objective_cosine_similarity": -0.1392058913179835, "is_tight": 0.0, "dual_solution_value": 0.0, "scaled_age": 0.09734513274336283}, "42": {"bias": -0.5773502691896258, "objective_cosine_similarity": -0.09860417301690498, "is_tight": 0.0, "dual_solution_value": 0.0, "scaled_age": 0.09734513274336283}, "43": {"bias": -0.5, "objective_cosine_similarity": -0.5525475919233844, "is_tight": 1.0, "dual_solution_value": -0.017549916404183165, "scaled_age": 0.0}, "44": {"bias": -0.5, "objective_cosine_similarity": -0.3717138345666405, "is_tight": 0.0, "dual_solution_value": 0.0, "scaled_age": 0.1504424778761062}, "45": {"bias": -0.5773502691896258, "objective_cosine_similarity": -0.2030085915053926, "is_tight": 0.0, "dual_solution_value": 0.0, "scaled_age": 0.1504424778761062}, "46": {"bias": -0.5, "objective_cosine_similarity": -0.3265053952274545, "is_tight": 0.0, "dual_solution_value": 0.0, "scaled_age": 0.08849557522123894}, "47": {"bias": -0.4472135954999579, "objective_cosine_similarity": -0.31000670679189307, "is_tight": 0.0, "dual_solution_value": 0.0, "scaled_age": 0.1504424778761062}, "48": {"bias": -0.3333333333333333,