{"0": {"bias": -0.9370425713316364, "objective_cosine_similarity": -0.8411422740554966, "is_tight": 0.0, "dual_solution_value": -0.0, "scaled_age": 0.08256880733944955}, "1": {"bias": -0.8838834764831843, "objective_cosine_similarity": -0.8815071470274173, "is_tight": 0.0, "dual_solution_value": -0.0, "scaled_age": 0.027522935779816515}, "2": {"bias": -0.8838834764831843, "objective_cosine_similarity": -0.8270433187213755, "is_tight": 0.0, "dual_solution_value": -0.0, "scaled_age": 0.0}, "3": {"bias": -0.8164965809277261, "objective_cosine_similarity": -0.6708203932499369, "is_tight": 0.0, "dual_solution_value": -0.0, "scaled_age": 0.05504587155963303}, "4": {"bias": -0.35355339059327373, "objective_cosine_similarity": -0.45184805705753195, "is_tight": 0.0, "dual_solution_value": 0.0, "scaled_age": 0.1926605504587156}, "5": {"bias": -0.31622776601683794, "objective_cosine_similarity": -0.4690970937165709, "is_tight": 0.0, "dual_solution_value": 0.0, "scaled_age": 0.1926605504587156}, "6": {"bias": -0.4472135954999579, "objective_cosine_similarity": -0.44397001587945095, "is_tight": 1.0, "dual_solution_value": -0.017007927153761933, "scaled_age": 0.0}, "7": {"bias": -0.4082482904638631, "objective_cosine_similarity": -0.3540440964374667, "is_tight": 0.0, "dual_solution_value": 0.0, "scaled_age": 0.14678899082568808}, "8": {"bias": -0.30151134457776363, "objective_cosine_similarity": -0.4403855060505443, "is_tight": 0.0, "dual_solution_value": 0.0, "scaled_age": 0.1926605504587156}, "9": {"bias": -0.31622776601683794, "objective_cosine_similarity": -0.5340489990004038, "is_tight": 0.0, "dual_solution_value": 0.0, "scaled_age": 0.1926605504587156}, "10": {"bias": -0.4082482904638631, "objective_cosine_similarity": -0.34938562148434216, "is_tight": 1.0, "dual_solution_value": -0.0042547693886732674, "scaled_age": 0.1926605504587156}, "11": {"bias": -0.4082482904638631, "objective_cosine_similarity": -0.3167762968124702, "is_tight": 0.0, "dual_solution_value": 0.0, "scaled_age": 0.1926605504587156}, "12": {"bias": -0.30151134457776363, "objective_cosine_similarity": -0.5883275119893989, "is_tight": 0.0, "dual_solution_value": 0.0, "scaled_age": 0.1926605504587156}, "13": {"bias": -0.3779644730092272, "objective_cosine_similarity": -0.33640696017939764, "is_tight": 0.0, "dual_solution_value": 0.0, "scaled_age": 0.1926605504587156}, "14": {"bias": -0.4082482904638631, "objective_cosine_similarity": -0.33541019662496846, "is_tight": 0.0, "dual_solution_value": 0.0, "scaled_age": 0.1926605504587156}, "15": {"bias": -0.3333333333333333, "objective_cosine_similarity": -0.5058826399179659, "is_tight": 0.0, "dual_solution_value": 0.0, "scaled_age": 0.1926605504587156}, "16": {"bias": -0.4082482904638631, "objective_cosine_similarity": -0.3587025713905913, "is_tight": 0.0, "dual_solution_value": 0.0, "scaled_age": 0.009174311926605505}, "17": {"bias": -0.31622776601683794, "objective_cosine_similarity": -0.584567147554496, "is_tight": 0.0, "dual_solution_value": 0.0, "scaled_age": 0.1926605504587156}, "18": {"bias": -0.4472135954999579, "objective_cosine_similarity": -0.22453655975512463, "is_tight": 0.0, "dual_solution_value": 0.0, "scaled_age": 0.027522935779816515}, "19": {"bias": -0.3779644730092272, "objective_cosine_similarity": -0.4442297038266405, "is_tight": 1.0, "dual_solution_value": -0.0022401562906033097, "scaled_age": 0.12844036697247707}, "20": {"bias": -0.4082482904638631, "objective_cosine_similarity": -0.3167762968124702, "is_tight": 1.0, "dual_solution_value": -0.005897776700290377, "scaled_age": 0.06422018348623854}, "21": {"bias": -0.3779644730092272, "objective_cosine_similarity": -0.42697806484308165, "is_tight": 1.0, "dual_solution_value": -0.01172113769371672, "scaled_age": 0.0}, "22": {"bias": -0.3779644730092272, "objective_cosine_similarity": -0.31052950170405935, "is_tight": 0.0, "dual_solution_value": 0.0, "scaled_age": 0.1926605504587156}, "23": {"bias": -0.4472135954999579, "objective_cosine_similarity": -0.3317017360018887, "is_tight": 1.0, "dual_solution_value": -0.0075960021220293, "scaled_age": 0.0}, "24": {"bias": -0.3779644730092272, "objective_cosine_similarity": -0.36659732840062564, "is_tight": 0.0, "dual_solution_value": 0.0, "scaled_age": 0.1926605504587156}, "25": {"bias": -0.3333333333333333, "objective_cosine_similarity": -0.49827538217483863, "is_tight": 0.0, "dual_solution_value": 0.0, "scaled_age": 0.1926605504587156}, "26": {"bias": -0.3779644730092272, "objective_cosine_similarity": -0.28465204322872106, "is_tight": 0.0, "dual_solution_value": 0.0, "scaled_age": 0.1926605504587156}, "27": {"bias": -0.31622776601683794, "objective_cosine_similarity": -0.5737418300071906, "is_tight": 0.0, "dual_solution_value": 0.0, "scaled_age": 0.1926605504587156}, "28": {"bias": -0.35355339059327373, "objective_cosine_similarity": -0.40343576522993924, "is_tight": 0.0, "dual_solution_value": 0.0, "scaled_age": 0.1926605504587156}, "29": {"bias": -0.3779644730092272, "objective_cosine_similarity": -0.46148134281019937, "is_tight": 0.0, "dual_solution_value": 0.0, "scaled_age": 0.1926605504587156}, "30": {"bias": -0.31622776601683794, "objective_cosine_similarity": -0.5196152422706631, "is_tight": 0.0, "dual_solution_value": 0.0, "scaled_age": 0.1926605504587156}, "31": {"bias": -0.3779644730092272, "objective_cosine_similarity": -0.3277811406876182, "is_tight": 0.0, "dual_solution_value": 0.0, "scaled_age": 0.1926605504587156}, "32": {"bias": -0.31622776601683794, "objective_cosine_similarity": -0.516006803088228, "is_tight": 0.0, "dual_solution_value": 0.0, "scaled_age": 0.027522935779816515}, "33": {"bias": -0.35355339059327373, "objective_cosine_similarity": -0.4236075534914362, "is_tight": 0.0, "dual_solution_value": 0.0, "scaled_age": 0.1559633027522936}, "34": {"bias": -0.4472135954999579, "objective_cosine_similarity": -0.31128932147869554, "is_tight": 0.0, "dual_solution_value": 0.0, "scaled_age": 0.045871559633027525}, "35": {"bias": -0.35355339059327373, "objective_cosine_similarity": -0.41150448053453803, "is_tight": 0.0, "dual_solution_value": 0.0, "scaled_age": 0.1926605504587156}, "36": {"bias": -0.5773502691896258, "objective_cosine_similarity": -0.40846086443841567, "is_tight": 1.0, "dual_solution_value": -0.03352813191853953, "scaled_age": 0.0}, "37": {"bias": -0.4082482904638631, "objective_cosine_similarity": -0.38665342110933865, "is_tight": 0.0, "dual_solution_value": 0.0, "scaled_age": 0.045871559633027525}, "38": {"bias": -0.3333333333333333, "objective_cosine_similarity": -0.42600643361512924, "is_tight": 0.0, "dual_solution_value": 0.0, "scaled_age": 0.1926605504587156}, "39": {"bias": -0.3333333333333333, "objective_cosine_similarity": -0.5477225575051662, "is_tight": 0.0, "dual_solution_value": 0.0, "scaled_age": 0.1926605504587156}, "40": {"bias": -0.31622776601683794, "objective_cosine_similarity": -0.5015730463584873, "is_tight": 0.0, "dual_solution_value": 0.0, "scaled_age": 0.1926605504587156}, "41": {"bias": -0.3779644730092272, "objective_cosine_similarity": -0.3752231478924051, "is_tight": 0.0, "dual_solution_value": 0.0, "scaled_age": 0.0}, "42": {"bias": -0.3333333333333333, "objective_cosine_similarity": -0.44882820684451114, "is_tight": 0.0, "dual_solution_value": 0.0, "scaled_age": 0.1926605504587156}, "43": {"bias": -0.4472135954999579, "objective_cosine_similarity": -0.45417622314104755, "is_tight": 1.0, "dual_solution_value": -0.022067354635461944, "scaled_age": 0.0}, "44": {"bias": -0.3779644730092272, "objective_cosine_similarity": -0.5606782669656628, "is_tight": 1.0, "dual_solution_value": -0.011563453647446011, "scaled_age": 0.0}, "45": {"bias": -0.3779644730092272, "objective_cosine_similarity": -0.43129097458897137, "is_tight": 1.0, "dual_solution_value": -0.001694502369752585, "scaled_age": 0.14678899082568808}, "46": {"bias": -0.30151134457776363, "objective_cosine_similarity": -0.4335044825185045, "is_tight": 0.0, "dual_solution_value": 0.0, "scaled_age": 0.1926605504587156},