{"0": {"bias": -0.4, "objective_cosine_similarity": -0.6108278983689268, "is_tight": 0.0, "dual_solution_value": -0.0, "scaled_age": 0.015873015873015872}, "1": {"bias": -0.39056673294247163, "objective_cosine_similarity": -0.3261537311175855, "is_tight": 0.0, "dual_solution_value": -0.0, "scaled_age": 0.07936507936507936}, "2": {"bias": -0.5350170922136976, "objective_cosine_similarity": -0.23181034535945155, "is_tight": 0.0, "dual_solution_value": -0.0, "scaled_age": 0.015873015873015872}, "3": {"bias": -0.42008402520840293, "objective_cosine_similarity": -0.4878417992370789, "is_tight": 1.0, "dual_solution_value": -5.150873960942252e-07, "scaled_age": 0.0}, "4": {"bias": -0.5298798792491217, "objective_cosine_similarity": -0.22565493026737968, "is_tight": 0.0, "dual_solution_value": -0.0, "scaled_age": 0.23809523809523808}, "5": {"bias": -0.38138503569823695, "objective_cosine_similarity": -0.5245245807338574, "is_tight": 0.0, "dual_solution_value": -0.0, "scaled_age": 0.06349206349206349}, "6": {"bias": -0.3244428422615251, "objective_cosine_similarity": -0.30848577371800956, "is_tight": 1.0, "dual_solution_value": -0.0005544909994676554, "scaled_age": 0.0}, "7": {"bias": -0.23249527748763857, "objective_cosine_similarity": -0.6832778007690764, "is_tight": 1.0, "dual_solution_value": -0.00033771199991931085, "scaled_age": 0.0}, "8": {"bias": -0.3275718747233723, "objective_cosine_similarity": -0.784021258952126, "is_tight": 0.0, "dual_solution_value": -0.0, "scaled_age": 0.19047619047619047}, "9": {"bias": -0.17677669529663687, "objective_cosine_similarity": -0.3957314912371972, "is_tight": 0.0, "dual_solution_value": 0.0, "scaled_age": 0.047619047619047616}, "10": {"bias": -0.19245008972987526, "objective_cosine_similarity": -0.41897602670772643, "is_tight": 1.0, "dual_solution_value": -0.0017193505606322042, "scaled_age": 0.0}, "11": {"bias": -0.16222142113076254, "objective_cosine_similarity": -0.4717598311481117, "is_tight": 0.0, "dual_solution_value": 0.0, "scaled_age": 0.3492063492063492}, "12": {"bias": -0.19611613513818404, "objective_cosine_similarity": -0.36776935847836795, "is_tight": 0.0, "dual_solution_value": 0.0, "scaled_age": 0.19047619047619047}, "13": {"bias": -0.17407765595569785, "objective_cosine_similarity": -0.3499043873165329, "is_tight": 0.0, "dual_solution_value": 0.0, "scaled_age": 0.3492063492063492}, "14": {"bias": -0.20851441405707477, "objective_cosine_similarity": -0.35894358422317074, "is_tight": 0.0, "dual_solution_value": 0.0, "scaled_age": 0.3492063492063492}, "15": {"bias": -0.1796053020267749, "objective_cosine_similarity": -0.4123256915909417, "is_tight": 0.0, "dual_solution_value": 0.0, "scaled_age": 0.2222222222222222}, "16": {"bias": -0.1643989873053573, "objective_cosine_similarity": -0.41233969451892954, "is_tight": 0.0, "dual_solution_value": 0.0, "scaled_age": 0.3492063492063492}, "17": {"bias": -0.1796053020267749, "objective_cosine_similarity": -0.3741717507608928, "is_tight": 0.0, "dual_solution_value": 0.0, "scaled_age": 0.3492063492063492}, "18": {"bias": -0.19611613513818404, "objective_cosine_similarity": -0.349955530177072, "is_tight": 0.0, "dual_solution_value": 0.0, "scaled_age": 0.3492063492063492}, "19": {"bias": -0.20851441405707477, "objective_cosine_similarity": -0.3586381003217042, "is_tight": 0.0, "dual_solution_value": 0.0, "scaled_age": 0.3492063492063492}, "20": {"bias": -0.19611613513818404, "objective_cosine_similarity": -0.40569557357144964, "is_tight": 0.0, "dual_solution_value": 0.0, "scaled_age": 0.3492063492063492}, "21": {"bias": -0.20851441405707477, "objective_cosine_similarity": -0.3363377755146476, "is_tight": 0.0, "dual_solution_value": 0.0, "scaled_age": 0.3492063492063492}, "22": {"bias": -0.18569533817705186, "objective_cosine_similarity": -0.33136034665058106, "is_tight": 0.0, "dual_solution_value": 0.0, "scaled_age": 0.3492063492063492}, "23": {"bias": -0.17149858514250882, "objective_cosine_similarity": -0.428387876173519, "is_tight": 0.0, "dual_solution_value": 0.0, "scaled_age": 0.3492063492063492}, "24": {"bias": -0.18257418583505536, "objective_cosine_similarity": -0.38864871262932926, "is_tight": 0.0, "dual_solution_value": 0.0, "scaled_age": 0.3492063492063492}, "25": {"bias": -0.17407765595569785, "objective_cosine_similarity": -0.40601150481626846, "is_tight": 0.0, "dual_solution_value": 0.0, "scaled_age": 0.3492063492063492}, "26": {"bias": -0.17149858514250882, "objective_cosine_similarity": -0.4711010368477115, "is_tight": 0.0, "dual_solution_value": 0.0, "scaled_age": 0.3492063492063492}, "27": {"bias": -0.1889822365046136, "objective_cosine_similarity": -0.33528750880162783, "is_tight": 1.0, "dual_solution_value": -9.908290384798685e-06, "scaled_age": 0.0}, "28": {"bias": -0.18257418583505536, "objective_cosine_similarity": -0.45257647747338275, "is_tight": 0.0, "dual_solution_value": 0.0, "scaled_age": 0.3492063492063492}, "29": {"bias": -0.1796053020267749, "objective_cosine_similarity": -0.4202196103833656, "is_tight": 0.0, "dual_solution_value": 0.0, "scaled_age": 0.06349206349206349}, "30": {"bias": -0.19611613513818404, "objective_cosine_similarity": -0.2672074245194392, "is_tight": 0.0, "dual_solution_value": 0.0, "scaled_age": 0.3492063492063492}, "31": {"bias": -0.17677669529663687, "objective_cosine_similarity": -0.36724296765336756, "is_tight": 0.0, "dual_solution_value": 0.0, "scaled_age": 0.3492063492063492}, "32": {"bias": -0.19611613513818404, "objective_cosine_similarity": -0.29105496885827087, "is_tight": 0.0, "dual_solution_value": 0.0, "scaled_age": 0.3492063492063492}, "33": {"bias": -0.1889822365046136, "objective_cosine_similarity": -0.4382825156341675, "is_tight": 0.0, "dual_solution_value": 0.0, "scaled_age": 0.3492063492063492}, "34": {"bias": -0.1889822365046136, "objective_cosine_similarity": -0.4161330517992127, "is_tight": 0.0, "dual_solution_value": 0.0, "scaled_age": 0.3492063492063492}, "35": {"bias": -0.16666666666666666, "objective_cosine_similarity": -0.42779440275917796, "is_tight": 0.0, "dual_solution_value": 0.0, "scaled_age": 0.20634920634920634}, "36": {"bias": -0.19245008972987526, "objective_cosine_similarity": -0.3496166037130422, "is_tight": 0.0, "dual_solution_value": 0.0, "scaled_age": 0.3492063492063492}, "37": {"bias": -0.22941573387056174, "objective_cosine_similarity": -0.28703398251344875, "is_tight": 1.0, "dual_solution_value": -0.0023035097404486855, "scaled_age": 0.0}, "38": {"bias": -0.19245008972987526, "objective_cosine_similarity": -0.370762769260202, "is_tight": 0.0, "dual_solution_value": 0.0, "scaled_age": 0.1111111111111111}, "39": {"bias": -0.18257418583505536, "objective_cosine_similarity": -0.3693901391198236, "is_tight": 0.0, "dual_solution_value": 0.0, "scaled_age": 0.3492063492063492}, "40": {"bias": -0.20851441405707477, "objective_cosine_similarity": -0.3760506827052963, "is_tight": 1.0, "dual_solution_value": -0.0003044554944211033, "scaled_age": 0.0}, "41": {"bias": -0.2, "objective_cosine_similarity": -0.3026791904453636, "is_tight": 0.0, "dual_solution_value": 0.0, "scaled_age": 0.3492063492063492}, "42": {"bias": -0.18257418583505536, "objective_cosine_similarity": -0.3816942277508967, "is_tight": 1.0, "dual_solution_value": -0.000840643662889667, "scaled_age": 0.0}, "43": {"bias": -0.1690308509457033, "objective_cosine_similarity": -0.46060767324122803, "is_tight": 0.0, "dual_solution_value": 0.0, "scaled_age": 0.3492063492063492}, "44": {"bias": -0.19611613513818404, "objective_cosine_similarity": -0.4375880726269956, "is_tight": 1.0, "dual_solution_value": -9.009791113559213e-05, "scaled_age": 0.0}, "45": {"bias": -0.18257418583505536, "objective_cosine_similarity": -0.36725029761876743, "is_tight": 1.0, "dual_solution_value": -1.3301215867908195e-07, "scaled_age": 0.0}, "46": {"bias": -0.1690308509457033, "objective_cosine_similarity": -0.3912688837210432, "is_tight": 0.0, "dual_solution_value": 0.0, "scaled_age": 0.25396825396825395},