{"0": {"bias": -1.0, "objective_cosine_similarity": -0.8199545607045211, "is_tight": 1.0, "dual_solution_value": -0.00014983068352863703, "scaled_age": 0.0}, "1": {"bias": -0.9701425001453319, "objective_cosine_similarity": -0.5834904130372995, "is_tight": 0.0, "dual_solution_value": -0.0, "scaled_age": 0.12121212121212122}, "2": {"bias": -1.3245323570650438, "objective_cosine_similarity": -0.8941569599224041, "is_tight": 0.0, "dual_solution_value": -0.0, "scaled_age": 0.06060606060606061}, "3": {"bias": -1.1470786693528088, "objective_cosine_similarity": -0.6673078990934016, "is_tight": 0.0, "dual_solution_value": -0.0, "scaled_age": 0.0}, "4": {"bias": -0.7559289460184544, "objective_cosine_similarity": -0.5252015256289947, "is_tight": 0.0, "dual_solution_value": -0.0, "scaled_age": 0.030303030303030304}, "5": {"bias": -1.263333919363887, "objective_cosine_similarity": -0.7451337598921042, "is_tight": 0.0, "dual_solution_value": -0.0, "scaled_age": 0.12121212121212122}, "6": {"bias": -1.2909944487358056, "objective_cosine_similarity": -0.6118018353543582, "is_tight": 0.0, "dual_solution_value": -0.0, "scaled_age": 0.030303030303030304}, "7": {"bias": -0.8164965809277261, "objective_cosine_similarity": -0.4593294737164865, "is_tight": 1.0, "dual_solution_value": -0.0009665871138597223, "scaled_age": 0.0}, "8": {"bias": -1.1587309190046422, "objective_cosine_similarity": -0.6636227816485314, "is_tight": 0.0, "dual_solution_value": -0.0, "scaled_age": 0.04040404040404041}, "9": {"bias": -1.2510864843424487, "objective_cosine_similarity": -0.6832715928645879, "is_tight": 1.0, "dual_solution_value": -0.0005557574273605881, "scaled_age": 0.0}, "10": {"bias": -1.3968605915391563, "objective_cosine_similarity": -0.8868538578289217, "is_tight": 0.0, "dual_solution_value": -0.0, "scaled_age": 0.020202020202020204}, "11": {"bias": -1.3436008179123502, "objective_cosine_similarity": -0.7931781570692001, "is_tight": 0.0, "dual_solution_value": -0.0, "scaled_age": 0.020202020202020204}, "12": {"bias": -1.3857174192299984, "objective_cosine_similarity": -0.8977222616979029, "is_tight": 0.0, "dual_solution_value": -0.0, "scaled_age": 0.010101010101010102}, "13": {"bias": -0.9045340337332909, "objective_cosine_similarity": -0.6112524597310006, "is_tight": 1.0, "dual_solution_value": -0.00537396103329824, "scaled_age": 0.0}, "14": {"bias": -1.3978246090569542, "objective_cosine_similarity": -0.8729686961312336, "is_tight": 0.0, "dual_solution_value": 0.0, "scaled_age": 0.050505050505050504}, "15": {"bias": -1.3751559861209488, "objective_cosine_similarity": -0.8429207472028188, "is_tight": 0.0, "dual_solution_value": 0.0, "scaled_age": 0.10101010101010101}, "16": {"bias": -0.5773502691896258, "objective_cosine_similarity": -0.16763612163291647, "is_tight": 0.0, "dual_solution_value": 0.0, "scaled_age": 0.21212121212121213}, "17": {"bias": -0.4472135954999579, "objective_cosine_similarity": -0.31766968321811007, "is_tight": 0.0, "dual_solution_value": 0.0, "scaled_age": 0.21212121212121213}, "18": {"bias": -0.4472135954999579, "objective_cosine_similarity": -0.2550632492992125, "is_tight": 0.0, "dual_solution_value": 0.0, "scaled_age": 0.21212121212121213}, "19": {"bias": -0.4472135954999579, "objective_cosine_similarity": -0.32694471046535417, "is_tight": 0.0, "dual_solution_value": 0.0, "scaled_age": 0.21212121212121213}, "20": {"bias": -0.5773502691896258, "objective_cosine_similarity": -0.24846068027735832, "is_tight": 0.0, "dual_solution_value": 0.0, "scaled_age": 0.04040404040404041}, "21": {"bias": -0.5773502691896258, "objective_cosine_similarity": -0.2754021998255056, "is_tight": 1.0, "dual_solution_value": -0.0061200790910257525, "scaled_age": 0.0}, "22": {"bias": -0.5773502691896258, "objective_cosine_similarity": -0.05388303909629458, "is_tight": 0.0, "dual_solution_value": 0.0, "scaled_age": 0.08080808080808081}, "23": {"bias": -0.5, "objective_cosine_similarity": -0.2981316266337577, "is_tight": 0.0, "dual_solution_value": 0.0, "scaled_age": 0.21212121212121213}, "24": {"bias": -0.5, "objective_cosine_similarity": -0.23850530130700615, "is_tight": 0.0, "dual_solution_value": 0.0, "scaled_age": 0.08080808080808081}, "25": {"bias": -0.4472135954999579, "objective_cosine_similarity": -0.22028189712204713, "is_tight": 0.0, "dual_solution_value": 0.0, "scaled_age": 0.21212121212121213}, "26": {"bias": -0.5, "objective_cosine_similarity": -0.5340444790135138, "is_tight": 1.0, "dual_solution_value": -0.0004181760296574699, "scaled_age": 0.0}, "27": {"bias": -0.4472135954999579, "objective_cosine_similarity": -0.3918699011960628, "is_tight": 1.0, "dual_solution_value": -0.0013218369686071138, "scaled_age": 0.0}, "28": {"bias": -0.3779644730092272, "objective_cosine_similarity": -0.12150184548133458, "is_tight": 0.0, "dual_solution_value": 0.0, "scaled_age": 0.21212121212121213}, "29": {"bias": -0.4472135954999579, "objective_cosine_similarity": -0.28288833104094474, "is_tight": 1.0, "dual_solution_value": -0.0009139055463852985, "scaled_age": 0.0}, "30": {"bias": -0.5773502691896258, "objective_cosine_similarity": -0.46997984100656937, "is_tight": 1.0, "dual_solution_value": -0.08196423010782919, "scaled_age": 0.0}, "31": {"bias": -0.5, "objective_cosine_similarity": -0.3136863201972581, "is_tight": 1.0, "dual_solution_value": -0.0001013107243388332, "scaled_age": 0.050505050505050504}, "32": {"bias": -0.4472135954999579, "objective_cosine_similarity": -0.27129454698188965, "is_tight": 0.0, "dual_solution_value": 0.0, "scaled_age": 0.21212121212121213}, "33": {"bias": -0.5, "objective_cosine_similarity": -0.18147142490750467, "is_tight": 0.0, "dual_solution_value": 0.0, "scaled_age": 0.21212121212121213}, "34": {"bias": -0.4472135954999579, "objective_cosine_similarity": -0.21796314031023611, "is_tight": 0.0, "dual_solution_value": 0.0, "scaled_age": 0.1111111111111111}, "35": {"bias": -0.5773502691896258, "objective_cosine_similarity": -0.34425274978188203, "is_tight": 0.0, "dual_solution_value": 0.0, "scaled_age": 0.21212121212121213}, "36": {"bias": -0.4082482904638631, "objective_cosine_similarity": -0.49319708468175744, "is_tight": 1.0, "dual_solution_value": -0.014364502729427952, "scaled_age": 0.0}, "37": {"bias": -0.5, "objective_cosine_similarity": -0.31109387127000804, "is_tight": 0.0, "dual_solution_value": 0.0, "scaled_age": 0.21212121212121213}, "38": {"bias": -0.4472135954999579, "objective_cosine_similarity": -0.4243324965614171, "is_tight": 0.0, "dual_solution_value": 0.0, "scaled_age": 0.20202020202020202}, "39": {"bias": -0.5, "objective_cosine_similarity": -0.26183734165225675, "is_tight": 0.0, "dual_solution_value": 0.0, "scaled_age": 0.21212121212121213}, "40": {"bias": -0.5773502691896258, "objective_cosine_similarity": -0.12872059339670372, "is_tight": 0.0, "dual_solution_value": 0.0, "scaled_age": 0.0}, "41": {"bias": -0.7071067811865475, "objective_cosine_similarity": -0.557274017766847, "is_tight": 1.0, "dual_solution_value": -0.1374313853679454, "scaled_age": 0.0}, "42": {"bias": -0.5, "objective_cosine_similarity": -0.31109387127000804, "is_tight": 0.0, "dual_solution_value": 0.0, "scaled_age": 0.13131313131313133}, "43": {"bias": -0.4472135954999579, "objective_cosine_similarity": -0.22491941074566918, "is_tight": 0.0, "dual_solution_value": 0.0, "scaled_age": 0.21212121212121213}, "44": {"bias": -0.5773502691896258, "objective_cosine_similarity": -0.155662112944851, "is_tight": 1.0, "dual_solution_value": -0.005537765814396658, "scaled_age": 0.0}, "45": {"bias": -0.5, "objective_cosine_similarity": -0.28516938199750735, "is_tight": 0.0, "dual_solution_value": 0.0, "scaled_age": 0.21212121212121213}, "46": {"bias": -0.7071067811865475, "objective_cosine_similarity": -0.2566393502873638, "is_tight": 1.0, "dual_solution_value": -0.06599297578817925, "scaled_age": 0.0}, "47": {"bias": -0.5, "objective_cosine_similarity": -0.44071631763251135, "is_tight": 0.0, "dual_solution_value": 0.0, "scaled_age": 0.09090909090909091},