{"0": {"bias": -0.9271726499455306, "objective_cosine_similarity": -0.8892078958778528, "is_tight": 1.0, "dual_solution_value": -0.0008046469833577303, "scaled_age": 0.0}, "1": {"bias": -0.9615239476408232, "objective_cosine_similarity": -0.8829120808909582, "is_tight": 0.0, "dual_solution_value": -0.0, "scaled_age": 0.13}, "2": {"bias": -0.6324555320336759, "objective_cosine_similarity": -0.6293582178797441, "is_tight": 0.0, "dual_solution_value": -0.0, "scaled_age": 0.05}, "3": {"bias": -1.1941469097666597, "objective_cosine_similarity": -0.8780412434006007, "is_tight": 0.0, "dual_solution_value": -0.0, "scaled_age": 0.06}, "4": {"bias": -0.6666666666666666, "objective_cosine_similarity": -0.4570806735260092, "is_tight": 1.0, "dual_solution_value": -0.0003159303110762398, "scaled_age": 0.0}, "5": {"bias": -1.0, "objective_cosine_similarity": -0.14759896749277382, "is_tight": 0.0, "dual_solution_value": -0.0, "scaled_age": 0.03}, "6": {"bias": -1.1799428771640454, "objective_cosine_similarity": -0.9358001683468373, "is_tight": 0.0, "dual_solution_value": -0.0, "scaled_age": 0.05}, "7": {"bias": -1.0758876551830783, "objective_cosine_similarity": -0.9267925095923312, "is_tight": 0.0, "dual_solution_value": -0.0, "scaled_age": 0.1}, "8": {"bias": -0.9607689228305227, "objective_cosine_similarity": -0.941577950247463, "is_tight": 0.0, "dual_solution_value": -0.0, "scaled_age": 0.04}, "9": {"bias": -1.1653904584451171, "objective_cosine_similarity": -0.9612788543988439, "is_tight": 0.0, "dual_solution_value": -0.0, "scaled_age": 0.13}, "10": {"bias": -1.0787197799411874, "objective_cosine_similarity": -0.8769826070635406, "is_tight": 0.0, "dual_solution_value": -0.0, "scaled_age": 0.03}, "11": {"bias": -1.131397756229262, "objective_cosine_similarity": -0.9566347878886122, "is_tight": 0.0, "dual_solution_value": -0.0, "scaled_age": 0.01}, "12": {"bias": -1.0937374832394613, "objective_cosine_similarity": -0.9360598564955979, "is_tight": 1.0, "dual_solution_value": -1.1969172719028016e-05, "scaled_age": 0.0}, "13": {"bias": -1.0910663966093324, "objective_cosine_similarity": -0.9302571202214802, "is_tight": 1.0, "dual_solution_value": -0.006153592053076006, "scaled_age": 0.0}, "14": {"bias": -0.5773502691896258, "objective_cosine_similarity": -0.3298695623770211, "is_tight": 0.0, "dual_solution_value": 0.0, "scaled_age": 0.12}, "15": {"bias": -0.35355339059327373, "objective_cosine_similarity": -0.4275730746098287, "is_tight": 0.0, "dual_solution_value": 0.0, "scaled_age": 0.23}, "16": {"bias": -0.4082482904638631, "objective_cosine_similarity": -0.4081927578117033, "is_tight": 0.0, "dual_solution_value": 0.0, "scaled_age": 0.23}, "17": {"bias": -0.3333333333333333, "objective_cosine_similarity": -0.40311976067918864, "is_tight": 0.0, "dual_solution_value": 0.0, "scaled_age": 0.23}, "18": {"bias": -0.4082482904638631, "objective_cosine_similarity": -0.5248192600436186, "is_tight": 1.0, "dual_solution_value": -0.013008890996569319, "scaled_age": 0.0}, "19": {"bias": -0.5, "objective_cosine_similarity": -0.2618691358742761, "is_tight": 0.0, "dual_solution_value": 0.0, "scaled_age": 0.23}, "20": {"bias": -0.4472135954999579, "objective_cosine_similarity": -0.3960495896671487, "is_tight": 0.0, "dual_solution_value": 0.0, "scaled_age": 0.23}, "21": {"bias": -0.4472135954999579, "objective_cosine_similarity": -0.38753239419043584, "is_tight": 0.0, "dual_solution_value": 0.0, "scaled_age": 0.23}, "22": {"bias": -0.3779644730092272, "objective_cosine_similarity": -0.633454271603856, "is_tight": 1.0, "dual_solution_value": -0.008348706184261007, "scaled_age": 0.0}, "23": {"bias": -0.5, "objective_cosine_similarity": -0.33328799111271507, "is_tight": 0.0, "dual_solution_value": 0.0, "scaled_age": 0.08}, "24": {"bias": -0.5773502691896258, "objective_cosine_similarity": -0.10995652079234036, "is_tight": 0.0, "dual_solution_value": 0.0, "scaled_age": 0.23}, "25": {"bias": -0.4472135954999579, "objective_cosine_similarity": -0.23848147334796052, "is_tight": 0.0, "dual_solution_value": 0.0, "scaled_age": 0.23}, "26": {"bias": -0.4472135954999579, "objective_cosine_similarity": -0.34494641680687144, "is_tight": 0.0, "dual_solution_value": 0.0, "scaled_age": 0.23}, "27": {"bias": -0.30151134457776363, "objective_cosine_similarity": -0.47086794555573425, "is_tight": 0.0, "dual_solution_value": 0.0, "scaled_age": 0.23}, "28": {"bias": -0.5773502691896258, "objective_cosine_similarity": -0.4783108654466806, "is_tight": 1.0, "dual_solution_value": -0.07555017378517444, "scaled_age": 0.0}, "29": {"bias": -0.35355339059327373, "objective_cosine_similarity": -0.3737056006432361, "is_tight": 0.0, "dual_solution_value": 0.0, "scaled_age": 0.23}, "30": {"bias": -0.4472135954999579, "objective_cosine_similarity": -0.2129298869178219, "is_tight": 0.0, "dual_solution_value": 0.0, "scaled_age": 0.23}, "31": {"bias": -0.4082482904638631, "objective_cosine_similarity": -0.6142329117547536, "is_tight": 1.0, "dual_solution_value": -0.0035504968503201405, "scaled_age": 0.0}, "32": {"bias": -0.5773502691896258, "objective_cosine_similarity": -0.296882606139319, "is_tight": 0.0, "dual_solution_value": 0.0, "scaled_age": 0.18}, "33": {"bias": -0.3333333333333333, "objective_cosine_similarity": -0.3777263899277437, "is_tight": 0.0, "dual_solution_value": 0.0, "scaled_age": 0.23}, "34": {"bias": -0.4472135954999579, "objective_cosine_similarity": -0.2129298869178219, "is_tight": 0.0, "dual_solution_value": 0.0, "scaled_age": 0.23}, "35": {"bias": -0.5773502691896258, "objective_cosine_similarity": -0.28588695406008496, "is_tight": 1.0, "dual_solution_value": -0.00394949342862242, "scaled_age": 0.0}, "36": {"bias": -0.5, "objective_cosine_similarity": -0.1761665095881494, "is_tight": 0.0, "dual_solution_value": 0.0, "scaled_age": 0.23}, "37": {"bias": -0.4082482904638631, "objective_cosine_similarity": -0.3654297069933344, "is_tight": 0.0, "dual_solution_value": 0.0, "scaled_age": 0.23}, "38": {"bias": -0.4472135954999579, "objective_cosine_similarity": -0.2853260484698813, "is_tight": 0.0, "dual_solution_value": 0.0, "scaled_age": 0.23}, "39": {"bias": -0.4082482904638631, "objective_cosine_similarity": -0.3187791061005683, "is_tight": 0.0, "dual_solution_value": 0.0, "scaled_age": 0.23}, "40": {"bias": -0.35355339059327373, "objective_cosine_similarity": -0.5083742855597175, "is_tight": 0.0, "dual_solution_value": 0.0, "scaled_age": 0.23}, "41": {"bias": -0.35355339059327373, "objective_cosine_similarity": -0.3030045410620833, "is_tight": 0.0, "dual_solution_value": 0.0, "scaled_age": 0.23}, "42": {"bias": -0.4472135954999579, "objective_cosine_similarity": -0.27680885299316843, "is_tight": 0.0, "dual_solution_value": 0.0, "scaled_age": 0.23}, "43": {"bias": -0.5773502691896258, "objective_cosine_similarity": -0.3408652144562551, "is_tight": 0.0, "dual_solution_value": 0.0, "scaled_age": 0.16}, "44": {"bias": -0.5773502691896258, "objective_cosine_similarity": -0.2144152155450637, "is_tight": 1.0, "dual_solution_value": -0.008389309640424012, "scaled_age": 0.0}, "45": {"bias": -0.5773502691896258, "objective_cosine_similarity": -0.14294347703004248, "is_tight": 0.0, "dual_solution_value": 0.0, "scaled_age": 0.23}, "46": {"bias": -0.5773502691896258, "objective_cosine_similarity": -0.3958434748524253, "is_tight": 0.0, "dual_solution_value": 0.0, "scaled_age": 0.09}, "47": {"bias": -0.3333333333333333, "objective_cosine_similarity": -0.42533896008670297, "is_tight": 0.0, "dual_solution_value": 0.0, "scaled_age": 0.23}, "48": {"bias": -0.3779644730092272, "objective_cosine_similarity": -0.47868987570064114, "is_tight": 0.0, "dual_solution_value": 0.0, "scaled_age": 0.23}, "49": {"bias": -0.3779644730092272, "objective_cosine_similarity": -0.46429318770964445, "is_tight": 0.0, "dual_solution_value": 0.0, "scaled_age": 0.23}, "50": {"bias": -0.4472135954999579, "objective_cosine_similarity": -0.3619808077602972, "is_tight": 0.0, "dual_solution_value": 0.0, "scaled_age": 0.02},