{"0": {"bias": -0.7559289460184544, "objective_cosine_similarity": -0.4438799497101136, "is_tight": 1.0, "dual_solution_value": -0.003984637111017049, "scaled_age": 0.0}, "1": {"bias": -0.7071067811865475, "objective_cosine_similarity": -0.7188073051625388, "is_tight": 1.0, "dual_solution_value": -0.00934310407247464, "scaled_age": 0.0}, "2": {"bias": -1.3008728979221496, "objective_cosine_similarity": -0.8412731967174989, "is_tight": 0.0, "dual_solution_value": -0.0, "scaled_age": 0.012345679012345678}, "3": {"bias": -1.2483531567555133, "objective_cosine_similarity": -0.944528884413525, "is_tight": 1.0, "dual_solution_value": -0.001121331338699943, "scaled_age": 0.0}, "4": {"bias": -1.2657296244817273, "objective_cosine_similarity": -0.9211190574770634, "is_tight": 1.0, "dual_solution_value": -0.002178633360260293, "scaled_age": 0.0}, "5": {"bias": -1.2782931596751443, "objective_cosine_similarity": -0.9438873616800408, "is_tight": 1.0, "dual_solution_value": -0.005858897124105272, "scaled_age": 0.0}, "6": {"bias": -1.2848043291831184, "objective_cosine_similarity": -0.9454245850046954, "is_tight": 0.0, "dual_solution_value": 0.0, "scaled_age": 0.12345679012345678}, "7": {"bias": -0.5773502691896258, "objective_cosine_similarity": -0.1603960441520979, "is_tight": 0.0, "dual_solution_value": 0.0, "scaled_age": 0.3950617283950617}, "8": {"bias": -0.5773502691896258, "objective_cosine_similarity": -0.2624662540670693, "is_tight": 0.0, "dual_solution_value": 0.0, "scaled_age": 0.3950617283950617}, "9": {"bias": -0.5773502691896258, "objective_cosine_similarity": -0.3353735468634775, "is_tight": 1.0, "dual_solution_value": -0.00015678407228927, "scaled_age": 0.0}, "10": {"bias": -0.4472135954999579, "objective_cosine_similarity": -0.29366348005025894, "is_tight": 0.0, "dual_solution_value": 0.0, "scaled_age": 0.3950617283950617}, "11": {"bias": -0.4472135954999579, "objective_cosine_similarity": -0.24283710850309875, "is_tight": 0.0, "dual_solution_value": 0.0, "scaled_age": 0.3950617283950617}, "12": {"bias": -0.4472135954999579, "objective_cosine_similarity": -0.31060560389931235, "is_tight": 0.0, "dual_solution_value": 0.0, "scaled_age": 0.3950617283950617}, "13": {"bias": -0.4472135954999579, "objective_cosine_similarity": -0.32754772774836577, "is_tight": 0.0, "dual_solution_value": 0.0, "scaled_age": 0.1111111111111111}, "14": {"bias": -0.35355339059327373, "objective_cosine_similarity": -0.48664593951997964, "is_tight": 0.0, "dual_solution_value": 0.0, "scaled_age": 0.09876543209876543}, "15": {"bias": -0.5, "objective_cosine_similarity": -0.5177444549992851, "is_tight": 1.0, "dual_solution_value": -0.046438671142704294, "scaled_age": 0.0}, "16": {"bias": -0.5, "objective_cosine_similarity": -0.2399303571947907, "is_tight": 1.0, "dual_solution_value": -0.00012237310526994565, "scaled_age": 0.0}, "17": {"bias": -0.4472135954999579, "objective_cosine_similarity": -0.2880161054339078, "is_tight": 0.0, "dual_solution_value": 0.0, "scaled_age": 0.3950617283950617}, "18": {"bias": -0.5, "objective_cosine_similarity": -0.3093838816459143, "is_tight": 1.0, "dual_solution_value": -0.0016269271173009346, "scaled_age": 0.0}, "19": {"bias": -0.3779644730092272, "objective_cosine_similarity": -0.5536567114663782, "is_tight": 0.0, "dual_solution_value": 0.0, "scaled_age": 0.24691358024691357}, "20": {"bias": -0.5773502691896258, "objective_cosine_similarity": -0.18955896127066119, "is_tight": 1.0, "dual_solution_value": -3.810768094997861e-05, "scaled_age": 0.0}, "21": {"bias": -0.4082482904638631, "objective_cosine_similarity": -0.41758125318777595, "is_tight": 0.0, "dual_solution_value": 0.0, "scaled_age": 0.3950617283950617}, "22": {"bias": -0.3779644730092272, "objective_cosine_similarity": -0.36274060406417885, "is_tight": 0.0, "dual_solution_value": 0.0, "scaled_age": 0.3950617283950617}, "23": {"bias": -0.3333333333333333, "objective_cosine_similarity": -0.3788374060970379, "is_tight": 0.0, "dual_solution_value": 0.0, "scaled_age": 0.3950617283950617}, "24": {"bias": -0.5, "objective_cosine_similarity": -0.17679078951195104, "is_tight": 0.0, "dual_solution_value": 0.0, "scaled_age": 0.3950617283950617}, "25": {"bias": -0.5, "objective_cosine_similarity": -0.1641628759753831, "is_tight": 0.0, "dual_solution_value": 0.0, "scaled_age": 0.24691358024691357}, "26": {"bias": -0.3779644730092272, "objective_cosine_similarity": -0.1861432047171444, "is_tight": 0.0, "dual_solution_value": 0.0, "scaled_age": 0.3950617283950617}, "27": {"bias": -0.7071067811865475, "objective_cosine_similarity": -0.12500996611522414, "is_tight": 0.0, "dual_solution_value": 0.0, "scaled_age": 0.06172839506172839}, "28": {"bias": -0.4472135954999579, "objective_cosine_similarity": -0.12988961617607608, "is_tight": 0.0, "dual_solution_value": 0.0, "scaled_age": 0.3950617283950617}, "29": {"bias": -0.4472135954999579, "objective_cosine_similarity": -0.24283710850309875, "is_tight": 0.0, "dual_solution_value": 0.0, "scaled_age": 0.3950617283950617}, "30": {"bias": -0.3333333333333333, "objective_cosine_similarity": -0.4924886279261493, "is_tight": 0.0, "dual_solution_value": 0.0, "scaled_age": 0.3950617283950617}, "31": {"bias": -0.5, "objective_cosine_similarity": -0.1452210056705312, "is_tight": 0.0, "dual_solution_value": 0.0, "scaled_age": 0.3950617283950617}, "32": {"bias": -0.4472135954999579, "objective_cosine_similarity": -0.4913215916225486, "is_tight": 0.0, "dual_solution_value": 0.0, "scaled_age": 0.2222222222222222}, "33": {"bias": -0.7071067811865475, "objective_cosine_similarity": -0.07143426635155664, "is_tight": 1.0, "dual_solution_value": -0.014923596966723306, "scaled_age": 0.0}, "34": {"bias": -0.35355339059327373, "objective_cosine_similarity": -0.30359563199411577, "is_tight": 0.0, "dual_solution_value": 0.0, "scaled_age": 0.3950617283950617}, "35": {"bias": -0.35355339059327373, "objective_cosine_similarity": -0.43753488140328445, "is_tight": 0.0, "dual_solution_value": 0.0, "scaled_age": 0.3950617283950617}, "36": {"bias": -0.4082482904638631, "objective_cosine_similarity": -0.340251391486336, "is_tight": 0.0, "dual_solution_value": 0.0, "scaled_age": 0.3950617283950617}, "37": {"bias": -0.31622776601683794, "objective_cosine_similarity": -0.5151352984388237, "is_tight": 0.0, "dual_solution_value": 0.0, "scaled_age": 0.3950617283950617}, "38": {"bias": -0.5, "objective_cosine_similarity": -0.2904420113410624, "is_tight": 0.0, "dual_solution_value": 0.0, "scaled_age": 0.3950617283950617}, "39": {"bias": -0.3333333333333333, "objective_cosine_similarity": -0.4377676692676883, "is_tight": 0.0, "dual_solution_value": 0.0, "scaled_age": 0.3950617283950617}, "40": {"bias": -0.5773502691896258, "objective_cosine_similarity": -0.18955896127066119, "is_tight": 0.0, "dual_solution_value": 0.0, "scaled_age": 0.3950617283950617}, "41": {"bias": -0.4472135954999579, "objective_cosine_similarity": -0.2371897338867476, "is_tight": 0.0, "dual_solution_value": 0.0, "scaled_age": 0.012345679012345678}, "42": {"bias": -0.4472135954999579, "objective_cosine_similarity": -0.39531622314457937, "is_tight": 0.0, "dual_solution_value": 0.0, "scaled_age": 0.012345679012345678}, "43": {"bias": -0.4472135954999579, "objective_cosine_similarity": -0.49696896623889975, "is_tight": 0.0, "dual_solution_value": 0.0, "scaled_age": 0.16049382716049382}, "44": {"bias": -0.4082482904638631, "objective_cosine_similarity": -0.2990087985789013, "is_tight": 0.0, "dual_solution_value": 0.0, "scaled_age": 0.3950617283950617}, "45": {"bias": -0.7071067811865475, "objective_cosine_similarity": -0.2589492155243928, "is_tight": 1.0, "dual_solution_value": -0.06143826972009545, "scaled_age": 0.0}, "46": {"bias": -0.4472135954999579, "objective_cosine_similarity": -0.4856742170061975, "is_tight": 1.0, "dual_solution_value": -0.004844841685022234, "scaled_age": 0.0}, "47": {"bias": -0.5773502691896258, "objective_cosine_similarity": -0.3572457347023999, "is_tight": 0.0, "dual_solution_value": 0.0,