{"0": {"bias": -0.8682431421244593, "objective_cosine_similarity": -0.8961204919434532, "is_tight": 0.0, "dual_solution_value": -0.0, "scaled_age": 0.13114754098360656}, "1": {"bias": -0.7071067811865475, "objective_cosine_similarity": -0.838976602333384, "is_tight": 0.0, "dual_solution_value": -0.0, "scaled_age": 0.16393442622950818}, "2": {"bias": -0.8111071056538127, "objective_cosine_similarity": -0.8598008638497667, "is_tight": 1.0, "dual_solution_value": -0.0013282196836699072, "scaled_age": 0.0}, "3": {"bias": -0.753778361444409, "objective_cosine_similarity": -0.8704267212995428, "is_tight": 1.0, "dual_solution_value": -0.0002410992379828875, "scaled_age": 0.0}, "4": {"bias": -0.7142857142857143, "objective_cosine_similarity": -0.8939176070371214, "is_tight": 0.0, "dual_solution_value": -0.0, "scaled_age": 0.08196721311475409}, "5": {"bias": -0.9336929996529233, "objective_cosine_similarity": -0.885622720443906, "is_tight": 1.0, "dual_solution_value": -3.011563850994887e-07, "scaled_age": 0.0}, "6": {"bias": -0.6324555320336759, "objective_cosine_similarity": -0.48752328372897846, "is_tight": 0.0, "dual_solution_value": -0.0, "scaled_age": 0.03278688524590164}, "7": {"bias": -0.6666666666666666, "objective_cosine_similarity": -0.5911468018624442, "is_tight": 0.0, "dual_solution_value": -0.0, "scaled_age": 0.08196721311475409}, "8": {"bias": -0.5773502691896258, "objective_cosine_similarity": -0.794101388315984, "is_tight": 1.0, "dual_solution_value": -0.0021541681710780716, "scaled_age": 0.0}, "9": {"bias": -0.9936103665667758, "objective_cosine_similarity": -0.9107080272412658, "is_tight": 0.0, "dual_solution_value": 0.0, "scaled_age": 0.14754098360655737}, "10": {"bias": -0.9651257052211084, "objective_cosine_similarity": -0.9601896042957261, "is_tight": 0.0, "dual_solution_value": 0.0, "scaled_age": 0.11475409836065574}, "11": {"bias": -0.4472135954999579, "objective_cosine_similarity": -0.6489054492444121, "is_tight": 1.0, "dual_solution_value": -0.02502510650761566, "scaled_age": 0.0}, "12": {"bias": -0.35355339059327373, "objective_cosine_similarity": -0.5130048014267826, "is_tight": 0.0, "dual_solution_value": 0.0, "scaled_age": 0.3442622950819672}, "13": {"bias": -0.4472135954999579, "objective_cosine_similarity": -0.31994643678023094, "is_tight": 0.0, "dual_solution_value": 0.0, "scaled_age": 0.3442622950819672}, "14": {"bias": -0.35355339059327373, "objective_cosine_similarity": -0.39187866775657004, "is_tight": 0.0, "dual_solution_value": 0.0, "scaled_age": 0.3442622950819672}, "15": {"bias": -0.4472135954999579, "objective_cosine_similarity": -0.40105961793578243, "is_tight": 0.0, "dual_solution_value": 0.0, "scaled_age": 0.11475409836065574}, "16": {"bias": -0.4082482904638631, "objective_cosine_similarity": -0.32909273355480384, "is_tight": 0.0, "dual_solution_value": 0.0, "scaled_age": 0.14754098360655737}, "17": {"bias": -0.5, "objective_cosine_similarity": -0.2569473314913465, "is_tight": 0.0, "dual_solution_value": 0.0, "scaled_age": 0.03278688524590164}, "18": {"bias": -0.30151134457776363, "objective_cosine_similarity": -0.422301271415834, "is_tight": 0.0, "dual_solution_value": 0.0, "scaled_age": 0.3442622950819672}, "19": {"bias": -0.5773502691896258, "objective_cosine_similarity": -0.23852129612421497, "is_tight": 0.0, "dual_solution_value": 0.0, "scaled_age": 0.21311475409836064}, "20": {"bias": -0.31622776601683794, "objective_cosine_similarity": -0.4301676032902751, "is_tight": 0.0, "dual_solution_value": 0.0, "scaled_age": 0.3442622950819672}, "21": {"bias": -0.3779644730092272, "objective_cosine_similarity": -0.3732338175823094, "is_tight": 0.0, "dual_solution_value": 0.0, "scaled_age": 0.11475409836065574}, "22": {"bias": -0.4082482904638631, "objective_cosine_similarity": -0.40313859860463475, "is_tight": 0.0, "dual_solution_value": 0.0, "scaled_age": 0.3442622950819672}, "23": {"bias": -0.4472135954999579, "objective_cosine_similarity": -0.2523521191506047, "is_tight": 0.0, "dual_solution_value": 0.0, "scaled_age": 0.3442622950819672}, "24": {"bias": -0.4082482904638631, "objective_cosine_similarity": -0.6581854671096077, "is_tight": 1.0, "dual_solution_value": -0.03898673196470866, "scaled_age": 0.0}, "25": {"bias": -0.4082482904638631, "objective_cosine_similarity": -0.5717986245514717, "is_tight": 0.0, "dual_solution_value": 0.0, "scaled_age": 0.13114754098360656}, "26": {"bias": -0.35355339059327373, "objective_cosine_similarity": -0.6555061351564444, "is_tight": 0.0, "dual_solution_value": 0.0, "scaled_age": 0.16393442622950818}, "27": {"bias": -0.35355339059327373, "objective_cosine_similarity": -0.4524417345916763, "is_tight": 0.0, "dual_solution_value": 0.0, "scaled_age": 0.3442622950819672}, "28": {"bias": -0.4082482904638631, "objective_cosine_similarity": -0.44016153112955014, "is_tight": 0.0, "dual_solution_value": 0.0, "scaled_age": 0.16393442622950818}, "29": {"bias": -0.35355339059327373, "objective_cosine_similarity": -0.5094422680835411, "is_tight": 0.0, "dual_solution_value": 0.0, "scaled_age": 0.3442622950819672}, "30": {"bias": -0.4082482904638631, "objective_cosine_similarity": -0.26327418684384307, "is_tight": 0.0, "dual_solution_value": 0.0, "scaled_age": 0.3442622950819672}, "31": {"bias": -0.4472135954999579, "objective_cosine_similarity": -0.2748835583604801, "is_tight": 0.0, "dual_solution_value": 0.0, "scaled_age": 0.3442622950819672}, "32": {"bias": -0.4472135954999579, "objective_cosine_similarity": -0.4821727990913339, "is_tight": 0.0, "dual_solution_value": 0.0, "scaled_age": 0.08196721311475409}, "33": {"bias": -0.4472135954999579, "objective_cosine_similarity": -0.3424778759901064, "is_tight": 0.0, "dual_solution_value": 0.0, "scaled_age": 0.3442622950819672}, "34": {"bias": -0.31622776601683794, "objective_cosine_similarity": -0.3664390694694936, "is_tight": 0.0, "dual_solution_value": 0.0, "scaled_age": 0.3442622950819672}, "35": {"bias": -0.3779644730092272, "objective_cosine_similarity": -0.4303614427224588, "is_tight": 0.0, "dual_solution_value": 0.0, "scaled_age": 0.13114754098360656}, "36": {"bias": -0.4472135954999579, "objective_cosine_similarity": -0.3875407544098572, "is_tight": 1.0, "dual_solution_value": -1.7412067759506768e-05, "scaled_age": 0.0}, "37": {"bias": -0.3779644730092272, "objective_cosine_similarity": -0.5027231012333148, "is_tight": 0.0, "dual_solution_value": 0.0, "scaled_age": 0.3442622950819672}, "38": {"bias": -0.4082482904638631, "objective_cosine_similarity": -0.29618346019932346, "is_tight": 0.0, "dual_solution_value": 0.0, "scaled_age": 0.3442622950819672}, "39": {"bias": -0.5, "objective_cosine_similarity": -0.34763462495888053, "is_tight": 1.0, "dual_solution_value": -0.013949418304929385, "scaled_age": 0.0}, "40": {"bias": -0.4082482904638631, "objective_cosine_similarity": -0.44016153112955014, "is_tight": 0.0, "dual_solution_value": 0.0, "scaled_age": 0.11475409836065574}, "41": {"bias": -0.4082482904638631, "objective_cosine_similarity": -0.35377468857141414, "is_tight": 0.0, "dual_solution_value": 0.0, "scaled_age": 0.3114754098360656}, "42": {"bias": -0.3779644730092272, "objective_cosine_similarity": -0.36180829255427954, "is_tight": 0.0, "dual_solution_value": 0.0, "scaled_age": 0.3442622950819672}, "43": {"bias": -0.4472135954999579, "objective_cosine_similarity": -0.14870749878517775, "is_tight": 0.0, "dual_solution_value": 0.0, "scaled_age": 0.3442622950819672}, "44": {"bias": -0.5, "objective_cosine_similarity": -0.342596441988462, "is_tight": 0.0, "dual_solution_value": 0.0, "scaled_age": 0.3442622950819672}, "45": {"bias": -0.35355339059327373, "objective_cosine_similarity": -0.42394146784574394, "is_tight": 0.0, "dual_solution_value": 0.0, "scaled_age": 0.3442622950819672}, "46": {"bias": -0.4472135954999579, "objective_cosine_similarity": -0.31544014893825584, "is_tight": 0.0, "dual_solution_value": 0.0, "scaled_age": 0.04918032786885246}, "47": {"bias": -0.3779644730092272, "objective_cosine_similarity": -0.510340117918668,