{"0": {"bias": -0.7515056842536706, "objective_cosine_similarity": -0.7925095359646194, "is_tight": 0.0, "dual_solution_value": -0.0, "scaled_age": 0.02564102564102564}, "1": {"bias": -0.8131433980500301, "objective_cosine_similarity": -0.6360646613953757, "is_tight": 0.0, "dual_solution_value": -0.0, "scaled_age": 0.02564102564102564}, "2": {"bias": -0.8017837257372732, "objective_cosine_similarity": -0.5369871514644506, "is_tight": 0.0, "dual_solution_value": -0.0, "scaled_age": 0.08974358974358974}, "3": {"bias": -1.0042893355303932, "objective_cosine_similarity": -0.2939506835584301, "is_tight": 1.0, "dual_solution_value": -0.0005284420201645029, "scaled_age": 0.0}, "4": {"bias": -1.1542807489213918, "objective_cosine_similarity": -0.29868607655245355, "is_tight": 0.0, "dual_solution_value": -0.0, "scaled_age": 0.14102564102564102}, "5": {"bias": -1.126068048727204, "objective_cosine_similarity": -0.29721155917216163, "is_tight": 1.0, "dual_solution_value": -0.00437605556358468, "scaled_age": 0.0}, "6": {"bias": -1.1030096567493852, "objective_cosine_similarity": -0.29248728599867296, "is_tight": 0.0, "dual_solution_value": -0.0, "scaled_age": 0.02564102564102564}, "7": {"bias": -1.0546547066715568, "objective_cosine_similarity": -0.2969044886887987, "is_tight": 1.0, "dual_solution_value": -0.004564455573441866, "scaled_age": 0.0}, "8": {"bias": -0.6255432421712244, "objective_cosine_similarity": -0.38178375245918267, "is_tight": 1.0, "dual_solution_value": -0.0016732201156457148, "scaled_age": 0.0}, "9": {"bias": -0.5933618117209785, "objective_cosine_similarity": -0.8748928742368088, "is_tight": 0.0, "dual_solution_value": -0.0, "scaled_age": 0.14102564102564102}, "10": {"bias": -0.2581988897471611, "objective_cosine_similarity": -0.3042966525718724, "is_tight": 0.0, "dual_solution_value": 0.0, "scaled_age": 0.28205128205128205}, "11": {"bias": -0.2773500981126146, "objective_cosine_similarity": -0.3115076475960479, "is_tight": 0.0, "dual_solution_value": 0.0, "scaled_age": 0.10256410256410256}, "12": {"bias": -0.2773500981126146, "objective_cosine_similarity": -0.3268670385406912, "is_tight": 1.0, "dual_solution_value": -0.0017617561310297929, "scaled_age": 0.0}, "13": {"bias": -0.24253562503633297, "objective_cosine_similarity": -0.3324270942397194, "is_tight": 0.0, "dual_solution_value": 0.0, "scaled_age": 0.28205128205128205}, "14": {"bias": -0.22941573387056174, "objective_cosine_similarity": -0.3950408188403371, "is_tight": 0.0, "dual_solution_value": 0.0, "scaled_age": 0.08974358974358974}, "15": {"bias": -0.22941573387056174, "objective_cosine_similarity": -0.3005486430775228, "is_tight": 0.0, "dual_solution_value": 0.0, "scaled_age": 0.28205128205128205}, "16": {"bias": -0.25, "objective_cosine_similarity": -0.3422253565949204, "is_tight": 0.0, "dual_solution_value": 0.0, "scaled_age": 0.28205128205128205}, "17": {"bias": -0.22360679774997896, "objective_cosine_similarity": -0.3854251349312094, "is_tight": 0.0, "dual_solution_value": 0.0, "scaled_age": 0.07692307692307693}, "18": {"bias": -0.2886751345948129, "objective_cosine_similarity": -0.33272029979239676, "is_tight": 1.0, "dual_solution_value": -0.007185024150495851, "scaled_age": 0.0}, "19": {"bias": -0.23570226039551587, "objective_cosine_similarity": -0.2985867426726151, "is_tight": 0.0, "dual_solution_value": 0.0, "scaled_age": 0.28205128205128205}, "20": {"bias": -0.2672612419124244, "objective_cosine_similarity": -0.27473761237716077, "is_tight": 0.0, "dual_solution_value": 0.0, "scaled_age": 0.28205128205128205}, "21": {"bias": -0.2672612419124244, "objective_cosine_similarity": -0.3455033610197628, "is_tight": 0.0, "dual_solution_value": 0.0, "scaled_age": 0.15384615384615385}, "22": {"bias": -0.22360679774997896, "objective_cosine_similarity": -0.4218005994729099, "is_tight": 0.0, "dual_solution_value": 0.0, "scaled_age": 0.28205128205128205}, "23": {"bias": -0.35355339059327373, "objective_cosine_similarity": -0.28573772300842465, "is_tight": 1.0, "dual_solution_value": -0.003459096843199915, "scaled_age": 0.0}, "24": {"bias": -0.2581988897471611, "objective_cosine_similarity": -0.32753222663022385, "is_tight": 0.0, "dual_solution_value": 0.0, "scaled_age": 0.28205128205128205}, "25": {"bias": -0.2886751345948129, "objective_cosine_similarity": -0.3432114804164813, "is_tight": 0.0, "dual_solution_value": 0.0, "scaled_age": 0.08974358974358974}, "26": {"bias": -0.30151134457776363, "objective_cosine_similarity": -0.3829970332389668, "is_tight": 1.0, "dual_solution_value": -7.781798220316676e-05, "scaled_age": 0.0}, "27": {"bias": -0.2886751345948129, "objective_cosine_similarity": -0.3751846023184534, "is_tight": 0.0, "dual_solution_value": 0.0, "scaled_age": 0.02564102564102564}, "28": {"bias": -0.2773500981126146, "objective_cosine_similarity": -0.36142566816613875, "is_tight": 0.0, "dual_solution_value": 0.0, "scaled_age": 0.24358974358974358}, "29": {"bias": -0.25, "objective_cosine_similarity": -0.3686169454094465, "is_tight": 0.0, "dual_solution_value": 0.0, "scaled_age": 0.1282051282051282}, "30": {"bias": -0.24253562503633297, "objective_cosine_similarity": -0.426446878469135, "is_tight": 0.0, "dual_solution_value": 0.0, "scaled_age": 0.28205128205128205}, "31": {"bias": -0.24253562503633297, "objective_cosine_similarity": -0.31018134172115236, "is_tight": 0.0, "dual_solution_value": 0.0, "scaled_age": 0.28205128205128205}, "32": {"bias": -0.2773500981126146, "objective_cosine_similarity": -0.3153474953322087, "is_tight": 0.0, "dual_solution_value": 0.0, "scaled_age": 0.02564102564102564}, "33": {"bias": -0.24253562503633297, "objective_cosine_similarity": -0.3555123091174777, "is_tight": 0.0, "dual_solution_value": 0.0, "scaled_age": 0.28205128205128205}, "34": {"bias": -0.22360679774997896, "objective_cosine_similarity": -0.3970343257423904, "is_tight": 0.0, "dual_solution_value": 0.0, "scaled_age": 0.28205128205128205}, "35": {"bias": -0.2773500981126146, "objective_cosine_similarity": -0.3542259536608372, "is_tight": 0.0, "dual_solution_value": 0.0, "scaled_age": 0.01282051282051282}, "36": {"bias": -0.24253562503633297, "objective_cosine_similarity": -0.36054908327262497, "is_tight": 0.0, "dual_solution_value": 0.0, "scaled_age": 0.28205128205128205}, "37": {"bias": -0.2773500981126146, "objective_cosine_similarity": -0.3403065056172542, "is_tight": 0.0, "dual_solution_value": 0.0, "scaled_age": 0.1282051282051282}, "38": {"bias": -0.22360679774997896, "objective_cosine_similarity": -0.3792335664985795, "is_tight": 0.0, "dual_solution_value": 0.0, "scaled_age": 0.28205128205128205}, "39": {"bias": -0.20412414523193154, "objective_cosine_similarity": -0.4783092018319519, "is_tight": 0.0, "dual_solution_value": 0.0, "scaled_age": 0.28205128205128205}, "40": {"bias": -0.24253562503633297, "objective_cosine_similarity": -0.3773383304564492, "is_tight": 0.0, "dual_solution_value": 0.0, "scaled_age": 0.1794871794871795}, "41": {"bias": -0.2581988897471611, "objective_cosine_similarity": -0.2529102868659028, "is_tight": 0.0, "dual_solution_value": 0.0, "scaled_age": 0.28205128205128205}, "42": {"bias": -0.22941573387056174, "objective_cosine_similarity": -0.37241033977109167, "is_tight": 0.0, "dual_solution_value": 0.0, "scaled_age": 0.28205128205128205}, "43": {"bias": -0.2581988897471611, "objective_cosine_similarity": -0.33289428218215117, "is_tight": 1.0, "dual_solution_value": -0.00017908747862279887, "scaled_age": 0.0}, "44": {"bias": -0.2581988897471611, "objective_cosine_similarity": -0.35970455994178746, "is_tight": 0.0, "dual_solution_value": 0.0, "scaled_age": 0.01282051282051282}, "45": {"bias": -0.20851441405707477, "objective_cosine_similarity": -0.46622363721858606, "is_tight": 0.0, "dual_solution_value": 0.0, "scaled_age": 0.28205128205128205}, "46": {"bias": -0.2773500981126146, "objective_cosine_similarity": -0.31678743823326905, "is_tight": 0.0, "dual_solution_value": 0.0, "scaled_age": 0.28205128205128205}, "47": {"bias": -0.24253562503633297,