{"0": {"bias": -1.3641205013737023, "objective_cosine_similarity": -0.8969145570811686, "is_tight": 0.0, "dual_solution_value": -0.0, "scaled_age": 0.04225352112676056}, "1": {"bias": -1.2268693220279547, "objective_cosine_similarity": -0.9205944309280764, "is_tight": 0.0, "dual_solution_value": -0.0, "scaled_age": 0.11267605633802817}, "2": {"bias": -0.7071067811865475, "objective_cosine_similarity": -0.22702344592043555, "is_tight": 1.0, "dual_solution_value": -0.0001093658383347709, "scaled_age": 0.0}, "3": {"bias": -1.260123838323872, "objective_cosine_similarity": -0.8826765840414871, "is_tight": 0.0, "dual_solution_value": -0.0, "scaled_age": 0.14084507042253522}, "4": {"bias": -1.0776318121606494, "objective_cosine_similarity": -0.862378223189374, "is_tight": 0.0, "dual_solution_value": -0.0, "scaled_age": 0.11267605633802817}, "5": {"bias": -0.6030226891555273, "objective_cosine_similarity": -0.6602839854921945, "is_tight": 1.0, "dual_solution_value": -0.00957516995517726, "scaled_age": 0.0}, "6": {"bias": -0.7071067811865475, "objective_cosine_similarity": -0.4235512050754395, "is_tight": 0.0, "dual_solution_value": -0.0, "scaled_age": 0.18309859154929578}, "7": {"bias": -0.917662935482247, "objective_cosine_similarity": -0.683792748326217, "is_tight": 1.0, "dual_solution_value": -1.0975031989021984e-05, "scaled_age": 0.0}, "8": {"bias": -1.401843528840609, "objective_cosine_similarity": -0.7780254315675202, "is_tight": 0.0, "dual_solution_value": 0.0, "scaled_age": 0.028169014084507043}, "9": {"bias": -0.4082482904638631, "objective_cosine_similarity": -0.3306145678634905, "is_tight": 0.0, "dual_solution_value": 0.0, "scaled_age": 0.3380281690140845}, "10": {"bias": -0.7071067811865475, "objective_cosine_similarity": -0.07115660245267383, "is_tight": 0.0, "dual_solution_value": 0.0, "scaled_age": 0.18309859154929578}, "11": {"bias": -0.4082482904638631, "objective_cosine_similarity": -0.21714921321211508, "is_tight": 0.0, "dual_solution_value": 0.0, "scaled_age": 0.3380281690140845}, "12": {"bias": -0.35355339059327373, "objective_cosine_similarity": -0.29479163873250586, "is_tight": 0.0, "dual_solution_value": 0.0, "scaled_age": 0.3380281690140845}, "13": {"bias": -0.4472135954999579, "objective_cosine_similarity": -0.3385969106753574, "is_tight": 0.0, "dual_solution_value": 0.0, "scaled_age": 0.3380281690140845}, "14": {"bias": -0.5773502691896258, "objective_cosine_similarity": -0.11066499545341263, "is_tight": 0.0, "dual_solution_value": 0.0, "scaled_age": 0.3380281690140845}, "15": {"bias": -0.5, "objective_cosine_similarity": -0.35939511514629274, "is_tight": 1.0, "dual_solution_value": -0.01931197771928157, "scaled_age": 0.0}, "16": {"bias": -0.4472135954999579, "objective_cosine_similarity": -0.3085946527674143, "is_tight": 0.0, "dual_solution_value": 0.0, "scaled_age": 0.3380281690140845}, "17": {"bias": -0.35355339059327373, "objective_cosine_similarity": -0.4455758677393623, "is_tight": 0.0, "dual_solution_value": 0.0, "scaled_age": 0.29577464788732394}, "18": {"bias": -0.7071067811865475, "objective_cosine_similarity": -0.13892479526474416, "is_tight": 1.0, "dual_solution_value": -0.024912408373607867, "scaled_age": 0.0}, "19": {"bias": -0.5, "objective_cosine_similarity": -0.32105963619735484, "is_tight": 0.0, "dual_solution_value": 0.0, "scaled_age": 0.3380281690140845}, "20": {"bias": -0.3779644730092272, "objective_cosine_similarity": -0.42200520499356886, "is_tight": 0.0, "dual_solution_value": 0.0, "scaled_age": 0.3380281690140845}, "21": {"bias": -0.5, "objective_cosine_similarity": -0.2563685154710222, "is_tight": 0.0, "dual_solution_value": 0.0, "scaled_age": 0.3380281690140845}, "22": {"bias": -0.5773502691896258, "objective_cosine_similarity": -0.29049561306520816, "is_tight": 1.0, "dual_solution_value": -0.00844381121803866, "scaled_age": 0.0}, "23": {"bias": -0.5, "objective_cosine_similarity": -0.27314028751118247, "is_tight": 0.0, "dual_solution_value": 0.0, "scaled_age": 0.3380281690140845}, "24": {"bias": -0.5773502691896258, "objective_cosine_similarity": -0.24622961488384312, "is_tight": 1.0, "dual_solution_value": -0.017439661095933017, "scaled_age": 0.0}, "25": {"bias": -0.3779644730092272, "objective_cosine_similarity": -0.3531803217757336, "is_tight": 0.0, "dual_solution_value": 0.0, "scaled_age": 0.3380281690140845}, "26": {"bias": -0.7071067811865475, "objective_cosine_similarity": -0.0880986506556914, "is_tight": 1.0, "dual_solution_value": -0.0008373957363044723, "scaled_age": 0.0}, "27": {"bias": -0.5, "objective_cosine_similarity": -0.17730159013883776, "is_tight": 0.0, "dual_solution_value": 0.0, "scaled_age": 0.14084507042253522}, "28": {"bias": -0.4472135954999579, "objective_cosine_similarity": -0.38788633438126385, "is_tight": 0.0, "dual_solution_value": 0.0, "scaled_age": 0.3380281690140845}, "29": {"bias": -0.3779644730092272, "objective_cosine_similarity": -0.414760480444323, "is_tight": 0.0, "dual_solution_value": 0.0, "scaled_age": 0.2676056338028169}, "30": {"bias": -0.5, "objective_cosine_similarity": -0.3114757664601204, "is_tight": 0.0, "dual_solution_value": 0.0, "scaled_age": 0.07042253521126761}, "31": {"bias": -0.5, "objective_cosine_similarity": -0.2563685154710222, "is_tight": 0.0, "dual_solution_value": 0.0, "scaled_age": 0.3380281690140845}, "32": {"bias": -0.4472135954999579, "objective_cosine_similarity": -0.30430861592342245, "is_tight": 0.0, "dual_solution_value": 0.0, "scaled_age": 0.1267605633802817}, "33": {"bias": -0.7071067811865475, "objective_cosine_similarity": -0.06776819281207032, "is_tight": 0.0, "dual_solution_value": 0.0, "scaled_age": 0.04225352112676056}, "34": {"bias": -0.5, "objective_cosine_similarity": -0.2372007759965532, "is_tight": 0.0, "dual_solution_value": 0.0, "scaled_age": 0.3380281690140845}, "35": {"bias": -0.4082482904638631, "objective_cosine_similarity": -0.1428098429232829, "is_tight": 0.0, "dual_solution_value": 0.0, "scaled_age": 0.3380281690140845}, "36": {"bias": -0.4472135954999579, "objective_cosine_similarity": -0.2935935238134428, "is_tight": 0.0, "dual_solution_value": 0.0, "scaled_age": 0.3380281690140845}, "37": {"bias": -0.4082482904638631, "objective_cosine_similarity": -0.612321655273802, "is_tight": 1.0, "dual_solution_value": -0.061797593023335796, "scaled_age": 0.0}, "38": {"bias": -0.5773502691896258, "objective_cosine_similarity": -0.2434629899975078, "is_tight": 0.0, "dual_solution_value": 0.0, "scaled_age": 0.1267605633802817}, "39": {"bias": -0.4082482904638631, "objective_cosine_similarity": -0.1956299218127163, "is_tight": 0.0, "dual_solution_value": 0.0, "scaled_age": 0.3380281690140845}, "40": {"bias": -0.35355339059327373, "objective_cosine_similarity": -0.4032207472318184, "is_tight": 0.0, "dual_solution_value": 0.0, "scaled_age": 0.3380281690140845}, "41": {"bias": -0.4472135954999579, "objective_cosine_similarity": -0.21215882377759734, "is_tight": 0.0, "dual_solution_value": 0.0, "scaled_age": 0.056338028169014086}, "42": {"bias": -0.4472135954999579, "objective_cosine_similarity": -0.32145276329938993, "is_tight": 0.0, "dual_solution_value": 0.0, "scaled_age": 0.3380281690140845}, "43": {"bias": -0.5, "objective_cosine_similarity": -0.0646911207263327, "is_tight": 0.0, "dual_solution_value": 0.0, "scaled_age": 0.323943661971831}, "44": {"bias": -0.5773502691896258, "objective_cosine_similarity": -0.19366374204347211, "is_tight": 1.0, "dual_solution_value": -0.01703572013786133, "scaled_age": 0.0}, "45": {"bias": -0.4082482904638631, "objective_cosine_similarity": -0.30322637880971026, "is_tight": 0.0, "dual_solution_value": 0.0, "scaled_age": 0.3380281690140845}, "46": {"bias": -0.5, "objective_cosine_similarity": -0.29470399441996004, "is_tight": 1.0, "dual_solution_value": -0.025999359560102308, "scaled_age": 0.0}, "47": {"bias": -0.5773502691896258, "objective_cosine_similarity": -0.32092848681489666, "is_tight": 0.0, "dual_solution_value": 0.0, "scaled_age": 0.11267605633802817},