{"0": {"bias": -1.0721125348377947, "objective_cosine_similarity": -0.943964222502617, "is_tight": 0.0, "dual_solution_value": -0.0, "scaled_age": 0.10144927536231885}, "1": {"bias": -0.6324555320336759, "objective_cosine_similarity": -0.6146271206690516, "is_tight": 0.0, "dual_solution_value": -0.0, "scaled_age": 0.13043478260869565}, "2": {"bias": -1.0886621079036347, "objective_cosine_similarity": -0.8903165823478145, "is_tight": 0.0, "dual_solution_value": -0.0, "scaled_age": 0.028985507246376812}, "3": {"bias": -1.0514812095358115, "objective_cosine_similarity": -0.9247381624469144, "is_tight": 0.0, "dual_solution_value": -0.0, "scaled_age": 0.15942028985507245}, "4": {"bias": -1.002509414234171, "objective_cosine_similarity": -0.8470114352306496, "is_tight": 0.0, "dual_solution_value": -0.0, "scaled_age": 0.14492753623188406}, "5": {"bias": -1.109062889020852, "objective_cosine_similarity": -0.8690185060464539, "is_tight": 0.0, "dual_solution_value": -0.0, "scaled_age": 0.014492753623188406}, "6": {"bias": -0.9959262698702545, "objective_cosine_similarity": -0.913444410210629, "is_tight": 1.0, "dual_solution_value": -0.007309453541516354, "scaled_age": 0.0}, "7": {"bias": -1.090157436324042, "objective_cosine_similarity": -0.8893948256703791, "is_tight": 0.0, "dual_solution_value": 0.0, "scaled_age": 0.18840579710144928}, "8": {"bias": -1.0204145463661736, "objective_cosine_similarity": -0.9350812417008845, "is_tight": 0.0, "dual_solution_value": 0.0, "scaled_age": 0.2028985507246377}, "9": {"bias": -0.35355339059327373, "objective_cosine_similarity": -0.39052512118475524, "is_tight": 0.0, "dual_solution_value": 0.0, "scaled_age": 0.2753623188405797}, "10": {"bias": -0.5, "objective_cosine_similarity": -0.16993413010057765, "is_tight": 0.0, "dual_solution_value": 0.0, "scaled_age": 0.2753623188405797}, "11": {"bias": -0.4472135954999579, "objective_cosine_similarity": -0.32298662661185706, "is_tight": 0.0, "dual_solution_value": 0.0, "scaled_age": 0.2753623188405797}, "12": {"bias": -0.31622776601683794, "objective_cosine_similarity": -0.5138685762970759, "is_tight": 0.0, "dual_solution_value": 0.0, "scaled_age": 0.2753623188405797}, "13": {"bias": -0.3779644730092272, "objective_cosine_similarity": -0.4415748145170057, "is_tight": 0.0, "dual_solution_value": 0.0, "scaled_age": 0.2753623188405797}, "14": {"bias": -0.4472135954999579, "objective_cosine_similarity": -0.2089913466312016, "is_tight": 0.0, "dual_solution_value": 0.0, "scaled_age": 0.2753623188405797}, "15": {"bias": -0.3779644730092272, "objective_cosine_similarity": -0.39741733306530513, "is_tight": 0.0, "dual_solution_value": 0.0, "scaled_age": 0.2753623188405797}, "16": {"bias": -0.3333333333333333, "objective_cosine_similarity": -0.3646503208408229, "is_tight": 0.0, "dual_solution_value": 0.0, "scaled_age": 0.2753623188405797}, "17": {"bias": -0.3779644730092272, "objective_cosine_similarity": -0.45361776400383313, "is_tight": 0.0, "dual_solution_value": 0.0, "scaled_age": 0.2753623188405797}, "18": {"bias": -0.4472135954999579, "objective_cosine_similarity": -0.28498819995163854, "is_tight": 0.0, "dual_solution_value": 0.0, "scaled_age": 0.17391304347826086}, "19": {"bias": -0.4082482904638631, "objective_cosine_similarity": -0.3642204200513787, "is_tight": 0.0, "dual_solution_value": 0.0, "scaled_age": 0.043478260869565216}, "20": {"bias": -0.3779644730092272, "objective_cosine_similarity": -0.3572741681092137, "is_tight": 0.0, "dual_solution_value": 0.0, "scaled_age": 0.2753623188405797}, "21": {"bias": -0.5773502691896258, "objective_cosine_similarity": -0.1839590920463876, "is_tight": 0.0, "dual_solution_value": 0.0, "scaled_age": 0.15942028985507245}, "22": {"bias": -0.3779644730092272, "objective_cosine_similarity": -0.3331882691355589, "is_tight": 0.0, "dual_solution_value": 0.0, "scaled_age": 0.2753623188405797}, "23": {"bias": -0.5, "objective_cosine_similarity": -0.3292473770698692, "is_tight": 0.0, "dual_solution_value": 0.0, "scaled_age": 0.2753623188405797}, "24": {"bias": -0.4082482904638631, "objective_cosine_similarity": -0.4942991414982997, "is_tight": 1.0, "dual_solution_value": -0.00037222490544263785, "scaled_age": 0.0}, "25": {"bias": -0.5773502691896258, "objective_cosine_similarity": -0.26367469859982223, "is_tight": 1.0, "dual_solution_value": -0.022298993112587855, "scaled_age": 0.0}, "26": {"bias": -0.4472135954999579, "objective_cosine_similarity": -0.1567435099734012, "is_tight": 0.0, "dual_solution_value": 0.0, "scaled_age": 0.2753623188405797}, "27": {"bias": -0.4082482904638631, "objective_cosine_similarity": -0.3728923348145068, "is_tight": 0.0, "dual_solution_value": 0.0, "scaled_age": 0.2753623188405797}, "28": {"bias": -0.3333333333333333, "objective_cosine_similarity": -0.39297267585758583, "is_tight": 0.0, "dual_solution_value": 0.0, "scaled_age": 0.2753623188405797}, "29": {"bias": -0.4082482904638631, "objective_cosine_similarity": -0.35554850528825066, "is_tight": 0.0, "dual_solution_value": 0.0, "scaled_age": 0.057971014492753624}, "30": {"bias": -0.35355339059327373, "objective_cosine_similarity": -0.6346033219252273, "is_tight": 0.0, "dual_solution_value": 0.0, "scaled_age": 0.2753623188405797}, "31": {"bias": -0.4472135954999579, "objective_cosine_similarity": -0.3562352499395482, "is_tight": 0.0, "dual_solution_value": 0.0, "scaled_age": 0.15942028985507245}, "32": {"bias": -0.4082482904638631, "objective_cosine_similarity": -0.5116429710245558, "is_tight": 0.0, "dual_solution_value": 0.0, "scaled_age": 0.2753623188405797}, "33": {"bias": -0.3779644730092272, "objective_cosine_similarity": -0.618204740323808, "is_tight": 1.0, "dual_solution_value": -0.03081296801083999, "scaled_age": 0.0}, "34": {"bias": -0.3779644730092272, "objective_cosine_similarity": -0.365302801100432, "is_tight": 0.0, "dual_solution_value": 0.0, "scaled_age": 0.2753623188405797}, "35": {"bias": -0.5773502691896258, "objective_cosine_similarity": -0.16556318284174884, "is_tight": 0.0, "dual_solution_value": 0.0, "scaled_age": 0.2753623188405797}, "36": {"bias": -0.4082482904638631, "objective_cosine_similarity": -0.3728923348145068, "is_tight": 0.0, "dual_solution_value": 0.0, "scaled_age": 0.2753623188405797}, "37": {"bias": -0.7071067811865475, "objective_cosine_similarity": -0.19526256059237762, "is_tight": 1.0, "dual_solution_value": -0.003539120414081593, "scaled_age": 0.0}, "38": {"bias": -0.5773502691896258, "objective_cosine_similarity": -0.45376576038108946, "is_tight": 0.0, "dual_solution_value": 0.0, "scaled_age": 0.15942028985507245}, "39": {"bias": -0.4082482904638631, "objective_cosine_similarity": -0.5680104169848882, "is_tight": 0.0, "dual_solution_value": 0.0, "scaled_age": 0.2028985507246377}, "40": {"bias": -0.3779644730092272, "objective_cosine_similarity": -0.36931711759604113, "is_tight": 0.0, "dual_solution_value": 0.0, "scaled_age": 0.2753623188405797}, "41": {"bias": -0.35355339059327373, "objective_cosine_similarity": -0.34921957952098304, "is_tight": 0.0, "dual_solution_value": 0.0, "scaled_age": 0.2753623188405797}, "42": {"bias": -0.5, "objective_cosine_similarity": -0.3292473770698692, "is_tight": 0.0, "dual_solution_value": 0.0, "scaled_age": 0.21739130434782608}, "43": {"bias": -0.5, "objective_cosine_similarity": -0.23365942888829427, "is_tight": 0.0, "dual_solution_value": 0.0, "scaled_age": 0.2753623188405797}, "44": {"bias": -0.4082482904638631, "objective_cosine_similarity": -0.31652488885417435, "is_tight": 0.0, "dual_solution_value": 0.0, "scaled_age": 0.2753623188405797}, "45": {"bias": -0.5, "objective_cosine_similarity": -0.2655220782821526, "is_tight": 0.0, "dual_solution_value": 0.0, "scaled_age": 0.2753623188405797}, "46": {"bias": -0.3779644730092272, "objective_cosine_similarity": -0.31311668665751313, "is_tight": 0.0, "dual_solution_value": 0.0, "scaled_age": 0.2753623188405797}, "47": {"bias": -0.5, "objective_cosine_similarity": -0.5575963643925204, "is_tight": 1.0, "dual_solution_value": -0.06684047772242119,