{"0": {"bias": -0.6396021490668313, "objective_cosine_similarity": -0.27243161095982865, "is_tight": 1.0, "dual_solution_value": -0.0, "scaled_age": 0.0}, "1": {"bias": -0.7662610281769211, "objective_cosine_similarity": -0.4780115713939603, "is_tight": 1.0, "dual_solution_value": -3.907290932398315e-05, "scaled_age": 0.0}, "2": {"bias": -0.5547001962252291, "objective_cosine_similarity": -0.21224790807264984, "is_tight": 1.0, "dual_solution_value": -0.00015748932008785934, "scaled_age": 0.0}, "3": {"bias": -1.1571124427706638, "objective_cosine_similarity": -0.26412628957779116, "is_tight": 0.0, "dual_solution_value": -0.0, "scaled_age": 0.1111111111111111}, "4": {"bias": -1.1605366166752569, "objective_cosine_similarity": -0.2623298909633596, "is_tight": 0.0, "dual_solution_value": -0.0, "scaled_age": 0.0}, "5": {"bias": -1.1417383898230191, "objective_cosine_similarity": -0.2625254288702514, "is_tight": 0.0, "dual_solution_value": -0.0, "scaled_age": 0.0}, "6": {"bias": -1.171431302868999, "objective_cosine_similarity": -0.26239082370320155, "is_tight": 0.0, "dual_solution_value": -0.0, "scaled_age": 0.1111111111111111}, "7": {"bias": -0.6868028197434451, "objective_cosine_similarity": -0.4354889278916122, "is_tight": 0.0, "dual_solution_value": -0.0, "scaled_age": 0.09523809523809523}, "8": {"bias": -0.2581988897471611, "objective_cosine_similarity": -0.2558798706871702, "is_tight": 1.0, "dual_solution_value": -0.00016535019262277242, "scaled_age": 0.38095238095238093}, "9": {"bias": -0.3779644730092272, "objective_cosine_similarity": -0.2114333696584174, "is_tight": 1.0, "dual_solution_value": -0.004396914643030918, "scaled_age": 0.0}, "10": {"bias": -0.25, "objective_cosine_similarity": -0.21900372521607794, "is_tight": 0.0, "dual_solution_value": 0.0, "scaled_age": 0.38095238095238093}, "11": {"bias": -0.25, "objective_cosine_similarity": -0.3151949886416162, "is_tight": 0.0, "dual_solution_value": 0.0, "scaled_age": 0.38095238095238093}, "12": {"bias": -0.23570226039551587, "objective_cosine_similarity": -0.3724648047014904, "is_tight": 1.0, "dual_solution_value": -0.0018641790224367862, "scaled_age": 0.0}, "13": {"bias": -0.22941573387056174, "objective_cosine_similarity": -0.35764476223166963, "is_tight": 1.0, "dual_solution_value": -0.0011769232218631377, "scaled_age": 0.0}, "14": {"bias": -0.24253562503633297, "objective_cosine_similarity": -0.2785802927253065, "is_tight": 0.0, "dual_solution_value": 0.0, "scaled_age": 0.38095238095238093}, "15": {"bias": -0.25, "objective_cosine_similarity": -0.2985123709995487, "is_tight": 0.0, "dual_solution_value": 0.0, "scaled_age": 0.12698412698412698}, "16": {"bias": -0.2672612419124244, "objective_cosine_similarity": -0.2216027567550253, "is_tight": 0.0, "dual_solution_value": 0.0, "scaled_age": 0.25396825396825395}, "17": {"bias": -0.24253562503633297, "objective_cosine_similarity": -0.2730706701250532, "is_tight": 0.0, "dual_solution_value": 0.0, "scaled_age": 0.38095238095238093}, "18": {"bias": -0.30151134457776363, "objective_cosine_similarity": -0.261559920769498, "is_tight": 1.0, "dual_solution_value": -0.0003035936222981554, "scaled_age": 0.0}, "19": {"bias": -0.2581988897471611, "objective_cosine_similarity": -0.21885427335278027, "is_tight": 0.0, "dual_solution_value": 0.0, "scaled_age": 0.38095238095238093}, "20": {"bias": -0.2773500981126146, "objective_cosine_similarity": -0.24847575138004088, "is_tight": 0.0, "dual_solution_value": 0.0, "scaled_age": 0.06349206349206349}, "21": {"bias": -0.30151134457776363, "objective_cosine_similarity": -0.18750121979875636, "is_tight": 1.0, "dual_solution_value": -0.001418465660120552, "scaled_age": 0.0}, "22": {"bias": -0.23570226039551587, "objective_cosine_similarity": -0.25132171458294633, "is_tight": 0.0, "dual_solution_value": 0.0, "scaled_age": 0.38095238095238093}, "23": {"bias": -0.2773500981126146, "objective_cosine_similarity": -0.23193695334840583, "is_tight": 0.0, "dual_solution_value": 0.0, "scaled_age": 0.38095238095238093}, "24": {"bias": -0.2581988897471611, "objective_cosine_similarity": -0.33799604695354, "is_tight": 0.0, "dual_solution_value": 0.0, "scaled_age": 0.38095238095238093}, "25": {"bias": -0.24253562503633297, "objective_cosine_similarity": -0.295797863351098, "is_tight": 0.0, "dual_solution_value": 0.0, "scaled_age": 0.38095238095238093}, "26": {"bias": -0.30151134457776363, "objective_cosine_similarity": -0.28981352923232434, "is_tight": 1.0, "dual_solution_value": -0.0045096831661513535, "scaled_age": 0.0}, "27": {"bias": -0.23570226039551587, "objective_cosine_similarity": -0.2971686851526716, "is_tight": 0.0, "dual_solution_value": 0.0, "scaled_age": 0.38095238095238093}, "28": {"bias": -0.2182178902359924, "objective_cosine_similarity": -0.3717901915369248, "is_tight": 0.0, "dual_solution_value": 0.0, "scaled_age": 0.38095238095238093}, "29": {"bias": -0.24253562503633297, "objective_cosine_similarity": -0.27685853566272733, "is_tight": 0.0, "dual_solution_value": 0.0, "scaled_age": 0.38095238095238093}, "30": {"bias": -0.24253562503633297, "objective_cosine_similarity": -0.31026062267676285, "is_tight": 1.0, "dual_solution_value": -4.969989267584507e-19, "scaled_age": 0.38095238095238093}, "31": {"bias": -0.24253562503633297, "objective_cosine_similarity": -0.39049450179295125, "is_tight": 1.0, "dual_solution_value": -0.0038330482686754572, "scaled_age": 0.0}, "32": {"bias": -0.30151134457776363, "objective_cosine_similarity": -0.24572077663124692, "is_tight": 0.0, "dual_solution_value": 0.0, "scaled_age": 0.20634920634920634}, "33": {"bias": -0.2773500981126146, "objective_cosine_similarity": -0.24335659960834433, "is_tight": 0.0, "dual_solution_value": 0.0, "scaled_age": 0.38095238095238093}, "34": {"bias": -0.2672612419124244, "objective_cosine_similarity": -0.22046438642922894, "is_tight": 0.0, "dual_solution_value": 0.0, "scaled_age": 0.38095238095238093}, "35": {"bias": -0.22360679774997896, "objective_cosine_similarity": -0.37144728932469173, "is_tight": 0.0, "dual_solution_value": 0.0, "scaled_age": 0.38095238095238093}, "36": {"bias": -0.2773500981126146, "objective_cosine_similarity": -0.2910040891756739, "is_tight": 0.0, "dual_solution_value": 0.0, "scaled_age": 0.38095238095238093}, "37": {"bias": -0.31622776601683794, "objective_cosine_similarity": -0.24020393156776973, "is_tight": 1.0, "dual_solution_value": -0.0008396380704850462, "scaled_age": 0.0}, "38": {"bias": -0.31622776601683794, "objective_cosine_similarity": -0.17465295211189238, "is_tight": 0.0, "dual_solution_value": 0.0, "scaled_age": 0.30158730158730157}, "39": {"bias": -0.25, "objective_cosine_similarity": -0.26798673020768043, "is_tight": 0.0, "dual_solution_value": 0.0, "scaled_age": 0.38095238095238093}, "40": {"bias": -0.2773500981126146, "objective_cosine_similarity": -0.22957426791531513, "is_tight": 0.0, "dual_solution_value": 0.0, "scaled_age": 0.38095238095238093}, "41": {"bias": -0.30151134457776363, "objective_cosine_similarity": -0.26113183579278854, "is_tight": 0.0, "dual_solution_value": 0.0, "scaled_age": 0.38095238095238093}, "42": {"bias": -0.22360679774997896, "objective_cosine_similarity": -0.3371598472331817, "is_tight": 0.0, "dual_solution_value": 0.0, "scaled_age": 0.38095238095238093}, "43": {"bias": -0.25, "objective_cosine_similarity": -0.28466934784974796, "is_tight": 0.0, "dual_solution_value": 0.0, "scaled_age": 0.38095238095238093}, "44": {"bias": -0.2672612419124244, "objective_cosine_similarity": -0.18365707922847987, "is_tight": 0.0, "dual_solution_value": 0.0, "scaled_age": 0.38095238095238093}, "45": {"bias": -0.2, "objective_cosine_similarity": -0.291342394906575, "is_tight": 0.0, "dual_solution_value": 0.0, "scaled_age": 0.38095238095238093}, "46": {"bias": -0.22941573387056174, "objective_cosine_similarity": -0.3003173686499084, "is_tight": 0.0, "dual_solution_value": 0.0, "scaled_age": 0.38095238095238093}, "47": {"bias": -0.2672612419124244, "objective_cosine_similarity": -0.3138107531445307,