{"0": {"bias": -0.6538821281055405, "objective_cosine_similarity": -0.6464514373599345, "is_tight": 0.0, "dual_solution_value": -0.0, "scaled_age": 0.140625}, "1": {"bias": -1.0696191398802422, "objective_cosine_similarity": -0.10761904611181343, "is_tight": 0.0, "dual_solution_value": -0.0, "scaled_age": 0.015625}, "2": {"bias": -1.0553891141703615, "objective_cosine_similarity": -0.10646754034271139, "is_tight": 0.0, "dual_solution_value": -0.0, "scaled_age": 0.0625}, "3": {"bias": -1.0408588098827172, "objective_cosine_similarity": -0.10730359277317952, "is_tight": 1.0, "dual_solution_value": -1.0466600933786542e-05, "scaled_age": 0.0}, "4": {"bias": -0.45226701686664544, "objective_cosine_similarity": -0.47982836543229623, "is_tight": 0.0, "dual_solution_value": -0.0, "scaled_age": 0.0}, "5": {"bias": -0.42640143271122083, "objective_cosine_similarity": -0.27490244196999425, "is_tight": 1.0, "dual_solution_value": 2.1767201470968794e-19, "scaled_age": 0.0}, "6": {"bias": -1.13972324367144, "objective_cosine_similarity": -0.10806892144172353, "is_tight": 1.0, "dual_solution_value": -1.9374134356709146e-05, "scaled_age": 0.0}, "7": {"bias": -1.1366797231099242, "objective_cosine_similarity": -0.10488934704751145, "is_tight": 1.0, "dual_solution_value": 3.57715332767049e-18, "scaled_age": 0.015625}, "8": {"bias": -1.1252601216247855, "objective_cosine_similarity": -0.10715954503271821, "is_tight": 0.0, "dual_solution_value": -0.0, "scaled_age": 0.03125}, "9": {"bias": -1.1327185013084022, "objective_cosine_similarity": -0.10356546665033409, "is_tight": 1.0, "dual_solution_value": 2.776342676497794e-18, "scaled_age": 0.0}, "10": {"bias": -0.4338609156373123, "objective_cosine_similarity": -0.5620561356945467, "is_tight": 1.0, "dual_solution_value": 3.820822288705593e-20, "scaled_age": 0.0}, "11": {"bias": -0.9263671131731709, "objective_cosine_similarity": -0.10053074683947268, "is_tight": 0.0, "dual_solution_value": -0.0, "scaled_age": 0.03125}, "12": {"bias": -0.44172610429938614, "objective_cosine_similarity": -0.502547740957139, "is_tight": 0.0, "dual_solution_value": -0.0, "scaled_age": 0.015625}, "13": {"bias": -1.02450142733096, "objective_cosine_similarity": -0.10666451972047544, "is_tight": 0.0, "dual_solution_value": -0.0, "scaled_age": 0.09375}, "14": {"bias": -0.9746318461970762, "objective_cosine_similarity": -0.10876934145973037, "is_tight": 0.0, "dual_solution_value": -0.0, "scaled_age": 0.078125}, "15": {"bias": -0.34557414197724023, "objective_cosine_similarity": -0.8784576578698359, "is_tight": 1.0, "dual_solution_value": 9.50445184921127e-21, "scaled_age": 0.0625}, "16": {"bias": -0.3478803291241883, "objective_cosine_similarity": -0.8447369864009401, "is_tight": 0.0, "dual_solution_value": -0.0, "scaled_age": 0.015625}, "17": {"bias": -0.33851864807126075, "objective_cosine_similarity": -0.8499823677535782, "is_tight": 0.0, "dual_solution_value": -0.0, "scaled_age": 0.03125}, "18": {"bias": -0.35523486815564914, "objective_cosine_similarity": -0.880543504620221, "is_tight": 0.0, "dual_solution_value": -0.0, "scaled_age": 0.015625}, "19": {"bias": -0.1889822365046136, "objective_cosine_similarity": -0.4352688014234335, "is_tight": 1.0, "dual_solution_value": -0.0013492523292728876, "scaled_age": 0.0}, "20": {"bias": -0.1643989873053573, "objective_cosine_similarity": -0.44202989867457765, "is_tight": 1.0, "dual_solution_value": -0.000469495378305446, "scaled_age": 0.0}, "21": {"bias": -0.16012815380508713, "objective_cosine_similarity": -0.4511250773723974, "is_tight": 0.0, "dual_solution_value": 0.0, "scaled_age": 0.1875}, "22": {"bias": -0.1690308509457033, "objective_cosine_similarity": -0.45038073471063694, "is_tight": 1.0, "dual_solution_value": -1.162541947786037e-19, "scaled_age": 0.1875}, "23": {"bias": -0.2182178902359924, "objective_cosine_similarity": -0.3623867041514526, "is_tight": 1.0, "dual_solution_value": 5.1710571856336474e-20, "scaled_age": 0.0}, "24": {"bias": -0.19245008972987526, "objective_cosine_similarity": -0.42209627685468076, "is_tight": 0.0, "dual_solution_value": 0.0, "scaled_age": 0.1875}, "25": {"bias": -0.2, "objective_cosine_similarity": -0.3455552963318512, "is_tight": 0.0, "dual_solution_value": 0.0, "scaled_age": 0.1875}, "26": {"bias": -0.1543033499620919, "objective_cosine_similarity": -0.47745940658027997, "is_tight": 0.0, "dual_solution_value": 0.0, "scaled_age": 0.1875}, "27": {"bias": -0.20851441405707477, "objective_cosine_similarity": -0.36979400451480116, "is_tight": 1.0, "dual_solution_value": 4.5293565441523745e-20, "scaled_age": 0.03125}, "28": {"bias": -0.18569533817705186, "objective_cosine_similarity": -0.28583930663177365, "is_tight": 0.0, "dual_solution_value": 0.0, "scaled_age": 0.1875}, "29": {"bias": -0.1690308509457033, "objective_cosine_similarity": -0.4947912680368734, "is_tight": 0.0, "dual_solution_value": 0.0, "scaled_age": 0.0625}, "30": {"bias": -0.1690308509457033, "objective_cosine_similarity": -0.35866332892819214, "is_tight": 0.0, "dual_solution_value": 0.0, "scaled_age": 0.1875}, "31": {"bias": -0.16666666666666666, "objective_cosine_similarity": -0.3833950291946367, "is_tight": 0.0, "dual_solution_value": 0.0, "scaled_age": 0.1875}, "32": {"bias": -0.18257418583505536, "objective_cosine_similarity": -0.3876613724529522, "is_tight": 0.0, "dual_solution_value": 0.0, "scaled_age": 0.03125}, "33": {"bias": -0.18257418583505536, "objective_cosine_similarity": -0.3829687667339521, "is_tight": 0.0, "dual_solution_value": 0.0, "scaled_age": 0.1875}, "34": {"bias": -0.1796053020267749, "objective_cosine_similarity": -0.44495984478363526, "is_tight": 0.0, "dual_solution_value": 0.0, "scaled_age": 0.1875}, "35": {"bias": -0.2, "objective_cosine_similarity": -0.31014301803007477, "is_tight": 0.0, "dual_solution_value": 0.0, "scaled_age": 0.1875}, "36": {"bias": -0.1796053020267749, "objective_cosine_similarity": -0.39777101974606244, "is_tight": 0.0, "dual_solution_value": 0.0, "scaled_age": 0.0625}, "37": {"bias": -0.18257418583505536, "objective_cosine_similarity": -0.3923539781719523, "is_tight": 0.0, "dual_solution_value": 0.0, "scaled_age": 0.1875}, "38": {"bias": -0.1889822365046136, "objective_cosine_similarity": -0.3335351757962578, "is_tight": 0.0, "dual_solution_value": 0.0, "scaled_age": 0.1875}, "39": {"bias": -0.14907119849998599, "objective_cosine_similarity": -0.4544580600729821, "is_tight": 0.0, "dual_solution_value": 0.0, "scaled_age": 0.1875}, "40": {"bias": -0.19611613513818404, "objective_cosine_similarity": -0.2887182117277673, "is_tight": 0.0, "dual_solution_value": 0.0, "scaled_age": 0.1875}, "41": {"bias": -0.15617376188860607, "objective_cosine_similarity": -0.46830581898438933, "is_tight": 0.0, "dual_solution_value": 0.0, "scaled_age": 0.0}, "42": {"bias": -0.1796053020267749, "objective_cosine_similarity": -0.3462223576126269, "is_tight": 0.0, "dual_solution_value": 0.0, "scaled_age": 0.1875}, "43": {"bias": -0.17677669529663687, "objective_cosine_similarity": -0.380904793808439, "is_tight": 0.0, "dual_solution_value": 0.0, "scaled_age": 0.1875}, "44": {"bias": -0.17149858514250882, "objective_cosine_similarity": -0.37491940574715327, "is_tight": 0.0, "dual_solution_value": 0.0, "scaled_age": 0.1875}, "45": {"bias": -0.18569533817705186, "objective_cosine_similarity": -0.389250558567202, "is_tight": 0.0, "dual_solution_value": 0.0, "scaled_age": 0.078125}, "46": {"bias": -0.22360679774997896, "objective_cosine_similarity": -0.3904933541938575, "is_tight": 1.0, "dual_solution_value": -0.006705118919109571, "scaled_age": 0.0}, "47": {"bias": -0.20851441405707477, "objective_cosine_similarity": -0.36979400451480116, "is_tight": 0.0, "dual_solution_value": 0.0, "scaled_age": 0.1875}, "48": {"bias": -0.17407765595569785, "objective_cosine_similarity": -0.4325083199174954, "is_tight": 0.0, "dual_solution_value": 0.0, "scaled_age": 0.1875}, "49": {"bias": -0.19611613513818404, "objective_cosine_similarity": -0.3660084410554722, "is_tight": 0.0,