{"0": {"bias": -0.5812381937190965, "objective_cosine_similarity": -0.4451602123445935, "is_tight": 0.0, "dual_solution_value": -0.0, "scaled_age": 0.1527777777777778}, "1": {"bias": -0.7495316889958614, "objective_cosine_similarity": -0.4581109698773634, "is_tight": 1.0, "dual_solution_value": -0.00014961449371490125, "scaled_age": 0.0}, "2": {"bias": -0.8053359047792755, "objective_cosine_similarity": -0.4434274753749043, "is_tight": 0.0, "dual_solution_value": -0.0, "scaled_age": 0.027777777777777776}, "3": {"bias": -0.4629100498862757, "objective_cosine_similarity": -0.3697835535861587, "is_tight": 0.0, "dual_solution_value": -0.0, "scaled_age": 0.013888888888888888}, "4": {"bias": -0.7627700713964739, "objective_cosine_similarity": -0.4764556848311185, "is_tight": 1.0, "dual_solution_value": -5.07169593439486e-06, "scaled_age": 0.0}, "5": {"bias": -0.733215784681147, "objective_cosine_similarity": -0.45603987918333394, "is_tight": 0.0, "dual_solution_value": -0.0, "scaled_age": 0.1388888888888889}, "6": {"bias": -0.663723311599972, "objective_cosine_similarity": -0.4025678335786754, "is_tight": 0.0, "dual_solution_value": -0.0, "scaled_age": 0.08333333333333333}, "7": {"bias": -0.5320545808955378, "objective_cosine_similarity": -0.8383513582622937, "is_tight": 1.0, "dual_solution_value": -7.533972552709672e-06, "scaled_age": 0.0}, "8": {"bias": -0.2773500981126146, "objective_cosine_similarity": -0.2645703220255301, "is_tight": 1.0, "dual_solution_value": -0.0017814140605855572, "scaled_age": 0.0}, "9": {"bias": -0.2773500981126146, "objective_cosine_similarity": -0.2558147574117356, "is_tight": 1.0, "dual_solution_value": -0.003129261194018925, "scaled_age": 0.0}, "10": {"bias": -0.30151134457776363, "objective_cosine_similarity": -0.2425097874246185, "is_tight": 1.0, "dual_solution_value": -5.865997544100403e-05, "scaled_age": 0.0}, "11": {"bias": -0.2672612419124244, "objective_cosine_similarity": -0.25898146348562684, "is_tight": 0.0, "dual_solution_value": 0.0, "scaled_age": 0.375}, "12": {"bias": -0.31622776601683794, "objective_cosine_similarity": -0.17404933573095527, "is_tight": 0.0, "dual_solution_value": 0.0, "scaled_age": 0.18055555555555555}, "13": {"bias": -0.2886751345948129, "objective_cosine_similarity": -0.25199648911858397, "is_tight": 0.0, "dual_solution_value": 0.0, "scaled_age": 0.375}, "14": {"bias": -0.2773500981126146, "objective_cosine_similarity": -0.30910949853918046, "is_tight": 1.0, "dual_solution_value": -0.0014177423555978865, "scaled_age": 0.0}, "15": {"bias": -0.2672612419124244, "objective_cosine_similarity": -0.25384585372812146, "is_tight": 0.0, "dual_solution_value": 0.0, "scaled_age": 0.375}, "16": {"bias": -0.2581988897471611, "objective_cosine_similarity": -0.26402110278083496, "is_tight": 0.0, "dual_solution_value": 0.0, "scaled_age": 0.375}, "17": {"bias": -0.30151134457776363, "objective_cosine_similarity": -0.13491158822598232, "is_tight": 0.0, "dual_solution_value": 0.0, "scaled_age": 0.375}, "18": {"bias": -0.25, "objective_cosine_similarity": -0.2415687017512461, "is_tight": 0.0, "dual_solution_value": 0.0, "scaled_age": 0.09722222222222222}, "19": {"bias": -0.24253562503633297, "objective_cosine_similarity": -0.3202422355559814, "is_tight": 0.0, "dual_solution_value": 0.0, "scaled_age": 0.375}, "20": {"bias": -0.25, "objective_cosine_similarity": -0.23950987758859343, "is_tight": 0.0, "dual_solution_value": 0.0, "scaled_age": 0.375}, "21": {"bias": -0.24253562503633297, "objective_cosine_similarity": -0.2929450803422699, "is_tight": 0.0, "dual_solution_value": 0.0, "scaled_age": 0.375}, "22": {"bias": -0.2773500981126146, "objective_cosine_similarity": -0.21432099467679633, "is_tight": 0.0, "dual_solution_value": 0.0, "scaled_age": 0.375}, "23": {"bias": -0.2182178902359924, "objective_cosine_similarity": -0.41572660267709083, "is_tight": 1.0, "dual_solution_value": -0.0002995148434272989, "scaled_age": 0.0}, "24": {"bias": -0.31622776601683794, "objective_cosine_similarity": -0.26042294623085577, "is_tight": 1.0, "dual_solution_value": -0.0052084589246171155, "scaled_age": 0.0}, "25": {"bias": -0.2773500981126146, "objective_cosine_similarity": -0.2550534039670578, "is_tight": 1.0, "dual_solution_value": -0.0008014242635063065, "scaled_age": 0.0}, "26": {"bias": -0.31622776601683794, "objective_cosine_similarity": -0.23568276633892446, "is_tight": 0.0, "dual_solution_value": 0.0, "scaled_age": 0.1111111111111111}, "27": {"bias": -0.2773500981126146, "objective_cosine_similarity": -0.24820122296495772, "is_tight": 0.0, "dual_solution_value": 0.0, "scaled_age": 0.375}, "28": {"bias": -0.2581988897471611, "objective_cosine_similarity": -0.3012321306895433, "is_tight": 0.0, "dual_solution_value": 0.0, "scaled_age": 0.06944444444444445}, "29": {"bias": -0.3333333333333333, "objective_cosine_similarity": -0.25575171264952, "is_tight": 1.0, "dual_solution_value": -0.011997673815382377, "scaled_age": 0.0}, "30": {"bias": -0.25, "objective_cosine_similarity": -0.2707353773888255, "is_tight": 0.0, "dual_solution_value": 0.0, "scaled_age": 0.375}, "31": {"bias": -0.31622776601683794, "objective_cosine_similarity": -0.27301005529868044, "is_tight": 1.0, "dual_solution_value": -4.3867644863104774e-08, "scaled_age": 0.0}, "32": {"bias": -0.24253562503633297, "objective_cosine_similarity": -0.2992700309405689, "is_tight": 0.0, "dual_solution_value": 0.0, "scaled_age": 0.375}, "33": {"bias": -0.22941573387056174, "objective_cosine_similarity": -0.30953140202016943, "is_tight": 0.0, "dual_solution_value": 0.0, "scaled_age": 0.25}, "34": {"bias": -0.31622776601683794, "objective_cosine_similarity": -0.31597984142677166, "is_tight": 1.0, "dual_solution_value": -0.010850956092952323, "scaled_age": 0.0}, "35": {"bias": -0.2672612419124244, "objective_cosine_similarity": -0.26228292690116595, "is_tight": 0.0, "dual_solution_value": 0.0, "scaled_age": 0.375}, "36": {"bias": -0.2, "objective_cosine_similarity": -0.356313835083088, "is_tight": 0.0, "dual_solution_value": 0.0, "scaled_age": 0.375}, "37": {"bias": -0.24253562503633297, "objective_cosine_similarity": -0.25965586666701196, "is_tight": 0.0, "dual_solution_value": 0.0, "scaled_age": 0.2361111111111111}, "38": {"bias": -0.23570226039551587, "objective_cosine_similarity": -0.2992495304847187, "is_tight": 0.0, "dual_solution_value": 0.0, "scaled_age": 0.375}, "39": {"bias": -0.2773500981126146, "objective_cosine_similarity": -0.23678092129479095, "is_tight": 1.0, "dual_solution_value": -0.0002383160215457879, "scaled_age": 0.0}, "40": {"bias": -0.23570226039551587, "objective_cosine_similarity": -0.2885736012890477, "is_tight": 0.0, "dual_solution_value": 0.0, "scaled_age": 0.375}, "41": {"bias": -0.2672612419124244, "objective_cosine_similarity": -0.24540878055507698, "is_tight": 0.0, "dual_solution_value": 0.0, "scaled_age": 0.375}, "42": {"bias": -0.2672612419124244, "objective_cosine_similarity": -0.29529756105655747, "is_tight": 1.0, "dual_solution_value": -0.002286862903771593, "scaled_age": 0.0}, "43": {"bias": -0.24253562503633297, "objective_cosine_similarity": -0.2866201297439709, "is_tight": 0.0, "dual_solution_value": 0.0, "scaled_age": 0.375}, "44": {"bias": -0.2773500981126146, "objective_cosine_similarity": -0.22764467995865756, "is_tight": 0.0, "dual_solution_value": 0.0, "scaled_age": 0.375}, "45": {"bias": -0.2581988897471611, "objective_cosine_similarity": -0.21759591558044655, "is_tight": 0.0, "dual_solution_value": 0.0, "scaled_age": 0.375}, "46": {"bias": -0.25, "objective_cosine_similarity": -0.2357353666237302, "is_tight": 0.0, "dual_solution_value": 0.0, "scaled_age": 0.375}, "47": {"bias": -0.2672612419124244, "objective_cosine_similarity": -0.28465951227315356, "is_tight": 0.0, "dual_solution_value": 0.0, "scaled_age": 0.375}, "48": {"bias": -0.2182178902359924, "objective_cosine_similarity": -0.35432605977449455, "is_tight": 0.0, "dual_solution_value": 0.0, "scaled_age": 0.375}, "49": {"bias": -0.2773500981126146,