{"0": {"bias": -1.0189996272841828, "objective_cosine_similarity": -0.31002746295758, "is_tight": 1.0, "dual_solution_value": -0.002165622434333875, "scaled_age": 0.0}, "1": {"bias": -0.9816527384729037, "objective_cosine_similarity": -0.30886771209408376, "is_tight": 0.0, "dual_solution_value": -0.0, "scaled_age": 0.0821917808219178}, "2": {"bias": -0.7001400420140048, "objective_cosine_similarity": -0.5375846681827526, "is_tight": 1.0, "dual_solution_value": -0.0003165889522729356, "scaled_age": 0.0}, "3": {"bias": -0.937998952370656, "objective_cosine_similarity": -0.3042822091339982, "is_tight": 0.0, "dual_solution_value": -0.0, "scaled_age": 0.1095890410958904}, "4": {"bias": -0.5883484054145521, "objective_cosine_similarity": -0.37204049176632503, "is_tight": 1.0, "dual_solution_value": -3.2287880061098816e-05, "scaled_age": 0.0}, "5": {"bias": -0.2581988897471611, "objective_cosine_similarity": -0.2832827799580281, "is_tight": 0.0, "dual_solution_value": 0.0, "scaled_age": 0.3561643835616438}, "6": {"bias": -0.24253562503633297, "objective_cosine_similarity": -0.34867992445459495, "is_tight": 0.0, "dual_solution_value": 0.0, "scaled_age": 0.3561643835616438}, "7": {"bias": -0.3333333333333333, "objective_cosine_similarity": -0.31527284167953534, "is_tight": 1.0, "dual_solution_value": -0.009351163062565247, "scaled_age": 0.0}, "8": {"bias": -0.2672612419124244, "objective_cosine_similarity": -0.28311430966066675, "is_tight": 0.0, "dual_solution_value": 0.0, "scaled_age": 0.3561643835616438}, "9": {"bias": -0.3333333333333333, "objective_cosine_similarity": -0.271434903693619, "is_tight": 1.0, "dual_solution_value": -1.9091952010787325e-05, "scaled_age": 0.0}, "10": {"bias": -0.2581988897471611, "objective_cosine_similarity": -0.3586387903902129, "is_tight": 1.0, "dual_solution_value": -0.00039058551260666685, "scaled_age": 0.0}, "11": {"bias": -0.2773500981126146, "objective_cosine_similarity": -0.26681982404274895, "is_tight": 0.0, "dual_solution_value": 0.0, "scaled_age": 0.3561643835616438}, "12": {"bias": -0.2672612419124244, "objective_cosine_similarity": -0.3028552734295228, "is_tight": 0.0, "dual_solution_value": 0.0, "scaled_age": 0.3561643835616438}, "13": {"bias": -0.2672612419124244, "objective_cosine_similarity": -0.3991526576678448, "is_tight": 1.0, "dual_solution_value": -0.0014358505343184098, "scaled_age": 0.0}, "14": {"bias": -0.25, "objective_cosine_similarity": -0.26437879723698177, "is_tight": 0.0, "dual_solution_value": 0.0, "scaled_age": 0.3561643835616438}, "15": {"bias": -0.3333333333333333, "objective_cosine_similarity": -0.22579540661239103, "is_tight": 0.0, "dual_solution_value": 0.0, "scaled_age": 0.2054794520547945}, "16": {"bias": -0.2886751345948129, "objective_cosine_similarity": -0.3484437605941282, "is_tight": 1.0, "dual_solution_value": -0.002127279293748299, "scaled_age": 0.0}, "17": {"bias": -0.2672612419124244, "objective_cosine_similarity": -0.33944827944008515, "is_tight": 0.0, "dual_solution_value": 0.0, "scaled_age": 0.136986301369863}, "18": {"bias": -0.20851441405707477, "objective_cosine_similarity": -0.3606249975821744, "is_tight": 0.0, "dual_solution_value": 0.0, "scaled_age": 0.3561643835616438}, "19": {"bias": -0.25, "objective_cosine_similarity": -0.3540063622287354, "is_tight": 1.0, "dual_solution_value": -1.893039108012075e-05, "scaled_age": 0.0}, "20": {"bias": -0.2773500981126146, "objective_cosine_similarity": -0.38623918349259356, "is_tight": 0.0, "dual_solution_value": 0.0, "scaled_age": 0.1232876712328767}, "21": {"bias": -0.24253562503633297, "objective_cosine_similarity": -0.3823244785686348, "is_tight": 0.0, "dual_solution_value": 0.0, "scaled_age": 0.3561643835616438}, "22": {"bias": -0.24253562503633297, "objective_cosine_similarity": -0.24206601271659847, "is_tight": 0.0, "dual_solution_value": 0.0, "scaled_age": 0.3561643835616438}, "23": {"bias": -0.2581988897471611, "objective_cosine_similarity": -0.3144485373589934, "is_tight": 0.0, "dual_solution_value": 0.0, "scaled_age": 0.3561643835616438}, "24": {"bias": -0.25, "objective_cosine_similarity": -0.3639149372529494, "is_tight": 0.0, "dual_solution_value": 0.0, "scaled_age": 0.3561643835616438}, "25": {"bias": -0.30151134457776363, "objective_cosine_similarity": -0.2433493463133417, "is_tight": 0.0, "dual_solution_value": 0.0, "scaled_age": 0.0410958904109589}, "26": {"bias": -0.30151134457776363, "objective_cosine_similarity": -0.3253711125930618, "is_tight": 1.0, "dual_solution_value": -0.005814172325491915, "scaled_age": 0.0}, "27": {"bias": -0.4082482904638631, "objective_cosine_similarity": -0.25153532992406413, "is_tight": 1.0, "dual_solution_value": -0.005220817060324239, "scaled_age": 0.0}, "28": {"bias": -0.22360679774997896, "objective_cosine_similarity": -0.4648783527400202, "is_tight": 0.0, "dual_solution_value": 0.0, "scaled_age": 0.3561643835616438}, "29": {"bias": -0.3333333333333333, "objective_cosine_similarity": -0.22879800510457707, "is_tight": 1.0, "dual_solution_value": -0.0019713998873322285, "scaled_age": 0.0}, "30": {"bias": -0.25, "objective_cosine_similarity": -0.39904533961152616, "is_tight": 0.0, "dual_solution_value": 0.0, "scaled_age": 0.1643835616438356}, "31": {"bias": -0.25, "objective_cosine_similarity": -0.37022039408654006, "is_tight": 0.0, "dual_solution_value": 0.0, "scaled_age": 0.3561643835616438}, "32": {"bias": -0.4082482904638631, "objective_cosine_similarity": -0.2360901780866216, "is_tight": 0.0, "dual_solution_value": 0.0, "scaled_age": 0.0136986301369863}, "33": {"bias": -0.2581988897471611, "objective_cosine_similarity": -0.3009588811705159, "is_tight": 0.0, "dual_solution_value": 0.0, "scaled_age": 0.3561643835616438}, "34": {"bias": -0.2773500981126146, "objective_cosine_similarity": -0.333274948757516, "is_tight": 1.0, "dual_solution_value": -0.00025084884071230047, "scaled_age": 0.0}, "35": {"bias": -0.30151134457776363, "objective_cosine_similarity": -0.2911501107677481, "is_tight": 1.0, "dual_solution_value": -7.282693196332252e-06, "scaled_age": 0.0}, "36": {"bias": -0.2672612419124244, "objective_cosine_similarity": -0.24218792135937992, "is_tight": 0.0, "dual_solution_value": 0.0, "scaled_age": 0.3561643835616438}, "37": {"bias": -0.2581988897471611, "objective_cosine_similarity": -0.25955959148863655, "is_tight": 0.0, "dual_solution_value": 0.0, "scaled_age": 0.3561643835616438}, "38": {"bias": -0.2773500981126146, "objective_cosine_similarity": -0.28131003920611924, "is_tight": 0.0, "dual_solution_value": 0.0, "scaled_age": 0.3561643835616438}, "39": {"bias": -0.30151134457776363, "objective_cosine_similarity": -0.2840886342006199, "is_tight": 1.0, "dual_solution_value": -8.880831849599929e-05, "scaled_age": 0.0}, "40": {"bias": -0.2773500981126146, "objective_cosine_similarity": -0.28580700253268243, "is_tight": 0.0, "dual_solution_value": 0.0, "scaled_age": 0.3561643835616438}, "41": {"bias": -0.2773500981126146, "objective_cosine_similarity": -0.4342067923092675, "is_tight": 1.0, "dual_solution_value": -0.004709709752330489, "scaled_age": 0.0}, "42": {"bias": -0.25, "objective_cosine_similarity": -0.35085363381194007, "is_tight": 0.0, "dual_solution_value": 0.0, "scaled_age": 0.3561643835616438}, "43": {"bias": -0.2672612419124244, "objective_cosine_similarity": -0.3230777241195704, "is_tight": 0.0, "dual_solution_value": 0.0, "scaled_age": 0.3561643835616438}, "44": {"bias": -0.23570226039551587, "objective_cosine_similarity": -0.3664570285139078, "is_tight": 0.0, "dual_solution_value": 0.0, "scaled_age": 0.3561643835616438}, "45": {"bias": -0.2, "objective_cosine_similarity": -0.42552825831260715, "is_tight": 0.0, "dual_solution_value": 0.0, "scaled_age": 0.3561643835616438}, "46": {"bias": -0.2182178902359924, "objective_cosine_similarity": -0.3553917121225879, "is_tight": 0.0, "dual_solution_value": 0.0, "scaled_age": 0.3561643835616438}, "47": {"bias": -0.23570226039551587, "objective_cosine_similarity": -0.3261170311688079, "is_tight": 0.0,