{"0": {"bias": -0.50709255283711, "objective_cosine_similarity": -0.37973218303824396, "is_tight": 0.0, "dual_solution_value": -0.0, "scaled_age": 0.2}, "1": {"bias": -0.5922200922639821, "objective_cosine_similarity": -0.5417008212842023, "is_tight": 0.0, "dual_solution_value": -0.0, "scaled_age": 0.06666666666666667}, "2": {"bias": -0.3779644730092272, "objective_cosine_similarity": -0.20233349746818297, "is_tight": 0.0, "dual_solution_value": -0.0, "scaled_age": 0.06666666666666667}, "3": {"bias": -0.45226701686664544, "objective_cosine_similarity": -0.31488062166901587, "is_tight": 1.0, "dual_solution_value": -6.629978398796071e-06, "scaled_age": 0.0}, "4": {"bias": -0.4082482904638631, "objective_cosine_similarity": -0.22204187776672488, "is_tight": 0.0, "dual_solution_value": -0.0, "scaled_age": 0.05}, "5": {"bias": -0.4747126632775413, "objective_cosine_similarity": -0.33370260836352744, "is_tight": 0.0, "dual_solution_value": -0.0, "scaled_age": 0.08333333333333333}, "6": {"bias": -0.8016743097715363, "objective_cosine_similarity": -0.14740565426322136, "is_tight": 1.0, "dual_solution_value": -0.0013657238687254146, "scaled_age": 0.0}, "7": {"bias": -0.7861046958030076, "objective_cosine_similarity": -0.1486059529150822, "is_tight": 0.0, "dual_solution_value": -0.0, "scaled_age": 0.2}, "8": {"bias": -0.32128773156099955, "objective_cosine_similarity": -0.7184396277692321, "is_tight": 1.0, "dual_solution_value": -8.464393979659693e-05, "scaled_age": 0.0}, "9": {"bias": -0.38327322643718853, "objective_cosine_similarity": -0.8335414302052022, "is_tight": 1.0, "dual_solution_value": -2.1926366503347689e-07, "scaled_age": 0.0}, "10": {"bias": -0.17407765595569785, "objective_cosine_similarity": -0.35059975820802836, "is_tight": 0.0, "dual_solution_value": 0.0, "scaled_age": 0.36666666666666664}, "11": {"bias": -0.19245008972987526, "objective_cosine_similarity": -0.33720956674313274, "is_tight": 0.0, "dual_solution_value": 0.0, "scaled_age": 0.08333333333333333}, "12": {"bias": -0.19245008972987526, "objective_cosine_similarity": -0.3525158669095459, "is_tight": 0.0, "dual_solution_value": 0.0, "scaled_age": 0.1}, "13": {"bias": -0.16222142113076254, "objective_cosine_similarity": -0.3866659286127945, "is_tight": 0.0, "dual_solution_value": 0.0, "scaled_age": 0.06666666666666667}, "14": {"bias": -0.1796053020267749, "objective_cosine_similarity": -0.37228137594312893, "is_tight": 1.0, "dual_solution_value": -0.0010750240003297366, "scaled_age": 0.0}, "15": {"bias": -0.1643989873053573, "objective_cosine_similarity": -0.36208488377090664, "is_tight": 0.0, "dual_solution_value": 0.0, "scaled_age": 0.3}, "16": {"bias": -0.1889822365046136, "objective_cosine_similarity": -0.3468574242311708, "is_tight": 0.0, "dual_solution_value": 0.0, "scaled_age": 0.05}, "17": {"bias": -0.2, "objective_cosine_similarity": -0.3457887891148819, "is_tight": 0.0, "dual_solution_value": 0.0, "scaled_age": 0.3}, "18": {"bias": -0.1796053020267749, "objective_cosine_similarity": -0.3142634991727712, "is_tight": 0.0, "dual_solution_value": 0.0, "scaled_age": 0.36666666666666664}, "19": {"bias": -0.20412414523193154, "objective_cosine_similarity": -0.28398381892099683, "is_tight": 0.0, "dual_solution_value": 0.0, "scaled_age": 0.23333333333333334}, "20": {"bias": -0.18569533817705186, "objective_cosine_similarity": -0.29424529066388905, "is_tight": 0.0, "dual_solution_value": 0.0, "scaled_age": 0.36666666666666664}, "21": {"bias": -0.19245008972987526, "objective_cosine_similarity": -0.2981196309335238, "is_tight": 0.0, "dual_solution_value": 0.0, "scaled_age": 0.36666666666666664}, "22": {"bias": -0.18257418583505536, "objective_cosine_similarity": -0.3462659776981097, "is_tight": 0.0, "dual_solution_value": 0.0, "scaled_age": 0.13333333333333333}, "23": {"bias": -0.18569533817705186, "objective_cosine_similarity": -0.34741393777998947, "is_tight": 1.0, "dual_solution_value": -0.0005307313856822793, "scaled_age": 0.0}, "24": {"bias": -0.1796053020267749, "objective_cosine_similarity": -0.35535949521844123, "is_tight": 0.0, "dual_solution_value": 0.0, "scaled_age": 0.36666666666666664}, "25": {"bias": -0.19611613513818404, "objective_cosine_similarity": -0.3222760930021906, "is_tight": 1.0, "dual_solution_value": -0.0001104868031119967, "scaled_age": 0.0}, "26": {"bias": -0.18569533817705186, "objective_cosine_similarity": -0.3519582665933314, "is_tight": 0.0, "dual_solution_value": 0.0, "scaled_age": 0.3}, "27": {"bias": -0.19245008972987526, "objective_cosine_similarity": -0.3779478733398939, "is_tight": 1.0, "dual_solution_value": -0.0004556774344689307, "scaled_age": 0.0}, "28": {"bias": -0.1796053020267749, "objective_cosine_similarity": -0.32415290998590035, "is_tight": 0.0, "dual_solution_value": 0.0, "scaled_age": 0.36666666666666664}, "29": {"bias": -0.17677669529663687, "objective_cosine_similarity": -0.36144332772364607, "is_tight": 1.0, "dual_solution_value": -9.126124349707686e-05, "scaled_age": 0.0}, "30": {"bias": -0.1796053020267749, "objective_cosine_similarity": -0.35535949521844123, "is_tight": 0.0, "dual_solution_value": 0.0, "scaled_age": 0.36666666666666664}, "31": {"bias": -0.2, "objective_cosine_similarity": -0.3188696335574601, "is_tight": 0.0, "dual_solution_value": 0.0, "scaled_age": 0.36666666666666664}, "32": {"bias": -0.19245008972987526, "objective_cosine_similarity": -0.28304881230813234, "is_tight": 0.0, "dual_solution_value": 0.0, "scaled_age": 0.36666666666666664}, "33": {"bias": -0.19611613513818404, "objective_cosine_similarity": -0.337634000635951, "is_tight": 0.0, "dual_solution_value": 0.0, "scaled_age": 0.36666666666666664}, "34": {"bias": -0.1889822365046136, "objective_cosine_similarity": -0.31078425211112903, "is_tight": 0.0, "dual_solution_value": 0.0, "scaled_age": 0.36666666666666664}, "35": {"bias": -0.17149858514250882, "objective_cosine_similarity": -0.30070834690338066, "is_tight": 0.0, "dual_solution_value": 0.0, "scaled_age": 0.31666666666666665}, "36": {"bias": -0.16666666666666666, "objective_cosine_similarity": -0.3970575444719716, "is_tight": 0.0, "dual_solution_value": 0.0, "scaled_age": 0.36666666666666664}, "37": {"bias": -0.1690308509457033, "objective_cosine_similarity": -0.3760093184986533, "is_tight": 0.0, "dual_solution_value": 0.0, "scaled_age": 0.15}, "38": {"bias": -0.19611613513818404, "objective_cosine_similarity": -0.3234759295360782, "is_tight": 1.0, "dual_solution_value": -0.00189759389799834, "scaled_age": 0.0}, "39": {"bias": -0.16222142113076254, "objective_cosine_similarity": -0.41425656725610993, "is_tight": 0.0, "dual_solution_value": 0.0, "scaled_age": 0.13333333333333333}, "40": {"bias": -0.17149858514250882, "objective_cosine_similarity": -0.310571077053038, "is_tight": 0.0, "dual_solution_value": 0.0, "scaled_age": 0.36666666666666664}, "41": {"bias": -0.16666666666666666, "objective_cosine_similarity": -0.3654479299916657, "is_tight": 0.0, "dual_solution_value": 0.0, "scaled_age": 0.36666666666666664}, "42": {"bias": -0.19611613513818404, "objective_cosine_similarity": -0.30259877384643513, "is_tight": 0.0, "dual_solution_value": 0.0, "scaled_age": 0.36666666666666664}, "43": {"bias": -0.24253562503633297, "objective_cosine_similarity": -0.26115416874278297, "is_tight": 1.0, "dual_solution_value": -0.0002537083275919024, "scaled_age": 0.0}, "44": {"bias": -0.16012815380508713, "objective_cosine_similarity": -0.4061680424793704, "is_tight": 0.0, "dual_solution_value": 0.0, "scaled_age": 0.36666666666666664}, "45": {"bias": -0.1889822365046136, "objective_cosine_similarity": -0.3193400685754979, "is_tight": 0.0, "dual_solution_value": 0.0, "scaled_age": 0.36666666666666664}, "46": {"bias": -0.18569533817705186, "objective_cosine_similarity": -0.27879457269852653, "is_tight": 1.0, "dual_solution_value": -1.3244080611891285e-05, "scaled_age": 0.0}, "47": {"bias": -0.20851441405707477, "objective_cosine_similarity": -0.27146663602895216, "is_tight": 0.0, "dual_solution_value": 0.0,