{"0": {"bias": -0.7270131525498175, "objective_cosine_similarity": -0.5122483550632279, "is_tight": 1.0, "dual_solution_value": -2.670233732284505e-06, "scaled_age": 0.0}, "1": {"bias": -0.6772854614785964, "objective_cosine_similarity": -0.5170984366456861, "is_tight": 1.0, "dual_solution_value": -2.4627447950168463e-06, "scaled_age": 0.0}, "2": {"bias": -0.6917144638660746, "objective_cosine_similarity": -0.38122848357554867, "is_tight": 1.0, "dual_solution_value": -0.00010582959403140755, "scaled_age": 0.0}, "3": {"bias": -0.5916079783099616, "objective_cosine_similarity": -0.47647012775715475, "is_tight": 0.0, "dual_solution_value": -0.0, "scaled_age": 0.04}, "4": {"bias": -0.7993190965494675, "objective_cosine_similarity": -0.2949279287684971, "is_tight": 0.0, "dual_solution_value": -0.0, "scaled_age": 0.013333333333333334}, "5": {"bias": -0.4, "objective_cosine_similarity": -0.21497268498394798, "is_tight": 0.0, "dual_solution_value": -0.0, "scaled_age": 0.04}, "6": {"bias": -0.7680910902323371, "objective_cosine_similarity": -0.28387255584094867, "is_tight": 0.0, "dual_solution_value": -0.0, "scaled_age": 0.06666666666666667}, "7": {"bias": -0.41702882811414954, "objective_cosine_similarity": -0.1786535785970022, "is_tight": 1.0, "dual_solution_value": -0.0003119484567265899, "scaled_age": 0.0}, "8": {"bias": -0.3592106040535498, "objective_cosine_similarity": -0.25576069648995686, "is_tight": 0.0, "dual_solution_value": -0.0, "scaled_age": 0.013333333333333334}, "9": {"bias": -0.6063390625908325, "objective_cosine_similarity": -0.24725341618859875, "is_tight": 1.0, "dual_solution_value": -0.00014639384980908156, "scaled_age": 0.0}, "10": {"bias": -0.446108607953167, "objective_cosine_similarity": -0.8018377899837946, "is_tight": 1.0, "dual_solution_value": -3.634030488020703e-08, "scaled_age": 0.0}, "11": {"bias": -0.2182178902359924, "objective_cosine_similarity": -0.27642057416532284, "is_tight": 0.0, "dual_solution_value": 0.0, "scaled_age": 0.3466666666666667}, "12": {"bias": -0.22360679774997896, "objective_cosine_similarity": -0.28857599805705414, "is_tight": 0.0, "dual_solution_value": 0.0, "scaled_age": 0.3466666666666667}, "13": {"bias": -0.2773500981126146, "objective_cosine_similarity": -0.2002846637180104, "is_tight": 0.0, "dual_solution_value": 0.0, "scaled_age": 0.3466666666666667}, "14": {"bias": -0.24253562503633297, "objective_cosine_similarity": -0.22254252538307545, "is_tight": 0.0, "dual_solution_value": 0.0, "scaled_age": 0.3466666666666667}, "15": {"bias": -0.2182178902359924, "objective_cosine_similarity": -0.26029820765709144, "is_tight": 1.0, "dual_solution_value": -0.0013254747862606491, "scaled_age": 0.0}, "16": {"bias": -0.2672612419124244, "objective_cosine_similarity": -0.26879746979242364, "is_tight": 1.0, "dual_solution_value": -0.0017461750545517344, "scaled_age": 0.0}, "17": {"bias": -0.22360679774997896, "objective_cosine_similarity": -0.24487658560889453, "is_tight": 0.0, "dual_solution_value": 0.0, "scaled_age": 0.3466666666666667}, "18": {"bias": -0.19611613513818404, "objective_cosine_similarity": -0.3143274851851393, "is_tight": 1.0, "dual_solution_value": -1.2763493816867136e-05, "scaled_age": 0.0}, "19": {"bias": -0.2581988897471611, "objective_cosine_similarity": -0.20214662163445554, "is_tight": 1.0, "dual_solution_value": -0.0001415396825087529, "scaled_age": 0.0}, "20": {"bias": -0.18569533817705186, "objective_cosine_similarity": -0.32838374361637374, "is_tight": 0.0, "dual_solution_value": 0.0, "scaled_age": 0.24}, "21": {"bias": -0.22941573387056174, "objective_cosine_similarity": -0.28732450231924117, "is_tight": 1.0, "dual_solution_value": -3.677310342418347e-05, "scaled_age": 0.0}, "22": {"bias": -0.20412414523193154, "objective_cosine_similarity": -0.26027047483647997, "is_tight": 0.0, "dual_solution_value": 0.0, "scaled_age": 0.3466666666666667}, "23": {"bias": -0.18257418583505536, "objective_cosine_similarity": -0.40945458563630427, "is_tight": 0.0, "dual_solution_value": 0.0, "scaled_age": 0.09333333333333334}, "24": {"bias": -0.25, "objective_cosine_similarity": -0.22313545046144267, "is_tight": 1.0, "dual_solution_value": -0.0015425670376531882, "scaled_age": 0.0}, "25": {"bias": -0.21320071635561041, "objective_cosine_similarity": -0.33916940760170744, "is_tight": 0.0, "dual_solution_value": 0.0, "scaled_age": 0.3466666666666667}, "26": {"bias": -0.2581988897471611, "objective_cosine_similarity": -0.2221459068798735, "is_tight": 0.0, "dual_solution_value": 0.0, "scaled_age": 0.04}, "27": {"bias": -0.20851441405707477, "objective_cosine_similarity": -0.23803912141297373, "is_tight": 0.0, "dual_solution_value": 0.0, "scaled_age": 0.3466666666666667}, "28": {"bias": -0.22360679774997896, "objective_cosine_similarity": -0.24327782661688868, "is_tight": 0.0, "dual_solution_value": 0.0, "scaled_age": 0.3466666666666667}, "29": {"bias": -0.22941573387056174, "objective_cosine_similarity": -0.2903317045319069, "is_tight": 0.0, "dual_solution_value": 0.0, "scaled_age": 0.13333333333333333}, "30": {"bias": -0.24253562503633297, "objective_cosine_similarity": -0.2702302093937345, "is_tight": 1.0, "dual_solution_value": -4.1056788793565395e-06, "scaled_age": 0.0}, "31": {"bias": -0.2, "objective_cosine_similarity": -0.33532878910467273, "is_tight": 0.0, "dual_solution_value": 0.0, "scaled_age": 0.16}, "32": {"bias": -0.2182178902359924, "objective_cosine_similarity": -0.3221872919951411, "is_tight": 0.0, "dual_solution_value": 0.0, "scaled_age": 0.08}, "33": {"bias": -0.21320071635561041, "objective_cosine_similarity": -0.302584842287366, "is_tight": 0.0, "dual_solution_value": 0.0, "scaled_age": 0.3466666666666667}, "34": {"bias": -0.2672612419124244, "objective_cosine_similarity": -0.2369494283478237, "is_tight": 0.0, "dual_solution_value": 0.0, "scaled_age": 0.013333333333333334}, "35": {"bias": -0.2581988897471611, "objective_cosine_similarity": -0.27199027933768444, "is_tight": 1.0, "dual_solution_value": -0.0028668173402297036, "scaled_age": 0.0}, "36": {"bias": -0.2581988897471611, "objective_cosine_similarity": -0.17322457835646646, "is_tight": 0.0, "dual_solution_value": 0.0, "scaled_age": 0.3466666666666667}, "37": {"bias": -0.22360679774997896, "objective_cosine_similarity": -0.30802756579312524, "is_tight": 1.0, "dual_solution_value": -2.6087737289718006e-05, "scaled_age": 0.0}, "38": {"bias": -0.2182178902359924, "objective_cosine_similarity": -0.24599610833527322, "is_tight": 0.0, "dual_solution_value": 0.0, "scaled_age": 0.3466666666666667}, "39": {"bias": -0.23570226039551587, "objective_cosine_similarity": -0.2853672978846667, "is_tight": 0.0, "dual_solution_value": 0.0, "scaled_age": 0.09333333333333334}, "40": {"bias": -0.2773500981126146, "objective_cosine_similarity": -0.1900390786103234, "is_tight": 0.0, "dual_solution_value": 0.0, "scaled_age": 0.3466666666666667}, "41": {"bias": -0.20851441405707477, "objective_cosine_similarity": -0.2477296493201825, "is_tight": 0.0, "dual_solution_value": 0.0, "scaled_age": 0.3466666666666667}, "42": {"bias": -0.2886751345948129, "objective_cosine_similarity": -0.22944677533752947, "is_tight": 1.0, "dual_solution_value": -0.0006879963278486641, "scaled_age": 0.0}, "43": {"bias": -0.18569533817705186, "objective_cosine_similarity": -0.38259804091152977, "is_tight": 0.0, "dual_solution_value": 0.0, "scaled_age": 0.3466666666666667}, "44": {"bias": -0.24253562503633297, "objective_cosine_similarity": -0.27832266486220997, "is_tight": 0.0, "dual_solution_value": 0.0, "scaled_age": 0.3466666666666667}, "45": {"bias": -0.23570226039551587, "objective_cosine_similarity": -0.2339674794664639, "is_tight": 0.0, "dual_solution_value": 0.0, "scaled_age": 0.3466666666666667}, "46": {"bias": -0.2182178902359924, "objective_cosine_similarity": -0.245476031996298, "is_tight": 0.0, "dual_solution_value": 0.0, "scaled_age": 0.3466666666666667}, "47": {"bias": -0.21320071635561041, "objective_cosine_similarity": -0.27616265622700825, "is_tight": 0.0,