{"0": {"bias": -0.39477101697586137, "objective_cosine_similarity": -0.5688373897268396, "is_tight": 0.0, "dual_solution_value": -0.0, "scaled_age": 0.24561403508771928}, "1": {"bias": -0.4054424270396916, "objective_cosine_similarity": -0.5850996831831868, "is_tight": 0.0, "dual_solution_value": -0.0, "scaled_age": 0.14035087719298245}, "2": {"bias": -0.4593152121746254, "objective_cosine_similarity": -0.5754378283825715, "is_tight": 0.0, "dual_solution_value": -0.0, "scaled_age": 0.19298245614035087}, "3": {"bias": -0.43514263457633695, "objective_cosine_similarity": -0.5541742520483189, "is_tight": 0.0, "dual_solution_value": -0.0, "scaled_age": 0.19298245614035087}, "4": {"bias": -0.48507125007266594, "objective_cosine_similarity": -0.5006230607411533, "is_tight": 0.0, "dual_solution_value": -0.0, "scaled_age": 0.15789473684210525}, "5": {"bias": -0.4699562699927744, "objective_cosine_similarity": -0.47431112287880833, "is_tight": 0.0, "dual_solution_value": -0.0, "scaled_age": 0.21052631578947367}, "6": {"bias": -0.3866945956182654, "objective_cosine_similarity": -0.5414213333802207, "is_tight": 0.0, "dual_solution_value": -0.0, "scaled_age": 0.24561403508771928}, "7": {"bias": -0.4288450139351179, "objective_cosine_similarity": -0.39671518738398054, "is_tight": 1.0, "dual_solution_value": -6.405981310545627e-05, "scaled_age": 0.0}, "8": {"bias": -0.9468972633510572, "objective_cosine_similarity": -0.060575161038186894, "is_tight": 0.0, "dual_solution_value": -0.0, "scaled_age": 0.07017543859649122}, "9": {"bias": -0.3692744729379982, "objective_cosine_similarity": -0.45884985321493504, "is_tight": 0.0, "dual_solution_value": -0.0, "scaled_age": 0.017543859649122806}, "10": {"bias": -0.8801527619282192, "objective_cosine_similarity": -0.059953965679539686, "is_tight": 1.0, "dual_solution_value": -2.482469932750452e-05, "scaled_age": 0.0}, "11": {"bias": -0.9697373552443143, "objective_cosine_similarity": -0.06250297173912087, "is_tight": 0.0, "dual_solution_value": -0.0, "scaled_age": 0.017543859649122806}, "12": {"bias": -0.9829447586121318, "objective_cosine_similarity": -0.062128019610522695, "is_tight": 1.0, "dual_solution_value": -0.0009126125189663556, "scaled_age": 0.0}, "13": {"bias": -0.8358523502583409, "objective_cosine_similarity": -0.060018501971259276, "is_tight": 0.0, "dual_solution_value": -0.0, "scaled_age": 0.07017543859649122}, "14": {"bias": -0.4082482904638631, "objective_cosine_similarity": -0.2492615241577469, "is_tight": 1.0, "dual_solution_value": -1.2547617362877929e-05, "scaled_age": 0.0}, "15": {"bias": -0.9677924644422401, "objective_cosine_similarity": -0.05986418063013658, "is_tight": 1.0, "dual_solution_value": -3.731523945133883e-06, "scaled_age": 0.0}, "16": {"bias": -0.13483997249264842, "objective_cosine_similarity": -0.48160089518123067, "is_tight": 0.0, "dual_solution_value": 0.0, "scaled_age": 0.3157894736842105}, "17": {"bias": -0.15617376188860607, "objective_cosine_similarity": -0.39723083458205455, "is_tight": 0.0, "dual_solution_value": 0.0, "scaled_age": 0.3157894736842105}, "18": {"bias": -0.16666666666666666, "objective_cosine_similarity": -0.3885765401242029, "is_tight": 0.0, "dual_solution_value": 0.0, "scaled_age": 0.3157894736842105}, "19": {"bias": -0.14586499149789456, "objective_cosine_similarity": -0.38943047046462137, "is_tight": 0.0, "dual_solution_value": 0.0, "scaled_age": 0.3157894736842105}, "20": {"bias": -0.15811388300841897, "objective_cosine_similarity": -0.38351714149762706, "is_tight": 0.0, "dual_solution_value": 0.0, "scaled_age": 0.3157894736842105}, "21": {"bias": -0.15249857033260467, "objective_cosine_similarity": -0.41349954086940705, "is_tight": 0.0, "dual_solution_value": 0.0, "scaled_age": 0.05263157894736842}, "22": {"bias": -0.17149858514250882, "objective_cosine_similarity": -0.3465160787094913, "is_tight": 0.0, "dual_solution_value": 0.0, "scaled_age": 0.3157894736842105}, "23": {"bias": -0.1543033499620919, "objective_cosine_similarity": -0.4003780240972416, "is_tight": 0.0, "dual_solution_value": 0.0, "scaled_age": 0.3157894736842105}, "24": {"bias": -0.15249857033260467, "objective_cosine_similarity": -0.38969969910583396, "is_tight": 0.0, "dual_solution_value": 0.0, "scaled_age": 0.3157894736842105}, "25": {"bias": -0.17677669529663687, "objective_cosine_similarity": -0.435735057803544, "is_tight": 1.0, "dual_solution_value": -0.0022657739093846184, "scaled_age": 0.0}, "26": {"bias": -0.1690308509457033, "objective_cosine_similarity": -0.332870902218735, "is_tight": 0.0, "dual_solution_value": 0.0, "scaled_age": 0.3157894736842105}, "27": {"bias": -0.1543033499620919, "objective_cosine_similarity": -0.4101209236735289, "is_tight": 0.0, "dual_solution_value": 0.0, "scaled_age": 0.3157894736842105}, "28": {"bias": -0.15811388300841897, "objective_cosine_similarity": -0.3409459853195997, "is_tight": 0.0, "dual_solution_value": 0.0, "scaled_age": 0.3157894736842105}, "29": {"bias": -0.15811388300841897, "objective_cosine_similarity": -0.39820984141747723, "is_tight": 0.0, "dual_solution_value": 0.0, "scaled_age": 0.3157894736842105}, "30": {"bias": -0.17407765595569785, "objective_cosine_similarity": -0.38822712536712006, "is_tight": 1.0, "dual_solution_value": -1.5787936375581775e-05, "scaled_age": 0.0}, "31": {"bias": -0.18569533817705186, "objective_cosine_similarity": -0.3103813900639461, "is_tight": 0.0, "dual_solution_value": 0.0, "scaled_age": 0.3157894736842105}, "32": {"bias": -0.1690308509457033, "objective_cosine_similarity": -0.3662989541051899, "is_tight": 0.0, "dual_solution_value": 0.0, "scaled_age": 0.3157894736842105}, "33": {"bias": -0.16012815380508713, "objective_cosine_similarity": -0.3773383842509208, "is_tight": 0.0, "dual_solution_value": 0.0, "scaled_age": 0.3157894736842105}, "34": {"bias": -0.16222142113076254, "objective_cosine_similarity": -0.4095209840643791, "is_tight": 0.0, "dual_solution_value": 0.0, "scaled_age": 0.3157894736842105}, "35": {"bias": -0.16222142113076254, "objective_cosine_similarity": -0.32487247485239323, "is_tight": 0.0, "dual_solution_value": 0.0, "scaled_age": 0.3157894736842105}, "36": {"bias": -0.16222142113076254, "objective_cosine_similarity": -0.34922341585858097, "is_tight": 0.0, "dual_solution_value": 0.0, "scaled_age": 0.3157894736842105}, "37": {"bias": -0.15075567228888181, "objective_cosine_similarity": -0.4547517351557299, "is_tight": 0.0, "dual_solution_value": 0.0, "scaled_age": 0.017543859649122806}, "38": {"bias": -0.17149858514250882, "objective_cosine_similarity": -0.34631176498383714, "is_tight": 1.0, "dual_solution_value": -6.782953613525554e-06, "scaled_age": 0.0}, "39": {"bias": -0.14002800840280097, "objective_cosine_similarity": -0.47911122862027783, "is_tight": 0.0, "dual_solution_value": 0.0, "scaled_age": 0.3157894736842105}, "40": {"bias": -0.16222142113076254, "objective_cosine_similarity": -0.3405266512135139, "is_tight": 1.0, "dual_solution_value": -0.0003378119569831221, "scaled_age": 0.0}, "41": {"bias": -0.17407765595569785, "objective_cosine_similarity": -0.3676958831602051, "is_tight": 1.0, "dual_solution_value": -8.629289000526863e-05, "scaled_age": 0.0}, "42": {"bias": -0.15249857033260467, "objective_cosine_similarity": -0.37843565185895206, "is_tight": 0.0, "dual_solution_value": 0.0, "scaled_age": 0.3157894736842105}, "43": {"bias": -0.1543033499620919, "objective_cosine_similarity": -0.40791498414682237, "is_tight": 0.0, "dual_solution_value": 0.0, "scaled_age": 0.3157894736842105}, "44": {"bias": -0.1796053020267749, "objective_cosine_similarity": -0.4198122991479959, "is_tight": 0.0, "dual_solution_value": 0.0, "scaled_age": 0.14035087719298245}, "45": {"bias": -0.16222142113076254, "objective_cosine_similarity": -0.33009053363943347, "is_tight": 0.0, "dual_solution_value": 0.0, "scaled_age": 0.2982456140350877}, "46": {"bias": -0.15811388300841897, "objective_cosine_similarity": -0.34414824043033626, "is_tight": 0.0, "dual_solution_value": 0.0,