{"0": {"bias": -0.4390570399587614, "objective_cosine_similarity": -0.5599411341914691, "is_tight": 0.0, "dual_solution_value": -0.0, "scaled_age": 0.05263157894736842}, "1": {"bias": -0.6148789007925227, "objective_cosine_similarity": -0.5409080190034202, "is_tight": 0.0, "dual_solution_value": -0.0, "scaled_age": 0.11842105263157894}, "2": {"bias": -0.841364991398316, "objective_cosine_similarity": -0.10067269113431672, "is_tight": 0.0, "dual_solution_value": -0.0, "scaled_age": 0.05263157894736842}, "3": {"bias": -0.7924058156930615, "objective_cosine_similarity": -0.09950969508904646, "is_tight": 1.0, "dual_solution_value": -3.8209781994272694e-05, "scaled_age": 0.0}, "4": {"bias": -0.8641486217056986, "objective_cosine_similarity": -0.10248671257196675, "is_tight": 1.0, "dual_solution_value": -0.00030897052301008104, "scaled_age": 0.0}, "5": {"bias": -0.8335851425478445, "objective_cosine_similarity": -0.10263344462824614, "is_tight": 1.0, "dual_solution_value": -9.533033478960084e-05, "scaled_age": 0.0}, "6": {"bias": -0.8286390373920083, "objective_cosine_similarity": -0.10455140136618866, "is_tight": 1.0, "dual_solution_value": -0.0013833537996108584, "scaled_age": 0.0}, "7": {"bias": -0.7648224672830176, "objective_cosine_similarity": -0.10193416314022373, "is_tight": 0.0, "dual_solution_value": -0.0, "scaled_age": 0.15789473684210525}, "8": {"bias": -0.7821676606557755, "objective_cosine_similarity": -0.10712132270012131, "is_tight": 1.0, "dual_solution_value": -8.706909407847986e-08, "scaled_age": 0.0}, "9": {"bias": -0.1690308509457033, "objective_cosine_similarity": -0.4478846457438507, "is_tight": 0.0, "dual_solution_value": 0.0, "scaled_age": 0.23684210526315788}, "10": {"bias": -0.19611613513818404, "objective_cosine_similarity": -0.3814620440109878, "is_tight": 0.0, "dual_solution_value": 0.0, "scaled_age": 0.039473684210526314}, "11": {"bias": -0.18569533817705186, "objective_cosine_similarity": -0.3619700509701821, "is_tight": 0.0, "dual_solution_value": 0.0, "scaled_age": 0.2631578947368421}, "12": {"bias": -0.1889822365046136, "objective_cosine_similarity": -0.4205880252156005, "is_tight": 0.0, "dual_solution_value": 0.0, "scaled_age": 0.21052631578947367}, "13": {"bias": -0.18257418583505536, "objective_cosine_similarity": -0.3686235994775706, "is_tight": 1.0, "dual_solution_value": -3.548728418520412e-05, "scaled_age": 0.0}, "14": {"bias": -0.19245008972987526, "objective_cosine_similarity": -0.3055875184521836, "is_tight": 0.0, "dual_solution_value": 0.0, "scaled_age": 0.2631578947368421}, "15": {"bias": -0.1889822365046136, "objective_cosine_similarity": -0.4395738169494709, "is_tight": 1.0, "dual_solution_value": -0.002394325428427762, "scaled_age": 0.0}, "16": {"bias": -0.21320071635561041, "objective_cosine_similarity": -0.31235840062435133, "is_tight": 0.0, "dual_solution_value": 0.0, "scaled_age": 0.2631578947368421}, "17": {"bias": -0.2, "objective_cosine_similarity": -0.372272586764241, "is_tight": 0.0, "dual_solution_value": 0.0, "scaled_age": 0.13157894736842105}, "18": {"bias": -0.19611613513818404, "objective_cosine_similarity": -0.31715531492735644, "is_tight": 1.0, "dual_solution_value": -8.275185858455809e-05, "scaled_age": 0.0}, "19": {"bias": -0.1643989873053573, "objective_cosine_similarity": -0.4262065104252647, "is_tight": 0.0, "dual_solution_value": 0.0, "scaled_age": 0.2631578947368421}, "20": {"bias": -0.17677669529663687, "objective_cosine_similarity": -0.4346164365729025, "is_tight": 0.0, "dual_solution_value": 0.0, "scaled_age": 0.2631578947368421}, "21": {"bias": -0.19611613513818404, "objective_cosine_similarity": -0.3609386198353608, "is_tight": 0.0, "dual_solution_value": 0.0, "scaled_age": 0.2631578947368421}, "22": {"bias": -0.1796053020267749, "objective_cosine_similarity": -0.4423225641843017, "is_tight": 0.0, "dual_solution_value": 0.0, "scaled_age": 0.2631578947368421}, "23": {"bias": -0.17149858514250882, "objective_cosine_similarity": -0.408717882439786, "is_tight": 0.0, "dual_solution_value": 0.0, "scaled_age": 0.10526315789473684}, "24": {"bias": -0.1796053020267749, "objective_cosine_similarity": -0.45435173306863397, "is_tight": 1.0, "dual_solution_value": -1.8766671849289194e-05, "scaled_age": 0.0}, "25": {"bias": -0.1889822365046136, "objective_cosine_similarity": -0.35466513725077287, "is_tight": 0.0, "dual_solution_value": 0.0, "scaled_age": 0.10526315789473684}, "26": {"bias": -0.18257418583505536, "objective_cosine_similarity": -0.37066160140972026, "is_tight": 0.0, "dual_solution_value": 0.0, "scaled_age": 0.2631578947368421}, "27": {"bias": -0.1796053020267749, "objective_cosine_similarity": -0.43129582604033045, "is_tight": 0.0, "dual_solution_value": 0.0, "scaled_age": 0.19736842105263158}, "28": {"bias": -0.1796053020267749, "objective_cosine_similarity": -0.3488458976456362, "is_tight": 0.0, "dual_solution_value": 0.0, "scaled_age": 0.2631578947368421}, "29": {"bias": -0.2, "objective_cosine_similarity": -0.37757482000900905, "is_tight": 0.0, "dual_solution_value": 0.0, "scaled_age": 0.2631578947368421}, "30": {"bias": -0.1690308509457033, "objective_cosine_similarity": -0.48420599142292015, "is_tight": 0.0, "dual_solution_value": 0.0, "scaled_age": 0.2631578947368421}, "31": {"bias": -0.18257418583505536, "objective_cosine_similarity": -0.34187482411810627, "is_tight": 0.0, "dual_solution_value": 0.0, "scaled_age": 0.2631578947368421}, "32": {"bias": -0.19611613513818404, "objective_cosine_similarity": -0.3488982109856596, "is_tight": 0.0, "dual_solution_value": 0.0, "scaled_age": 0.2631578947368421}, "33": {"bias": -0.18569533817705186, "objective_cosine_similarity": -0.4060179455048499, "is_tight": 1.0, "dual_solution_value": -1.3865793755223142e-07, "scaled_age": 0.0}, "34": {"bias": -0.16666666666666666, "objective_cosine_similarity": -0.4153416041734973, "is_tight": 0.0, "dual_solution_value": 0.0, "scaled_age": 0.2631578947368421}, "35": {"bias": -0.1796053020267749, "objective_cosine_similarity": -0.3079968449759245, "is_tight": 0.0, "dual_solution_value": 0.0, "scaled_age": 0.17105263157894737}, "36": {"bias": -0.16666666666666666, "objective_cosine_similarity": -0.3251106173765673, "is_tight": 0.0, "dual_solution_value": 0.0, "scaled_age": 0.2631578947368421}, "37": {"bias": -0.20851441405707477, "objective_cosine_similarity": -0.36688199616419337, "is_tight": 1.0, "dual_solution_value": -0.0008237303621952785, "scaled_age": 0.0}, "38": {"bias": -0.19245008972987526, "objective_cosine_similarity": -0.3461355986685981, "is_tight": 0.0, "dual_solution_value": 0.0, "scaled_age": 0.2631578947368421}, "39": {"bias": -0.17407765595569785, "objective_cosine_similarity": -0.4155930453857076, "is_tight": 0.0, "dual_solution_value": 0.0, "scaled_age": 0.18421052631578946}, "40": {"bias": -0.17677669529663687, "objective_cosine_similarity": -0.4247500021444598, "is_tight": 1.0, "dual_solution_value": -7.890825635516108e-07, "scaled_age": 0.0}, "41": {"bias": -0.2182178902359924, "objective_cosine_similarity": -0.3105744724359665, "is_tight": 0.0, "dual_solution_value": 0.0, "scaled_age": 0.11842105263157894}, "42": {"bias": -0.17677669529663687, "objective_cosine_similarity": -0.4126636199696174, "is_tight": 0.0, "dual_solution_value": 0.0, "scaled_age": 0.2631578947368421}, "43": {"bias": -0.1643989873053573, "objective_cosine_similarity": -0.3755113334586428, "is_tight": 0.0, "dual_solution_value": 0.0, "scaled_age": 0.2631578947368421}, "44": {"bias": -0.1796053020267749, "objective_cosine_similarity": -0.34458556699910187, "is_tight": 0.0, "dual_solution_value": 0.0, "scaled_age": 0.2631578947368421}, "45": {"bias": -0.16012815380508713, "objective_cosine_similarity": -0.460267329023434, "is_tight": 0.0, "dual_solution_value": 0.0, "scaled_age": 0.2631578947368421}, "46": {"bias": -0.16222142113076254, "objective_cosine_similarity": -0.4495341376042717, "is_tight": 0.0, "dual_solution_value": 0.0, "scaled_age": 0.18421052631578946}, "47": {"bias": -0.17677669529663687,