{"values": [-0.5, -0.5, -0.5, -0.5, -0.4472135954999579, -0.4472135954999579, -0.4472135954999579, -0.4472135954999579, -0.4472135954999579, -0.5773502691896258, -0.5773502691896258, -0.5773502691896258, -0.4472135954999579, -0.4472135954999579, -0.4472135954999579, -0.4472135954999579, -0.4472135954999579, -0.5773502691896258, -0.5773502691896258, -0.5773502691896258], "indices": [[0, 0, 0, 0, 1, 1, 1, 1, 1, 2, 2, 2, 3, 3, 3, 3, 3, 4, 4, 4], [4, 0, 0, 0, 4, 0, 0, 0, 0, 0, 0, 0, 4, 0, 0, 0, 0, 4, 0, 0]]}