{"values": [-0.7071067811865475, -0.7071067811865475, -0.4472135954999579, -0.4472135954999579, -0.4472135954999579, -0.4472135954999579, -0.4472135954999579, -0.5, -0.5, -0.5, -0.5, -0.4472135954999579, -0.4472135954999579, -0.4472135954999579, -0.4472135954999579, -0.4472135954999579, -0.5, -0.5, -0.5, -0.5], "indices": [[0, 0, 1, 1, 1, 1, 1, 2, 2, 2, 2, 3, 3, 3, 3, 3, 4, 4, 4, 4], [0, 4, 1, 2, 0, 3, 4, 1, 2, 3, 4, 1, 2, 0, 3, 4, 1, 2, 0, 3]]}