{"0": {"bias": -0.7624928516630234, "objective_cosine_similarity": -0.21761338825458446, "is_tight": 1.0, "dual_solution_value": -1.726084263455584e-07, "scaled_age": 0.0}, "1": {"bias": -0.7994080650317896, "objective_cosine_similarity": -0.5258671031167236, "is_tight": 0.0, "dual_solution_value": -0.0, "scaled_age": 0.08571428571428572}, "2": {"bias": -0.9807991405222394, "objective_cosine_similarity": -0.22118618676678206, "is_tight": 0.0, "dual_solution_value": -0.0, "scaled_age": 0.014285714285714285}, "3": {"bias": -0.9673327793031952, "objective_cosine_similarity": -0.22033346764950681, "is_tight": 0.0, "dual_solution_value": -0.0, "scaled_age": 0.08571428571428572}, "4": {"bias": -0.8164965809277261, "objective_cosine_similarity": -0.3197886652988961, "is_tight": 1.0, "dual_solution_value": -7.567828367917336e-06, "scaled_age": 0.0}, "5": {"bias": -0.9644852953392993, "objective_cosine_similarity": -0.22262881358470551, "is_tight": 0.0, "dual_solution_value": -0.0, "scaled_age": 0.17142857142857143}, "6": {"bias": -0.9464623109470139, "objective_cosine_similarity": -0.21992037943527631, "is_tight": 0.0, "dual_solution_value": -0.0, "scaled_age": 0.15714285714285714}, "7": {"bias": -0.9701499512887597, "objective_cosine_similarity": -0.22180305893790425, "is_tight": 0.0, "dual_solution_value": -0.0, "scaled_age": 0.17142857142857143}, "8": {"bias": -0.953998092005724, "objective_cosine_similarity": -0.2538947383172229, "is_tight": 0.0, "dual_solution_value": -0.0, "scaled_age": 0.014285714285714285}, "9": {"bias": -0.9558988911273406, "objective_cosine_similarity": -0.228879646358224, "is_tight": 0.0, "dual_solution_value": -0.0, "scaled_age": 0.05714285714285714}, "10": {"bias": -0.9357604759733029, "objective_cosine_similarity": -0.22371045778796164, "is_tight": 0.0, "dual_solution_value": -0.0, "scaled_age": 0.07142857142857142}, "11": {"bias": -0.4472135954999579, "objective_cosine_similarity": -0.324383001696822, "is_tight": 1.0, "dual_solution_value": -0.0006593700879067048, "scaled_age": 0.0}, "12": {"bias": -0.7774815830232241, "objective_cosine_similarity": -0.22402610610243673, "is_tight": 0.0, "dual_solution_value": -0.0, "scaled_age": 0.11428571428571428}, "13": {"bias": -0.5144957554275265, "objective_cosine_similarity": -0.4865492639989114, "is_tight": 0.0, "dual_solution_value": -0.0, "scaled_age": 0.04285714285714286}, "14": {"bias": -0.44226578208684647, "objective_cosine_similarity": -0.8577967995940644, "is_tight": 0.0, "dual_solution_value": -0.0, "scaled_age": 0.18571428571428572}, "15": {"bias": -0.2, "objective_cosine_similarity": -0.42014000989103795, "is_tight": 0.0, "dual_solution_value": 0.0, "scaled_age": 0.34285714285714286}, "16": {"bias": -0.19245008972987526, "objective_cosine_similarity": -0.4564030283090248, "is_tight": 0.0, "dual_solution_value": 0.0, "scaled_age": 0.34285714285714286}, "17": {"bias": -0.2672612419124244, "objective_cosine_similarity": -0.3994743970369442, "is_tight": 1.0, "dual_solution_value": -0.0023701545121676826, "scaled_age": 0.0}, "18": {"bias": -0.23570226039551587, "objective_cosine_similarity": -0.43888293720911864, "is_tight": 0.0, "dual_solution_value": 0.0, "scaled_age": 0.12857142857142856}, "19": {"bias": -0.2182178902359924, "objective_cosine_similarity": -0.43366134626899927, "is_tight": 0.0, "dual_solution_value": 0.0, "scaled_age": 0.34285714285714286}, "20": {"bias": -0.2, "objective_cosine_similarity": -0.45975030897020913, "is_tight": 0.0, "dual_solution_value": 0.0, "scaled_age": 0.07142857142857142}, "21": {"bias": -0.2773500981126146, "objective_cosine_similarity": -0.2694836868715406, "is_tight": 0.0, "dual_solution_value": 0.0, "scaled_age": 0.34285714285714286}, "22": {"bias": -0.24253562503633297, "objective_cosine_similarity": -0.4249209592999731, "is_tight": 1.0, "dual_solution_value": -3.714510630597105e-05, "scaled_age": 0.0}, "23": {"bias": -0.21320071635561041, "objective_cosine_similarity": -0.47385519889592587, "is_tight": 0.0, "dual_solution_value": 0.0, "scaled_age": 0.14285714285714285}, "24": {"bias": -0.23570226039551587, "objective_cosine_similarity": -0.34711650488357565, "is_tight": 0.0, "dual_solution_value": 0.0, "scaled_age": 0.34285714285714286}, "25": {"bias": -0.2, "objective_cosine_similarity": -0.41336901859545316, "is_tight": 0.0, "dual_solution_value": 0.0, "scaled_age": 0.34285714285714286}, "26": {"bias": -0.22941573387056174, "objective_cosine_similarity": -0.3351399954310028, "is_tight": 0.0, "dual_solution_value": 0.0, "scaled_age": 0.34285714285714286}, "27": {"bias": -0.24253562503633297, "objective_cosine_similarity": -0.3276202178950517, "is_tight": 0.0, "dual_solution_value": 0.0, "scaled_age": 0.34285714285714286}, "28": {"bias": -0.19611613513818404, "objective_cosine_similarity": -0.4079974728519108, "is_tight": 0.0, "dual_solution_value": 0.0, "scaled_age": 0.34285714285714286}, "29": {"bias": -0.2182178902359924, "objective_cosine_similarity": -0.4196246076333758, "is_tight": 0.0, "dual_solution_value": 0.0, "scaled_age": 0.34285714285714286}, "30": {"bias": -0.2773500981126146, "objective_cosine_similarity": -0.36713631207934627, "is_tight": 0.0, "dual_solution_value": 0.0, "scaled_age": 0.2571428571428571}, "31": {"bias": -0.22941573387056174, "objective_cosine_similarity": -0.3821294965285131, "is_tight": 0.0, "dual_solution_value": 0.0, "scaled_age": 0.34285714285714286}, "32": {"bias": -0.23570226039551587, "objective_cosine_similarity": -0.4340951233486555, "is_tight": 0.0, "dual_solution_value": 0.0, "scaled_age": 0.34285714285714286}, "33": {"bias": -0.2, "objective_cosine_similarity": -0.46381290374756, "is_tight": 0.0, "dual_solution_value": 0.0, "scaled_age": 0.34285714285714286}, "34": {"bias": -0.2672612419124244, "objective_cosine_similarity": -0.2976830727636572, "is_tight": 0.0, "dual_solution_value": 0.0, "scaled_age": 0.34285714285714286}, "35": {"bias": -0.23570226039551587, "objective_cosine_similarity": -0.44047887516260636, "is_tight": 1.0, "dual_solution_value": -4.413293005580026e-05, "scaled_age": 0.0}, "36": {"bias": -0.21320071635561041, "objective_cosine_similarity": -0.3847141218759002, "is_tight": 0.0, "dual_solution_value": 0.0, "scaled_age": 0.34285714285714286}, "37": {"bias": -0.21320071635561041, "objective_cosine_similarity": -0.4287433178129169, "is_tight": 0.0, "dual_solution_value": 0.0, "scaled_age": 0.34285714285714286}, "38": {"bias": -0.19611613513818404, "objective_cosine_similarity": -0.48235990891279606, "is_tight": 0.0, "dual_solution_value": 0.0, "scaled_age": 0.34285714285714286}, "39": {"bias": -0.23570226039551587, "objective_cosine_similarity": -0.4073631626277365, "is_tight": 1.0, "dual_solution_value": -2.075055289827e-05, "scaled_age": 0.0}, "40": {"bias": -0.20412414523193154, "objective_cosine_similarity": -0.415673435283168, "is_tight": 0.0, "dual_solution_value": 0.0, "scaled_age": 0.34285714285714286}, "41": {"bias": -0.18257418583505536, "objective_cosine_similarity": -0.5188984016410391, "is_tight": 0.0, "dual_solution_value": 0.0, "scaled_age": 0.34285714285714286}, "42": {"bias": -0.23570226039551587, "objective_cosine_similarity": -0.3582880705579896, "is_tight": 0.0, "dual_solution_value": 0.0, "scaled_age": 0.34285714285714286}, "43": {"bias": -0.1889822365046136, "objective_cosine_similarity": -0.5281536941066655, "is_tight": 0.0, "dual_solution_value": 0.0, "scaled_age": 0.18571428571428572}, "44": {"bias": -0.21320071635561041, "objective_cosine_similarity": -0.4114203554770415, "is_tight": 0.0, "dual_solution_value": 0.0, "scaled_age": 0.34285714285714286}, "45": {"bias": -0.25, "objective_cosine_similarity": -0.35843935171002134, "is_tight": 0.0, "dual_solution_value": 0.0, "scaled_age": 0.02857142857142857}, "46": {"bias": -0.22941573387056174, "objective_cosine_similarity": -0.4885354742203958, "is_tight": 1.0, "dual_solution_value": -0.00018120683244470006, "scaled_age": 0.0}, "47": {"bias": -0.19611613513818404,