{"0": {"bias": -0.7862568296530487, "objective_cosine_similarity": -0.7730573986496118, "is_tight": 1.0, "dual_solution_value": -1.709101846391099e-05, "scaled_age": 0.0}, "1": {"bias": -0.8320502943378437, "objective_cosine_similarity": -0.2681782565729079, "is_tight": 0.0, "dual_solution_value": -0.0, "scaled_age": 0.04285714285714286}, "2": {"bias": -1.1825837633798413, "objective_cosine_similarity": -0.4295813224885533, "is_tight": 1.0, "dual_solution_value": -0.001562551535744491, "scaled_age": 0.0}, "3": {"bias": -1.1852784080034642, "objective_cosine_similarity": -0.4271848473621075, "is_tight": 0.0, "dual_solution_value": -0.0, "scaled_age": 0.02857142857142857}, "4": {"bias": -1.1813158565957322, "objective_cosine_similarity": -0.4255122825408263, "is_tight": 0.0, "dual_solution_value": -0.0, "scaled_age": 0.07142857142857142}, "5": {"bias": -1.1111289903841153, "objective_cosine_similarity": -0.42942420728160446, "is_tight": 1.0, "dual_solution_value": -0.009381112851753262, "scaled_age": 0.0}, "6": {"bias": -0.7715167498104595, "objective_cosine_similarity": -0.5270150522260305, "is_tight": 0.0, "dual_solution_value": -0.0, "scaled_age": 0.17142857142857143}, "7": {"bias": -1.1741052438275361, "objective_cosine_similarity": -0.4404939048389759, "is_tight": 0.0, "dual_solution_value": -0.0, "scaled_age": 0.02857142857142857}, "8": {"bias": -1.010434254134816, "objective_cosine_similarity": -0.4398379164285937, "is_tight": 0.0, "dual_solution_value": -0.0, "scaled_age": 0.11428571428571428}, "9": {"bias": -1.1498248322741564, "objective_cosine_similarity": -0.42756765464201013, "is_tight": 0.0, "dual_solution_value": -0.0, "scaled_age": 0.11428571428571428}, "10": {"bias": -0.7730206825239258, "objective_cosine_similarity": -0.7715687641876297, "is_tight": 0.0, "dual_solution_value": -0.0, "scaled_age": 0.08571428571428572}, "11": {"bias": -0.7053098106038297, "objective_cosine_similarity": -0.7578839264190577, "is_tight": 0.0, "dual_solution_value": -0.0, "scaled_age": 0.15714285714285714}, "12": {"bias": -0.35355339059327373, "objective_cosine_similarity": -0.3198059575662092, "is_tight": 1.0, "dual_solution_value": -0.005333341797652695, "scaled_age": 0.0}, "13": {"bias": -0.4472135954999579, "objective_cosine_similarity": -0.14088667414515638, "is_tight": 0.0, "dual_solution_value": 0.0, "scaled_age": 0.37142857142857144}, "14": {"bias": -0.30151134457776363, "objective_cosine_similarity": -0.23464308113590326, "is_tight": 0.0, "dual_solution_value": 0.0, "scaled_age": 0.37142857142857144}, "15": {"bias": -0.3333333333333333, "objective_cosine_similarity": -0.2692849331772932, "is_tight": 1.0, "dual_solution_value": -0.0009986875926917835, "scaled_age": 0.0}, "16": {"bias": -0.31622776601683794, "objective_cosine_similarity": -0.3501562628389617, "is_tight": 0.0, "dual_solution_value": 0.0, "scaled_age": 0.37142857142857144}, "17": {"bias": -0.31622776601683794, "objective_cosine_similarity": -0.3442381288191483, "is_tight": 0.0, "dual_solution_value": 0.0, "scaled_age": 0.12857142857142856}, "18": {"bias": -0.4082482904638631, "objective_cosine_similarity": -0.264226286589856, "is_tight": 1.0, "dual_solution_value": -0.0021226182699193214, "scaled_age": 0.0}, "19": {"bias": -0.3779644730092272, "objective_cosine_similarity": -0.24698384804460324, "is_tight": 0.0, "dual_solution_value": 0.0, "scaled_age": 0.014285714285714285}, "20": {"bias": -0.22941573387056174, "objective_cosine_similarity": -0.4214752138943125, "is_tight": 0.0, "dual_solution_value": 0.0, "scaled_age": 0.37142857142857144}, "21": {"bias": -0.30151134457776363, "objective_cosine_similarity": -0.2971832209977773, "is_tight": 0.0, "dual_solution_value": 0.0, "scaled_age": 0.37142857142857144}, "22": {"bias": -0.5, "objective_cosine_similarity": -0.16921282963167747, "is_tight": 1.0, "dual_solution_value": -0.01572670679879198, "scaled_age": 0.0}, "23": {"bias": -0.30151134457776363, "objective_cosine_similarity": -0.33245021716048817, "is_tight": 1.0, "dual_solution_value": -0.005042979020818396, "scaled_age": 0.0}, "24": {"bias": -0.4472135954999579, "objective_cosine_similarity": -0.20435542338876644, "is_tight": 1.0, "dual_solution_value": -0.0040668113293168, "scaled_age": 0.0}, "25": {"bias": -0.2672612419124244, "objective_cosine_similarity": -0.3230287928205543, "is_tight": 0.0, "dual_solution_value": 0.0, "scaled_age": 0.37142857142857144}, "26": {"bias": -0.2886751345948129, "objective_cosine_similarity": -0.3349545351023564, "is_tight": 0.0, "dual_solution_value": 0.0, "scaled_age": 0.3}, "27": {"bias": -0.25, "objective_cosine_similarity": -0.34076500713844726, "is_tight": 0.0, "dual_solution_value": 0.0, "scaled_age": 0.37142857142857144}, "28": {"bias": -0.31622776601683794, "objective_cosine_similarity": -0.3057702576903609, "is_tight": 0.0, "dual_solution_value": 0.0, "scaled_age": 0.14285714285714285}, "29": {"bias": -0.4082482904638631, "objective_cosine_similarity": -0.2241148262159742, "is_tight": 1.0, "dual_solution_value": -0.0012733796944089445, "scaled_age": 0.0}, "30": {"bias": -0.3333333333333333, "objective_cosine_similarity": -0.25472899084338546, "is_tight": 0.0, "dual_solution_value": 0.0, "scaled_age": 0.37142857142857144}, "31": {"bias": -0.2886751345948129, "objective_cosine_similarity": -0.3448591046887164, "is_tight": 0.0, "dual_solution_value": 0.0, "scaled_age": 0.3142857142857143}, "32": {"bias": -0.3333333333333333, "objective_cosine_similarity": -0.2432921790096008, "is_tight": 0.0, "dual_solution_value": 0.0, "scaled_age": 0.37142857142857144}, "33": {"bias": -0.5, "objective_cosine_similarity": -0.11930674162970807, "is_tight": 0.0, "dual_solution_value": 0.0, "scaled_age": 0.02857142857142857}, "34": {"bias": -0.24253562503633297, "objective_cosine_similarity": -0.4069971427944766, "is_tight": 0.0, "dual_solution_value": 0.0, "scaled_age": 0.37142857142857144}, "35": {"bias": -0.35355339059327373, "objective_cosine_similarity": -0.16321131627516883, "is_tight": 0.0, "dual_solution_value": 0.0, "scaled_age": 0.37142857142857144}, "36": {"bias": -0.3333333333333333, "objective_cosine_similarity": -0.2583679764268624, "is_tight": 0.0, "dual_solution_value": 0.0, "scaled_age": 0.02857142857142857}, "37": {"bias": -0.2581988897471611, "objective_cosine_similarity": -0.32737722705201927, "is_tight": 0.0, "dual_solution_value": 0.0, "scaled_age": 0.37142857142857144}, "38": {"bias": -0.31622776601683794, "objective_cosine_similarity": -0.30823614686528317, "is_tight": 1.0, "dual_solution_value": -0.0008963796641742095, "scaled_age": 0.0}, "39": {"bias": -0.30151134457776363, "objective_cosine_similarity": -0.3395036163930304, "is_tight": 0.0, "dual_solution_value": 0.0, "scaled_age": 0.37142857142857144}, "40": {"bias": -0.3333333333333333, "objective_cosine_similarity": -0.2890394263447394, "is_tight": 1.0, "dual_solution_value": -0.005604129698918621, "scaled_age": 0.0}, "41": {"bias": -0.2581988897471611, "objective_cosine_similarity": -0.38173875921932876, "is_tight": 0.0, "dual_solution_value": 0.0, "scaled_age": 0.37142857142857144}, "42": {"bias": -0.30151134457776363, "objective_cosine_similarity": -0.3174029654643982, "is_tight": 0.0, "dual_solution_value": 0.0, "scaled_age": 0.37142857142857144}, "43": {"bias": -0.2886751345948129, "objective_cosine_similarity": -0.35656450510896, "is_tight": 1.0, "dual_solution_value": -0.004341314335283129, "scaled_age": 0.0}, "44": {"bias": -0.30151134457776363, "objective_cosine_similarity": -0.3437356559325557, "is_tight": 1.0, "dual_solution_value": -0.000928670639670212, "scaled_age": 0.0}, "45": {"bias": -0.2773500981126146, "objective_cosine_similarity": -0.3283020915142534, "is_tight": 0.0, "dual_solution_value": 0.0, "scaled_age": 0.37142857142857144}, "46": {"bias": -0.4472135954999579, "objective_cosine_similarity": -0.14995363832281497, "is_tight": 0.0, "dual_solution_value": 0.0, "scaled_age": 0.37142857142857144}, "47": {"bias": -0.35355339059327373,