{"0": {"bias": -0.8219949365267865, "objective_cosine_similarity": -0.8500144231858888, "is_tight": 0.0, "dual_solution_value": -0.0, "scaled_age": 0.02702702702702703}, "1": {"bias": -0.7155417527999327, "objective_cosine_similarity": -0.793587576632356, "is_tight": 1.0, "dual_solution_value": -0.00017795866909378128, "scaled_age": 0.0}, "2": {"bias": -0.791797325823564, "objective_cosine_similarity": -0.7546375095771953, "is_tight": 1.0, "dual_solution_value": -1.2589635237992155e-06, "scaled_age": 0.0}, "3": {"bias": -0.6099942813304187, "objective_cosine_similarity": -0.5965053476602383, "is_tight": 0.0, "dual_solution_value": -0.0, "scaled_age": 0.0945945945945946}, "4": {"bias": -0.935787739372811, "objective_cosine_similarity": -0.8482559899880263, "is_tight": 1.0, "dual_solution_value": -3.635765203897632e-05, "scaled_age": 0.0}, "5": {"bias": -0.5388159060803247, "objective_cosine_similarity": -0.5389306571752782, "is_tight": 0.0, "dual_solution_value": -0.0, "scaled_age": 0.14864864864864866}, "6": {"bias": -0.6324555320336759, "objective_cosine_similarity": -0.6693030510531017, "is_tight": 1.0, "dual_solution_value": -5.5404157951461824e-08, "scaled_age": 0.0}, "7": {"bias": -0.5388159060803247, "objective_cosine_similarity": -0.5329572878223502, "is_tight": 1.0, "dual_solution_value": -0.0005749994452534042, "scaled_age": 0.0}, "8": {"bias": -0.8841668608908703, "objective_cosine_similarity": -0.8865796597995764, "is_tight": 0.0, "dual_solution_value": -0.0, "scaled_age": 0.1891891891891892}, "9": {"bias": -0.7811334658849433, "objective_cosine_similarity": -0.6516444645359757, "is_tight": 0.0, "dual_solution_value": -0.0, "scaled_age": 0.16216216216216217}, "10": {"bias": -0.8006407690254357, "objective_cosine_similarity": -0.5511987989972967, "is_tight": 0.0, "dual_solution_value": -0.0, "scaled_age": 0.13513513513513514}, "11": {"bias": -0.909047849337028, "objective_cosine_similarity": -0.8602407089804024, "is_tight": 0.0, "dual_solution_value": -0.0, "scaled_age": 0.17567567567567569}, "12": {"bias": -0.8262824433293948, "objective_cosine_similarity": -0.8479454066364314, "is_tight": 0.0, "dual_solution_value": -0.0, "scaled_age": 0.0945945945945946}, "13": {"bias": -0.7071067811865476, "objective_cosine_similarity": -0.7155319358858184, "is_tight": 1.0, "dual_solution_value": -7.785767463683902e-05, "scaled_age": 0.0}, "14": {"bias": -0.7612130588961976, "objective_cosine_similarity": -0.7941156898861254, "is_tight": 1.0, "dual_solution_value": -5.324711299354463e-07, "scaled_age": 0.0}, "15": {"bias": -0.3779644730092272, "objective_cosine_similarity": -0.19554050055117445, "is_tight": 0.0, "dual_solution_value": 0.0, "scaled_age": 0.10810810810810811}, "16": {"bias": -0.3333333333333333, "objective_cosine_similarity": -0.2753049243543747, "is_tight": 0.0, "dual_solution_value": 0.0, "scaled_age": 0.2702702702702703}, "17": {"bias": -0.2773500981126146, "objective_cosine_similarity": -0.3218219624577119, "is_tight": 0.0, "dual_solution_value": 0.0, "scaled_age": 0.14864864864864866}, "18": {"bias": -0.2886751345948129, "objective_cosine_similarity": -0.2826916350945327, "is_tight": 0.0, "dual_solution_value": 0.0, "scaled_age": 0.2702702702702703}, "19": {"bias": -0.3779644730092272, "objective_cosine_similarity": -0.18785855231523546, "is_tight": 1.0, "dual_solution_value": -0.0028636979962590307, "scaled_age": 0.0}, "20": {"bias": -0.3333333333333333, "objective_cosine_similarity": -0.179225353438754, "is_tight": 0.0, "dual_solution_value": 0.0, "scaled_age": 0.2702702702702703}, "21": {"bias": -0.30151134457776363, "objective_cosine_similarity": -0.3136460074085533, "is_tight": 1.0, "dual_solution_value": -2.662958531718149e-05, "scaled_age": 0.0}, "22": {"bias": -0.31622776601683794, "objective_cosine_similarity": -0.3458990888026506, "is_tight": 1.0, "dual_solution_value": -0.015198305569307095, "scaled_age": 0.0}, "23": {"bias": -0.4082482904638631, "objective_cosine_similarity": -0.16594904858570775, "is_tight": 0.0, "dual_solution_value": 0.0, "scaled_age": 0.04054054054054054}, "24": {"bias": -0.25, "objective_cosine_similarity": -0.3372023402327073, "is_tight": 0.0, "dual_solution_value": 0.0, "scaled_age": 0.2702702702702703}, "25": {"bias": -0.3779644730092272, "objective_cosine_similarity": -0.168304502260118, "is_tight": 0.0, "dual_solution_value": 0.0, "scaled_age": 0.2702702702702703}, "26": {"bias": -0.24253562503633297, "objective_cosine_similarity": -0.28545830511922365, "is_tight": 0.0, "dual_solution_value": 0.0, "scaled_age": 0.2702702702702703}, "27": {"bias": -0.31622776601683794, "objective_cosine_similarity": -0.2483228255762272, "is_tight": 0.0, "dual_solution_value": 0.0, "scaled_age": 0.2702702702702703}, "28": {"bias": -0.3779644730092272, "objective_cosine_similarity": -0.26397967574408554, "is_tight": 1.0, "dual_solution_value": -0.0059986864401977156, "scaled_age": 0.0}, "29": {"bias": -0.3779644730092272, "objective_cosine_similarity": -0.260487881091386, "is_tight": 0.0, "dual_solution_value": 0.0, "scaled_age": 0.16216216216216217}, "30": {"bias": -0.2672612419124244, "objective_cosine_similarity": -0.3436947774989204, "is_tight": 0.0, "dual_solution_value": 0.0, "scaled_age": 0.2702702702702703}, "31": {"bias": -0.4472135954999579, "objective_cosine_similarity": -0.24210866300841347, "is_tight": 1.0, "dual_solution_value": -0.010216689393683052, "scaled_age": 0.0}, "32": {"bias": -0.4082482904638631, "objective_cosine_similarity": -0.209699252303758, "is_tight": 0.0, "dual_solution_value": 0.0, "scaled_age": 0.2702702702702703}, "33": {"bias": -0.31622776601683794, "objective_cosine_similarity": -0.334213308775534, "is_tight": 0.0, "dual_solution_value": 0.0, "scaled_age": 0.2702702702702703}, "34": {"bias": -0.3333333333333333, "objective_cosine_similarity": -0.17737766938268437, "is_tight": 0.0, "dual_solution_value": 0.0, "scaled_age": 0.2702702702702703}, "35": {"bias": -0.2886751345948129, "objective_cosine_similarity": -0.28002473287665974, "is_tight": 0.0, "dual_solution_value": 0.0, "scaled_age": 0.2702702702702703}, "36": {"bias": -0.2672612419124244, "objective_cosine_similarity": -0.3678916799377812, "is_tight": 0.0, "dual_solution_value": 0.0, "scaled_age": 0.14864864864864866}, "37": {"bias": -0.3333333333333333, "objective_cosine_similarity": -0.2204902973576424, "is_tight": 0.0, "dual_solution_value": 0.0, "scaled_age": 0.2702702702702703}, "38": {"bias": -0.3779644730092272, "objective_cosine_similarity": -0.2311568060087098, "is_tight": 1.0, "dual_solution_value": -0.00789740003910391, "scaled_age": 0.0}, "39": {"bias": -0.4472135954999579, "objective_cosine_similarity": -0.1999668820752084, "is_tight": 1.0, "dual_solution_value": -0.008555400587751973, "scaled_age": 0.0}, "40": {"bias": -0.31622776601683794, "objective_cosine_similarity": -0.2839644546589327, "is_tight": 0.0, "dual_solution_value": 0.0, "scaled_age": 0.2702702702702703}, "41": {"bias": -0.3779644730092272, "objective_cosine_similarity": -0.199032295203874, "is_tight": 0.0, "dual_solution_value": 0.0, "scaled_age": 0.2702702702702703}, "42": {"bias": -0.30151134457776363, "objective_cosine_similarity": -0.24400879439599704, "is_tight": 0.0, "dual_solution_value": 0.0, "scaled_age": 0.2702702702702703}, "43": {"bias": -0.3333333333333333, "objective_cosine_similarity": -0.39909975611103987, "is_tight": 1.0, "dual_solution_value": -0.003269457142350268, "scaled_age": 0.0}, "44": {"bias": -0.3333333333333333, "objective_cosine_similarity": -0.20570882490908535, "is_tight": 0.0, "dual_solution_value": 0.0, "scaled_age": 0.2702702702702703}, "45": {"bias": -0.35355339059327373, "objective_cosine_similarity": -0.32728073634704347, "is_tight": 0.0, "dual_solution_value": 0.0, "scaled_age": 0.02702702702702703}, "46": {"bias": -0.31622776601683794, "objective_cosine_similarity": -0.2518285595843622, "is_tight": 0.0, "dual_solution_value": 0.0, "scaled_age": 0.05405405405405406}, "47": {"bias": -0.24253562503633297,