{"values": [-0.5, -0.5, -0.5, -0.5, -0.5773502691896258, -0.5773502691896258, -0.5773502691896258, -0.7071067811865475, -0.7071067811865475, -0.5773502691896258, -0.5773502691896258, -0.5773502691896258, -0.5773502691896258, -0.5773502691896258, -0.5773502691896258, -0.4472135954999579, -0.4472135954999579, -0.4472135954999579, -0.4472135954999579, -0.4472135954999579, -0.7071067811865475, -0.7071067811865475, -0.7071067811865475, -0.7071067811865475, -0.5773502691896258, -0.5773502691896258, -0.5773502691896258, -0.5773502691896258, -0.5773502691896258, -0.5773502691896258], "indices": [[0, 0, 0, 0, 1, 1, 1, 2, 2, 3, 3, 3, 4, 4, 4, 5, 5, 5, 5, 5, 6, 6, 7, 7, 8, 8, 8, 9, 9, 9], [9, 4, 3, 7, 5, 6, 0, 4, 0, 1, 9, 3, 6, 0, 8, 6, 1, 9, 4, 8, 7, 2, 7, 2, 5, 4, 2, 5, 6, 3]]}