{"0": {"bias": -0.8703882797784892, "objective_cosine_similarity": -0.5696829706710573, "is_tight": 1.0, "dual_solution_value": -7.068013266239554e-05, "scaled_age": 0.0}, "1": {"bias": -0.8825226081218283, "objective_cosine_similarity": -0.5532361798897263, "is_tight": 0.0, "dual_solution_value": -0.0, "scaled_age": 0.10810810810810811}, "2": {"bias": -0.7811334658849433, "objective_cosine_similarity": -0.46769646323639347, "is_tight": 1.0, "dual_solution_value": -1.8624108802481273e-05, "scaled_age": 0.0}, "3": {"bias": -1.4449339301726087, "objective_cosine_similarity": -0.18859963953360234, "is_tight": 0.0, "dual_solution_value": -0.0, "scaled_age": 0.013513513513513514}, "4": {"bias": -1.3959722515268749, "objective_cosine_similarity": -0.1949323630202708, "is_tight": 0.0, "dual_solution_value": -0.0, "scaled_age": 0.10810810810810811}, "5": {"bias": -0.5773502691896257, "objective_cosine_similarity": -0.35807928828603003, "is_tight": 0.0, "dual_solution_value": -0.0, "scaled_age": 0.013513513513513514}, "6": {"bias": -0.5032196082827126, "objective_cosine_similarity": -0.7835188924312393, "is_tight": 0.0, "dual_solution_value": -0.0, "scaled_age": 0.02702702702702703}, "7": {"bias": -0.5735262787724048, "objective_cosine_similarity": -0.8285796031905511, "is_tight": 0.0, "dual_solution_value": -0.0, "scaled_age": 0.02702702702702703}, "8": {"bias": -0.5293393457502065, "objective_cosine_similarity": -0.7852854454952157, "is_tight": 0.0, "dual_solution_value": -0.0, "scaled_age": 0.013513513513513514}, "9": {"bias": -0.5355862112129421, "objective_cosine_similarity": -0.8017586067587, "is_tight": 1.0, "dual_solution_value": -2.6989304863894725e-06, "scaled_age": 0.0}, "10": {"bias": -0.2672612419124244, "objective_cosine_similarity": -0.21049112584013965, "is_tight": 1.0, "dual_solution_value": -1.3390734431107132e-05, "scaled_age": 0.0}, "11": {"bias": -0.2773500981126146, "objective_cosine_similarity": -0.26797099730412627, "is_tight": 0.0, "dual_solution_value": 0.0, "scaled_age": 0.2972972972972973}, "12": {"bias": -0.24253562503633297, "objective_cosine_similarity": -0.31528552924875675, "is_tight": 0.0, "dual_solution_value": 0.0, "scaled_age": 0.2972972972972973}, "13": {"bias": -0.25, "objective_cosine_similarity": -0.28326733880483, "is_tight": 0.0, "dual_solution_value": 0.0, "scaled_age": 0.2972972972972973}, "14": {"bias": -0.25, "objective_cosine_similarity": -0.2722879845875885, "is_tight": 0.0, "dual_solution_value": 0.0, "scaled_age": 0.2972972972972973}, "15": {"bias": -0.23570226039551587, "objective_cosine_similarity": -0.2722427254234572, "is_tight": 0.0, "dual_solution_value": 0.0, "scaled_age": 0.2972972972972973}, "16": {"bias": -0.2581988897471611, "objective_cosine_similarity": -0.28877744009878337, "is_tight": 0.0, "dual_solution_value": 0.0, "scaled_age": 0.2972972972972973}, "17": {"bias": -0.22941573387056174, "objective_cosine_similarity": -0.4110741339642825, "is_tight": 1.0, "dual_solution_value": -0.0031132692045021558, "scaled_age": 0.0}, "18": {"bias": -0.31622776601683794, "objective_cosine_similarity": -0.1768393443672884, "is_tight": 0.0, "dual_solution_value": 0.0, "scaled_age": 0.16216216216216217}, "19": {"bias": -0.23570226039551587, "objective_cosine_similarity": -0.34746314892448843, "is_tight": 0.0, "dual_solution_value": 0.0, "scaled_age": 0.2972972972972973}, "20": {"bias": -0.2886751345948129, "objective_cosine_similarity": -0.29581687859978884, "is_tight": 1.0, "dual_solution_value": -0.002112977704284206, "scaled_age": 0.0}, "21": {"bias": -0.2773500981126146, "objective_cosine_similarity": -0.300858346973269, "is_tight": 0.0, "dual_solution_value": 0.0, "scaled_age": 0.10810810810810811}, "22": {"bias": -0.22941573387056174, "objective_cosine_similarity": -0.342225933422879, "is_tight": 0.0, "dual_solution_value": 0.0, "scaled_age": 0.2972972972972973}, "23": {"bias": -0.31622776601683794, "objective_cosine_similarity": -0.23192804064924474, "is_tight": 0.0, "dual_solution_value": 0.0, "scaled_age": 0.2972972972972973}, "24": {"bias": -0.25, "objective_cosine_similarity": -0.24337568514885266, "is_tight": 0.0, "dual_solution_value": 0.0, "scaled_age": 0.2972972972972973}, "25": {"bias": -0.2773500981126146, "objective_cosine_similarity": -0.24279796422404165, "is_tight": 1.0, "dual_solution_value": -0.0038605970111415594, "scaled_age": 0.0}, "26": {"bias": -0.24253562503633297, "objective_cosine_similarity": -0.44416914086733633, "is_tight": 1.0, "dual_solution_value": -0.0009417826624496712, "scaled_age": 0.0}, "27": {"bias": -0.2773500981126146, "objective_cosine_similarity": -0.21153468120522692, "is_tight": 0.0, "dual_solution_value": 0.0, "scaled_age": 0.2972972972972973}, "28": {"bias": -0.23570226039551587, "objective_cosine_similarity": -0.31606379783002125, "is_tight": 0.0, "dual_solution_value": 0.0, "scaled_age": 0.2972972972972973}, "29": {"bias": -0.2773500981126146, "objective_cosine_similarity": -0.26797099730412627, "is_tight": 0.0, "dual_solution_value": 0.0, "scaled_age": 0.2972972972972973}, "30": {"bias": -0.23570226039551587, "objective_cosine_similarity": -0.3153737022015714, "is_tight": 0.0, "dual_solution_value": 0.0, "scaled_age": 0.2972972972972973}, "31": {"bias": -0.2581988897471611, "objective_cosine_similarity": -0.2834857069032559, "is_tight": 0.0, "dual_solution_value": 0.0, "scaled_age": 0.16216216216216217}, "32": {"bias": -0.21320071635561041, "objective_cosine_similarity": -0.29462947172274045, "is_tight": 0.0, "dual_solution_value": 0.0, "scaled_age": 0.2972972972972973}, "33": {"bias": -0.2581988897471611, "objective_cosine_similarity": -0.3405608292264448, "is_tight": 1.0, "dual_solution_value": -0.00022091323692220927, "scaled_age": 0.0}, "34": {"bias": -0.2773500981126146, "objective_cosine_similarity": -0.2350836476349835, "is_tight": 0.0, "dual_solution_value": 0.0, "scaled_age": 0.2972972972972973}, "35": {"bias": -0.24253562503633297, "objective_cosine_similarity": -0.33197293901755354, "is_tight": 0.0, "dual_solution_value": 0.0, "scaled_age": 0.2972972972972973}, "36": {"bias": -0.25, "objective_cosine_similarity": -0.33340638973023273, "is_tight": 0.0, "dual_solution_value": 0.0, "scaled_age": 0.2972972972972973}, "37": {"bias": -0.22941573387056174, "objective_cosine_similarity": -0.2767361816883732, "is_tight": 0.0, "dual_solution_value": 0.0, "scaled_age": 0.2972972972972973}, "38": {"bias": -0.2182178902359924, "objective_cosine_similarity": -0.34948070876045967, "is_tight": 0.0, "dual_solution_value": 0.0, "scaled_age": 0.2972972972972973}, "39": {"bias": -0.2581988897471611, "objective_cosine_similarity": -0.2755481071099648, "is_tight": 0.0, "dual_solution_value": 0.0, "scaled_age": 0.2972972972972973}, "40": {"bias": -0.2581988897471611, "objective_cosine_similarity": -0.2672325263741359, "is_tight": 1.0, "dual_solution_value": -0.002547482348850797, "scaled_age": 0.0}, "41": {"bias": -0.2886751345948129, "objective_cosine_similarity": -0.1939713532532901, "is_tight": 0.0, "dual_solution_value": 0.0, "scaled_age": 0.2972972972972973}, "42": {"bias": -0.24253562503633297, "objective_cosine_similarity": -0.2982430682082834, "is_tight": 0.0, "dual_solution_value": 0.0, "scaled_age": 0.2972972972972973}, "43": {"bias": -0.23570226039551587, "objective_cosine_similarity": -0.28190406422175474, "is_tight": 0.0, "dual_solution_value": 0.0, "scaled_age": 0.2972972972972973}, "44": {"bias": -0.30151134457776363, "objective_cosine_similarity": -0.28204606744458854, "is_tight": 0.0, "dual_solution_value": 0.0, "scaled_age": 0.013513513513513514}, "45": {"bias": -0.35355339059327373, "objective_cosine_similarity": -0.15216608607318705, "is_tight": 0.0, "dual_solution_value": 0.0, "scaled_age": 0.013513513513513514}, "46": {"bias": -0.2581988897471611, "objective_cosine_similarity": -0.3038966778002904, "is_tight": 0.0, "dual_solution_value": 0.0, "scaled_age": 0.2972972972972973}, "47": {"bias": -0.30151134457776363,