{"0": {"bias": -0.6633581268066594, "objective_cosine_similarity": -0.8037240299541283, "is_tight": 1.0, "dual_solution_value": -4.242393839751719e-06, "scaled_age": 0.0}, "1": {"bias": -0.8450064732467194, "objective_cosine_similarity": -0.4230856426707476, "is_tight": 1.0, "dual_solution_value": -0.00018733933391753887, "scaled_age": 0.0}, "2": {"bias": -0.7975177786694714, "objective_cosine_similarity": -0.4279739850047898, "is_tight": 1.0, "dual_solution_value": -0.001838439909764157, "scaled_age": 0.0}, "3": {"bias": -0.7988420291826877, "objective_cosine_similarity": -0.42366198649292913, "is_tight": 0.0, "dual_solution_value": -0.0, "scaled_age": 0.08955223880597014}, "4": {"bias": -0.6172133998483676, "objective_cosine_similarity": -0.5448498161610237, "is_tight": 0.0, "dual_solution_value": -0.0, "scaled_age": 0.13432835820895522}, "5": {"bias": -0.6432675209026768, "objective_cosine_similarity": -0.37257799808088843, "is_tight": 1.0, "dual_solution_value": -0.00011953649121810593, "scaled_age": 0.0}, "6": {"bias": -0.8096338374465284, "objective_cosine_similarity": -0.4247283089161192, "is_tight": 1.0, "dual_solution_value": -0.0004111705733704276, "scaled_age": 0.0}, "7": {"bias": -0.4588314677411235, "objective_cosine_similarity": -0.3579862033662477, "is_tight": 1.0, "dual_solution_value": -4.0939475099336516e-05, "scaled_age": 0.0}, "8": {"bias": -0.7096160664971305, "objective_cosine_similarity": -0.460914975592767, "is_tight": 1.0, "dual_solution_value": -0.0038089421146142405, "scaled_age": 0.0}, "9": {"bias": -0.7353933795465104, "objective_cosine_similarity": -0.4681843667079978, "is_tight": 1.0, "dual_solution_value": -2.2177590840900823e-12, "scaled_age": 0.0}, "10": {"bias": -0.3779644730092272, "objective_cosine_similarity": -0.7448185648508989, "is_tight": 0.0, "dual_solution_value": -0.0, "scaled_age": 0.04477611940298507}, "11": {"bias": -0.5179780764714493, "objective_cosine_similarity": -0.8719010952578413, "is_tight": 1.0, "dual_solution_value": -1.126947283388636e-05, "scaled_age": 0.0}, "12": {"bias": -0.2581988897471611, "objective_cosine_similarity": -0.36684647175496166, "is_tight": 0.0, "dual_solution_value": 0.0, "scaled_age": 0.3283582089552239}, "13": {"bias": -0.30151134457776363, "objective_cosine_similarity": -0.3494437746522054, "is_tight": 1.0, "dual_solution_value": -0.0010525414899162813, "scaled_age": 0.0}, "14": {"bias": -0.30151134457776363, "objective_cosine_similarity": -0.32839294485387976, "is_tight": 1.0, "dual_solution_value": -0.0050086086960030125, "scaled_age": 0.0}, "15": {"bias": -0.2773500981126146, "objective_cosine_similarity": -0.3364485799095834, "is_tight": 0.0, "dual_solution_value": 0.0, "scaled_age": 0.3283582089552239}, "16": {"bias": -0.2773500981126146, "objective_cosine_similarity": -0.2890069096489515, "is_tight": 0.0, "dual_solution_value": 0.0, "scaled_age": 0.3283582089552239}, "17": {"bias": -0.2581988897471611, "objective_cosine_similarity": -0.32313135165639745, "is_tight": 0.0, "dual_solution_value": 0.0, "scaled_age": 0.3283582089552239}, "18": {"bias": -0.25, "objective_cosine_similarity": -0.29672524185838545, "is_tight": 0.0, "dual_solution_value": 0.0, "scaled_age": 0.3283582089552239}, "19": {"bias": -0.2581988897471611, "objective_cosine_similarity": -0.3781132552855195, "is_tight": 0.0, "dual_solution_value": 0.0, "scaled_age": 0.014925373134328358}, "20": {"bias": -0.25, "objective_cosine_similarity": -0.277089012617757, "is_tight": 0.0, "dual_solution_value": 0.0, "scaled_age": 0.3283582089552239}, "21": {"bias": -0.2773500981126146, "objective_cosine_similarity": -0.2512472129108975, "is_tight": 0.0, "dual_solution_value": 0.0, "scaled_age": 0.3283582089552239}, "22": {"bias": -0.31622776601683794, "objective_cosine_similarity": -0.26273172899031283, "is_tight": 0.0, "dual_solution_value": 0.0, "scaled_age": 0.208955223880597}, "23": {"bias": -0.2886751345948129, "objective_cosine_similarity": -0.21918165660029004, "is_tight": 0.0, "dual_solution_value": 0.0, "scaled_age": 0.3283582089552239}, "24": {"bias": -0.2672612419124244, "objective_cosine_similarity": -0.3410035735770973, "is_tight": 0.0, "dual_solution_value": 0.0, "scaled_age": 0.3283582089552239}, "25": {"bias": -0.30151134457776363, "objective_cosine_similarity": -0.34260225496774954, "is_tight": 1.0, "dual_solution_value": -0.004752775901528084, "scaled_age": 0.0}, "26": {"bias": -0.2672612419124244, "objective_cosine_similarity": -0.33260676875577344, "is_tight": 0.0, "dual_solution_value": 0.0, "scaled_age": 0.26865671641791045}, "27": {"bias": -0.2672612419124244, "objective_cosine_similarity": -0.43803331817906205, "is_tight": 0.0, "dual_solution_value": 0.0, "scaled_age": 0.3283582089552239}, "28": {"bias": -0.2886751345948129, "objective_cosine_similarity": -0.3345669424887186, "is_tight": 0.0, "dual_solution_value": 0.0, "scaled_age": 0.3283582089552239}, "29": {"bias": -0.35355339059327373, "objective_cosine_similarity": -0.2832521814008317, "is_tight": 1.0, "dual_solution_value": -0.016471265111510994, "scaled_age": 0.0}, "30": {"bias": -0.2886751345948129, "objective_cosine_similarity": -0.24790201160308667, "is_tight": 0.0, "dual_solution_value": 0.0, "scaled_age": 0.3283582089552239}, "31": {"bias": -0.23570226039551587, "objective_cosine_similarity": -0.3772581704350947, "is_tight": 0.0, "dual_solution_value": 0.0, "scaled_age": 0.3283582089552239}, "32": {"bias": -0.2672612419124244, "objective_cosine_similarity": -0.3643280314141081, "is_tight": 1.0, "dual_solution_value": -2.2898494541601247e-05, "scaled_age": 0.0}, "33": {"bias": -0.3779644730092272, "objective_cosine_similarity": -0.2315600675488623, "is_tight": 0.0, "dual_solution_value": 0.0, "scaled_age": 0.19402985074626866}, "34": {"bias": -0.3333333333333333, "objective_cosine_similarity": -0.2647254608736576, "is_tight": 0.0, "dual_solution_value": 0.0, "scaled_age": 0.3283582089552239}, "35": {"bias": -0.2886751345948129, "objective_cosine_similarity": -0.36530276100048337, "is_tight": 0.0, "dual_solution_value": 0.0, "scaled_age": 0.1791044776119403}, "36": {"bias": -0.2773500981126146, "objective_cosine_similarity": -0.3529079348979659, "is_tight": 0.0, "dual_solution_value": 0.0, "scaled_age": 0.3283582089552239}, "37": {"bias": -0.2886751345948129, "objective_cosine_similarity": -0.3184432344169731, "is_tight": 0.0, "dual_solution_value": 0.0, "scaled_age": 0.014925373134328358}, "38": {"bias": -0.30151134457776363, "objective_cosine_similarity": -0.2826073900425215, "is_tight": 0.0, "dual_solution_value": 0.0, "scaled_age": 0.3283582089552239}, "39": {"bias": -0.30151134457776363, "objective_cosine_similarity": -0.2678718091836936, "is_tight": 0.0, "dual_solution_value": 0.0, "scaled_age": 0.3283582089552239}, "40": {"bias": -0.23570226039551587, "objective_cosine_similarity": -0.3521624797082236, "is_tight": 0.0, "dual_solution_value": 0.0, "scaled_age": 0.3283582089552239}, "41": {"bias": -0.2886751345948129, "objective_cosine_similarity": -0.3204586979259413, "is_tight": 0.0, "dual_solution_value": 0.0, "scaled_age": 0.3283582089552239}, "42": {"bias": -0.21320071635561041, "objective_cosine_similarity": -0.48376849624999646, "is_tight": 0.0, "dual_solution_value": 0.0, "scaled_age": 0.11940298507462686}, "43": {"bias": -0.25, "objective_cosine_similarity": -0.4319970432938259, "is_tight": 1.0, "dual_solution_value": -0.0010963439296851358, "scaled_age": 0.0}, "44": {"bias": -0.2672612419124244, "objective_cosine_similarity": -0.29575412537329643, "is_tight": 0.0, "dual_solution_value": 0.0, "scaled_age": 0.3283582089552239}, "45": {"bias": -0.25, "objective_cosine_similarity": -0.2775253732675487, "is_tight": 0.0, "dual_solution_value": 0.0, "scaled_age": 0.3283582089552239}, "46": {"bias": -0.25, "objective_cosine_similarity": -0.2478528490817102, "is_tight": 0.0, "dual_solution_value": 0.0, "scaled_age": 0.3283582089552239}, "47": {"bias": -0.2581988897471611,