{"0": {"bias": -0.7330166661378313, "objective_cosine_similarity": -0.831511718150488, "is_tight": 0.0, "dual_solution_value": -0.0, "scaled_age": 0.18867924528301888}, "1": {"bias": -0.5144957554275265, "objective_cosine_similarity": -0.5893857670676014, "is_tight": 0.0, "dual_solution_value": -0.0, "scaled_age": 0.11320754716981132}, "2": {"bias": -0.6390096504226938, "objective_cosine_similarity": -0.7871340431288768, "is_tight": 1.0, "dual_solution_value": -0.00011087296521022483, "scaled_age": 0.0}, "3": {"bias": -0.5388159060803247, "objective_cosine_similarity": -0.6070907558540857, "is_tight": 0.0, "dual_solution_value": -0.0, "scaled_age": 0.0}, "4": {"bias": -0.5144957554275265, "objective_cosine_similarity": -0.570598148785755, "is_tight": 1.0, "dual_solution_value": -0.0004724929604010809, "scaled_age": 0.07547169811320754}, "5": {"bias": -0.7955943976318931, "objective_cosine_similarity": -0.8749204697534869, "is_tight": 1.0, "dual_solution_value": -0.0023175757041728096, "scaled_age": 0.0}, "6": {"bias": -0.8209419824226496, "objective_cosine_similarity": -0.9212967048010919, "is_tight": 1.0, "dual_solution_value": -0.0015819010868185787, "scaled_age": 0.20754716981132076}, "7": {"bias": -0.7590205033555231, "objective_cosine_similarity": -0.8897596649245867, "is_tight": 0.0, "dual_solution_value": -0.0, "scaled_age": 0.0}, "8": {"bias": -0.6286185570937122, "objective_cosine_similarity": -0.7040412137283267, "is_tight": 0.0, "dual_solution_value": -0.0, "scaled_age": 0.0}, "9": {"bias": -0.7943483984022134, "objective_cosine_similarity": -0.842665927437995, "is_tight": 0.0, "dual_solution_value": -0.0, "scaled_age": 0.0}, "10": {"bias": -0.3779644730092272, "objective_cosine_similarity": -0.5479602589194676, "is_tight": 0.0, "dual_solution_value": -0.0, "scaled_age": 0.0}, "11": {"bias": -0.7990645074719923, "objective_cosine_similarity": -0.8544286057058365, "is_tight": 1.0, "dual_solution_value": -4.778151158279077e-09, "scaled_age": 0.0}, "12": {"bias": -0.7747016301037682, "objective_cosine_similarity": -0.8500847868054883, "is_tight": 0.0, "dual_solution_value": -0.0, "scaled_age": 0.20754716981132076}, "13": {"bias": -0.31622776601683794, "objective_cosine_similarity": -0.29558008443856015, "is_tight": 1.0, "dual_solution_value": -0.001085815231918812, "scaled_age": 0.22641509433962265}, "14": {"bias": -0.30151134457776363, "objective_cosine_similarity": -0.27702980599598226, "is_tight": 0.0, "dual_solution_value": 0.0, "scaled_age": 0.41509433962264153}, "15": {"bias": -0.25, "objective_cosine_similarity": -0.4033019139419695, "is_tight": 0.0, "dual_solution_value": 0.0, "scaled_age": 0.41509433962264153}, "16": {"bias": -0.3779644730092272, "objective_cosine_similarity": -0.27782019221267346, "is_tight": 0.0, "dual_solution_value": 0.0, "scaled_age": 0.0}, "17": {"bias": -0.3333333333333333, "objective_cosine_similarity": -0.2491372173748859, "is_tight": 0.0, "dual_solution_value": 0.0, "scaled_age": 0.41509433962264153}, "18": {"bias": -0.3333333333333333, "objective_cosine_similarity": -0.25561596298037936, "is_tight": 0.0, "dual_solution_value": 0.0, "scaled_age": 0.41509433962264153}, "19": {"bias": -0.3779644730092272, "objective_cosine_similarity": -0.25244238619324655, "is_tight": 0.0, "dual_solution_value": 0.0, "scaled_age": 0.41509433962264153}, "20": {"bias": -0.2773500981126146, "objective_cosine_similarity": -0.34255080812778327, "is_tight": 0.0, "dual_solution_value": 0.0, "scaled_age": 0.41509433962264153}, "21": {"bias": -0.31622776601683794, "objective_cosine_similarity": -0.2587024179490611, "is_tight": 0.0, "dual_solution_value": 0.0, "scaled_age": 0.41509433962264153}, "22": {"bias": -0.5, "objective_cosine_similarity": -0.19612929878448462, "is_tight": 1.0, "dual_solution_value": -0.012293543424664278, "scaled_age": 0.0}, "23": {"bias": -0.30151134457776363, "objective_cosine_similarity": -0.25465432166553753, "is_tight": 0.0, "dual_solution_value": 0.0, "scaled_age": 0.41509433962264153}, "24": {"bias": -0.30151134457776363, "objective_cosine_similarity": -0.1827331220319652, "is_tight": 0.0, "dual_solution_value": 0.0, "scaled_age": 0.41509433962264153}, "25": {"bias": -0.30151134457776363, "objective_cosine_similarity": -0.34895100562955456, "is_tight": 1.0, "dual_solution_value": -0.004794746642238154, "scaled_age": 0.0}, "26": {"bias": -0.35355339059327373, "objective_cosine_similarity": -0.17241838998254302, "is_tight": 0.0, "dual_solution_value": 0.0, "scaled_age": 0.018867924528301886}, "27": {"bias": -0.31622776601683794, "objective_cosine_similarity": -0.26820121083271997, "is_tight": 0.0, "dual_solution_value": 0.0, "scaled_age": 0.41509433962264153}, "28": {"bias": -0.30151134457776363, "objective_cosine_similarity": -0.28182455263822037, "is_tight": 0.0, "dual_solution_value": 0.0, "scaled_age": 0.41509433962264153}, "29": {"bias": -0.3779644730092272, "objective_cosine_similarity": -0.23374295017893199, "is_tight": 1.0, "dual_solution_value": -0.000371151807429529, "scaled_age": 0.1509433962264151}, "30": {"bias": -0.2773500981126146, "objective_cosine_similarity": -0.26855199263809043, "is_tight": 1.0, "dual_solution_value": -0.00043749126636082703, "scaled_age": 0.0}, "31": {"bias": -0.2672612419124244, "objective_cosine_similarity": -0.3711744084259792, "is_tight": 0.0, "dual_solution_value": 0.0, "scaled_age": 0.41509433962264153}, "32": {"bias": -0.2773500981126146, "objective_cosine_similarity": -0.3131473052841967, "is_tight": 0.0, "dual_solution_value": 0.0, "scaled_age": 0.41509433962264153}, "33": {"bias": -0.35355339059327373, "objective_cosine_similarity": -0.21802180472430258, "is_tight": 0.0, "dual_solution_value": 0.0, "scaled_age": 0.07547169811320754}, "34": {"bias": -0.2886751345948129, "objective_cosine_similarity": -0.24789350214553443, "is_tight": 0.0, "dual_solution_value": 0.0, "scaled_age": 0.41509433962264153}, "35": {"bias": -0.3779644730092272, "objective_cosine_similarity": -0.30920853123670144, "is_tight": 1.0, "dual_solution_value": -0.017875627838184686, "scaled_age": 0.0}, "36": {"bias": -0.35355339059327373, "objective_cosine_similarity": -0.31360156438853837, "is_tight": 0.0, "dual_solution_value": 0.0, "scaled_age": 0.33962264150943394}, "37": {"bias": -0.35355339059327373, "objective_cosine_similarity": -0.29673454797720267, "is_tight": 1.0, "dual_solution_value": -0.0004024311227869205, "scaled_age": 0.41509433962264153}, "38": {"bias": -0.3333333333333333, "objective_cosine_similarity": -0.2550269861071527, "is_tight": 0.0, "dual_solution_value": 0.0, "scaled_age": 0.39622641509433965}, "39": {"bias": -0.35355339059327373, "objective_cosine_similarity": -0.26924755826984076, "is_tight": 1.0, "dual_solution_value": -0.002247624628500184, "scaled_age": 0.0}, "40": {"bias": -0.31622776601683794, "objective_cosine_similarity": -0.29390382687085564, "is_tight": 0.0, "dual_solution_value": 0.0, "scaled_age": 0.018867924528301886}, "41": {"bias": -0.31622776601683794, "objective_cosine_similarity": -0.24808612002026598, "is_tight": 0.0, "dual_solution_value": 0.0, "scaled_age": 0.41509433962264153}, "42": {"bias": -0.4472135954999579, "objective_cosine_similarity": -0.275778193003702, "is_tight": 1.0, "dual_solution_value": -0.0007686737905336133, "scaled_age": 0.0}, "43": {"bias": -0.35355339059327373, "objective_cosine_similarity": -0.3254709463076265, "is_tight": 1.0, "dual_solution_value": -0.00716104127040891, "scaled_age": 0.0}, "44": {"bias": -0.35355339059327373, "objective_cosine_similarity": -0.25987699359687644, "is_tight": 0.0, "dual_solution_value": 0.0, "scaled_age": 0.0}, "45": {"bias": -0.3333333333333333, "objective_cosine_similarity": -0.28388685289526006, "is_tight": 0.0, "dual_solution_value": 0.0, "scaled_age": 0.20754716981132076}, "46": {"bias": -0.31622776601683794, "objective_cosine_similarity": -0.20506217578251715, "is_tight": 0.0, "dual_solution_value": 0.0, "scaled_age": 0.41509433962264153}, "47": {"bias": -0.31622776601683794,