{"0": {"bias": -0.6030226891555273, "objective_cosine_similarity": -0.21680233285157297, "is_tight": 1.0, "dual_solution_value": -0.001573870866294498, "scaled_age": 0.0}, "1": {"bias": -0.25, "objective_cosine_similarity": -0.3095167408064132, "is_tight": 0.0, "dual_solution_value": 0.0, "scaled_age": 0.4426229508196721}, "2": {"bias": -0.3779644730092272, "objective_cosine_similarity": -0.25406638585885427, "is_tight": 1.0, "dual_solution_value": -0.01430494344646215, "scaled_age": 0.0}, "3": {"bias": -0.2672612419124244, "objective_cosine_similarity": -0.2754986080071485, "is_tight": 0.0, "dual_solution_value": 0.0, "scaled_age": 0.4426229508196721}, "4": {"bias": -0.23570226039551587, "objective_cosine_similarity": -0.35553028693960814, "is_tight": 0.0, "dual_solution_value": 0.0, "scaled_age": 0.4426229508196721}, "5": {"bias": -0.2182178902359924, "objective_cosine_similarity": -0.38775255260026226, "is_tight": 0.0, "dual_solution_value": 0.0, "scaled_age": 0.4426229508196721}, "6": {"bias": -0.2672612419124244, "objective_cosine_similarity": -0.40217017077966605, "is_tight": 0.0, "dual_solution_value": 0.0, "scaled_age": 0.03278688524590164}, "7": {"bias": -0.25, "objective_cosine_similarity": -0.355471191406492, "is_tight": 0.0, "dual_solution_value": 0.0, "scaled_age": 0.4426229508196721}, "8": {"bias": -0.2672612419124244, "objective_cosine_similarity": -0.34581818277820386, "is_tight": 1.0, "dual_solution_value": -0.001439091827482061, "scaled_age": 0.0}, "9": {"bias": -0.31622776601683794, "objective_cosine_similarity": -0.2877920389080785, "is_tight": 0.0, "dual_solution_value": 0.0, "scaled_age": 0.01639344262295082}, "10": {"bias": -0.2581988897471611, "objective_cosine_similarity": -0.3903945347425982, "is_tight": 0.0, "dual_solution_value": 0.0, "scaled_age": 0.19672131147540983}, "11": {"bias": -0.30151134457776363, "objective_cosine_similarity": -0.32275836018504844, "is_tight": 0.0, "dual_solution_value": 0.0, "scaled_age": 0.03278688524590164}, "12": {"bias": -0.2581988897471611, "objective_cosine_similarity": -0.29128364570782656, "is_tight": 0.0, "dual_solution_value": 0.0, "scaled_age": 0.3442622950819672}, "13": {"bias": -0.2773500981126146, "objective_cosine_similarity": -0.3258842094699349, "is_tight": 0.0, "dual_solution_value": 0.0, "scaled_age": 0.11475409836065574}, "14": {"bias": -0.30151134457776363, "objective_cosine_similarity": -0.3031972474465607, "is_tight": 1.0, "dual_solution_value": -0.0060689454667269245, "scaled_age": 0.0}, "15": {"bias": -0.2773500981126146, "objective_cosine_similarity": -0.3258842094699349, "is_tight": 0.0, "dual_solution_value": 0.0, "scaled_age": 0.03278688524590164}, "16": {"bias": -0.2886751345948129, "objective_cosine_similarity": -0.2726013874194988, "is_tight": 0.0, "dual_solution_value": 0.0, "scaled_age": 0.16393442622950818}, "17": {"bias": -0.22360679774997896, "objective_cosine_similarity": -0.36549352469514523, "is_tight": 0.0, "dual_solution_value": 0.0, "scaled_age": 0.4426229508196721}, "18": {"bias": -0.2581988897471611, "objective_cosine_similarity": -0.2926795737224008, "is_tight": 0.0, "dual_solution_value": 0.0, "scaled_age": 0.4426229508196721}, "19": {"bias": -0.2773500981126146, "objective_cosine_similarity": -0.3518749746423837, "is_tight": 0.0, "dual_solution_value": 0.0, "scaled_age": 0.4426229508196721}, "20": {"bias": -0.31622776601683794, "objective_cosine_similarity": -0.3037488252237739, "is_tight": 0.0, "dual_solution_value": 0.0, "scaled_age": 0.29508196721311475}, "21": {"bias": -0.25, "objective_cosine_similarity": -0.30050606421816245, "is_tight": 0.0, "dual_solution_value": 0.0, "scaled_age": 0.4426229508196721}, "22": {"bias": -0.30151134457776363, "objective_cosine_similarity": -0.33253891655429235, "is_tight": 0.0, "dual_solution_value": 0.0, "scaled_age": 0.18032786885245902}, "23": {"bias": -0.22941573387056174, "objective_cosine_similarity": -0.35266278155715025, "is_tight": 0.0, "dual_solution_value": 0.0, "scaled_age": 0.4426229508196721}, "24": {"bias": -0.23570226039551587, "objective_cosine_similarity": -0.4528020141907076, "is_tight": 0.0, "dual_solution_value": 0.0, "scaled_age": 0.09836065573770492}, "25": {"bias": -0.22941573387056174, "objective_cosine_similarity": -0.3766421969502507, "is_tight": 0.0, "dual_solution_value": 0.0, "scaled_age": 0.4426229508196721}, "26": {"bias": -0.22941573387056174, "objective_cosine_similarity": -0.39731410677188905, "is_tight": 0.0, "dual_solution_value": 0.0, "scaled_age": 0.4426229508196721}, "27": {"bias": -0.25, "objective_cosine_similarity": -0.38205268734183173, "is_tight": 1.0, "dual_solution_value": -0.0010584149064038239, "scaled_age": 0.0}, "28": {"bias": -0.2672612419124244, "objective_cosine_similarity": -0.3121033181619445, "is_tight": 0.0, "dual_solution_value": 0.0, "scaled_age": 0.06557377049180328}, "29": {"bias": -0.31622776601683794, "objective_cosine_similarity": -0.2570182367278087, "is_tight": 1.0, "dual_solution_value": -0.0031104836339739656, "scaled_age": 0.0}, "30": {"bias": -0.22941573387056174, "objective_cosine_similarity": -0.33529837730697404, "is_tight": 0.0, "dual_solution_value": 0.0, "scaled_age": 0.4426229508196721}, "31": {"bias": -0.3333333333333333, "objective_cosine_similarity": -0.28714022727892385, "is_tight": 0.0, "dual_solution_value": 0.0, "scaled_age": 0.22950819672131148}, "32": {"bias": -0.25, "objective_cosine_similarity": -0.3455594471594162, "is_tight": 0.0, "dual_solution_value": 0.0, "scaled_age": 0.4426229508196721}, "33": {"bias": -0.35355339059327373, "objective_cosine_similarity": -0.20962269606295886, "is_tight": 1.0, "dual_solution_value": -0.0023686444757805196, "scaled_age": 0.0}, "34": {"bias": -0.2773500981126146, "objective_cosine_similarity": -0.35537373149252105, "is_tight": 0.0, "dual_solution_value": 0.0, "scaled_age": 0.3114754098360656}, "35": {"bias": -0.31622776601683794, "objective_cosine_similarity": -0.2347927129309472, "is_tight": 0.0, "dual_solution_value": 0.0, "scaled_age": 0.4426229508196721}, "36": {"bias": -0.2773500981126146, "objective_cosine_similarity": -0.38286396388645727, "is_tight": 1.0, "dual_solution_value": -0.004242814184356835, "scaled_age": 0.0}, "37": {"bias": -0.2773500981126146, "objective_cosine_similarity": -0.3043918459619484, "is_tight": 0.0, "dual_solution_value": 0.0, "scaled_age": 0.4262295081967213}, "38": {"bias": -0.22941573387056174, "objective_cosine_similarity": -0.4084769380755738, "is_tight": 0.0, "dual_solution_value": 0.0, "scaled_age": 0.21311475409836064}, "39": {"bias": -0.22941573387056174, "objective_cosine_similarity": -0.4155053874149308, "is_tight": 0.0, "dual_solution_value": 0.0, "scaled_age": 0.13114754098360656}, "40": {"bias": -0.2581988897471611, "objective_cosine_similarity": -0.3741087079058986, "is_tight": 0.0, "dual_solution_value": 0.0, "scaled_age": 0.4426229508196721}, "41": {"bias": -0.2886751345948129, "objective_cosine_similarity": -0.28248578887173253, "is_tight": 0.0, "dual_solution_value": 0.0, "scaled_age": 0.4426229508196721}, "42": {"bias": -0.24253562503633297, "objective_cosine_similarity": -0.3107653131387603, "is_tight": 0.0, "dual_solution_value": 0.0, "scaled_age": 0.4426229508196721}, "43": {"bias": -0.2672612419124244, "objective_cosine_similarity": -0.35689592400926057, "is_tight": 1.0, "dual_solution_value": -0.0021428003728673384, "scaled_age": 0.0}, "44": {"bias": -0.25, "objective_cosine_similarity": -0.37078934160651833, "is_tight": 1.0, "dual_solution_value": -0.00014508041055103505, "scaled_age": 0.0}, "45": {"bias": -0.24253562503633297, "objective_cosine_similarity": -0.3387385621414054, "is_tight": 0.0, "dual_solution_value": 0.0, "scaled_age": 0.4426229508196721}, "46": {"bias": -0.2886751345948129, "objective_cosine_similarity": -0.2908094953578241, "is_tight": 0.0, "dual_solution_value": 0.0, "scaled_age": 0.13114754098360656}, "47": {"bias": -0.25, "objective_cosine_similarity": -0.41719432603600964, "is_tight": 0.0,