{"0": {"bias": -0.780398972571708, "objective_cosine_similarity": -0.7908141347483988, "is_tight": 0.0, "dual_solution_value": -0.0, "scaled_age": 0.11428571428571428}, "1": {"bias": -0.618852747755276, "objective_cosine_similarity": -0.6403433200019527, "is_tight": 0.0, "dual_solution_value": -0.0, "scaled_age": 0.05714285714285714}, "2": {"bias": -0.8290662430241601, "objective_cosine_similarity": -0.9009646009570763, "is_tight": 0.0, "dual_solution_value": -0.0, "scaled_age": 0.15714285714285714}, "3": {"bias": -0.5, "objective_cosine_similarity": -0.4298850415345283, "is_tight": 1.0, "dual_solution_value": -8.583140918845948e-05, "scaled_age": 0.0}, "4": {"bias": -0.8359826000158805, "objective_cosine_similarity": -0.9170241751959767, "is_tight": 0.0, "dual_solution_value": -0.0, "scaled_age": 0.2}, "5": {"bias": -0.5547001962252291, "objective_cosine_similarity": -0.6211245349559096, "is_tight": 0.0, "dual_solution_value": -0.0, "scaled_age": 0.05714285714285714}, "6": {"bias": -0.8281891937556601, "objective_cosine_similarity": -0.9075751071087164, "is_tight": 0.0, "dual_solution_value": -0.0, "scaled_age": 0.12857142857142856}, "7": {"bias": -0.8461665232764674, "objective_cosine_similarity": -0.9105985113258729, "is_tight": 0.0, "dual_solution_value": -0.0, "scaled_age": 0.2}, "8": {"bias": -0.48666426339228763, "objective_cosine_similarity": -0.5525792369905644, "is_tight": 0.0, "dual_solution_value": -0.0, "scaled_age": 0.1}, "9": {"bias": -0.8452680968222229, "objective_cosine_similarity": -0.915506812227637, "is_tight": 0.0, "dual_solution_value": -0.0, "scaled_age": 0.14285714285714285}, "10": {"bias": -0.8470895278759298, "objective_cosine_similarity": -0.9136897479362396, "is_tight": 1.0, "dual_solution_value": -3.0269811069082848e-05, "scaled_age": 0.0}, "11": {"bias": -0.8368462400716654, "objective_cosine_similarity": -0.9161904615900369, "is_tight": 0.0, "dual_solution_value": -0.0, "scaled_age": 0.014285714285714285}, "12": {"bias": -0.8318909573793941, "objective_cosine_similarity": -0.9108626555183024, "is_tight": 1.0, "dual_solution_value": -0.006878669396724924, "scaled_age": 0.0}, "13": {"bias": -0.4364357804719848, "objective_cosine_similarity": -0.46814961873545335, "is_tight": 1.0, "dual_solution_value": -0.0005294957710819727, "scaled_age": 0.0}, "14": {"bias": -0.5812381937190965, "objective_cosine_similarity": -0.7011466844900669, "is_tight": 0.0, "dual_solution_value": -0.0, "scaled_age": 0.014285714285714285}, "15": {"bias": -0.5144957554275265, "objective_cosine_similarity": -0.6010316475801696, "is_tight": 0.0, "dual_solution_value": -0.0, "scaled_age": 0.14285714285714285}, "16": {"bias": -0.8284197883915584, "objective_cosine_similarity": -0.8149715143193446, "is_tight": 0.0, "dual_solution_value": -0.0, "scaled_age": 0.17142857142857143}, "17": {"bias": -0.3779644730092272, "objective_cosine_similarity": -0.34167490588319066, "is_tight": 1.0, "dual_solution_value": -0.014297342379460929, "scaled_age": 0.0}, "18": {"bias": -0.2886751345948129, "objective_cosine_similarity": -0.35834521389241797, "is_tight": 0.0, "dual_solution_value": 0.0, "scaled_age": 0.3}, "19": {"bias": -0.35355339059327373, "objective_cosine_similarity": -0.20959774349695362, "is_tight": 1.0, "dual_solution_value": -0.0003242873905115157, "scaled_age": 0.0}, "20": {"bias": -0.2886751345948129, "objective_cosine_similarity": -0.25434000669409085, "is_tight": 0.0, "dual_solution_value": 0.0, "scaled_age": 0.3}, "21": {"bias": -0.5773502691896258, "objective_cosine_similarity": -0.18626387107336764, "is_tight": 1.0, "dual_solution_value": -0.012042228781617592, "scaled_age": 0.0}, "22": {"bias": -0.3333333333333333, "objective_cosine_similarity": -0.28604414192265754, "is_tight": 0.0, "dual_solution_value": 0.0, "scaled_age": 0.07142857142857142}, "23": {"bias": -0.4472135954999579, "objective_cosine_similarity": -0.22117954816397772, "is_tight": 1.0, "dual_solution_value": -0.014382526373875307, "scaled_age": 0.0}, "24": {"bias": -0.30151134457776363, "objective_cosine_similarity": -0.34514680611037496, "is_tight": 1.0, "dual_solution_value": -0.0068902409349116, "scaled_age": 0.0}, "25": {"bias": -0.3779644730092272, "objective_cosine_similarity": -0.25935106080626247, "is_tight": 0.0, "dual_solution_value": 0.0, "scaled_age": 0.3}, "26": {"bias": -0.31622776601683794, "objective_cosine_similarity": -0.2439180463266006, "is_tight": 0.0, "dual_solution_value": 0.0, "scaled_age": 0.014285714285714285}, "27": {"bias": -0.2773500981126146, "objective_cosine_similarity": -0.27025162581262613, "is_tight": 0.0, "dual_solution_value": 0.0, "scaled_age": 0.3}, "28": {"bias": -0.31622776601683794, "objective_cosine_similarity": -0.3252240617688008, "is_tight": 1.0, "dual_solution_value": -0.004423957258232253, "scaled_age": 0.0}, "29": {"bias": -0.31622776601683794, "objective_cosine_similarity": -0.27913339059455994, "is_tight": 0.0, "dual_solution_value": 0.0, "scaled_age": 0.15714285714285714}, "30": {"bias": -0.2773500981126146, "objective_cosine_similarity": -0.29704968618732347, "is_tight": 0.0, "dual_solution_value": 0.0, "scaled_age": 0.2}, "31": {"bias": -0.3333333333333333, "objective_cosine_similarity": -0.3701105500449653, "is_tight": 1.0, "dual_solution_value": -0.0056646246253001225, "scaled_age": 0.0}, "32": {"bias": -0.30151134457776363, "objective_cosine_similarity": -0.2537989389710053, "is_tight": 0.0, "dual_solution_value": 0.0, "scaled_age": 0.3}, "33": {"bias": -0.5, "objective_cosine_similarity": -0.22272139294741275, "is_tight": 1.0, "dual_solution_value": -0.010671496529745379, "scaled_age": 0.0}, "34": {"bias": -0.2886751345948129, "objective_cosine_similarity": -0.3432171837544795, "is_tight": 0.0, "dual_solution_value": 0.0, "scaled_age": 0.3}, "35": {"bias": -0.2672612419124244, "objective_cosine_similarity": -0.34358062442998993, "is_tight": 1.0, "dual_solution_value": -0.00013954403672091037, "scaled_age": 0.0}, "36": {"bias": -0.4082482904638631, "objective_cosine_similarity": -0.2032455212340846, "is_tight": 1.0, "dual_solution_value": -0.0008398691474428959, "scaled_age": 0.0}, "37": {"bias": -0.4472135954999579, "objective_cosine_similarity": -0.2607282090939605, "is_tight": 1.0, "dual_solution_value": -0.010313800795342474, "scaled_age": 0.0}, "38": {"bias": -0.3779644730092272, "objective_cosine_similarity": -0.32434357007752157, "is_tight": 1.0, "dual_solution_value": -0.0033354831390231677, "scaled_age": 0.0}, "39": {"bias": -0.4082482904638631, "objective_cosine_similarity": -0.24001691487840912, "is_tight": 0.0, "dual_solution_value": 0.0, "scaled_age": 0.02857142857142857}, "40": {"bias": -0.35355339059327373, "objective_cosine_similarity": -0.2894996457140243, "is_tight": 1.0, "dual_solution_value": -0.0023870526724634284, "scaled_age": 0.0}, "41": {"bias": -0.3779644730092272, "objective_cosine_similarity": -0.2661597998727753, "is_tight": 0.0, "dual_solution_value": 0.0, "scaled_age": 0.08571428571428572}, "42": {"bias": -0.2886751345948129, "objective_cosine_similarity": -0.3214706404311929, "is_tight": 0.0, "dual_solution_value": 0.0, "scaled_age": 0.14285714285714285}, "43": {"bias": -0.30151134457776363, "objective_cosine_similarity": -0.2626868395575386, "is_tight": 0.0, "dual_solution_value": 0.0, "scaled_age": 0.3}, "44": {"bias": -0.31622776601683794, "objective_cosine_similarity": -0.18798779366572405, "is_tight": 0.0, "dual_solution_value": 0.0, "scaled_age": 0.3}, "45": {"bias": -0.2773500981126146, "objective_cosine_similarity": -0.36063830402558844, "is_tight": 1.0, "dual_solution_value": -0.004331647385384618, "scaled_age": 0.0}, "46": {"bias": -0.31622776601683794, "objective_cosine_similarity": -0.29104446292048736, "is_tight": 0.0, "dual_solution_value": 0.0, "scaled_age": 0.05714285714285714}, "47": {"bias": -0.35355339059327373, "objective_cosine_similarity": -0.24954869460548898, "is_tight": 1.0, "dual_solution_value": -0.005583175937618714, "scaled_age": 0.0},